node_id,elevation_m
AGT,11.0
AZL,1092.0
BNG,57.0
BPT,40.0
BYR,73.0
CCP,884.0
CHP,1312.0
DBG,108.0
DBR,29.0
DMN,28.0
DMP,167.0
DPU,177.0
GAU,82.0
GLG,100.0
GLP,48.0
GTK,1715.0
HFL,560.0
IMP,780.0
ITN,229.0
JGP,46.0
JRT,98.0
JWI,1342.0
KHM,1526.0
KLB,428.0
KRJ,19.0
LGL,1199.0
LMD,141.0
MKG,1246.0
NGN,67.0
NHL,148.0
NLB,57.0
NLK,98.0
NMS,146.0
PDU,51.0
PSG,176.0
SCR,26.0
SHL,1368.0
SLG,127.0
SVS,94.0
TSK,124.0
TUR,342.0
TWG,2328.0
TZP,75.0
UDP,26.0
WKH,1417.0
ZRO,1634.0
n10029435603,92.0
n10045466628,14.0
n10083647515,65.0
n10083658519,66.0
n10106865512,30.0
n1013084171,121.0
n10133380464,1362.0
n10155070562,150.0
n10155070585,149.0
n10158835784,128.0
n1015933190,123.0
n1015933192,122.0
n1015933220,122.0
n10213828706,26.0
n10214421941,24.0
n10216581821,46.0
n10246471099,144.0
n10248662682,116.0
n10250450247,84.0
n10250450248,85.0
n10250451041,114.0
n10255327242,98.0
n10262279665,773.0
n10262284811,771.0
n10264865634,773.0
n10265667796,779.0
n10265688213,776.0
n10265749517,779.0
n10266912010,51.0
n10272701331,35.0
n10272734400,36.0
n10275531092,16.0
n10277702327,30.0
n10290751771,123.0
n10290865162,132.0
n10292560834,29.0
n10300198982,187.0
n10302235707,99.0
n10304096999,84.0
n10304104605,84.0
n10308074904,118.0
n10308421462,23.0
n10308693457,8.0
n10310636689,18.0
n10316090575,174.0
n10316091548,28.0
n10316679681,107.0
n10316737913,107.0
n10316796037,103.0
n10536208468,14.0
n10536208503,21.0
n10536208527,18.0
n10536208542,13.0
n10536208546,12.0
n10536274640,98.0
n10536274675,122.0
n10536337108,53.0
n10536341847,55.0
n10538897392,110.0
n10542401530,66.0
n10542441849,16.0
n10542636435,94.0
n10542793530,33.0
n10548372060,76.0
n10548518804,43.0
n10548518805,44.0
n10548663503,27.0
n10548664908,31.0
n10557043312,16.0
n10558774212,14.0
n10559072671,16.0
n10559317282,113.0
n10561388917,37.0
n10564333948,27.0
n10564426749,13.0
n10564426780,13.0
n10570122495,235.0
n10570159520,240.0
n10570246873,50.0
n10570506815,48.0
n10572259747,84.0
n10577981170,141.0
n10577985180,135.0
n10578437654,51.0
n10578768507,14.0
n10581509677,67.0
n10581564137,59.0
n10581564149,60.0
n10594321234,63.0
n10594321235,61.0
n10596043928,67.0
n10596583265,59.0
n10606194690,1228.0
n10606226017,1552.0
n10610496691,170.0
n10610870946,101.0
n10611382649,95.0
n10613533046,95.0
n10613588570,57.0
n10613663276,60.0
n10614233733,54.0
n10614310730,102.0
n10617300685,57.0
n10618573290,52.0
n10628379934,55.0
n10635491184,55.0
n10635540964,58.0
n10636819503,49.0
n10637217892,60.0
n10637620377,54.0
n10747768694,1643.0
n10845972370,1067.0
n10845972441,1244.0
n10846735171,671.0
n10855708561,54.0
n10862154825,447.0
n10862189351,401.0
n10862338650,751.0
n10867319160,1776.0
n10867319165,1741.0
n10870214475,1689.0
n10880761766,1338.0
n10891484467,51.0
n10892870737,81.0
n10892870784,83.0
n10892943818,81.0
n10892943849,81.0
n10893051924,69.0
n10895342956,67.0
n10895342958,70.0
n10895342969,71.0
n10895342973,68.0
n10895342978,68.0
n10895342984,68.0
n10972380780,1273.0
n11014001237,69.0
n11032046977,65.0
n11156251127,84.0
n11169091093,52.0
n11171299524,70.0
n11173813320,33.0
n11174400350,71.0
n11182692438,74.0
n11184926047,42.0
n1118544354,41.0
n1118544396,45.0
n1118544423,44.0
n1118544427,43.0
n1118544577,52.0
n1118544718,54.0
n1118544750,52.0
n1118558118,39.0
n1118584496,781.0
n1118584542,781.0
n1118584562,781.0
n1118584799,783.0
n1118584901,780.0
n1118585624,26.0
n1118729593,238.0
n1118729701,209.0
n1118730037,270.0
n1118730148,222.0
n1118730474,237.0
n1118730586,211.0
n1118730654,226.0
n1118730702,190.0
n1118731621,502.0
n1118732509,293.0
n1118732540,259.0
n11187346928,67.0
n11209695200,45.0
n11209695203,25.0
n11209921873,47.0
n11219439286,769.0
n11219439302,770.0
n11240835978,41.0
n11258626192,67.0
n11267250378,642.0
n1131436822,87.0
n1132259624,46.0
n1132259670,54.0
n1132259743,52.0
n1132259798,50.0
n1132259819,46.0
n1132310026,113.0
n1132310042,84.0
n1132310055,89.0
n1132310563,93.0
n1132310570,113.0
n1132321938,111.0
n1132322488,118.0
n1132346982,109.0
n1132376135,248.0
n1132376303,189.0
n1132376446,226.0
n1132376475,162.0
n1132376482,203.0
n1132376484,246.0
n1132376793,240.0
n1132377210,236.0
n1132377575,79.0
n1132378037,204.0
n1132378633,251.0
n1132379103,145.0
n1132413484,80.0
n1132413540,71.0
n1132413550,73.0
n1132413584,49.0
n1132413679,46.0
n1132413760,72.0
n1132413773,47.0
n1132413980,80.0
n1132414018,49.0
n1133013607,84.0
n1133013618,85.0
n1133013855,86.0
n11332450380,48.0
n1133639868,49.0
n1133639875,113.0
n1133640064,109.0
n1133640104,110.0
n1133640141,45.0
n1133640550,110.0
n1133640592,39.0
n1133672628,69.0
n1133672936,63.0
n1133695009,151.0
n1133695888,139.0
n11345580667,72.0
n11357444667,81.0
n11357607107,44.0
n11508722833,33.0
n11510712718,81.0
n11511548232,678.0
n11515932609,846.0
n11601635471,32.0
n11601635472,32.0
n11601646224,160.0
n11601646256,138.0
n11634841520,73.0
n1165274315,72.0
n1165274367,76.0
n11665421808,40.0
n11665421894,34.0
n11717021281,3895.0
n11717021298,4016.0
n11764392028,20.0
n11764392058,20.0
n11764392064,19.0
n11765014004,50.0
n11809768200,46.0
n11809810081,45.0
n11809854207,44.0
n11809854219,41.0
n11825693990,48.0
n11829398739,187.0
n11831908535,163.0
n11845352299,50.0
n11845352312,50.0
n11845395712,53.0
n11851453958,60.0
n11851455153,61.0
n1185176909,409.0
n1185176969,448.0
n1185178063,361.0
n11870034547,56.0
n11870079664,64.0
n11870079665,63.0
n11871412310,49.0
n11887138344,61.0
n11902051012,45.0
n11917706361,65.0
n11920760339,51.0
n11926973525,46.0
n11926973527,47.0
n11926973545,59.0
n11926973561,54.0
n11926976110,57.0
n11926976685,55.0
n11927115270,71.0
n11931554258,62.0
n11935315896,68.0
n11982693536,53.0
n11982707862,50.0
n12035912363,62.0
n12035912470,68.0
n12042507706,53.0
n12051472955,76.0
n12066034887,55.0
n12066034908,55.0
n12072966690,57.0
n12083846937,148.0
n12083857079,148.0
n12084959797,110.0
n12084998550,85.0
n12086064850,139.0
n12086070092,134.0
n12086238930,154.0
n12086690139,64.0
n12089656745,132.0
n12090190084,94.0
n12090190090,100.0
n12090190092,93.0
n12090192261,80.0
n12090677122,93.0
n12091039166,68.0
n12091082694,65.0
n12091833832,92.0
n12095105668,71.0
n12097804860,112.0
n12097814911,99.0
n12101473848,106.0
n12102204594,151.0
n12102220244,154.0
n12102220275,145.0
n12102224708,153.0
n12102224718,151.0
n12104042598,34.0
n1210734360,94.0
n12118121182,95.0
n12128291383,90.0
n12128302701,88.0
n12128302717,90.0
n12128327487,106.0
n12133486634,137.0
n12133486640,140.0
n12144936298,108.0
n12144952913,107.0
n12144953505,111.0
n12148183321,112.0
n12150302845,69.0
n12151055816,31.0
n12156186810,72.0
n12162651114,13.0
n12162651135,15.0
n12168558903,74.0
n12168590761,74.0
n12168637865,140.0
n12168645142,177.0
n12168645556,170.0
n12168646101,135.0
n12178545755,76.0
n12188885953,695.0
n12193152862,31.0
n12193152869,37.0
n12195743656,1315.0
n12195811774,1211.0
n12198712182,86.0
n12202303594,19.0
n12216993186,75.0
n12222989996,17.0
n12223051904,16.0
n12247857903,25.0
n12269691195,43.0
n12269696748,60.0
n12269700074,58.0
n12269700094,54.0
n12269716944,51.0
n12269716950,49.0
n12269717037,37.0
n12296248629,1367.0
n12296248636,1359.0
n12296272662,730.0
n12299451329,62.0
n12299451330,56.0
n12299451335,62.0
n12302763205,22.0
n12308500558,43.0
n12323398497,966.0
n12323398605,1137.0
n12328420095,14.0
n12335661636,50.0
n12335666191,21.0
n12335670765,21.0
n12335671076,14.0
n12335680308,27.0
n12335680310,22.0
n12346997142,18.0
n12377117626,20.0
n12386967799,12.0
n12398775095,21.0
n12398783654,17.0
n12398784267,20.0
n12398800971,27.0
n12398805010,17.0
n12398816121,18.0
n12398876999,97.0
n12398911818,101.0
n12398949452,98.0
n12423408702,17.0
n12434556965,58.0
n12451734982,28.0
n12451844913,19.0
n12458835060,79.0
n12458835061,77.0
n12458835876,95.0
n12466572286,117.0
n12466572632,123.0
n12466572652,133.0
n12466591367,108.0
n12466597220,106.0
n12466597264,99.0
n12466597346,91.0
n12481628212,811.0
n12496296489,36.0
n12497721265,178.0
n12497721349,176.0
n12497721406,246.0
n12503857426,54.0
n12519988985,31.0
n12519988986,30.0
n12520286039,87.0
n12520286271,89.0
n12522839890,180.0
n12522842607,176.0
n12522904745,157.0
n12522908719,159.0
n12522908720,167.0
n12522908951,159.0
n12522923327,275.0
n12526512333,31.0
n12527860812,373.0
n12538569032,92.0
n12538569048,77.0
n12538569083,80.0
n12538569091,85.0
n12538569092,84.0
n12538578760,86.0
n12538578779,82.0
n12538578822,85.0
n12538578828,86.0
n12538608327,97.0
n12538608359,101.0
n12538608361,99.0
n12538608393,96.0
n12538608508,98.0
n12538608522,109.0
n12538641283,128.0
n12538682818,126.0
n12538682833,112.0
n12538979455,84.0
n12538979458,77.0
n12590289887,35.0
n12590289896,43.0
n12590289899,46.0
n12590293904,35.0
n12590293951,38.0
n12590294098,47.0
n12593445472,12.0
n12615579260,34.0
n12615579264,35.0
n12615630656,42.0
n1262013870,148.0
n1262084378,62.0
n1262084701,163.0
n1262084753,37.0
n1262084922,13.0
n1262084969,63.0
n1262085016,35.0
n1262085031,33.0
n1262085079,232.0
n1262085124,68.0
n1262085154,32.0
n1262085269,49.0
n1262085299,36.0
n1262085303,39.0
n12682293648,97.0
n12702202444,88.0
n12708095503,30.0
n12709048517,29.0
n12709048522,28.0
n12709048529,39.0
n1274292906,65.0
n12776237385,66.0
n12776237488,71.0
n12776237489,69.0
n12776237592,69.0
n12776237695,65.0
n12776237798,65.0
n12784879794,156.0
n12786069631,72.0
n12787421551,774.0
n12828592232,463.0
n12853494958,68.0
n12862260950,121.0
n12886678648,72.0
n12923502847,82.0
n12925429809,33.0
n1296526044,731.0
n1296578971,1008.0
n1296578977,272.0
n1296578981,204.0
n1296578988,307.0
n1296579040,193.0
n1296579094,183.0
n1296579130,214.0
n1296579156,293.0
n1296579337,188.0
n1296579624,199.0
n1296579735,188.0
n1296596611,143.0
n1296596616,149.0
n1296646659,17.0
n1296646810,17.0
n1296647009,26.0
n1296647052,21.0
n1296647104,18.0
n1296647367,28.0
n1296647826,10.0
n1296647863,11.0
n1299581254,280.0
n1299581255,169.0
n1299581256,8.0
n1299581257,213.0
n1299581260,54.0
n1299581316,100.0
n1299581376,19.0
n1299590364,66.0
n13002309297,76.0
n13119221945,142.0
n1313341143,48.0
n1313341215,51.0
n1313341314,49.0
n1313341337,56.0
n1313341345,50.0
n1313341354,51.0
n1313341693,49.0
n1313341720,48.0
n1313341850,52.0
n1313341864,53.0
n1313342221,59.0
n1313342222,58.0
n1313342838,60.0
n1313342908,60.0
n1313342998,60.0
n1313343204,65.0
n1313343219,59.0
n1313343221,59.0
n1313343280,68.0
n1313343282,61.0
n1313343290,62.0
n1313343361,68.0
n1313388957,63.0
n1313388981,59.0
n1313388993,59.0
n1313389013,66.0
n1313389015,69.0
n1313389025,70.0
n1313389031,72.0
n1313389033,72.0
n1313389047,68.0
n1313389180,68.0
n1313389184,69.0
n1313389243,69.0
n1313389384,70.0
n1313389707,75.0
n1313568663,94.0
n1313568683,95.0
n1313568706,99.0
n1313568860,105.0
n1313569011,99.0
n1313569066,102.0
n1313569273,101.0
n1313569368,99.0
n1313569445,103.0
n1313569495,103.0
n1313569507,101.0
n1313569513,99.0
n1313569652,105.0
n1313569694,108.0
n1313569788,107.0
n1313569868,106.0
n1313569900,106.0
n1313569905,106.0
n1313569919,108.0
n1313570087,108.0
n1313570156,106.0
n1313570158,101.0
n1313570212,106.0
n1313570228,107.0
n1313570263,106.0
n1313570270,107.0
n1313571066,108.0
n1313571184,109.0
n1313571185,108.0
n1313571201,109.0
n1313571277,109.0
n1313571285,111.0
n1313571292,111.0
n1313571409,110.0
n1313571518,113.0
n1313598160,113.0
n1313598282,112.0
n1314431804,679.0
n1314432919,927.0
n1314562098,131.0
n1314633577,175.0
n1314633589,178.0
n1315232055,119.0
n1315232068,117.0
n1315232229,142.0
n1315233404,124.0
n1315233598,129.0
n1315234259,133.0
n1315306215,109.0
n1315306356,118.0
n1315462753,122.0
n1315463447,125.0
n1315478169,116.0
n1315478249,118.0
n1315478973,121.0
n1315479485,121.0
n1315479819,123.0
n1315479820,127.0
n1315480175,121.0
n1315563762,127.0
n1315563843,127.0
n1315564155,131.0
n1315564180,131.0
n1315564198,124.0
n1315564200,123.0
n1315564242,126.0
n1315564272,135.0
n1315564343,135.0
n1315564481,142.0
n13190470287,98.0
n1323668557,136.0
n1323790772,105.0
n1323791747,126.0
n1323791775,128.0
n1324087231,102.0
n1324185512,103.0
n1324370307,160.0
n1324370340,164.0
n1324370369,161.0
n1325725742,116.0
n1329752313,265.0
n1329752575,290.0
n1329753265,645.0
n1329753295,546.0
n1329753316,548.0
n1329754174,805.0
n1329754933,385.0
n1329755394,358.0
n1329755609,355.0
n1329755858,331.0
n1329755928,361.0
n1329755950,352.0
n1329756251,366.0
n1329756252,346.0
n1329757554,345.0
n1329757610,331.0
n1329758386,343.0
n1329758859,65.0
n1329758863,84.0
n1329758945,65.0
n1329759680,53.0
n1329767694,64.0
n1329767721,60.0
n13301574171,163.0
n13304383329,140.0
n13304383347,139.0
n13304383352,140.0
n13304544410,31.0
n13304544412,30.0
n13310753697,39.0
n13321533927,24.0
n13382943608,78.0
n13382943613,79.0
n13382969841,99.0
n13382969859,96.0
n1340875555,428.0
n1344230878,576.0
n1344231055,1447.0
n1344231363,284.0
n1344373928,1591.0
n13449554481,119.0
n13449566351,117.0
n13449593998,108.0
n13449985848,119.0
n1345435418,310.0
n1345435465,291.0
n1345697438,87.0
n1345697449,89.0
n1345697453,81.0
n1345697473,78.0
n1345697483,83.0
n1345697491,65.0
n1345697493,80.0
n1345697529,89.0
n1345697552,81.0
n1345697585,84.0
n1345697589,98.0
n1345697591,86.0
n1345697594,79.0
n1345697599,64.0
n1345697602,71.0
n1345697613,74.0
n1345697619,70.0
n1345697621,69.0
n1345697632,83.0
n1345697697,135.0
n1345697728,69.0
n1345697730,112.0
n1345697756,89.0
n1345697812,99.0
n1345697825,81.0
n1345697855,68.0
n1345697884,83.0
n1345698043,82.0
n1345698162,78.0
n1345698311,81.0
n1345698373,97.0
n1345698610,60.0
n1345698762,127.0
n1345698832,137.0
n1345698980,78.0
n1345699105,69.0
n1345699165,63.0
n1345733537,109.0
n1345733540,83.0
n1345733542,80.0
n1345733543,80.0
n1345733544,78.0
n1345733551,81.0
n1345733565,81.0
n1345733613,78.0
n1345733698,105.0
n1346380525,55.0
n1346380533,54.0
n1346380535,57.0
n1346388174,46.0
n1346388187,51.0
n1346388199,46.0
n1346388224,49.0
n1346388226,52.0
n1346388230,43.0
n1346388251,53.0
n1346388268,53.0
n1346388429,46.0
n1346388581,48.0
n1346388588,49.0
n1346388627,45.0
n1346388655,42.0
n1346388743,51.0
n1346388764,47.0
n1346388794,48.0
n1346434725,45.0
n1346434743,49.0
n1346434759,56.0
n1346434772,45.0
n1346434778,46.0
n1346434819,56.0
n1346434820,57.0
n1346434831,53.0
n1346434848,53.0
n1346434890,48.0
n1346434898,57.0
n1346434911,48.0
n1346434917,51.0
n1346434968,56.0
n1346434970,47.0
n1346434991,47.0
n1346435008,45.0
n1346435031,50.0
n1346435032,49.0
n1346435040,54.0
n1346435068,48.0
n1346435125,54.0
n1346435134,47.0
n1346435237,48.0
n13465490135,162.0
n13465499314,168.0
n1347032648,45.0
n1347032651,48.0
n1347032657,47.0
n1347032802,43.0
n1347032919,50.0
n1347032958,48.0
n1347033094,47.0
n1347033323,51.0
n1347033903,41.0
n1347057443,51.0
n1347080859,58.0
n1347487112,59.0
n1347487114,50.0
n1347487174,110.0
n1347487244,59.0
n1347487261,81.0
n1347487264,51.0
n1347487316,119.0
n1347487420,72.0
n1347487421,80.0
n1347487463,78.0
n1347487501,105.0
n1347487512,59.0
n1347487530,76.0
n1347487533,49.0
n1347487570,152.0
n1347487660,42.0
n1347487691,105.0
n1347487698,105.0
n1347487718,118.0
n1347487743,106.0
n1347487794,59.0
n1347487958,82.0
n13475750270,177.0
n1347704620,118.0
n1347704633,175.0
n1347704713,145.0
n1347704729,136.0
n1347704731,59.0
n1347704763,55.0
n1347704779,119.0
n1347704800,189.0
n1347704812,151.0
n1347704817,102.0
n1347704845,48.0
n1347704860,169.0
n1347704884,174.0
n1347704900,187.0
n1347704902,118.0
n1347750860,47.0
n1347750879,51.0
n1347750931,56.0
n1347751300,80.0
n1347751405,102.0
n1347779392,51.0
n1347779394,54.0
n1348237413,426.0
n1348237428,996.0
n1348237444,625.0
n1348237595,222.0
n1348237707,423.0
n1349065754,47.0
n1349065775,42.0
n1349065783,45.0
n1349065791,47.0
n1349065816,45.0
n1349065842,43.0
n1349065868,49.0
n1349065870,46.0
n1349065873,47.0
n1349065957,45.0
n1349065959,47.0
n1349065986,45.0
n1349065995,46.0
n1349065998,49.0
n1349066030,45.0
n1349066140,47.0
n1349066151,47.0
n1349326123,43.0
n1349326134,49.0
n1349326150,79.0
n1349326197,46.0
n1349326206,52.0
n1349326232,55.0
n1349326258,50.0
n1349326293,74.0
n1349326296,56.0
n1349326300,46.0
n1349326312,72.0
n1349326314,45.0
n1349326329,57.0
n1349326376,77.0
n1349326387,47.0
n1349326392,54.0
n1349326409,42.0
n1349326438,45.0
n1349326564,45.0
n1349326618,46.0
n1349326658,46.0
n1349326666,46.0
n1349326708,45.0
n1349326790,44.0
n1349326794,44.0
n1349349595,45.0
n13502805292,23.0
n13502805318,26.0
n13503241973,170.0
n13503257412,104.0
n1351480860,73.0
n1351480932,63.0
n1351480961,79.0
n1351659972,49.0
n1351659975,51.0
n1351660075,65.0
n1351660134,49.0
n1351700373,71.0
n13525786506,838.0
n13527809952,170.0
n13527847053,113.0
n13529038792,109.0
n13529053205,113.0
n13532754898,25.0
n13532754911,30.0
n13532754975,27.0
n13532754980,27.0
n13532754982,25.0
n13532754992,29.0
n1354934695,38.0
n1354934707,40.0
n1354934729,39.0
n1354934773,40.0
n1354982536,38.0
n1355287542,49.0
n1355287594,47.0
n1355287719,54.0
n1355287756,46.0
n1355288038,52.0
n1355288215,52.0
n1355288356,52.0
n1355288432,49.0
n1355288575,48.0
n1355288596,47.0
n1355288689,51.0
n1355288819,47.0
n13552964533,65.0
n1355673956,51.0
n1355673979,40.0
n1355674021,58.0
n1355674023,38.0
n1355674040,48.0
n1355674079,47.0
n1355674113,59.0
n1355674130,56.0
n1355674134,56.0
n1355674180,54.0
n1355674246,55.0
n1355674266,51.0
n1355674324,51.0
n1355674341,53.0
n1355674484,52.0
n1355674512,51.0
n1355674606,52.0
n1355674645,58.0
n1355674674,47.0
n1355674749,42.0
n1355674787,60.0
n1355674909,52.0
n1356726182,179.0
n1356726436,189.0
n1359194785,59.0
n1359840552,81.0
n1359960829,75.0
n1359960831,74.0
n1359960839,71.0
n1359960842,75.0
n1359960849,70.0
n1359960858,83.0
n1359960874,69.0
n1359960887,80.0
n1359960894,75.0
n1359960905,75.0
n1359960908,84.0
n1359960919,73.0
n1359960920,79.0
n1359960931,79.0
n1359960944,75.0
n1359960948,72.0
n1359960955,76.0
n1359960956,70.0
n1359960968,79.0
n1359960996,78.0
n1359961048,77.0
n1359961074,79.0
n1359961099,69.0
n1359961106,69.0
n1359961163,76.0
n1359961176,72.0
n1359961181,75.0
n1359961215,77.0
n1359961260,71.0
n1359961281,82.0
n1359961283,83.0
n1359961345,80.0
n1359961362,75.0
n1359961402,79.0
n1359961472,87.0
n1359961486,78.0
n1359961545,82.0
n1359961574,84.0
n13605176372,125.0
n1364340219,56.0
n1364340436,55.0
n1364534620,62.0
n1364588635,55.0
n1364608047,77.0
n1364843574,41.0
n1364843641,41.0
n1364843657,37.0
n13703617340,103.0
n13703617350,100.0
n13737355467,114.0
n13780340168,135.0
n13785414965,108.0
n13785414968,101.0
n1380068429,56.0
n1380068473,53.0
n1380069193,51.0
n1380069516,50.0
n1380069525,51.0
n1380069734,52.0
n1380567765,111.0
n1380567808,104.0
n1380567851,139.0
n1380567916,103.0
n1380568068,109.0
n1380568123,113.0
n1380568144,105.0
n1380568577,114.0
n1380569139,99.0
n1380569253,111.0
n1380569336,110.0
n1380569818,101.0
n13831284781,66.0
n13831324822,65.0
n1403967946,49.0
n1404298037,274.0
n1404298038,266.0
n1412091730,30.0
n1412092843,86.0
n1412092858,92.0
n1412092943,94.0
n1425144163,780.0
n1425144171,782.0
n1425144183,774.0
n1425144196,774.0
n1425144199,771.0
n1425144202,772.0
n1425144212,771.0
n1425144213,773.0
n1428989853,1993.0
n1428989928,1916.0
n1429300117,102.0
n1429300319,115.0
n1431033878,26.0
n1431033931,17.0
n1431033963,7.0
n1431033972,6.0
n1431034000,13.0
n1431034045,33.0
n1431034252,10.0
n1431034264,10.0
n1431067708,2441.0
n1431589497,193.0
n1431862376,1310.0
n1431862651,1362.0
n1431863146,1397.0
n1431909487,821.0
n1434424680,101.0
n1434424754,91.0
n1435009101,43.0
n1435009173,47.0
n1435201618,47.0
n1435201689,46.0
n1435201982,48.0
n1435225985,128.0
n1435440729,92.0
n1435440730,92.0
n1435440731,104.0
n1435440734,143.0
n1435959078,46.0
n1437215876,98.0
n1437215877,98.0
n1437215901,100.0
n1437215902,101.0
n1437215913,108.0
n1437215915,110.0
n1437215919,110.0
n1437215961,672.0
n1437216069,777.0
n1439258659,43.0
n1439258681,44.0
n1439258718,40.0
n1439610572,41.0
n1444166173,40.0
n1444166468,43.0
n1445002220,55.0
n1445002378,50.0
n1445002386,51.0
n1449640961,14.0
n1449670766,12.0
n1449670767,15.0
n1449670779,63.0
n1463090112,171.0
n1463090962,2091.0
n1463091034,2426.0
n1463091791,1533.0
n1463091929,1626.0
n1463092405,4289.0
n1463108596,108.0
n1463108602,102.0
n1464962513,66.0
n1465121719,47.0
n1465123449,73.0
n1465486306,43.0
n1465486574,45.0
n1465486624,50.0
n1465486628,44.0
n1472728728,31.0
n1472728768,40.0
n1472750636,59.0
n1472750943,25.0
n1472751017,31.0
n1472751040,26.0
n1477920637,50.0
n1477924176,800.0
n1477987346,247.0
n1477987372,1133.0
n1495287202,81.0
n1495287280,79.0
n1495316539,80.0
n1495329090,104.0
n1495483855,70.0
n1495483883,69.0
n1495483960,93.0
n1495483966,93.0
n1516327700,75.0
n1516327707,73.0
n1516327775,69.0
n1516327959,58.0
n1516327969,37.0
n1516328028,43.0
n1516328083,34.0
n1516328089,33.0
n1516328137,29.0
n1516328184,28.0
n1516328259,28.0
n1516328312,27.0
n1516328372,49.0
n1516328374,35.0
n1516328423,57.0
n1516328730,86.0
n1596351004,86.0
n1596351205,131.0
n1596351214,134.0
n1597255880,134.0
n1600752135,53.0
n1600752191,51.0
n1600752203,53.0
n1600752205,58.0
n1600752221,51.0
n1600752229,57.0
n1600752242,51.0
n1600752246,59.0
n1621474344,37.0
n1621474935,20.0
n1621474982,27.0
n1621475016,34.0
n1621475034,37.0
n1636922907,106.0
n1636923314,106.0
n1636923401,105.0
n1636924162,103.0
n1637031405,100.0
n1637031413,100.0
n1668477042,58.0
n1668477077,60.0
n1668477290,61.0
n1668477348,64.0
n1668496569,95.0
n1668496628,91.0
n1668496631,93.0
n1668496656,88.0
n1668496707,94.0
n1676604080,104.0
n1676604082,114.0
n1676604100,106.0
n1676622864,98.0
n1676622885,105.0
n1676622886,111.0
n1676938852,103.0
n1676939136,102.0
n1676939158,98.0
n1676939159,100.0
n1676939173,93.0
n1676939194,102.0
n1676970400,43.0
n1683315334,3179.0
n1683573369,1370.0
n1683573506,398.0
n1684106403,170.0
n1684106404,169.0
n1692785965,80.0
n1692785971,82.0
n1692786012,79.0
n1692786080,83.0
n1692786083,82.0
n1692786097,82.0
n1692786121,81.0
n1692786211,96.0
n1692786226,96.0
n1692786240,98.0
n1692786572,141.0
n1696836896,162.0
n1696836975,203.0
n1696836977,150.0
n1696837000,145.0
n1698245595,59.0
n1698434453,1193.0
n1698434486,1316.0
n1698434919,1324.0
n1698434987,1386.0
n1698435007,1492.0
n1698435691,96.0
n1698436391,116.0
n1698495015,1459.0
n1698495020,1543.0
n1698495195,1465.0
n1698495570,1176.0
n1698495676,1174.0
n1698582202,118.0
n1698582219,98.0
n1699239730,124.0
n1699637232,126.0
n1699637408,137.0
n1699637756,232.0
n1699637784,256.0
n1699645709,270.0
n1699645721,471.0
n1699645760,441.0
n1699645897,336.0
n1699645904,451.0
n1699646033,325.0
n1699646074,348.0
n1699646078,347.0
n1699646085,378.0
n1699646087,366.0
n1699646090,364.0
n1699646091,366.0
n1699646110,463.0
n1699646116,437.0
n1699659398,130.0
n1699659419,135.0
n1699659448,138.0
n1699696547,569.0
n1699696549,584.0
n1699696647,571.0
n1699696660,615.0
n1699696778,608.0
n1699696876,374.0
n1699697363,485.0
n1699697415,461.0
n1699697418,418.0
n1699697453,422.0
n1699697456,431.0
n1699697520,461.0
n1699697583,463.0
n1699697625,435.0
n1702510907,101.0
n1702510940,112.0
n1702510995,124.0
n1702511055,169.0
n1702511062,130.0
n1722857685,784.0
n1722857700,827.0
n1722857719,840.0
n1722857757,864.0
n1722857778,885.0
n1722857858,903.0
n1728772614,72.0
n1728772801,203.0
n1728868472,43.0
n1739998750,148.0
n1740001996,140.0
n1740057032,137.0
n1740057047,139.0
n1740057054,133.0
n1740057072,133.0
n1740057091,126.0
n1740057131,187.0
n1760697279,14.0
n1786434754,34.0
n1786434974,19.0
n1786434999,33.0
n1786435145,25.0
n1786435260,24.0
n1795588301,67.0
n1795588535,70.0
n1795588545,72.0
n1795588575,77.0
n1795588579,74.0
n1795605123,930.0
n1795712097,782.0
n1795712119,1482.0
n1795712193,758.0
n1795712208,1350.0
n1795712455,1338.0
n1795712511,1107.0
n1795719080,806.0
n1802870485,144.0
n1802870518,157.0
n1805443376,25.0
n1805443427,30.0
n1805443435,24.0
n1810090653,69.0
n1810090705,74.0
n1810090721,78.0
n1810090732,77.0
n1810090769,76.0
n1810090791,82.0
n1810911389,72.0
n1810911396,68.0
n1810911451,79.0
n1810911577,62.0
n1810911611,77.0
n1810911949,83.0
n1810912056,81.0
n1810912274,88.0
n1810912357,89.0
n1811211110,1566.0
n1811212098,126.0
n1811241144,212.0
n1811241427,186.0
n1811241450,243.0
n1811241514,196.0
n1811241847,218.0
n1811241873,201.0
n1811322234,58.0
n1811322236,60.0
n1811322239,61.0
n1811322244,61.0
n1811322247,61.0
n1811322254,56.0
n1811322256,56.0
n1811322261,58.0
n1811322293,59.0
n1811322297,55.0
n1811322351,56.0
n1811322588,133.0
n1811387316,305.0
n1811387339,137.0
n1811387541,260.0
n1811461160,355.0
n1811461205,66.0
n1811461296,71.0
n1811461314,69.0
n1811461350,68.0
n1811461404,75.0
n1811463069,80.0
n1811463079,80.0
n1811463080,89.0
n1811463142,96.0
n1811463144,100.0
n1811463153,104.0
n1811463215,119.0
n1811463229,129.0
n1811463262,131.0
n1811534970,56.0
n1811534980,83.0
n1811535023,108.0
n1811535066,115.0
n1811698349,33.0
n1811698354,33.0
n1811698392,36.0
n1811698417,41.0
n1811698428,43.0
n1811700175,40.0
n1811700177,43.0
n1811700189,45.0
n1811700263,50.0
n1811823755,73.0
n1811823795,68.0
n1811823832,69.0
n1811823835,74.0
n1811823845,75.0
n1811823873,74.0
n1811823882,77.0
n1811823966,78.0
n1821511784,267.0
n1848134155,892.0
n1848135971,806.0
n1848135982,815.0
n1848135992,815.0
n1848136368,786.0
n1848136381,807.0
n1848136383,946.0
n1848136492,1568.0
n1848136906,1848.0
n1848136926,1838.0
n1848136949,872.0
n1848136983,1739.0
n1848137003,1708.0
n1848137043,1268.0
n1848137109,905.0
n1848137167,1620.0
n1848137179,1353.0
n1848137251,1212.0
n1848205863,122.0
n1848205869,110.0
n1848205870,115.0
n1848205872,113.0
n1848777308,146.0
n1848777309,192.0
n1848821189,162.0
n1848821514,1337.0
n1848821764,807.0
n1858242050,15.0
n1858242057,18.0
n1858242063,16.0
n1858242071,18.0
n1858261180,17.0
n1879918580,47.0
n1880368158,51.0
n1880368236,51.0
n1880368273,54.0
n1880382261,100.0
n1880382262,98.0
n1880382265,101.0
n1880382270,100.0
n1880382275,105.0
n1880382314,112.0
n1884960226,58.0
n1884960288,172.0
n1884960318,190.0
n1884960398,286.0
n1884960404,200.0
n1884960442,379.0
n1884960480,197.0
n1884960487,451.0
n1884960489,214.0
n1888786060,40.0
n1888786063,44.0
n1938599991,102.0
n1939422436,87.0
n1939426392,82.0
n1939438876,86.0
n1939470828,97.0
n1939470857,95.0
n1939485061,91.0
n1939485065,98.0
n1986849200,219.0
n1987687456,95.0
n1987687546,95.0
n1987718922,88.0
n1987938102,94.0
n1987948515,95.0
n1987954432,98.0
n1988012420,96.0
n1988646265,347.0
n2017872562,71.0
n2018049269,817.0
n2035724086,23.0
n2035724119,27.0
n2035724199,24.0
n2035724215,17.0
n2035724236,19.0
n2035724347,23.0
n2035724376,1355.0
n2035724540,25.0
n2037923584,31.0
n2037923612,33.0
n2051081334,13.0
n2051081350,13.0
n2051081359,14.0
n2051081361,14.0
n2051081375,17.0
n2051081380,13.0
n2051081415,17.0
n2051087475,14.0
n2081914187,43.0
n2081914199,14.0
n2081914208,22.0
n2081914225,24.0
n2081914303,20.0
n2081914312,19.0
n2081914509,23.0
n2081914644,17.0
n2081914769,19.0
n2081914809,21.0
n2081914890,25.0
n2081915069,23.0
n2081915079,25.0
n2081915097,21.0
n2081915098,31.0
n2081916508,131.0
n2081916510,138.0
n2081966204,829.0
n2081966213,680.0
n2083635889,442.0
n2083635899,853.0
n2083635904,613.0
n2083635911,1528.0
n2083635914,1407.0
n2083680100,1294.0
n2083680172,44.0
n2083680192,50.0
n2083680218,27.0
n2083680220,27.0
n2084596673,1201.0
n2084596680,1589.0
n2084596746,1185.0
n2084597038,752.0
n2084597051,787.0
n2084597071,771.0
n2084597075,766.0
n2084597155,791.0
n2084597157,792.0
n2084597158,807.0
n2084597259,31.0
n2084597265,30.0
n2084597284,34.0
n2084597288,31.0
n2084597292,32.0
n2084597299,27.0
n2084597301,36.0
n2084663001,1527.0
n2084663067,415.0
n2084663075,1477.0
n2084663102,1179.0
n2084663108,877.0
n2084663520,890.0
n2084663524,283.0
n2084663528,282.0
n2084692474,857.0
n2084692480,1207.0
n2084692485,387.0
n2084692486,405.0
n2084692489,1146.0
n2084877204,157.0
n2084877222,162.0
n2084877225,156.0
n2084877286,155.0
n2084877550,181.0
n2084877644,195.0
n2084877876,178.0
n2084877918,142.0
n2084878568,141.0
n2084878581,138.0
n2084878596,126.0
n2084878602,133.0
n2084899510,714.0
n2084899537,1804.0
n2084899562,1620.0
n2084899664,773.0
n2084899704,1495.0
n2084899724,1761.0
n2084956643,1431.0
n2084956655,1672.0
n2084973724,604.0
n2084974003,137.0
n2084974154,107.0
n2088368073,159.0
n2088368103,254.0
n2135985164,1118.0
n2164024425,103.0
n2164024432,103.0
n2164024433,110.0
n2164024456,112.0
n2164024459,111.0
n2164024493,115.0
n2164024538,135.0
n2164024546,163.0
n2164024621,189.0
n2164024625,213.0
n2164024763,291.0
n2164024770,655.0
n2164274584,97.0
n2164274591,95.0
n2164274603,91.0
n2164274625,94.0
n2164274639,92.0
n2164274642,92.0
n2164274662,93.0
n2164274664,94.0
n2164274679,99.0
n2164274773,108.0
n2164274807,102.0
n2164274817,100.0
n2164274830,109.0
n2164274843,99.0
n2164274878,108.0
n2164275096,106.0
n2164275197,108.0
n2164275398,128.0
n2164306427,172.0
n2164879904,1263.0
n2168187689,128.0
n2168187718,134.0
n2235251942,520.0
n2259020059,55.0
n2278578198,62.0
n2301196062,74.0
n2303854278,81.0
n2305178673,53.0
n2305178762,52.0
n2305178803,59.0
n2305178816,58.0
n2305178820,53.0
n2305919433,145.0
n2305919440,131.0
n2305919449,141.0
n2305919484,142.0
n2305919524,153.0
n2305919562,157.0
n2305975433,61.0
n2305975448,55.0
n2305975450,55.0
n2305975456,56.0
n2305975495,60.0
n2305975501,66.0
n2306119386,84.0
n2306119598,96.0
n2306471738,67.0
n2308253295,92.0
n2308253298,101.0
n2308253319,99.0
n2309538098,97.0
n2309538309,90.0
n2309749995,94.0
n2309749997,94.0
n2309750031,80.0
n2309750032,80.0
n2309750071,78.0
n2309750078,93.0
n2309750080,82.0
n2309770355,105.0
n2313104768,99.0
n2313104887,107.0
n2314868582,125.0
n2314868620,120.0
n2314868625,126.0
n2314868658,119.0
n2314934916,118.0
n2314934924,118.0
n2314935071,124.0
n2314935116,123.0
n2314935270,122.0
n2314935278,126.0
n2316320019,118.0
n2316320428,95.0
n2316320668,58.0
n2316320757,102.0
n2316320901,96.0
n2316320952,97.0
n2316321086,95.0
n2316321624,105.0
n2316321865,113.0
n2316322797,97.0
n2316322854,98.0
n2316322956,84.0
n2316322976,86.0
n2316323005,95.0
n2316323007,95.0
n2317301532,92.0
n2317301556,93.0
n2317301593,101.0
n2317301594,103.0
n2317301652,99.0
n2317301700,100.0
n2317301716,96.0
n2317301859,99.0
n2319238775,33.0
n2319238973,36.0
n2319239056,60.0
n2319239084,51.0
n2319239093,61.0
n2319239248,42.0
n2319239264,42.0
n2319239275,42.0
n2319239324,71.0
n2328052759,129.0
n2328052768,127.0
n2328052882,123.0
n2328052897,133.0
n2328052918,121.0
n2328052938,137.0
n2328052955,125.0
n2328052964,127.0
n2328052983,119.0
n2328052984,139.0
n2328077755,46.0
n2328235623,116.0
n2328235624,139.0
n2328235625,129.0
n2328235639,119.0
n2328235641,119.0
n2328235647,118.0
n2328235648,123.0
n2328371496,152.0
n2328371499,140.0
n2328371530,134.0
n2328371538,127.0
n2328371667,136.0
n2328371686,135.0
n2328371721,114.0
n2328371815,90.0
n2328371875,101.0
n2328371994,88.0
n2328371996,100.0
n2328372231,98.0
n2328372346,96.0
n2328433518,65.0
n2329496025,112.0
n2329496065,114.0
n2329496110,109.0
n2329496131,110.0
n2329587358,59.0
n2329587464,58.0
n2329587467,63.0
n2329587572,61.0
n2329587597,62.0
n2329587601,65.0
n2333029618,57.0
n2334450418,103.0
n2335379379,147.0
n2337340110,59.0
n2337340111,55.0
n2337340116,55.0
n2341503965,86.0
n2341964932,102.0
n2342017833,774.0
n2346856943,78.0
n2346856985,80.0
n2346872004,101.0
n2351398529,53.0
n2362861882,99.0
n2362861928,100.0
n2364657736,91.0
n2364657740,91.0
n2364657763,94.0
n2364657828,93.0
n2364657983,98.0
n2364658002,98.0
n2364658006,98.0
n2364658019,100.0
n2364658023,96.0
n2364658034,99.0
n2364658112,103.0
n2364658178,110.0
n2364658233,112.0
n2364658241,112.0
n2364658268,132.0
n2364711646,46.0
n2364711942,44.0
n2364711962,48.0
n2364712076,50.0
n2364712178,66.0
n2364712180,65.0
n2364712202,56.0
n2364712245,55.0
n2364712278,101.0
n2364712290,139.0
n2365222374,46.0
n2365222507,49.0
n2365236523,45.0
n2365253045,74.0
n2365381566,32.0
n2365446118,49.0
n2365446122,25.0
n2365446124,25.0
n2365446141,26.0
n2365446798,57.0
n2365446802,52.0
n2365447064,56.0
n2365447093,58.0
n2365492810,51.0
n2365492820,46.0
n2365493065,51.0
n2365493073,53.0
n2365493078,59.0
n2365493082,54.0
n2365493248,57.0
n2365493471,45.0
n2368999974,85.0
n2369000662,102.0
n2369000712,109.0
n2369000773,115.0
n2369000788,111.0
n2369051961,63.0
n2369052053,63.0
n2369273101,51.0
n2369274185,53.0
n2369274521,50.0
n2369274563,48.0
n2369274590,48.0
n2369274704,56.0
n2369274783,54.0
n2369274913,52.0
n2370824612,84.0
n2370824836,89.0
n2370824840,86.0
n2370824870,87.0
n2370824909,90.0
n2370824950,89.0
n2370928220,71.0
n2372089745,59.0
n2372089749,53.0
n2372089759,53.0
n2372089775,57.0
n2372090121,60.0
n2372090165,58.0
n2372090191,61.0
n2372090233,70.0
n2372090277,64.0
n2372091784,80.0
n2372092009,87.0
n2372092035,87.0
n2372092174,94.0
n2372135505,60.0
n2372216005,50.0
n2373378748,370.0
n2373378856,374.0
n2373378888,465.0
n2373379439,536.0
n2373379945,259.0
n2373380475,58.0
n2373380517,67.0
n2373754663,42.0
n2373754670,44.0
n2373754813,44.0
n2373755070,51.0
n2373755114,57.0
n2373755163,64.0
n2375286645,101.0
n2375286688,97.0
n2375286699,97.0
n2375286801,93.0
n2375286856,96.0
n2375287002,94.0
n2375287020,93.0
n2375287069,93.0
n2375287101,92.0
n2375287134,93.0
n2375287606,98.0
n2375401115,52.0
n2376217264,121.0
n2376217365,120.0
n2376217572,129.0
n2376217749,121.0
n2376217776,104.0
n2376218059,99.0
n2376218069,98.0
n2376218186,95.0
n2376218325,100.0
n2376218879,85.0
n2376219019,87.0
n2376219052,83.0
n2376219107,88.0
n2376219198,94.0
n2376726550,100.0
n2380443940,44.0
n2380444069,41.0
n2380444077,49.0
n2380444081,44.0
n2380444086,52.0
n2380444112,48.0
n2380444152,46.0
n2380445016,62.0
n2380445032,71.0
n2381336551,53.0
n2381336623,55.0
n2381336674,56.0
n2381336709,60.0
n2381336729,61.0
n2381336740,59.0
n2381336892,63.0
n2381337288,65.0
n2381337306,69.0
n2381337322,63.0
n2381337328,62.0
n2381337550,64.0
n2381337680,65.0
n2381337775,78.0
n2383406185,64.0
n2383406302,61.0
n2383406992,61.0
n2383407025,58.0
n2383407026,55.0
n2383407966,63.0
n2384569575,84.0
n2385333883,60.0
n2385333884,59.0
n2385333968,70.0
n2385333969,71.0
n2385334052,73.0
n2385334147,74.0
n2385334292,111.0
n2385334323,106.0
n2385334325,109.0
n2385334327,110.0
n2385334334,100.0
n2385334337,100.0
n2385334338,102.0
n2385334374,119.0
n2385334403,127.0
n2385365422,66.0
n2385461483,123.0
n2387194437,32.0
n2387194438,31.0
n2387194450,31.0
n2387209614,16.0
n2387209615,30.0
n2387209630,23.0
n2387321800,75.0
n2387379080,30.0
n2387379128,46.0
n2388581780,85.0
n2388581792,84.0
n2388581840,89.0
n2388581902,89.0
n2388581932,87.0
n2388581941,85.0
n2388581964,87.0
n2388582039,91.0
n2388582058,98.0
n2388582061,91.0
n2388582076,86.0
n2388582078,88.0
n2388582092,83.0
n2388582093,83.0
n2388582131,89.0
n2388582199,86.0
n2388582207,94.0
n2388582245,96.0
n2388582257,86.0
n2388582261,90.0
n2388582278,84.0
n2388582286,90.0
n2388582295,96.0
n2388582325,88.0
n2388582336,89.0
n2388582343,88.0
n2388582346,90.0
n2388582378,96.0
n2388582437,91.0
n2388582469,90.0
n2388582610,90.0
n2388583252,97.0
n2388583283,93.0
n2388583357,96.0
n2388583371,92.0
n2388583481,97.0
n2388583545,92.0
n2388583582,92.0
n2388583615,95.0
n2388583657,96.0
n2388583959,94.0
n2388584066,95.0
n2388584136,99.0
n2388584166,98.0
n2389736277,81.0
n2389849079,86.0
n2389849093,87.0
n2389849402,88.0
n2389849530,100.0
n2391090247,51.0
n2391090256,51.0
n2391090266,57.0
n2394032712,62.0
n2394032742,59.0
n2394032743,63.0
n2394032744,54.0
n2397498524,64.0
n2397499279,48.0
n2399678417,60.0
n2399678463,63.0
n2399678607,64.0
n2399679074,67.0
n2399679359,75.0
n2399680648,137.0
n2399680672,135.0
n2400589438,43.0
n2400590216,60.0
n2406554886,112.0
n2406554947,119.0
n2406555012,114.0
n2406555023,109.0
n2406555061,118.0
n2406555068,116.0
n2406555139,115.0
n2406555259,105.0
n2406555264,100.0
n2406555336,109.0
n2406555394,100.0
n2406555419,110.0
n2406555449,96.0
n2406555451,104.0
n2406555703,109.0
n2406555735,98.0
n2406555840,103.0
n2406555878,99.0
n2406832512,2030.0
n2453324773,103.0
n2453465503,112.0
n2453465536,107.0
n2453787921,735.0
n2453788702,153.0
n2453789204,137.0
n2453803866,1031.0
n2453831034,1159.0
n2453869882,1244.0
n2453885317,790.0
n2454056910,1008.0
n2454064626,557.0
n2454469669,784.0
n2454472096,656.0
n2454560369,281.0
n2454639707,696.0
n2454671409,867.0
n2454682229,913.0
n2454714664,1042.0
n2455232776,949.0
n2455233509,726.0
n2455234815,1020.0
n2455252873,1114.0
n2455261617,737.0
n2455262008,201.0
n2455487817,61.0
n2455547583,862.0
n2455547720,1066.0
n2455610949,1006.0
n2455611820,1192.0
n2455649793,281.0
n2455737612,796.0
n2455737681,777.0
n2455738557,1288.0
n2455738717,1471.0
n2455738940,1434.0
n2455739363,1368.0
n2455739638,1190.0
n2455740106,1148.0
n2455767725,363.0
n2455767736,338.0
n2455767779,1125.0
n245703196,877.0
n245712018,1539.0
n245712869,1430.0
n245712879,1014.0
n245713434,1163.0
n245713805,648.0
n245715084,1279.0
n245716339,20.0
n245718405,746.0
n245718886,748.0
n245719265,739.0
n245719319,28.0
n245719758,616.0
n245720344,897.0
n245720793,784.0
n245721193,43.0
n245721374,28.0
n245721402,28.0
n245721623,832.0
n245721789,985.0
n245722110,811.0
n245722195,771.0
n245722676,773.0
n245724018,20.0
n245724879,31.0
n245725007,21.0
n245725260,22.0
n245725542,20.0
n245726472,21.0
n245726723,782.0
n245726876,786.0
n245726890,788.0
n245726900,18.0
n245727350,803.0
n245729336,1183.0
n245730154,23.0
n245730234,32.0
n245730359,27.0
n245730421,952.0
n245733263,248.0
n245734694,1659.0
n245734725,1837.0
n245734913,1325.0
n245735161,49.0
n245736642,584.0
n245736680,302.0
n245736763,1158.0
n245740891,152.0
n245741477,76.0
n245742040,101.0
n245742517,43.0
n245742786,97.0
n245743129,68.0
n245743301,42.0
n245744358,38.0
n245746222,43.0
n245746382,141.0
n245746450,43.0
n245747168,45.0
n245747571,59.0
n245747949,46.0
n245748259,48.0
n245748445,63.0
n245749159,48.0
n245749456,85.0
n245749553,66.0
n245749879,54.0
n245750491,81.0
n245750666,80.0
n245750735,70.0
n245750830,82.0
n245751172,109.0
n245751208,1185.0
n245751501,137.0
n245752909,190.0
n245753197,113.0
n245754786,86.0
n245755696,293.0
n245755760,108.0
n245756019,113.0
n245756087,111.0
n245756196,95.0
n245756784,105.0
n245756840,107.0
n245756851,97.0
n245757075,120.0
n245757368,120.0
n245758145,128.0
n245758716,149.0
n245759186,105.0
n245759220,101.0
n245761083,147.0
n245761323,129.0
n245761953,190.0
n245763040,191.0
n245764348,271.0
n245764416,271.0
n245765431,1046.0
n2458530473,778.0
n2458530481,779.0
n2458560891,700.0
n2459028334,788.0
n2459028343,790.0
n2459028911,900.0
n2459029135,897.0
n2459029361,1006.0
n2459029890,1464.0
n2459080018,1894.0
n2459081537,1630.0
n2459083045,1654.0
n2459083878,1699.0
n2459084757,1424.0
n2459237780,870.0
n2459237894,718.0
n2459238130,1247.0
n2459238723,1153.0
n2459389894,899.0
n2459390094,987.0
n2459390150,988.0
n2459390851,909.0
n2459391977,662.0
n2459392034,1198.0
n2459393316,2068.0
n2459393755,2106.0
n2459394026,1574.0
n2459411796,636.0
n2459555211,505.0
n2461541978,40.0
n2461541988,54.0
n2461542193,77.0
n2461542719,66.0
n2461543334,36.0
n2461543337,35.0
n2461543712,32.0
n2461543721,36.0
n2461543749,24.0
n2461559375,91.0
n2461559405,77.0
n2461559962,73.0
n2461589429,72.0
n2461590040,37.0
n2461590248,25.0
n2461590406,49.0
n2461590435,51.0
n2461590503,40.0
n2461590513,52.0
n2461590774,128.0
n2461591932,74.0
n2461651941,26.0
n2461651978,28.0
n2461652000,29.0
n2461652133,45.0
n2461652362,34.0
n2461652682,19.0
n2461652793,26.0
n2461653330,39.0
n2461653364,27.0
n2461653370,31.0
n2461653447,27.0
n2461653448,33.0
n2461653482,40.0
n2461653701,36.0
n2461654137,55.0
n2461654208,53.0
n2461654590,31.0
n2461654941,46.0
n2461654957,45.0
n2461655120,18.0
n2461655167,42.0
n2461655204,17.0
n2461655226,18.0
n2461989325,166.0
n2461989528,796.0
n2461992757,556.0
n2461994318,837.0
n2462047096,99.0
n2462048559,179.0
n2462048708,62.0
n2462048830,512.0
n2462049049,58.0
n2463170723,2445.0
n2463170748,2406.0
n2463226654,4122.0
n2463226722,3921.0
n2463226845,3822.0
n2463227466,3353.0
n2463227579,2084.0
n2463233843,2187.0
n2463277084,2549.0
n2463277463,2091.0
n2463277836,1527.0
n2463278738,1868.0
n2463562012,439.0
n2463562063,481.0
n2463562075,476.0
n2463562122,348.0
n2463562124,341.0
n2463562241,363.0
n2463562266,367.0
n2463577546,568.0
n2463577603,563.0
n2463577661,296.0
n2463577662,300.0
n2463577698,252.0
n2463577704,255.0
n2463594047,243.0
n2463594294,307.0
n2463594422,266.0
n2463594556,338.0
n2463594807,193.0
n2463595413,199.0
n2463596036,366.0
n2463596055,292.0
n2463618261,445.0
n2463629447,833.0
n2463653700,277.0
n2463653710,271.0
n2463654457,426.0
n2463654535,650.0
n2463655758,714.0
n2463715273,287.0
n2463753117,1097.0
n2463753376,568.0
n2463754150,295.0
n2463754154,346.0
n2463770993,1570.0
n2463771438,1040.0
n2463790687,590.0
n2463790694,613.0
n2463790889,639.0
n2463790943,1114.0
n2463791557,1103.0
n2463791620,1165.0
n2463791787,1250.0
n2463791866,1299.0
n2463792539,1622.0
n2463799464,602.0
n2463799666,953.0
n2463799898,886.0
n2463823632,1596.0
n2463823701,1694.0
n2463823949,1665.0
n2463824656,1098.0
n2463824706,1136.0
n2463824847,1489.0
n2463825168,1653.0
n2463825218,1403.0
n2463836987,1107.0
n2463837024,759.0
n2463837057,707.0
n2463837758,443.0
n2463837876,1264.0
n2463838086,1013.0
n2463838187,442.0
n2463838258,408.0
n2463838404,472.0
n2463838578,595.0
n2463838904,380.0
n2463838917,427.0
n2463851509,612.0
n2463851515,596.0
n2463851756,451.0
n2463851825,489.0
n2463851843,513.0
n2463852172,786.0
n2463852503,902.0
n2463864174,1003.0
n2463864214,994.0
n2463864246,1017.0
n2463864409,994.0
n2463864878,871.0
n2464680589,88.0
n2464680599,84.0
n2464680604,84.0
n2464680609,81.0
n2464680617,81.0
n2464680624,78.0
n2464680698,120.0
n2464680699,122.0
n2464680718,136.0
n2464680719,130.0
n2464680891,159.0
n2465028551,132.0
n2465028612,124.0
n2465028697,127.0
n2465029054,136.0
n2465029122,139.0
n2465029185,154.0
n2465087558,153.0
n2465087563,149.0
n2465087567,151.0
n2465087583,152.0
n2465087593,145.0
n2465087604,219.0
n2465087612,181.0
n2465087617,209.0
n2465087639,222.0
n2465087648,129.0
n2465087658,152.0
n2465117885,289.0
n2466195236,54.0
n2466195250,31.0
n2466195264,37.0
n2466195269,34.0
n2466195304,44.0
n2466195324,154.0
n2466195325,158.0
n2466195329,178.0
n2466232340,39.0
n2466232379,34.0
n2466232400,29.0
n2466232493,35.0
n2466232736,16.0
n2466232777,21.0
n2466232788,91.0
n2466232890,26.0
n2466233598,30.0
n2466233616,35.0
n2466233663,50.0
n2466233743,24.0
n2466233780,31.0
n2466235028,153.0
n2466235098,211.0
n2466235144,180.0
n2466235249,145.0
n2466235899,408.0
n2466236049,366.0
n2466242806,263.0
n2466242906,267.0
n2466243335,201.0
n2466417653,49.0
n2466417657,51.0
n2466417660,60.0
n2466417668,80.0
n2466417678,115.0
n2468512457,47.0
n2468512460,49.0
n2468512483,74.0
n2468512495,74.0
n2468512499,79.0
n2468512506,76.0
n2468512536,76.0
n2468512559,78.0
n2468512574,77.0
n2468512603,80.0
n2468739393,23.0
n2468739394,24.0
n2468739446,25.0
n2468739658,15.0
n2468740362,75.0
n2468740366,77.0
n2468740561,119.0
n2468740925,131.0
n2468742473,439.0
n2468762614,628.0
n2468762902,469.0
n2468762922,342.0
n2468762958,272.0
n2468762970,266.0
n2468763133,222.0
n2468783269,144.0
n2468783537,76.0
n2468783590,69.0
n2468783595,67.0
n2468783601,68.0
n2468783604,68.0
n2468783608,67.0
n2468783613,67.0
n2468783617,68.0
n2468783619,68.0
n2468783624,67.0
n2468833279,68.0
n2468833300,66.0
n2468833314,68.0
n2468833352,68.0
n2468833366,68.0
n2468833381,68.0
n2468833389,69.0
n2468833402,75.0
n2468833427,87.0
n2468833439,84.0
n2468990212,92.0
n2468990228,95.0
n2468990229,96.0
n2468990282,133.0
n2469004406,134.0
n2469004411,139.0
n2469004440,152.0
n2469004448,149.0
n2469004460,148.0
n2469004461,155.0
n2469004506,147.0
n2469004515,142.0
n2469004530,145.0
n2469004538,144.0
n2469683785,1245.0
n2469684040,1420.0
n2469684253,829.0
n2469684293,896.0
n2469684904,873.0
n2469684928,687.0
n2469685164,909.0
n2469698539,2039.0
n2469894339,166.0
n2469894409,172.0
n2469894510,162.0
n2469894553,138.0
n2469894564,136.0
n2469894572,139.0
n2469894595,147.0
n2469894610,134.0
n2469894903,139.0
n2469894975,133.0
n2469895030,145.0
n2469900641,86.0
n2469900712,80.0
n2469900718,77.0
n2469900731,82.0
n2491563760,593.0
n2491563762,308.0
n2491829553,623.0
n2491830210,829.0
n2491833905,740.0
n2491838646,65.0
n2491876313,39.0
n2491876424,32.0
n2491876513,35.0
n2491876524,28.0
n2491876584,36.0
n2491876652,30.0
n2491876699,30.0
n2491876709,27.0
n2491876731,28.0
n2491876737,24.0
n2491876760,25.0
n2491876817,26.0
n2491877281,24.0
n2491879775,15.0
n2491879780,25.0
n2491882375,19.0
n2492475279,1543.0
n2492475495,1531.0
n2492482085,1502.0
n2492599802,339.0
n2492599843,347.0
n2492601704,239.0
n2498697992,772.0
n2498698504,130.0
n2498768470,820.0
n2498770217,112.0
n2500946724,1278.0
n2500948545,1716.0
n2500950370,929.0
n2500977628,1656.0
n2500978026,1903.0
n2501001537,832.0
n2501001540,844.0
n2501001558,825.0
n2501023508,1174.0
n2501024018,1142.0
n2501036973,559.0
n2501058981,1241.0
n2501059288,420.0
n2501059293,432.0
n2501068957,1138.0
n2501361474,871.0
n2501361717,386.0
n2501361963,872.0
n2501374398,615.0
n2501374435,1071.0
n2501374517,464.0
n2501375231,956.0
n2501375475,464.0
n2501375787,898.0
n2501392170,398.0
n2501392359,266.0
n2501955934,275.0
n2501956270,287.0
n2501956359,286.0
n2501957250,332.0
n2501957487,316.0
n2501957629,277.0
n2502010730,1314.0
n2502010867,1286.0
n2502011274,1044.0
n2502011971,917.0
n2502012679,1046.0
n2505844229,288.0
n2506042983,116.0
n2508824376,131.0
n2511042479,3930.0
n2511042546,3875.0
n2511256931,3746.0
n2516678325,116.0
n2516678379,104.0
n2516678388,69.0
n2516678473,212.0
n2516678507,71.0
n2516678786,108.0
n2516678971,72.0
n2516679303,66.0
n2517721615,70.0
n2517721631,106.0
n2517721632,103.0
n2517721640,106.0
n2519160722,2500.0
n2519223712,40.0
n2519982761,28.0
n2519982799,16.0
n2519982861,45.0
n2520016716,61.0
n2520017702,60.0
n2520017708,54.0
n2520017781,46.0
n2520017797,39.0
n2520321311,55.0
n2520321343,38.0
n2520321344,41.0
n2520369920,9.0
n2520369923,16.0
n2520369985,22.0
n2520418665,28.0
n2520418677,28.0
n2520418682,27.0
n2520418683,28.0
n2520418684,24.0
n2530029901,60.0
n2530029905,61.0
n2555555842,96.0
n2555555998,73.0
n2555556005,102.0
n2579670796,41.0
n2580492512,37.0
n2584629583,1553.0
n2595623022,52.0
n2595623045,49.0
n2595623097,45.0
n2595623108,48.0
n2595623133,51.0
n2595623137,48.0
n2595623141,47.0
n2595623151,45.0
n2595623155,50.0
n2595623178,53.0
n2595623485,68.0
n2595623560,88.0
n2622191629,28.0
n2623466893,96.0
n2623466901,96.0
n2623473049,98.0
n2623618709,22.0
n2623618736,26.0
n2623618746,22.0
n2623618747,24.0
n2623618759,34.0
n2632756349,67.0
n2635114278,1000.0
n2659500363,31.0
n2659500375,27.0
n2659501125,22.0
n2659517518,22.0
n2659517523,20.0
n2659531107,64.0
n2659534096,33.0
n2665458624,106.0
n2665458636,109.0
n2666939999,54.0
n2666940081,56.0
n2671616223,16.0
n2671616260,29.0
n2671616262,18.0
n2671616264,22.0
n2671616275,16.0
n2671616278,14.0
n2671616292,19.0
n2671616321,18.0
n2671616353,27.0
n2671616371,18.0
n2671616386,14.0
n2671616388,21.0
n2671616408,14.0
n2671616414,15.0
n2671616426,21.0
n2671616539,35.0
n2671616561,24.0
n2671917132,69.0
n2682279843,1076.0
n2682288214,892.0
n2682774922,691.0
n2682968389,632.0
n2682968461,241.0
n2682983896,258.0
n2682983901,165.0
n2682983907,174.0
n2682983978,147.0
n2682984003,149.0
n2682984047,145.0
n2715015195,842.0
n2717174489,1089.0
n2717217350,1001.0
n2717232412,971.0
n2719435973,1214.0
n2720225720,1117.0
n2723913941,1392.0
n2723981159,1212.0
n2723985107,1378.0
n2724030462,884.0
n2724039173,1111.0
n2724039182,1141.0
n2764099845,899.0
n2764099861,890.0
n2764200726,971.0
n2766374227,870.0
n2766375931,887.0
n2774754099,889.0
n2774754102,887.0
n2802521371,1201.0
n2802528305,343.0
n2852814303,16.0
n2882121008,1384.0
n2882121034,1370.0
n2882121111,1340.0
n2882121173,1254.0
n2882121292,1249.0
n2882147254,40.0
n2882147274,62.0
n2882148013,36.0
n2882148018,44.0
n2882148068,35.0
n2882148084,56.0
n2882148094,53.0
n2882148326,36.0
n2882205203,1571.0
n2883872635,3616.0
n2883904490,159.0
n2883904713,128.0
n2884021044,12.0
n2884021065,312.0
n2884021164,21.0
n2884021185,262.0
n2884021291,18.0
n2884021797,199.0
n2884022260,26.0
n2884022742,169.0
n2884024177,251.0
n2884067029,89.0
n2884067033,89.0
n2885003252,111.0
n2885039243,163.0
n2885039372,45.0
n2885039373,46.0
n2885039397,46.0
n2885039405,52.0
n2885039421,80.0
n2885039423,79.0
n2885039428,74.0
n2885039435,86.0
n2885091559,56.0
n2885091571,54.0
n2885091573,57.0
n2885091584,58.0
n2885092740,58.0
n2885143559,126.0
n2885143579,125.0
n2885143589,120.0
n2885143592,120.0
n2885143613,135.0
n2885248532,85.0
n2885250903,133.0
n2885250932,138.0
n2885250941,150.0
n2885275180,86.0
n2885275540,85.0
n2885275591,96.0
n2885276625,84.0
n2914323246,798.0
n2915025937,633.0
n2915028163,1278.0
n2915029860,333.0
n2915029892,620.0
n2915032051,750.0
n2915032835,704.0
n2915034480,181.0
n2915034529,144.0
n2915034535,159.0
n2915034553,145.0
n2915034573,126.0
n2915034590,119.0
n2915034593,117.0
n2915034597,120.0
n2915034650,115.0
n2915034652,111.0
n2917220465,757.0
n2917696568,24.0
n2917696597,23.0
n2917696679,36.0
n2917696724,25.0
n2917696761,43.0
n2917696839,44.0
n2917752016,25.0
n2917752108,32.0
n2919179868,4020.0
n2919179983,4082.0
n2920796066,65.0
n2920796069,64.0
n2921876500,105.0
n2921918806,178.0
n2921918807,181.0
n2922060442,40.0
n2926094146,253.0
n2926094151,255.0
n2926094680,254.0
n2926095072,267.0
n2926095946,86.0
n2926095960,83.0
n2926095991,75.0
n2926095996,72.0
n2926096138,68.0
n2926096142,66.0
n2926096512,66.0
n2926096522,68.0
n2926096566,64.0
n2926096572,66.0
n2926096589,59.0
n2926096848,57.0
n2926096857,67.0
n2926096874,58.0
n2926097170,60.0
n2926097418,58.0
n2926097455,67.0
n2926097475,59.0
n2926097703,62.0
n2926097712,64.0
n2926097739,63.0
n2926154982,60.0
n2926155032,56.0
n2926155083,64.0
n2926155084,66.0
n2926155115,274.0
n2926323039,23.0
n2926323046,27.0
n2926323056,27.0
n2926323130,28.0
n2926323156,30.0
n2926323167,30.0
n2926323240,50.0
n2926580671,49.0
n2926581803,47.0
n2926581816,48.0
n2926581846,45.0
n2927938484,168.0
n2927938957,152.0
n2967218985,142.0
n2967218990,152.0
n2967218994,151.0
n2967219001,142.0
n2967219004,147.0
n2967219009,142.0
n2967219022,138.0
n2967219023,128.0
n2967220343,155.0
n2967220361,138.0
n2976469237,1580.0
n2983540749,124.0
n3007133833,2262.0
n3007271430,1952.0
n3008327477,4378.0
n3008480899,4322.0
n3008480921,4498.0
n3018172995,207.0
n3018173026,201.0
n3092025659,1093.0
n3106396317,132.0
n3110856484,316.0
n3110856488,333.0
n3115199378,88.0
n3152815986,105.0
n3158879343,20.0
n3158879810,36.0
n3158885672,14.0
n3158885706,22.0
n3158888250,17.0
n3158888700,19.0
n3158896421,17.0
n3158896424,21.0
n3158918845,24.0
n3158918983,27.0
n3158919120,29.0
n3158919370,28.0
n3158919697,36.0
n3158919698,31.0
n3158923508,22.0
n3158923546,19.0
n3158923588,27.0
n3158923616,18.0
n3158933748,22.0
n3158933756,20.0
n3158934591,20.0
n3160185157,17.0
n3160185170,19.0
n3160185171,20.0
n3160185194,16.0
n3160185425,25.0
n3160185503,16.0
n3160185534,26.0
n3160185572,23.0
n3160185582,25.0
n3160185598,24.0
n3160230159,25.0
n3160231654,24.0
n3160231775,27.0
n3160231778,24.0
n3160231808,19.0
n3173460062,28.0
n3173460085,38.0
n3173460126,26.0
n3173460127,36.0
n3173460129,32.0
n3173460680,33.0
n3173469617,39.0
n3173469619,35.0
n3173469638,33.0
n3173469643,35.0
n3173469979,32.0
n3173469992,37.0
n3173470227,35.0
n3173548322,1150.0
n3173560387,728.0
n3173560410,734.0
n3173566127,933.0
n3173566851,772.0
n3173570147,663.0
n3173573097,547.0
n3173573384,748.0
n3173577191,204.0
n3173578975,569.0
n3173579052,428.0
n3173611022,21.0
n3173611026,21.0
n3173611027,22.0
n3173611055,25.0
n3173656957,662.0
n3173657996,412.0
n3173659777,85.0
n3173660337,65.0
n3173660823,77.0
n3173670413,56.0
n3173675524,56.0
n3173676986,40.0
n3173704182,583.0
n3173704205,1146.0
n3173711184,29.0
n3175911973,751.0
n3175912216,897.0
n3175912311,720.0
n3175920440,866.0
n3175964719,1007.0
n3175965095,1278.0
n3176031335,1308.0
n3176043386,147.0
n3176043389,201.0
n3176043408,200.0
n3176043744,163.0
n3176043813,153.0
n3176043848,166.0
n3176054713,289.0
n3176054721,554.0
n3176055376,292.0
n3176058961,1441.0
n3176058965,901.0
n3176060815,1416.0
n3176061192,1372.0
n3176072973,1931.0
n3176072975,1927.0
n3176093865,258.0
n3176093870,202.0
n3178199100,319.0
n3178199116,243.0
n3178199121,285.0
n3178203894,368.0
n3178209375,817.0
n3178209387,706.0
n3178211937,627.0
n3178213064,739.0
n3179532665,1837.0
n3179552235,809.0
n3179554129,1047.0
n3179554302,460.0
n3179658554,1522.0
n3179664236,966.0
n3179664249,857.0
n3179665350,877.0
n3179711617,105.0
n3179713363,103.0
n3179713537,106.0
n3179713554,106.0
n3179713676,101.0
n3179713699,105.0
n3179713799,106.0
n3179713882,113.0
n3179739570,198.0
n3179739577,157.0
n3179739643,165.0
n3179739747,176.0
n3179739771,159.0
n3179739996,175.0
n3179740541,159.0
n3179749350,140.0
n3253382636,1741.0
n3253384681,1704.0
n3253385021,1509.0
n3309034374,45.0
n3309034381,45.0
n3309034382,40.0
n3309034387,49.0
n3310320249,52.0
n3310320250,54.0
n3310320255,53.0
n3310320256,58.0
n3310320572,55.0
n3310320577,53.0
n3310320579,53.0
n3333759536,36.0
n3333765826,32.0
n3337362407,97.0
n3345442024,88.0
n3345442035,84.0
n3345442064,92.0
n3345443325,85.0
n3345443329,90.0
n3345443403,94.0
n3345443404,94.0
n3345462467,155.0
n3345462633,168.0
n3345462679,191.0
n3345462703,198.0
n3363539257,57.0
n3367513140,87.0
n3388591641,93.0
n3393379510,653.0
n342098065,87.0
n342099041,273.0
n342099208,86.0
n342099620,82.0
n3431633207,781.0
n3440676547,812.0
n3453820411,1496.0
n3454068821,1729.0
n3454445028,2059.0
n3454846720,2170.0
n3454892796,1175.0
n3455075763,28.0
n3455076019,30.0
n3455076051,30.0
n3455076087,28.0
n3455076125,35.0
n3455076155,31.0
n3455076190,25.0
n3455076194,25.0
n3455076198,30.0
n3455076235,29.0
n3455080984,21.0
n3455080990,21.0
n3455080992,21.0
n3455081299,23.0
n3455081300,30.0
n3455081305,26.0
n3455081309,18.0
n3455081316,29.0
n3455081322,27.0
n3455081335,20.0
n3455680160,971.0
n3455768917,898.0
n3462002941,777.0
n3472153456,534.0
n3474137066,1661.0
n3474138423,1662.0
n3493019887,188.0
n3494085633,44.0
n3494085693,40.0
n3494085723,36.0
n3494085724,38.0
n3494085730,37.0
n3494085762,37.0
n3495531897,1785.0
n3515195529,39.0
n3515195562,46.0
n3515195704,44.0
n3515195818,36.0
n3515195826,40.0
n3515196115,45.0
n3515196190,45.0
n3515196338,42.0
n3515196343,48.0
n3517621029,43.0
n3517621191,48.0
n3517621214,51.0
n3517621278,50.0
n3517621287,47.0
n3517621294,46.0
n3517621333,47.0
n3517621386,47.0
n3517621577,50.0
n3517621603,49.0
n3519943822,51.0
n3525742732,45.0
n3525742733,44.0
n3525742736,46.0
n3525742737,46.0
n3525742762,46.0
n3546141072,72.0
n3546141076,66.0
n3553869741,2902.0
n3555213498,128.0
n3555213499,121.0
n3588844443,21.0
n3588844499,64.0
n3588844508,23.0
n3636144173,95.0
n3637671395,88.0
n3637671405,93.0
n3637671444,85.0
n3637671508,83.0
n3637672670,92.0
n3637677158,88.0
n3637677185,87.0
n3657296463,54.0
n3675635748,341.0
n3675635796,306.0
n3675636086,247.0
n3675636095,255.0
n3675636176,177.0
n3675636253,149.0
n3676944166,47.0
n3676944167,51.0
n3677007094,59.0
n3677048121,47.0
n3677048123,37.0
n3677048124,51.0
n3677048141,47.0
n3677062183,53.0
n3677477479,99.0
n3677477490,101.0
n3677477494,104.0
n3677477496,100.0
n3677477501,101.0
n3677477507,101.0
n3677482326,112.0
n3677614505,74.0
n3677614508,76.0
n3677614802,43.0
n3677614810,43.0
n3677615137,58.0
n3677615184,103.0
n3677615205,119.0
n3677615207,119.0
n3677615235,66.0
n3677615433,164.0
n3677615436,165.0
n3677615447,191.0
n3677615462,266.0
n3677642609,29.0
n3677642619,28.0
n3677644428,32.0
n3677644432,31.0
n3677644434,31.0
n3677644436,31.0
n3677644445,32.0
n3677644449,30.0
n3677644461,35.0
n3677644464,33.0
n3677644476,53.0
n3677645060,98.0
n3677676521,95.0
n3677676522,95.0
n3677676530,95.0
n3677676535,98.0
n3677706509,102.0
n3677706512,104.0
n3677706515,104.0
n3677706516,103.0
n3677790476,67.0
n3677914259,111.0
n3679412263,102.0
n3679490876,105.0
n3679490982,98.0
n3679568221,87.0
n3679568326,88.0
n3679568978,88.0
n3684327549,75.0
n3684327566,65.0
n3686971920,90.0
n3686971924,97.0
n3687018036,96.0
n3688609417,837.0
n3693755114,891.0
n3695032423,186.0
n3699240271,809.0
n3700175916,1434.0
n3700314457,1149.0
n3701019500,1266.0
n3701021426,1314.0
n3701021477,748.0
n3701021502,1315.0
n3701021524,1285.0
n3701076353,619.0
n3701126625,899.0
n3701126642,879.0
n3701126643,1200.0
n3701132188,705.0
n3701145767,413.0
n3701145768,608.0
n3701145971,437.0
n3701145985,410.0
n3701153414,327.0
n3701159961,76.0
n3701159963,78.0
n3701162608,72.0
n3701162609,67.0
n3701162614,73.0
n3701162616,71.0
n3701170423,123.0
n3701171827,126.0
n3701171832,127.0
n3701171833,128.0
n3701172837,68.0
n3701229735,16.0
n3701229737,16.0
n3701229800,25.0
n3701229809,41.0
n3701230233,24.0
n3701235047,23.0
n3701235049,18.0
n3701304166,26.0
n3701305578,79.0
n3701305615,127.0
n3701321458,39.0
n3701352862,60.0
n3701352908,57.0
n3701352920,37.0
n3701353029,36.0
n3701353034,27.0
n3701353061,38.0
n3702855503,54.0
n3702855569,50.0
n3702996749,37.0
n3702996885,67.0
n3702996943,38.0
n3702996947,30.0
n3702997049,38.0
n3703039491,23.0
n3703039513,25.0
n3703063357,23.0
n3703063400,24.0
n3703063401,25.0
n3703063418,25.0
n3703063529,27.0
n3703063533,28.0
n3703192312,236.0
n3703192980,431.0
n3703292691,645.0
n3703293159,408.0
n3703293180,422.0
n3703293183,422.0
n3703293188,391.0
n3703358668,734.0
n3703358669,696.0
n3703361135,694.0
n3703361224,1174.0
n3704359760,81.0
n3704616143,52.0
n3704887534,23.0
n3704887536,20.0
n3706635197,31.0
n3706635205,32.0
n3706635225,31.0
n3711004504,116.0
n3711004655,115.0
n3711655341,33.0
n3712003971,33.0
n3713766853,33.0
n3713766921,33.0
n3716565325,34.0
n3718239467,47.0
n3722630808,73.0
n3722646768,69.0
n3722646798,68.0
n3722646803,68.0
n3722652425,66.0
n3722652429,75.0
n3723078707,75.0
n3723078928,82.0
n3723078942,75.0
n3736220267,58.0
n3736878493,69.0
n3788081439,81.0
n3788081441,85.0
n3788081445,82.0
n3788081449,83.0
n3788095763,80.0
n3788095772,85.0
n3788095776,81.0
n3788095777,85.0
n3798891857,520.0
n3798891861,517.0
n3807599417,161.0
n3807599421,161.0
n3826804069,65.0
n3826804071,70.0
n3826827947,21.0
n3826828460,20.0
n3826828462,22.0
n3826828468,20.0
n3826828488,22.0
n3826828504,21.0
n3826828531,22.0
n3861818209,98.0
n3861899124,108.0
n3861899135,100.0
n3870656699,701.0
n3875985762,150.0
n3875988367,121.0
n3877536812,638.0
n3877537566,673.0
n3877538214,832.0
n3877588506,447.0
n3877588624,408.0
n3877588772,460.0
n3877590195,2602.0
n3877591968,1425.0
n3877609074,498.0
n3877609233,528.0
n3877609308,478.0
n3877609624,608.0
n3877609965,788.0
n3877610373,913.0
n3877610516,722.0
n3877610605,647.0
n3877610763,760.0
n3877610886,934.0
n3877647577,714.0
n3877648331,943.0
n3877963276,64.0
n3878170990,264.0
n3878443665,97.0
n3878443853,89.0
n3878444038,77.0
n3878444043,80.0
n3878444137,78.0
n3878444139,66.0
n3878444150,80.0
n3878444155,78.0
n3878444316,86.0
n3878444391,84.0
n3878444772,64.0
n3878444790,74.0
n3878445391,431.0
n3878447741,71.0
n3878447846,57.0
n3878466615,609.0
n3878932684,1858.0
n3879678148,42.0
n3879682741,35.0
n3880125518,840.0
n3880127344,540.0
n3880129271,141.0
n3880129702,143.0
n3880129884,157.0
n3880247713,203.0
n3880250628,159.0
n3880250947,160.0
n3880251298,166.0
n3880251374,141.0
n3880270496,912.0
n3880272354,320.0
n3881589158,422.0
n3881603029,543.0
n3881686362,969.0
n3881690528,520.0
n3881744723,918.0
n3881747404,1060.0
n3883900985,905.0
n3883902009,900.0
n3884004622,726.0
n3884004623,732.0
n3884005483,1606.0
n3884006513,1669.0
n3884008374,1636.0
n3884024942,1129.0
n3884081977,729.0
n3884084074,571.0
n3884084371,569.0
n3884084610,289.0
n3884084847,55.0
n3884085304,496.0
n3884085723,55.0
n3884086300,97.0
n3884089487,126.0
n3884089615,129.0
n3884089927,44.0
n3884089934,65.0
n3884089936,47.0
n3884827348,165.0
n3884827637,943.0
n3884828470,720.0
n3884935103,977.0
n3884935658,1028.0
n3884935794,314.0
n3884936402,821.0
n3884938576,217.0
n3885072234,429.0
n3885125046,941.0
n3885126031,570.0
n3885878971,33.0
n3885878979,50.0
n3885879576,38.0
n3885880372,33.0
n3885892152,104.0
n3885902039,91.0
n3885902216,63.0
n3885902242,53.0
n3885902306,101.0
n3887833902,782.0
n3887833989,708.0
n3887834495,846.0
n3887834640,802.0
n3887963792,785.0
n3887963795,787.0
n3887963806,783.0
n3887963816,781.0
n3888002993,787.0
n3888003149,791.0
n3888003313,777.0
n3888044073,1074.0
n3888044377,1198.0
n3888045264,1358.0
n3888045423,807.0
n3888045432,784.0
n3888045510,790.0
n3888045518,789.0
n3888079319,1825.0
n3888169574,660.0
n3888169828,860.0
n3888172006,1262.0
n3888172577,1405.0
n3888173600,1267.0
n3888209284,1679.0
n3888209854,1586.0
n3888828354,782.0
n3888958164,1197.0
n3888958471,1033.0
n3888958731,780.0
n3888960268,994.0
n3888961097,701.0
n3888962699,1497.0
n3888962898,771.0
n3888964118,894.0
n3889130602,1619.0
n3889131157,1903.0
n3889160571,782.0
n3889160713,800.0
n3889161081,787.0
n3889161088,788.0
n3889161090,788.0
n3889161132,797.0
n3889161384,802.0
n3889161391,806.0
n3889161473,804.0
n3889161494,847.0
n3889161638,841.0
n3889161871,815.0
n3889533418,1163.0
n3889535111,976.0
n3890089303,944.0
n3890092385,1280.0
n3890095028,832.0
n3890095818,441.0
n3890096259,413.0
n3890096756,402.0
n3890097930,466.0
n3890098193,626.0
n3890098212,658.0
n3890099147,532.0
n3890099786,601.0
n3890099825,570.0
n3890100202,523.0
n3890100597,594.0
n3890100618,589.0
n3890100629,616.0
n3890100664,617.0
n3890100830,535.0
n3890101070,567.0
n3890287808,1497.0
n3897032455,53.0
n3897032779,50.0
n3897032847,52.0
n3897032967,51.0
n3897033157,50.0
n3897033170,49.0
n3897033187,50.0
n3897033189,54.0
n3897033221,54.0
n3897033282,51.0
n3897086883,56.0
n3897086929,61.0
n3897087373,63.0
n3897088115,62.0
n3897088437,57.0
n3897088443,56.0
n3897088508,60.0
n3897088518,57.0
n3897088540,58.0
n3897088823,66.0
n3897088975,60.0
n3897088989,58.0
n3897088993,60.0
n3897089028,63.0
n3897089085,66.0
n3897089134,56.0
n3897089377,59.0
n3897171387,74.0
n3897171518,599.0
n3897172856,87.0
n3897172960,85.0
n3897173006,83.0
n3897173021,83.0
n3897173065,59.0
n3897173068,57.0
n3897173116,58.0
n3897173138,64.0
n3897173146,63.0
n3897173196,66.0
n3897173214,60.0
n3897173305,63.0
n3897173307,60.0
n3897173401,66.0
n3898034432,203.0
n3898034839,38.0
n3898034847,42.0
n3898034979,36.0
n3898035535,36.0
n3898621567,79.0
n3901026699,1661.0
n3903454125,1407.0
n3903456062,1261.0
n3908989762,159.0
n3911460009,807.0
n3922127631,1446.0
n3922141158,1601.0
n3925264073,20.0
n3925264089,25.0
n3927939822,778.0
n3933174579,22.0
n3933174777,33.0
n3940781083,1280.0
n3940781754,1680.0
n3940789882,722.0
n3940789967,656.0
n3940790135,983.0
n3940790147,1077.0
n3940790271,1165.0
n3940790649,1215.0
n3940834740,722.0
n3940835308,1031.0
n3941366657,517.0
n3941367812,1014.0
n3949331972,35.0
n3951303910,102.0
n3959120551,377.0
n3959122329,475.0
n3964170399,69.0
n3964170716,75.0
n3964170801,69.0
n3964170846,71.0
n3995419700,1303.0
n4021624304,48.0
n4021624306,26.0
n4021624496,143.0
n4021624517,63.0
n4021624528,64.0
n4021625047,6.0
n4021625103,258.0
n4021625808,437.0
n4021625851,173.0
n4021626088,56.0
n4021626563,63.0
n4021626901,21.0
n4021627084,292.0
n4021627118,535.0
n4021630503,517.0
n4021630610,896.0
n4021630812,1000.0
n4021631125,662.0
n4021631554,1126.0
n4021631929,1039.0
n4021632042,1329.0
n4021632273,1646.0
n4021632434,1173.0
n4021632516,1351.0
n4021632616,1471.0
n4021633201,1616.0
n4021633568,1607.0
n4021633659,1570.0
n4021633841,1615.0
n4021635316,1568.0
n4021636355,1407.0
n4021637310,1577.0
n4021640756,1645.0
n4021641627,1647.0
n4021643614,1520.0
n4021645623,1540.0
n4021648522,1447.0
n4021649106,1584.0
n4021649124,1473.0
n4021649580,1324.0
n4021649761,1564.0
n4021776328,25.0
n4021776642,112.0
n4021776871,29.0
n4021777285,21.0
n4021777653,31.0
n4021777677,37.0
n4021777781,18.0
n4021905872,1425.0
n4022574582,14.0
n4022574628,27.0
n4022574646,11.0
n4022574700,11.0
n4022574735,11.0
n4022574741,14.0
n4022575029,70.0
n4022575060,13.0
n4022575129,52.0
n4022575723,39.0
n4022576014,150.0
n4022576253,471.0
n4022577529,877.0
n4022578000,1008.0
n4023345939,38.0
n4023346600,29.0
n4023346636,30.0
n4023346661,34.0
n4023346838,42.0
n4023347523,40.0
n4023347694,27.0
n4023348348,30.0
n4023348376,38.0
n4023348909,212.0
n4023349249,53.0
n4023349720,71.0
n4023350166,47.0
n4023350683,51.0
n4023351333,30.0
n4023351497,29.0
n4023351742,90.0
n4023352384,72.0
n4023353120,90.0
n4023353457,216.0
n4023353614,229.0
n4023353845,110.0
n4023354732,52.0
n4023355025,58.0
n4023355493,42.0
n4023356221,37.0
n4023356373,47.0
n4023356410,32.0
n4023356429,57.0
n4023356459,44.0
n4023356622,43.0
n4023356679,46.0
n4023357963,48.0
n4023358809,122.0
n4023359147,25.0
n4023360216,30.0
n4023360239,25.0
n4023360753,24.0
n4023360797,38.0
n4023361163,32.0
n4023361344,36.0
n4023361348,35.0
n4023361358,31.0
n4023362544,38.0
n4023362666,31.0
n4023362722,30.0
n4023362744,30.0
n4023362771,31.0
n4023363285,26.0
n4034954757,1492.0
n4052836188,112.0
n4052836693,113.0
n4052836712,106.0
n4052836742,113.0
n4052837207,115.0
n4052837258,117.0
n4052837262,119.0
n4052837592,119.0
n4052837599,110.0
n4052837614,107.0
n4052837615,111.0
n4052837622,112.0
n4052837630,112.0
n4052837633,110.0
n4052837690,106.0
n4052837712,106.0
n4052837753,122.0
n4052837754,106.0
n4052837774,122.0
n4052837990,113.0
n4052837992,119.0
n4052849141,136.0
n4066636204,41.0
n4066636229,37.0
n4066636571,33.0
n4066636907,36.0
n4080112326,40.0
n4080112329,40.0
n4080112891,46.0
n4083015562,86.0
n4083035587,100.0
n4083053074,95.0
n4095375229,28.0
n4103314522,13.0
n4116852802,17.0
n4116852820,30.0
n4116853120,19.0
n4116853379,13.0
n4116853408,10.0
n4116853409,11.0
n4116853426,20.0
n4117423783,25.0
n4117423790,25.0
n4117423821,76.0
n4117423861,47.0
n4117423872,51.0
n4117423929,37.0
n4117423943,40.0
n4117424091,36.0
n4117424109,32.0
n4117424138,30.0
n4117424177,20.0
n4117424290,20.0
n4117424295,16.0
n4117424312,19.0
n4117424318,17.0
n4117424319,13.0
n4117424325,16.0
n4117424328,25.0
n4117424377,25.0
n4117424495,19.0
n4117424510,23.0
n4117424516,22.0
n4123548024,382.0
n4123548812,372.0
n4123549547,252.0
n4123550077,54.0
n4123550331,63.0
n4153120129,107.0
n4153138223,114.0
n4153138265,117.0
n4193528565,165.0
n4193528572,165.0
n4193528577,163.0
n4194569439,159.0
n4194569457,160.0
n4194569459,160.0
n4199371099,110.0
n4204887347,189.0
n4233982229,95.0
n4233982473,94.0
n4233982492,101.0
n4233982501,101.0
n4233982748,98.0
n4233982821,92.0
n4233982884,91.0
n4233982951,79.0
n4234505444,92.0
n4234505624,113.0
n4234505655,200.0
n4234506067,84.0
n4234506117,94.0
n4234506128,90.0
n4234506347,89.0
n4234506351,88.0
n4234506367,86.0
n4242479076,77.0
n4242479081,82.0
n4242479794,81.0
n4253756329,1399.0
n4253756356,1387.0
n4254061707,1401.0
n4260245049,343.0
n4273309772,16.0
n4273309782,16.0
n4273313597,17.0
n4273499654,111.0
n4273512624,117.0
n4273512900,104.0
n4279635428,108.0
n4279635430,114.0
n4279635437,115.0
n4279635445,116.0
n4279635450,111.0
n4279635456,113.0
n4279635464,117.0
n4281607793,45.0
n4281611810,42.0
n4281631125,36.0
n4281631128,35.0
n4281631143,38.0
n4281631406,39.0
n4281664855,49.0
n4281664856,54.0
n4281664938,53.0
n4281670501,52.0
n4281670906,52.0
n4281670922,52.0
n4283633753,50.0
n4283633755,51.0
n4301600004,14.0
n4301600028,15.0
n4323611983,72.0
n4323612707,79.0
n4323612734,77.0
n4323612737,69.0
n4323612752,71.0
n4323612755,69.0
n4323612757,69.0
n4323995054,114.0
n4323995069,113.0
n4323995076,123.0
n4323995223,115.0
n4323995230,121.0
n4324014409,124.0
n4324014457,113.0
n4324014459,115.0
n4324640180,1160.0
n4324640181,1213.0
n4324640609,132.0
n4324640625,128.0
n4324640639,126.0
n4324640661,115.0
n4324640773,112.0
n4324640774,121.0
n4324640817,109.0
n4324640830,112.0
n4324640859,115.0
n4324640874,115.0
n4324640922,140.0
n4324640934,137.0
n4324640954,128.0
n4332457059,1242.0
n4332976460,169.0
n4332977319,154.0
n4424514108,32.0
n4424514135,29.0
n4424514170,32.0
n4424514182,26.0
n4424514188,31.0
n4436216520,99.0
n4486909234,94.0
n4486909279,102.0
n4486909433,106.0
n4487554713,1495.0
n4539570144,1162.0
n4552000699,1190.0
n4552051627,107.0
n4559683107,1243.0
n4570883770,48.0
n4571035213,852.0
n4571263580,48.0
n4571273951,41.0
n4571273955,46.0
n4571273962,41.0
n4571273968,53.0
n4571273975,46.0
n4571361791,1814.0
n4571757469,63.0
n4571759015,35.0
n4571759019,39.0
n4571759020,40.0
n4571759029,34.0
n4571779629,28.0
n4571798411,27.0
n4571798416,19.0
n4571804123,28.0
n4571882367,84.0
n4571889985,22.0
n4571959085,75.0
n4571959290,82.0
n4571959301,76.0
n4571959303,74.0
n4571959305,73.0
n4571959313,71.0
n4580210248,36.0
n458985962,52.0
n458986014,51.0
n4605252024,11.0
n4605252033,12.0
n4605252076,15.0
n4605252080,16.0
n4607935100,2002.0
n4607935150,2066.0
n4611032148,51.0
n4611171500,55.0
n4613304872,33.0
n4621720043,19.0
n4622774243,606.0
n4622774589,629.0
n4631725203,32.0
n4633844641,72.0
n4636429203,20.0
n4636429244,13.0
n4636429246,16.0
n4636429253,16.0
n4636429282,20.0
n4636876445,35.0
n4640111847,168.0
n4643535018,20.0
n4643564541,20.0
n4643586739,32.0
n4643586757,21.0
n4643591869,13.0
n4643592131,20.0
n4643790795,1826.0
n4646200593,1519.0
n4658551922,1129.0
n4668931738,109.0
n4668931739,109.0
n4685794748,114.0
n4685794970,115.0
n4685794991,106.0
n4685795045,121.0
n4685795047,114.0
n4685795139,114.0
n4722094948,57.0
n4723587838,57.0
n4724765016,109.0
n4724765017,111.0
n4724765290,131.0
n4724765291,122.0
n4726705267,99.0
n4726719180,101.0
n4726719491,101.0
n4726877279,99.0
n4726877288,99.0
n4726881983,101.0
n4726881985,108.0
n4726881987,108.0
n4726881993,96.0
n4726882191,109.0
n4726882223,101.0
n4729611297,106.0
n4738896123,119.0
n4738896160,116.0
n4738896809,124.0
n4740596435,170.0
n4740596570,147.0
n4750203025,106.0
n4750203032,109.0
n4750552829,83.0
n4750552837,88.0
n4750552842,86.0
n4750586280,94.0
n4750622991,81.0
n4750623179,91.0
n4750644205,105.0
n4750646404,103.0
n4756565874,45.0
n4758150132,162.0
n4758150231,161.0
n4758150273,157.0
n4867410009,68.0
n4871845630,551.0
n4871845636,560.0
n4875901084,611.0
n4875901100,594.0
n4875922980,1123.0
n4885325314,147.0
n4885601044,24.0
n4890808105,56.0
n4898173042,31.0
n4900537515,32.0
n4900538724,29.0
n4900538760,34.0
n4900586532,29.0
n4904762626,42.0
n4904824358,39.0
n4904824362,37.0
n4904963307,59.0
n4904965640,36.0
n4904965665,49.0
n4904965898,42.0
n4904966532,39.0
n4904966553,39.0
n4907087562,64.0
n4907087575,64.0
n4907087626,66.0
n4907087666,59.0
n4907087676,60.0
n4907087679,63.0
n4910878498,119.0
n4911457378,53.0
n4911675737,101.0
n4911775027,91.0
n4911775098,97.0
n4911775100,97.0
n4914327178,46.0
n4914355323,50.0
n4914355421,51.0
n4927496119,113.0
n4928101390,25.0
n4928101490,27.0
n4928851407,490.0
n4929476154,50.0
n4929523961,44.0
n4936135088,69.0
n4936135213,69.0
n4937415625,59.0
n4937415636,59.0
n4941240185,67.0
n4946752370,221.0
n4946753143,218.0
n4946753428,59.0
n4946762696,52.0
n4946860488,66.0
n4946922010,273.0
n4951368114,110.0
n4951368116,111.0
n4951368280,108.0
n4951368296,111.0
n4951368299,110.0
n4951368301,111.0
n4951368314,112.0
n4951588311,73.0
n4951591603,75.0
n4951591616,71.0
n4951593151,78.0
n4951593160,72.0
n4951593177,75.0
n4951593181,73.0
n4951593191,75.0
n4951593197,73.0
n4951593322,70.0
n4951593329,73.0
n4962435724,365.0
n4962435774,303.0
n4962435919,341.0
n4962436007,355.0
n4962436012,376.0
n4962436249,474.0
n4962436988,377.0
n4962437412,348.0
n4962454088,1136.0
n4962454112,984.0
n4962454482,938.0
n4964391723,194.0
n4971143055,39.0
n4972467639,53.0
n4972483169,55.0
n4976545951,56.0
n4977205811,59.0
n4977284625,56.0
n4977284642,57.0
n4979122155,59.0
n4992083933,51.0
n4996643446,53.0
n4996759946,52.0
n5001119092,51.0
n5001200742,48.0
n5001335685,53.0
n5045165955,784.0
n5049675202,51.0
n5053032230,53.0
n5053230206,49.0
n5053230211,50.0
n5053230218,49.0
n5053230371,54.0
n5054630093,13.0
n5054902777,46.0
n5054902785,45.0
n5058289377,44.0
n5058289596,40.0
n5058289605,34.0
n5058289949,46.0
n5058290041,38.0
n5058290134,39.0
n5058290139,35.0
n5058290140,42.0
n5058290143,38.0
n5058290144,40.0
n5067402322,159.0
n5067456932,181.0
n5067659202,75.0
n5067659220,36.0
n5067659277,82.0
n5067659279,56.0
n5067659461,26.0
n5067659462,27.0
n5067659471,27.0
n5067659472,27.0
n5067661978,23.0
n5070063190,97.0
n5076864949,772.0
n5113182678,28.0
n5113182703,30.0
n5120487741,78.0
n5120489840,70.0
n5128758633,101.0
n5128758642,105.0
n5131447487,24.0
n5131447861,25.0
n5131449293,29.0
n5134551213,105.0
n5134591263,64.0
n5134787041,79.0
n5134827165,63.0
n5134827186,64.0
n5135208054,79.0
n5135390025,86.0
n5135422137,95.0
n5135422139,90.0
n5135424982,64.0
n5135436713,80.0
n5136137955,42.0
n5136149903,40.0
n5151516824,840.0
n5162159268,34.0
n5164789276,34.0
n5164799262,35.0
n5164864064,37.0
n5176113720,42.0
n5177398773,61.0
n5181776476,186.0
n5181776940,181.0
n5208962955,62.0
n5208964276,64.0
n5218774099,79.0
n5218774100,79.0
n5218774105,79.0
n5219969005,81.0
n5219972170,79.0
n5219982260,81.0
n5219982280,82.0
n5221627684,112.0
n5221627788,111.0
n5221627807,111.0
n5221627878,153.0
n5221758903,78.0
n5223393561,106.0
n5223441437,69.0
n5223525121,83.0
n5223525126,81.0
n5223525136,78.0
n5223525142,79.0
n5228170554,447.0
n5228170996,508.0
n5228172041,433.0
n5228172245,157.0
n5228172254,270.0
n5232412628,25.0
n5232412630,22.0
n5232412638,22.0
n5232412663,25.0
n5232412693,25.0
n5232412715,23.0
n5232412832,20.0
n5232412833,16.0
n5232412834,27.0
n5232412835,26.0
n5232412838,20.0
n5232412848,34.0
n5232412905,28.0
n5232412906,18.0
n5232412909,41.0
n5232413038,25.0
n5232413085,37.0
n5232413088,38.0
n5232413125,34.0
n5232413129,28.0
n5232413130,31.0
n5232413137,34.0
n5237099382,99.0
n5237166940,25.0
n5237168288,19.0
n5251964202,76.0
n5252000803,88.0
n5252000823,91.0
n5252468209,60.0
n5252468210,61.0
n5254706296,96.0
n5254707395,91.0
n5277345693,14.0
n5281688544,20.0
n5291125110,10.0
n5298833847,17.0
n5298833849,18.0
n5298833851,17.0
n5298833899,25.0
n5301144644,64.0
n5301176731,53.0
n5301608623,17.0
n5301807204,22.0
n5308272573,82.0
n5329425998,62.0
n5329554258,71.0
n5380914648,1796.0
n5383060135,99.0
n5383968351,624.0
n5383968748,801.0
n5383969334,659.0
n5414147655,76.0
n5416058127,98.0
n5416058129,100.0
n5421916691,107.0
n5434932042,87.0
n5440066040,56.0
n5443154921,62.0
n5443196340,321.0
n5443196345,304.0
n5443209880,106.0
n5443282743,406.0
n5443285339,406.0
n5443285696,670.0
n5443286009,316.0
n5443287335,213.0
n5443289005,693.0
n5443823873,965.0
n5443824131,971.0
n5443824383,1003.0
n5443824637,1041.0
n5443825607,1213.0
n5443919977,755.0
n5444825524,1306.0
n5444831232,923.0
n5444831555,396.0
n5444835331,200.0
n5451398224,434.0
n5451398233,449.0
n5451398255,476.0
n5451398320,532.0
n5451398327,558.0
n5451398382,621.0
n5451398716,20.0
n5451398932,19.0
n5451398985,21.0
n5451399005,24.0
n5452016292,59.0
n5452016336,52.0
n5452016351,51.0
n5452016786,51.0
n5452016791,56.0
n5452174996,69.0
n5452175013,66.0
n5452175014,63.0
n5452175022,63.0
n5452175174,62.0
n5452175239,57.0
n5452175243,60.0
n5463916909,20.0
n5467628256,39.0
n5467969002,35.0
n5470439947,1033.0
n5470440689,698.0
n5470441691,1059.0
n5470460553,542.0
n5473363558,28.0
n5473365530,51.0
n5473365597,66.0
n5473366012,48.0
n5473366018,43.0
n5473366077,45.0
n5473366085,34.0
n5473366110,31.0
n5473366133,28.0
n5473366199,25.0
n5473366208,26.0
n5473366345,32.0
n5473366367,20.0
n5473366405,34.0
n5478266110,65.0
n5478266111,67.0
n5478272322,60.0
n5478272337,60.0
n5478272349,55.0
n5478272414,48.0
n5478272552,45.0
n5481995103,771.0
n5483487311,132.0
n5483487337,117.0
n5483487370,123.0
n5483487405,120.0
n5496343073,60.0
n5497961561,57.0
n5498007748,50.0
n5501241611,85.0
n5501241612,82.0
n5501244822,86.0
n5501244827,83.0
n5501244828,82.0
n5501244833,90.0
n5501702812,47.0
n5501702896,52.0
n5501702956,66.0
n5501702969,67.0
n5501702971,71.0
n5501702981,57.0
n5501703001,55.0
n5501703103,53.0
n5501737281,62.0
n5501737282,64.0
n5541781845,768.0
n5541781882,772.0
n5554371786,31.0
n5556586309,36.0
n5582081663,55.0
n5629910706,36.0
n5629910720,36.0
n5630652317,609.0
n5631122669,121.0
n5641133107,1673.0
n566642813,49.0
n566643101,55.0
n566647715,51.0
n566647850,49.0
n566650885,57.0
n566651230,55.0
n566651554,48.0
n566652742,53.0
n566653259,50.0
n566653288,52.0
n566653977,55.0
n566665945,49.0
n566683246,52.0
n566685609,53.0
n566686288,53.0
n566686291,51.0
n566686299,51.0
n566687206,52.0
n566687207,52.0
n566687314,57.0
n566687315,55.0
n566687478,65.0
n566687486,64.0
n566687491,61.0
n566687577,68.0
n566693484,69.0
n566696013,64.0
n566697156,63.0
n566697663,57.0
n566698747,57.0
n566698751,54.0
n566698766,61.0
n566698890,58.0
n566708227,51.0
n566708988,57.0
n566712524,130.0
n566712788,126.0
n566714095,113.0
n566714108,112.0
n567356588,96.0
n567356595,99.0
n567356597,94.0
n567356671,93.0
n567356676,93.0
n567356717,95.0
n567356721,89.0
n567356748,96.0
n567356776,96.0
n567356791,94.0
n567356856,100.0
n567356857,90.0
n567356919,98.0
n567356951,95.0
n567357012,102.0
n567357052,105.0
n567357162,104.0
n567357192,102.0
n567357213,99.0
n567357231,102.0
n567357243,102.0
n567357245,100.0
n567357247,102.0
n567357253,100.0
n567357268,102.0
n567357269,98.0
n567357296,105.0
n567357304,101.0
n567357305,99.0
n567357349,110.0
n567357359,105.0
n567357376,109.0
n567357394,108.0
n567371850,100.0
n567377649,63.0
n567377674,68.0
n567377681,67.0
n567377719,66.0
n567377883,70.0
n567377920,71.0
n567378025,74.0
n567378056,73.0
n567378087,87.0
n567378145,76.0
n567378219,74.0
n567378253,77.0
n567378296,78.0
n567378329,77.0
n567378340,78.0
n567378393,78.0
n567378419,83.0
n567378429,76.0
n567378454,82.0
n567378548,82.0
n567378552,84.0
n567378579,85.0
n567378591,82.0
n567378638,81.0
n567378670,78.0
n567378692,85.0
n567378707,83.0
n567378713,84.0
n567378714,84.0
n567378731,82.0
n567378740,84.0
n567378744,82.0
n567378750,82.0
n567378785,85.0
n567378794,86.0
n567378803,87.0
n567378816,83.0
n567378819,87.0
n567378827,83.0
n567381986,60.0
n567382145,62.0
n567382146,52.0
n567382270,64.0
n567382295,63.0
n567382310,63.0
n567382329,62.0
n567382443,66.0
n567382444,65.0
n567387257,56.0
n567387366,63.0
n567389888,52.0
n567393752,1752.0
n567393760,1781.0
n567484439,52.0
n567484451,53.0
n567484476,54.0
n567484515,56.0
n567484617,51.0
n567484652,53.0
n567484692,55.0
n567484711,61.0
n567484749,57.0
n567484764,55.0
n567484817,56.0
n567484822,59.0
n567484858,60.0
n567484948,57.0
n567485006,64.0
n567485145,72.0
n567485174,84.0
n567485269,96.0
n567485332,91.0
n567485353,85.0
n567485398,86.0
n567485412,86.0
n567485449,89.0
n567485459,87.0
n567485466,82.0
n567485507,75.0
n567485533,77.0
n567485548,80.0
n567485669,71.0
n567485670,76.0
n567485695,78.0
n567485699,72.0
n567485742,72.0
n567485794,68.0
n567485813,70.0
n567485814,68.0
n567485821,68.0
n567485826,71.0
n567485841,68.0
n567485914,71.0
n567485916,68.0
n567485930,68.0
n567485952,72.0
n567485961,78.0
n567486083,74.0
n567486226,76.0
n567486287,82.0
n567486324,82.0
n567486428,95.0
n567486480,139.0
n567511751,2367.0
n567511965,67.0
n567511966,68.0
n567511973,71.0
n567511978,70.0
n567511979,69.0
n567511988,69.0
n567511990,71.0
n567512019,90.0
n567512021,82.0
n567512026,67.0
n567512042,65.0
n567512044,65.0
n567512068,66.0
n567513927,70.0
n567770691,56.0
n567770693,57.0
n567774564,1234.0
n567774578,1254.0
n567774582,1303.0
n567775627,1786.0
n567775673,1842.0
n567775720,1818.0
n567775725,1864.0
n567775821,1760.0
n567777033,22.0
n567777065,26.0
n567778496,25.0
n567778543,41.0
n567778725,35.0
n567778784,32.0
n567778814,24.0
n567778816,29.0
n567778966,25.0
n567778977,27.0
n567778997,23.0
n567779009,225.0
n567779166,23.0
n567779183,22.0
n567779184,22.0
n567779219,19.0
n567779227,19.0
n567779299,19.0
n567779306,15.0
n567779315,17.0
n567779347,16.0
n567779367,14.0
n567779369,17.0
n567779380,16.0
n567779488,18.0
n567779493,16.0
n567779496,16.0
n567779531,15.0
n567779575,16.0
n567779579,15.0
n567779603,21.0
n567779700,19.0
n567779712,18.0
n567779774,22.0
n567779884,10.0
n567779893,20.0
n567779895,17.0
n567779901,21.0
n567780044,20.0
n567780124,23.0
n567780172,20.0
n567780178,19.0
n567780201,21.0
n567780345,31.0
n567780374,36.0
n567780425,31.0
n567780453,29.0
n567780460,36.0
n567780479,27.0
n567780515,26.0
n567780580,28.0
n567780601,27.0
n567780682,24.0
n567780693,22.0
n567780707,21.0
n567780717,21.0
n567780727,21.0
n567780752,23.0
n567785637,143.0
n567785657,145.0
n567785733,153.0
n567785748,142.0
n567785782,144.0
n567785859,133.0
n567785934,125.0
n567786003,126.0
n567786067,123.0
n567786181,140.0
n567786247,122.0
n567786278,83.0
n567786288,79.0
n567786290,86.0
n567786492,95.0
n567786515,88.0
n567786532,85.0
n567786545,91.0
n567786586,123.0
n567786622,111.0
n567786623,111.0
n567786687,118.0
n567786783,96.0
n567786801,100.0
n567786831,101.0
n567786840,100.0
n567786896,93.0
n567786954,92.0
n567786979,94.0
n568501289,54.0
n568501813,60.0
n568502088,72.0
n568502141,77.0
n568502142,79.0
n568502579,131.0
n568502595,131.0
n568502603,129.0
n568502622,130.0
n568554677,162.0
n568554686,174.0
n568554712,148.0
n568554748,247.0
n568554904,286.0
n568554982,281.0
n568555045,262.0
n568555079,177.0
n568555094,181.0
n568558926,265.0
n568559116,278.0
n568559364,1610.0
n568559372,578.0
n568559531,242.0
n568559735,337.0
n568559751,326.0
n568563093,499.0
n568563346,468.0
n568563721,568.0
n568563803,327.0
n568564093,285.0
n568564276,214.0
n568597387,110.0
n568597399,107.0
n568597475,106.0
n568597517,110.0
n568597536,114.0
n568597560,106.0
n568597580,85.0
n568597652,102.0
n568597691,49.0
n568597717,51.0
n568597731,51.0
n568597740,51.0
n568597750,51.0
n568597881,61.0
n568598051,82.0
n568598065,88.0
n568598082,87.0
n568598100,60.0
n568598102,56.0
n568598115,61.0
n568598158,59.0
n568598176,66.0
n568598182,141.0
n568598343,149.0
n568598346,165.0
n568598360,172.0
n568598373,171.0
n568598385,175.0
n568598398,170.0
n568598402,169.0
n568598900,1138.0
n568599178,1407.0
n568601510,162.0
n568601522,163.0
n568601532,163.0
n568601534,160.0
n568601540,172.0
n568601548,162.0
n568601551,163.0
n568601552,164.0
n568601577,171.0
n568601585,175.0
n568601603,169.0
n568601626,171.0
n568601665,158.0
n568601702,149.0
n568601708,155.0
n568601726,160.0
n568601744,171.0
n568601795,163.0
n568601796,163.0
n568601817,171.0
n568601895,172.0
n568601900,178.0
n568601901,171.0
n568601983,170.0
n568602011,165.0
n568602012,156.0
n568602049,161.0
n568602050,160.0
n568602059,170.0
n568602355,138.0
n568602358,133.0
n568602525,184.0
n568602584,177.0
n568602645,201.0
n568602654,192.0
n568602673,191.0
n568602705,196.0
n568602749,207.0
n568602759,206.0
n568602800,114.0
n568602844,115.0
n568602846,112.0
n568602873,121.0
n568602931,121.0
n568985960,1589.0
n568986260,1158.0
n568986496,774.0
n568987116,27.0
n568987587,456.0
n568987732,703.0
n568988447,876.0
n568988538,1007.0
n568988545,1016.0
n568988568,18.0
n568988606,35.0
n568988612,26.0
n568988673,67.0
n568988749,353.0
n568988947,109.0
n568988999,252.0
n568989037,166.0
n568989183,110.0
n568989187,18.0
n568989193,62.0
n568989200,108.0
n568989220,43.0
n568989554,726.0
n568989657,454.0
n568989953,1013.0
n568989987,23.0
n568990011,16.0
n568990012,18.0
n568990055,80.0
n568990065,54.0
n568990079,25.0
n568990106,31.0
n568990124,40.0
n568990141,22.0
n568990151,22.0
n568991390,1168.0
n568991448,1236.0
n568991508,1311.0
n568991523,1268.0
n568991599,1373.0
n568991679,1245.0
n568991695,1235.0
n568991812,1348.0
n568991820,1353.0
n568991835,1371.0
n568991919,1137.0
n568991986,1216.0
n568992002,1277.0
n568992048,1202.0
n568992230,1324.0
n569040825,773.0
n569040865,772.0
n569040920,774.0
n569041437,777.0
n569041489,778.0
n569041528,775.0
n569041531,782.0
n569041570,810.0
n569041577,807.0
n569041691,774.0
n569041716,773.0
n569041746,782.0
n569041777,779.0
n569041845,777.0
n569041851,776.0
n569042345,777.0
n569042369,778.0
n569042398,783.0
n569048545,25.0
n569048558,22.0
n569048603,19.0
n569048604,22.0
n569048648,29.0
n569048661,28.0
n569048675,36.0
n569048682,42.0
n569048707,24.0
n569048716,31.0
n569048743,27.0
n569048813,53.0
n569048874,28.0
n569048947,36.0
n569049638,50.0
n569049736,35.0
n569049747,33.0
n569050169,33.0
n569050220,38.0
n569050246,40.0
n569051365,147.0
n569051370,769.0
n569051529,550.0
n569052193,516.0
n569052341,439.0
n569052467,222.0
n569052538,437.0
n569052549,1120.0
n569052750,778.0
n569052753,777.0
n569052756,775.0
n569052866,401.0
n569053145,411.0
n569053406,346.0
n569053407,325.0
n569053462,812.0
n569053565,1091.0
n569053861,776.0
n569053870,781.0
n569067215,791.0
n569067235,796.0
n569067293,868.0
n569067389,957.0
n569067433,1055.0
n569067442,1061.0
n569067515,1172.0
n569067646,1034.0
n569067665,1018.0
n569067667,1018.0
n569067702,1001.0
n569067716,1007.0
n569067820,1197.0
n569067976,1276.0
n569068034,1481.0
n569068065,1398.0
n569068144,1285.0
n569068248,1453.0
n569068270,1401.0
n569068450,1706.0
n569068497,1718.0
n569068599,1730.0
n569068827,1625.0
n569068855,1642.0
n569069155,197.0
n569069164,295.0
n569069267,307.0
n569069335,203.0
n569069375,166.0
n569069381,164.0
n569069388,156.0
n569069510,888.0
n569069644,981.0
n569069685,1000.0
n569070151,1186.0
n569191987,47.0
n569192003,47.0
n569192030,48.0
n569192059,49.0
n569192146,48.0
n569192269,49.0
n569192352,45.0
n569192397,54.0
n569192406,45.0
n569192525,51.0
n569192529,44.0
n569192731,49.0
n569192765,50.0
n569192767,50.0
n569193106,53.0
n569193132,45.0
n569193256,46.0
n569193344,50.0
n569193404,49.0
n569193525,52.0
n569193543,49.0
n569193565,46.0
n569193843,55.0
n569194205,46.0
n569194332,52.0
n569194369,52.0
n569194419,53.0
n569194422,48.0
n569194498,51.0
n569194516,46.0
n569194589,53.0
n569194737,41.0
n569194879,43.0
n569195050,46.0
n569195095,48.0
n569195146,42.0
n569195209,45.0
n569195224,45.0
n569195257,45.0
n569195305,42.0
n569195340,50.0
n569195342,52.0
n569195438,37.0
n569195458,36.0
n569195513,36.0
n569195736,35.0
n569195790,38.0
n569195792,37.0
n569195835,41.0
n569195917,41.0
n569195922,45.0
n569195940,51.0
n569195951,43.0
n569196181,57.0
n569196218,59.0
n569196221,56.0
n569196341,57.0
n569196342,55.0
n569196873,65.0
n569196884,63.0
n569196907,60.0
n569197027,69.0
n569197030,70.0
n569197037,69.0
n569197055,70.0
n569197077,71.0
n569197078,66.0
n569197189,67.0
n569197201,68.0
n569197248,65.0
n569197272,64.0
n569197303,67.0
n569197337,66.0
n569197350,66.0
n569197421,58.0
n569197426,62.0
n569197693,42.0
n569197771,59.0
n569198068,66.0
n569198092,64.0
n569198199,51.0
n569198218,50.0
n569198250,48.0
n569198279,50.0
n569198283,44.0
n569198354,49.0
n569198364,47.0
n569198415,50.0
n569198478,52.0
n569198534,55.0
n569198536,54.0
n569198556,48.0
n569198659,50.0
n569198749,52.0
n569262396,1088.0
n569316645,65.0
n569316654,67.0
n569316661,64.0
n569316712,62.0
n569316715,63.0
n569316722,66.0
n569316729,65.0
n569316771,63.0
n569316774,57.0
n569316835,67.0
n569316847,65.0
n569316848,64.0
n569316885,67.0
n569316921,73.0
n569317018,45.0
n569317022,44.0
n569317106,40.0
n569317108,46.0
n569317125,43.0
n569317128,45.0
n569317140,45.0
n569317206,34.0
n569317219,42.0
n569317243,33.0
n569317249,38.0
n569317366,30.0
n569317383,32.0
n569317389,30.0
n569317407,29.0
n569317414,30.0
n569317428,29.0
n569317429,29.0
n569317441,33.0
n569317448,33.0
n569317454,34.0
n569317499,27.0
n569317502,25.0
n569317522,28.0
n569317528,31.0
n569317535,30.0
n569317560,32.0
n569317573,36.0
n569317671,40.0
n569317683,32.0
n569317699,34.0
n569317700,41.0
n569317733,42.0
n569317739,42.0
n569317758,37.0
n569317820,40.0
n569317975,62.0
n569317979,64.0
n569317989,61.0
n569318018,59.0
n569318023,61.0
n569318037,59.0
n569318151,46.0
n569318213,40.0
n569318229,34.0
n569318231,34.0
n569318271,31.0
n569318341,39.0
n569318438,30.0
n569318459,35.0
n569318492,32.0
n569318575,40.0
n569318597,33.0
n569318672,37.0
n569318712,36.0
n569318714,47.0
n569318717,46.0
n569318753,40.0
n569318758,47.0
n569318865,51.0
n569318875,47.0
n569366497,34.0
n569366499,32.0
n569366507,43.0
n569366513,41.0
n569440002,43.0
n569440948,40.0
n569441069,39.0
n569441146,33.0
n569441151,39.0
n569441163,38.0
n569441172,37.0
n5714069384,77.0
n5714069407,80.0
n5714069422,85.0
n5714069425,83.0
n5714069432,88.0
n5730492021,235.0
n5730778133,34.0
n5730778592,32.0
n5730778619,34.0
n5730779185,39.0
n5730779201,41.0
n5731137535,62.0
n5731137539,62.0
n5731137545,61.0
n5731293089,83.0
n5735513695,108.0
n5735514246,109.0
n5735514286,112.0
n5735514443,112.0
n5736469435,113.0
n5736469481,111.0
n5736469499,116.0
n5736469593,114.0
n5736784482,115.0
n5736784502,118.0
n5736785575,114.0
n5736802663,124.0
n5739565438,74.0
n5739565466,80.0
n5744150038,210.0
n5744150325,58.0
n5744150365,66.0
n5744865405,293.0
n5744868867,301.0
n5744869054,322.0
n5745787373,61.0
n5745787376,60.0
n5745787599,62.0
n5745787601,67.0
n5745789322,189.0
n5745789328,192.0
n5747361544,150.0
n5747361547,153.0
n5747361548,153.0
n5747361566,187.0
n5747361576,193.0
n5747733416,143.0
n5747736465,151.0
n5747736466,151.0
n5747736493,156.0
n5747736497,155.0
n5747807137,139.0
n5747807157,120.0
n5749813104,209.0
n5749813117,205.0
n5749813511,185.0
n5752464156,167.0
n5753920113,105.0
n5753921937,103.0
n5753921986,105.0
n5753922017,106.0
n5753922044,105.0
n5753939406,98.0
n5753939416,91.0
n5753939531,101.0
n5753939620,94.0
n5753939737,91.0
n5754174363,102.0
n5754176320,114.0
n5754176442,112.0
n5754176487,99.0
n5754189169,101.0
n575546495,2080.0
n575546641,2239.0
n575546743,1986.0
n575546779,2100.0
n5755880117,109.0
n5755880893,112.0
n5755880911,111.0
n5755880939,107.0
n5755880955,113.0
n5758970447,305.0
n5758970631,221.0
n5760651203,50.0
n5762002184,173.0
n5763172952,396.0
n5763173072,390.0
n5763173178,424.0
n5763173278,432.0
n5763173318,429.0
n5763228253,261.0
n5765860147,409.0
n5766110467,557.0
n5767174187,445.0
n5767174243,484.0
n5768935869,163.0
n5769923230,1336.0
n5775206339,29.0
n5775206340,26.0
n5775206445,31.0
n5775206572,31.0
n5775206574,30.0
n5775206637,30.0
n5775206640,30.0
n5775206930,38.0
n5775206942,33.0
n5775207081,33.0
n5775207195,28.0
n5775207196,27.0
n5775207300,30.0
n5775285599,94.0
n5775677717,53.0
n5775677737,48.0
n5775677746,54.0
n5775677764,48.0
n5775678353,55.0
n5775678354,59.0
n5775866325,54.0
n5775866509,61.0
n5775866621,59.0
n5775866667,58.0
n5775866712,57.0
n5775867302,51.0
n5775867325,53.0
n5775867335,53.0
n5775867336,54.0
n5775867338,53.0
n5779798430,72.0
n5779799050,80.0
n5779799053,81.0
n5779959525,76.0
n5779959538,81.0
n5779959543,83.0
n5779960254,88.0
n5779960269,91.0
n5779960273,86.0
n5779960275,86.0
n5779960280,85.0
n5779960330,50.0
n5779960332,44.0
n5779960333,45.0
n5779960350,47.0
n5779960375,56.0
n5779960389,56.0
n5779960396,63.0
n5779960621,62.0
n5779960661,50.0
n5779960666,52.0
n5779960668,53.0
n5779960671,47.0
n5779960672,51.0
n5779960673,52.0
n5779960694,53.0
n5779960700,52.0
n5779960702,52.0
n5779960705,53.0
n5779960756,48.0
n5779960783,52.0
n5779960785,60.0
n5779960812,50.0
n5779960824,53.0
n5779960831,50.0
n5779960837,52.0
n5779960845,53.0
n5779960955,55.0
n5779961033,65.0
n5781761775,99.0
n5781761776,90.0
n5782148776,190.0
n5782148779,175.0
n5782252466,37.0
n5783966622,90.0
n5787589238,72.0
n5787589453,65.0
n5787589471,66.0
n5789241431,50.0
n5789241583,42.0
n5789241624,49.0
n5792354501,58.0
n5792354502,55.0
n5792829473,64.0
n5792829481,62.0
n5792829710,64.0
n5792861050,50.0
n5792961925,59.0
n5792961958,62.0
n5794106944,55.0
n5794288699,60.0
n5794288734,52.0
n5794288740,53.0
n5794288744,48.0
n5796144530,130.0
n5796144541,132.0
n5796144862,125.0
n5796145106,134.0
n5796145122,125.0
n5796561726,103.0
n5796562462,134.0
n5796562464,169.0
n5796562485,168.0
n5796562515,145.0
n5796562516,146.0
n5796562525,163.0
n5796562530,162.0
n5796562866,143.0
n5796562867,139.0
n5796653375,68.0
n5796653376,69.0
n5796653769,78.0
n5796962406,145.0
n5796962423,225.0
n5796962861,84.0
n5796962990,121.0
n5796963625,85.0
n5796963626,85.0
n5796963821,74.0
n5796963895,88.0
n5796963915,98.0
n5796999444,16.0
n5797001304,21.0
n5797001321,24.0
n5797001388,19.0
n5797001437,15.0
n5797001438,14.0
n5797001515,19.0
n5797001557,17.0
n5798352435,66.0
n5800306875,111.0
n5800306889,115.0
n5800306921,112.0
n5800306967,111.0
n5800307023,126.0
n5800307138,114.0
n5800452521,88.0
n5800452899,99.0
n5801909444,76.0
n5801921723,79.0
n5802146035,104.0
n5802146056,108.0
n5803724428,631.0
n5804672083,101.0
n5804673294,97.0
n5807617241,105.0
n5809535848,59.0
n5809536270,62.0
n5811990737,52.0
n5812660301,40.0
n5812660302,36.0
n5812888412,48.0
n5812888447,50.0
n5821327931,48.0
n5832181805,1164.0
n5838434404,52.0
n5839998287,44.0
n5867268819,151.0
n5867494314,139.0
n5867508668,145.0
n5867509175,153.0
n5867538256,138.0
n5870320977,430.0
n5870460252,319.0
n5893508199,124.0
n5893508345,124.0
n5893508425,118.0
n5893508457,134.0
n5893508655,136.0
n5893508693,121.0
n5893508834,144.0
n5893508925,131.0
n5893508941,125.0
n5894647194,152.0
n5894647195,154.0
n5894916808,950.0
n5894917084,691.0
n5894959368,979.0
n5895090710,1004.0
n5896060889,478.0
n5896060918,598.0
n5896140862,170.0
n5896476372,1740.0
n5903313818,976.0
n5904499337,253.0
n5904499371,257.0
n5908439469,1832.0
n5908454862,1533.0
n5914129350,171.0
n5920789877,816.0
n5921311276,1008.0
n5928686539,302.0
n5928695480,369.0
n5928696309,339.0
n5928696371,349.0
n5928696450,721.0
n5928763337,952.0
n5928764611,631.0
n5928765300,1330.0
n5928877980,204.0
n5928882811,210.0
n5928882862,194.0
n5928949415,318.0
n5928951059,948.0
n5929094139,1210.0
n5929523071,157.0
n5929526693,113.0
n5931603077,766.0
n5931603312,853.0
n5931723098,893.0
n5932355592,347.0
n5932357055,323.0
n5932357209,365.0
n5932357216,360.0
n5932357253,384.0
n5933478556,120.0
n5934119939,184.0
n5936564314,11.0
n5936564614,14.0
n5936564620,20.0
n5936564652,19.0
n5936564708,27.0
n5936564737,26.0
n5936564830,17.0
n5936564857,19.0
n5936564904,15.0
n5940219796,224.0
n5940220082,829.0
n5942582391,196.0
n5945042623,43.0
n5945042630,50.0
n5945042808,142.0
n5945042878,53.0
n5945043188,21.0
n5971389324,107.0
n5971389338,112.0
n6001383839,63.0
n6005632648,133.0
n6005632652,129.0
n6010389670,169.0
n6010389672,74.0
n6015351225,1386.0
n6016305574,60.0
n6018098541,36.0
n6018118378,74.0
n6018333336,146.0
n6021550351,769.0
n603477323,1406.0
n603491523,1665.0
n603491630,1717.0
n603492184,1615.0
n603492316,813.0
n603492323,771.0
n603492910,1813.0
n603492984,1868.0
n603493214,1398.0
n603493986,1389.0
n603496097,252.0
n603496351,289.0
n603496687,313.0
n603496707,334.0
n603496800,410.0
n603497219,358.0
n603497232,402.0
n603497295,301.0
n603497501,303.0
n603497712,529.0
n603497779,505.0
n603502290,2119.0
n603502571,1252.0
n603538938,1634.0
n6098467040,53.0
n6098501134,54.0
n6098501148,57.0
n6098501162,56.0
n6099312073,47.0
n6099312080,47.0
n6101924768,52.0
n6102015878,49.0
n6102273585,110.0
n6102273599,120.0
n6102273624,116.0
n6102286623,108.0
n6102286655,105.0
n6102286667,101.0
n6102322469,76.0
n6102323288,75.0
n6102553650,103.0
n6105115267,63.0
n6105146755,60.0
n6105146756,60.0
n6105171966,63.0
n6105171968,64.0
n6105481079,23.0
n6105509584,73.0
n6105527037,64.0
n6112240552,85.0
n6112240556,81.0
n6112257888,51.0
n6112553474,18.0
n6112553483,23.0
n6114679291,51.0
n6115571916,154.0
n6125469233,83.0
n6127804952,55.0
n6127804961,48.0
n6127804965,54.0
n6127804969,52.0
n6127804984,54.0
n6127805372,41.0
n6127805394,35.0
n6127805395,40.0
n6127805476,48.0
n6127805582,41.0
n6127805588,39.0
n6129018728,105.0
n6152587071,46.0
n6152587531,20.0
n6154014301,17.0
n6154014302,16.0
n6154014503,18.0
n6165382450,14.0
n6165382456,13.0
n6165382467,14.0
n6165382471,16.0
n6167932368,68.0
n6175031709,68.0
n6175283960,124.0
n6175283962,122.0
n6175369758,82.0
n6175513063,185.0
n6175514143,187.0
n6175514645,267.0
n6175559789,72.0
n6175560149,62.0
n6175560158,65.0
n6175560167,66.0
n6175560315,66.0
n6176123670,67.0
n6176124203,59.0
n6176124242,61.0
n6176237442,63.0
n6176237445,59.0
n6176237474,60.0
n6176237475,61.0
n6176237492,56.0
n6176237510,67.0
n6176656058,129.0
n6176656082,121.0
n6176656093,111.0
n6176656126,103.0
n6176656131,97.0
n6176656136,97.0
n6176771222,121.0
n6176771906,94.0
n6176772127,104.0
n6176772315,106.0
n6176772319,105.0
n6176772330,113.0
n6176986795,87.0
n6176986798,103.0
n6176986909,63.0
n6176987227,137.0
n6176987407,123.0
n6177045711,40.0
n6177045925,30.0
n6177045955,31.0
n6177045981,34.0
n6177103758,71.0
n6177103790,71.0
n6186665353,1033.0
n6186667181,392.0
n6186709665,1369.0
n6187771395,968.0
n6188029887,1391.0
n6188032550,1333.0
n6188301434,400.0
n6188499361,83.0
n6189803566,287.0
n6189804838,312.0
n6189805690,198.0
n6195177267,23.0
n6195177276,20.0
n6195178217,21.0
n6195603198,41.0
n6195694476,55.0
n6195695014,46.0
n6195695920,39.0
n6195752548,41.0
n6197810263,42.0
n6197811107,48.0
n6198678204,781.0
n6199271231,66.0
n6204134771,942.0
n6205687246,1249.0
n6205687612,1024.0
n6208067802,558.0
n6208108038,684.0
n6208108498,753.0
n6208156391,934.0
n6208776713,340.0
n6208827852,914.0
n6211475757,258.0
n6211786360,81.0
n6211786902,558.0
n6211787714,637.0
n6213054276,962.0
n6213158230,157.0
n6223526153,801.0
n6223527138,895.0
n6223527664,808.0
n6223527899,811.0
n6223527931,808.0
n6223528196,799.0
n6228259772,782.0
n6229199391,782.0
n6229200943,851.0
n6231259831,29.0
n6231259833,24.0
n6231259837,25.0
n6231259869,23.0
n6231259873,32.0
n6234442212,773.0
n6237090886,579.0
n6237091288,212.0
n6237092078,692.0
n6237093988,712.0
n6237756760,794.0
n6237756762,791.0
n6237756763,789.0
n6240163841,101.0
n6240165555,103.0
n6240253864,122.0
n6241313902,25.0
n6241313911,24.0
n6241719589,12.0
n6241719875,18.0
n6241720546,20.0
n6241720705,21.0
n6241720722,17.0
n6241720725,22.0
n6241720736,17.0
n6241720740,18.0
n6241721427,22.0
n6241721431,25.0
n6241721439,22.0
n6241721442,21.0
n6246892055,32.0
n6247256785,895.0
n6247256856,1127.0
n6247256860,1148.0
n6247259744,26.0
n6247259750,27.0
n6247259759,27.0
n6247259771,25.0
n6247259902,21.0
n6251241590,373.0
n6251241624,315.0
n6251457193,259.0
n6251457203,266.0
n6251457365,288.0
n6251457713,277.0
n6251457871,568.0
n6251548682,310.0
n6251548725,284.0
n6251824457,1106.0
n6251827971,1142.0
n6251828237,1161.0
n6251832338,602.0
n6251832413,638.0
n6253840325,1328.0
n6253840352,1281.0
n6253840709,1274.0
n6253840894,1284.0
n6253842328,1354.0
n6255618580,1782.0
n6255618621,1774.0
n6258351883,24.0
n6258651483,27.0
n6258654598,36.0
n6258654613,31.0
n6258654614,21.0
n6258654642,25.0
n6258772330,550.0
n6259489615,23.0
n6259491193,27.0
n6259491241,28.0
n6259491253,20.0
n6259491284,22.0
n6259491400,24.0
n6259491420,29.0
n6261453903,32.0
n6261453949,31.0
n6261454048,32.0
n6261454428,34.0
n6261454611,28.0
n6261454714,35.0
n6261454725,46.0
n6261454758,45.0
n6261456134,31.0
n6261456180,31.0
n6262212035,26.0
n6262442470,27.0
n6262443115,22.0
n6262443163,29.0
n6264794434,75.0
n6264794447,75.0
n6264794484,77.0
n6264797095,77.0
n6264797114,79.0
n6265478884,77.0
n6265479391,80.0
n6265479399,78.0
n6265479424,75.0
n6265479430,80.0
n6265479464,82.0
n6265480518,86.0
n6265606877,79.0
n6265606889,98.0
n6265607090,117.0
n6265607497,103.0
n6265607533,121.0
n6265607562,255.0
n6266422671,142.0
n6266423865,181.0
n6266423935,173.0
n6268439091,187.0
n6268439292,295.0
n6268439343,228.0
n6268439432,251.0
n6268439450,268.0
n6268439479,304.0
n6268439594,286.0
n6268439609,302.0
n6268439745,320.0
n6268439828,387.0
n6268440829,672.0
n6268441762,416.0
n6268442132,379.0
n6268442343,377.0
n6268442454,452.0
n6268442466,456.0
n6268442496,480.0
n6268443277,619.0
n6270119788,108.0
n6284459610,133.0
n6284459637,133.0
n6284459821,121.0
n6286331577,1271.0
n6334186956,15.0
n6334186975,36.0
n6336366879,18.0
n6338287389,31.0
n6338287410,31.0
n6338287411,37.0
n6338287418,28.0
n6338287421,44.0
n6338287648,233.0
n6338287867,35.0
n6338287878,39.0
n6338319273,18.0
n6338319560,19.0
n6338319732,17.0
n6338320177,29.0
n6341037283,823.0
n6352911443,1123.0
n6359239941,902.0
n6365307898,101.0
n6376196468,46.0
n6430946458,53.0
n6431000943,75.0
n6431000970,63.0
n6514649794,131.0
n653096746,57.0
n653096764,57.0
n653096771,54.0
n653096774,52.0
n653096816,59.0
n653096822,60.0
n653096879,63.0
n653096938,56.0
n653096955,54.0
n653096968,56.0
n653096999,64.0
n653097008,68.0
n653097024,58.0
n653097048,57.0
n653097058,56.0
n653097079,54.0
n653097300,63.0
n653097329,79.0
n653097342,49.0
n653097352,54.0
n653097355,46.0
n653097365,49.0
n653097383,56.0
n653097391,64.0
n653097400,61.0
n653107305,54.0
n653107307,58.0
n653107330,53.0
n653107335,55.0
n653107358,61.0
n653109436,56.0
n653109503,54.0
n653996522,54.0
n653996627,54.0
n653996640,56.0
n653997343,60.0
n653997349,59.0
n653997350,60.0
n653997362,69.0
n653997443,64.0
n653997449,53.0
n653997467,59.0
n6591581026,1475.0
n6619010979,101.0
n6627260177,52.0
n6627298091,50.0
n6627298094,50.0
n6627298098,54.0
n6627298099,51.0
n6627298103,53.0
n6627298104,50.0
n6627298106,54.0
n6627298112,50.0
n6627298113,52.0
n6627298115,53.0
n664137361,805.0
n664138037,779.0
n664138101,765.0
n664138171,772.0
n664140218,540.0
n6705466905,110.0
n6705507864,112.0
n6707510009,57.0
n6707665147,107.0
n6708332985,122.0
n6708418097,106.0
n6708418118,109.0
n6708422959,108.0
n6708423121,109.0
n6709371815,120.0
n6709612061,105.0
n6709634381,107.0
n6709853383,106.0
n6709975095,110.0
n6709975105,108.0
n6710116229,113.0
n6710132440,108.0
n6710132444,110.0
n6710132448,108.0
n6712175062,101.0
n6715092280,103.0
n6715107844,102.0
n6718610776,101.0
n6718610778,105.0
n6718610781,100.0
n6721538844,98.0
n6721538845,98.0
n6723554454,23.0
n6723554614,22.0
n6726354274,109.0
n6728189225,102.0
n6728629916,107.0
n6735182096,101.0
n673551333,55.0
n673551341,53.0
n673551351,60.0
n673551369,49.0
n673551464,54.0
n673551499,48.0
n673551549,60.0
n673551771,52.0
n673551785,57.0
n673551805,59.0
n673552359,57.0
n673552396,55.0
n673552447,50.0
n673552453,60.0
n673552588,61.0
n6736634107,151.0
n6736634121,143.0
n6736634124,147.0
n6737201205,136.0
n6737201419,134.0
n6737805892,119.0
n6737806266,119.0
n6737836897,119.0
n6738011701,102.0
n6738475717,122.0
n6742707500,123.0
n6742707513,120.0
n6742707528,121.0
n6742707532,119.0
n6742707533,123.0
n6742707554,124.0
n6746431635,105.0
n6746431636,101.0
n6746431638,106.0
n6749238701,99.0
n6749239189,101.0
n6750024081,124.0
n6750072391,124.0
n6750527900,123.0
n6750527918,122.0
n6759087412,106.0
n6760377610,105.0
n6768597590,48.0
n6768947857,107.0
n6768947861,105.0
n6768947863,101.0
n6773981405,101.0
n6774123491,102.0
n6780474636,121.0
n6782612242,98.0
n6787321084,1729.0
n6787335619,1906.0
n6800141481,968.0
n6800267244,116.0
n6822155537,116.0
n6867526200,1318.0
n6867526202,1308.0
n6867526222,1305.0
n6867526223,1305.0
n692800692,158.0
n692800696,167.0
n692800829,1495.0
n692801337,906.0
n692801451,1167.0
n692803740,1644.0
n692803974,1702.0
n692804079,1809.0
n692804124,1873.0
n692804645,2180.0
n692865815,114.0
n6964247569,106.0
n697258431,1986.0
n697258466,1881.0
n697258497,656.0
n697273377,119.0
n697273393,122.0
n697273409,132.0
n697273422,138.0
n697273439,167.0
n697273455,183.0
n697273473,193.0
n697273490,217.0
n697273496,221.0
n697273497,219.0
n697273563,208.0
n6975454272,52.0
n7020083189,104.0
n7020083331,62.0
n7021077587,9.0
n7021077811,20.0
n7023629745,180.0
n703557544,1014.0
n703559484,843.0
n703560792,1035.0
n703561197,1090.0
n7045996651,703.0
n7047092683,340.0
n7129320261,53.0
n7149855098,51.0
n715137671,117.0
n7157252896,47.0
n7157454053,58.0
n7157454054,39.0
n7157553193,52.0
n7158912817,63.0
n7160576571,257.0
n7160576579,273.0
n7160577316,1507.0
n7160990048,51.0
n7160990194,35.0
n7206704689,395.0
n7206704704,442.0
n7206705199,421.0
n7206705209,455.0
n7216824088,70.0
n7216824344,73.0
n7400452912,82.0
n746931679,176.0
n746931696,170.0
n746931794,178.0
n746931800,162.0
n746951021,131.0
n7596494192,802.0
n7654258307,76.0
n7677540658,45.0
n7692786254,66.0
n7707589417,740.0
n774477557,2073.0
n774477560,1766.0
n774477581,1257.0
n7781216150,112.0
n7781216151,112.0
n7781820611,104.0
n7781820612,100.0
n7781843317,76.0
n7848250588,83.0
n7868916812,51.0
n7868916815,71.0
n7869251189,98.0
n7869251213,97.0
n7869311140,320.0
n7869322449,116.0
n7869322450,118.0
n7869322595,125.0
n7869361463,161.0
n7869361842,151.0
n7869367345,175.0
n7869377918,151.0
n7869398431,225.0
n7869398456,369.0
n7869398461,348.0
n7869403304,235.0
n7869403311,269.0
n7869403375,268.0
n7869411146,295.0
n7869411154,326.0
n7869411208,331.0
n7869411239,325.0
n7869411257,334.0
n7869411538,254.0
n7869411668,317.0
n7869434217,459.0
n7869434234,481.0
n7869434264,532.0
n7878341682,169.0
n7903778167,37.0
n7905971575,156.0
n7905971609,199.0
n7905971623,139.0
n7905971626,137.0
n7905971627,142.0
n7905971634,149.0
n7905971636,135.0
n7905971661,161.0
n7905971662,162.0
n7908344688,115.0
n7939996539,658.0
n7947044322,126.0
n7947044348,122.0
n7947044365,119.0
n7947044583,110.0
n7947044712,118.0
n7954380575,78.0
n8006179437,100.0
n8007236790,91.0
n8021477701,93.0
n8021477816,95.0
n8021477848,92.0
n8021477958,93.0
n8021477959,90.0
n8021477976,98.0
n8021477994,97.0
n8021478004,97.0
n8021478050,94.0
n8047444780,98.0
n8047444791,98.0
n8058453695,118.0
n8058479669,114.0
n8058479671,114.0
n8058479673,113.0
n8058485818,114.0
n8058485832,117.0
n8058494590,118.0
n8058494625,115.0
n8058494649,114.0
n8065678941,371.0
n8180669245,367.0
n8211834970,772.0
n8224210858,607.0
n8224210888,662.0
n829889197,90.0
n829889203,89.0
n829980096,34.0
n831395789,106.0
n831395795,103.0
n831395831,102.0
n831395834,105.0
n831395848,295.0
n831395861,108.0
n8318501260,1294.0
n8318501431,1209.0
n8318501539,946.0
n8318501649,1276.0
n8318501651,1418.0
n8318501682,1424.0
n8318501683,1417.0
n8318501764,1295.0
n8318501901,1394.0
n8318501908,1412.0
n8318502060,1503.0
n8318502124,1483.0
n8318502139,1644.0
n8318502178,1646.0
n8318502220,1579.0
n8318502455,1408.0
n8318502581,1553.0
n8318502697,1389.0
n8318502775,1442.0
n8318502801,1423.0
n8318502825,1501.0
n8318560682,1572.0
n8318560687,1537.0
n8318562872,1575.0
n8318563333,1873.0
n8318563341,1939.0
n8318563540,1955.0
n8318564632,1994.0
n832590787,73.0
n8344614438,859.0
n8344614472,434.0
n8345262449,391.0
n8345262475,416.0
n8345262852,340.0
n8345276409,470.0
n8345276442,498.0
n835158848,144.0
n835158853,97.0
n835158871,87.0
n835158895,85.0
n835158927,90.0
n835158982,92.0
n835158995,144.0
n835159011,161.0
n835159024,88.0
n835159031,83.0
n835159042,88.0
n835159073,85.0
n835159099,462.0
n835159102,85.0
n835159127,89.0
n835159373,322.0
n835159442,164.0
n835159502,85.0
n835159533,89.0
n835159567,308.0
n835159569,84.0
n835159733,91.0
n835159753,374.0
n835159816,83.0
n835159834,193.0
n835159892,412.0
n835159997,145.0
n835160279,87.0
n835160408,164.0
n835160429,148.0
n835160444,397.0
n835160466,87.0
n835188809,1319.0
n835188839,1365.0
n835188872,1283.0
n835188905,1154.0
n835188922,1138.0
n835188929,1065.0
n835188949,878.0
n835188967,1279.0
n835188995,1251.0
n835189027,1022.0
n835189050,1114.0
n835189122,1420.0
n835189739,1122.0
n835189741,1025.0
n835189752,1488.0
n835190522,1194.0
n835196251,109.0
n835196268,100.0
n835196291,108.0
n835196299,109.0
n835196300,100.0
n835196345,117.0
n835235785,261.0
n835236272,122.0
n835236359,309.0
n835236429,137.0
n835236474,135.0
n835236532,143.0
n835236757,231.0
n835236798,253.0
n835236800,258.0
n835237044,134.0
n835237088,398.0
n835237136,125.0
n835237573,260.0
n835238882,879.0
n835239014,195.0
n835239080,123.0
n835239098,127.0
n835239702,122.0
n835239767,127.0
n835239831,132.0
n835240693,121.0
n835241083,130.0
n835242226,123.0
n835242397,114.0
n835331777,146.0
n835331778,128.0
n835331861,276.0
n835331862,137.0
n835331873,200.0
n835331973,180.0
n835332094,128.0
n835332110,413.0
n835332163,181.0
n835332183,401.0
n835332216,268.0
n835332260,186.0
n835332288,204.0
n835332668,93.0
n835332771,90.0
n835333164,144.0
n835353480,1570.0
n835357900,85.0
n835357903,93.0
n835357904,88.0
n835357905,86.0
n835357911,89.0
n835357914,91.0
n835357921,95.0
n835357928,90.0
n835357929,92.0
n835357930,94.0
n835357953,90.0
n835357958,90.0
n835357963,85.0
n835357965,89.0
n835357986,86.0
n835357999,85.0
n8407841320,775.0
n8419776872,30.0
n8426656750,386.0
n8426669367,433.0
n8426669383,428.0
n8426671146,471.0
n8426671183,499.0
n8427511599,1202.0
n8430726636,15.0
n8432198299,22.0
n8450405084,64.0
n8450405088,66.0
n8450405099,68.0
n8458502847,154.0
n8465365763,196.0
n8565508746,43.0
n856798332,973.0
n856798386,1081.0
n856798627,551.0
n856798757,567.0
n8677138884,1347.0
n8677138889,1329.0
n8677138905,1311.0
n8677138909,1302.0
n8677138910,1312.0
n8677149264,1370.0
n8677149274,1289.0
n8677149298,1299.0
n8711264347,354.0
n8754578311,1285.0
n8797643316,83.0
n8808448101,103.0
n8866653636,107.0
n8866763163,106.0
n8890517300,171.0
n8890657875,229.0
n8890830341,98.0
n8890830459,98.0
n8891072814,97.0
n8891192083,101.0
n8907338817,1652.0
n8912759121,119.0
n8912759140,125.0
n8912759153,123.0
n8928116930,88.0
n8928118126,99.0
n8928118224,101.0
n8939984141,262.0
n8939994998,122.0
n8940020708,91.0
n8940020712,94.0
n8940020713,94.0
n8940020721,94.0
n8940020722,94.0
n8940040729,54.0
n8940040735,60.0
n8958969471,53.0
n8958975124,64.0
n8959584200,58.0
n8962856434,56.0
n8971999687,54.0
n8972252273,57.0
n8973496264,54.0
n8986234962,102.0
n8986234964,103.0
n9001450604,104.0
n9007936863,110.0
n9009799189,203.0
n9009799192,203.0
n9009805591,196.0
n9009805595,197.0
n9026877289,138.0
n9027007127,176.0
n9032249068,26.0
n904866536,1319.0
n904866651,1138.0
n904876725,64.0
n904876879,74.0
n904876906,57.0
n904876997,73.0
n904877091,179.0
n904877128,51.0
n904877247,70.0
n904877610,53.0
n904878222,189.0
n904878767,56.0
n904880601,146.0
n904880997,64.0
n904881351,166.0
n904881445,148.0
n904881602,56.0
n904881649,49.0
n904882190,52.0
n9049119916,535.0
n9049141712,235.0
n904954773,220.0
n9051873265,92.0
n9051873328,94.0
n9088531398,30.0
n9088571524,37.0
n9088571536,36.0
n9088571540,36.0
n9088571583,35.0
n9088571588,37.0
n9088571706,32.0
n9088571774,36.0
n9088571805,32.0
n9090095187,11.0
n9122971053,34.0
n9122971069,37.0
n9122971085,42.0
n9127382063,59.0
n9143740280,24.0
n9195888914,878.0
n9195889006,823.0
n9200209043,215.0
n9200209063,166.0
n9200209065,167.0
n9200209066,159.0
n9212884877,131.0
n9225777702,374.0
n9225808254,404.0
n9235294584,69.0
n9277435606,603.0
n9280365404,221.0
n9293909126,15.0
n9317325899,110.0
n9317325914,108.0
n9317365228,107.0
n9317365230,107.0
n9317365232,110.0
n9317365310,107.0
n9317365319,106.0
n9317365334,106.0
n9317365336,106.0
n9317365377,109.0
n9317365385,109.0
n9317365395,107.0
n9317365440,106.0
n9317365493,105.0
n9317365518,108.0
n9317365529,112.0
n9317365580,112.0
n9317365737,109.0
n9317365750,107.0
n9317365831,107.0
n9317365849,107.0
n9317365892,108.0
n9320265610,832.0
n9360311189,35.0
n9372001278,35.0
n9372182157,35.0
n9372182165,37.0
n9372751535,35.0
n9375472488,36.0
n9393177813,63.0
n9394272349,38.0
n9396858783,1117.0
n9396859374,1141.0
n9396862470,748.0
n9396873796,1051.0
n9396878651,1110.0
n9404074280,714.0
n9404087007,711.0
n9435697389,152.0
n9436788495,65.0
n9436788496,66.0
n9436791502,64.0
n9436791505,58.0
n9436791512,59.0
n9436795777,63.0
n9436838641,60.0
n9436838649,60.0
n9436886001,62.0
n9441806906,89.0
n9514996937,102.0
n9531980731,163.0
n9531980737,173.0
n9532110567,161.0
n9532110569,160.0
n9532110582,162.0
n9544736050,84.0
n9551046620,82.0
n9566681076,146.0
n9566681104,145.0
n9566681110,143.0
n9566699517,142.0
n9566699526,145.0
n9566699539,144.0
n9566699565,147.0
n958034647,121.0
n958034784,134.0
n958034853,128.0
n958034891,130.0
n958034928,126.0
n958034962,136.0
n958034970,139.0
n958035017,397.0
n958035121,136.0
n958035154,187.0
n958035333,133.0
n958035675,147.0
n958035704,196.0
n958035959,357.0
n958036046,353.0
n958036050,352.0
n958036159,126.0
n958036241,124.0
n958143621,107.0
n958143666,121.0
n958143733,119.0
n958143746,108.0
n958143785,109.0
n958144178,119.0
n9602451390,790.0
n9602558638,786.0
n9603015276,785.0
n9604765406,775.0
n9612333644,14.0
n9612624340,19.0
n9626329045,103.0
n9627980425,76.0
n9628772871,81.0
n9642475373,101.0
n9642482971,88.0
n9642563380,102.0
n9642747511,84.0
n9642844437,103.0
n9643240714,80.0
n9643308846,86.0
n9644619494,83.0
n9644790306,78.0
n9644941968,78.0
n9644984235,83.0
n9645388039,78.0
n9647538210,100.0
n9647538212,101.0
n9648300760,94.0
n9648380850,108.0
n9648392192,100.0
n9648453439,100.0
n9651727318,114.0
n9667487837,914.0
n9667977875,172.0
n9669878460,141.0
n9673522012,779.0
n9673980884,782.0
n9674080676,782.0
n9676352343,20.0
n9676355975,18.0
n9676443258,15.0
n9676443261,15.0
n9676510459,15.0
n9676681276,21.0
n9676785237,35.0
n9678994299,19.0
n9679706394,22.0
n9682587993,28.0
n9684536581,6.0
n9685298748,10.0
n9691272768,18.0
n9691473612,21.0
n9694223150,111.0
n9697194369,116.0
n9697450907,105.0
n9699656425,102.0
n9702012914,102.0
n9708535891,122.0
n9708535893,122.0
n9708704034,103.0
n9709059744,13.0
n9712876629,15.0
n9712880134,16.0
n9712880189,14.0
n9712901123,16.0
n9712901162,14.0
n9713063992,19.0
n9713242622,20.0
n9713749504,23.0
n9713790883,18.0
n9717007692,23.0
n9717742375,81.0
n9717749972,28.0
n9719739535,21.0
n9719997408,21.0
n9719997419,21.0
n9720293884,29.0
n9721852060,26.0
n9721968665,27.0
n9721974647,24.0
n9722064371,28.0
n9722339713,19.0
n9726067714,24.0
n9726664499,31.0
n974476728,1314.0
n974476824,1240.0
n974648649,2056.0
n974649366,1983.0
n974680569,376.0
n974680615,393.0
n974741264,915.0
n974750727,1102.0
n974756814,649.0
n974758476,580.0
n974758518,581.0
n974762520,885.0
n974762583,874.0
n974762604,842.0
n974773719,517.0
n974862524,1432.0
n975632561,126.0
n975632584,122.0
n975649155,121.0
n9761005422,32.0
n9761018128,23.0
n976342814,121.0
n977278706,118.0
n977423743,118.0
n978142414,120.0
n978142419,120.0
n9828322686,72.0
n983114377,713.0
n983114398,676.0
n983118529,998.0
n983120116,922.0
n983258876,54.0
n9834404366,38.0
n9834406627,38.0
n9848949448,150.0
n9848961852,140.0
n9848961856,139.0
n9848961857,144.0
n9848961859,135.0
n985073112,1866.0
n985073226,1622.0
n985073281,1228.0
n985076183,1475.0
n985087827,822.0
n9857950026,1228.0
n986498387,121.0
n986498396,120.0
n9884220986,38.0
n9901730160,91.0
n9901730172,91.0
n9909087694,775.0
n9911452685,92.0
n9926237071,101.0
n9931251887,17.0
n9933292694,152.0
n9945415080,13.0
n9969290618,105.0
n9969362260,104.0
n9969368125,98.0
n9969738079,99.0
n9971533199,105.0
n9971533200,96.0
n9972039772,100.0
n9974327941,102.0
n9976325400,145.0
n9978986789,4024.0
n9987213276,93.0
n9989489383,113.0
n9989489384,109.0
s245753371,1159.0
s245755204,1096.0
s245756182,285.0
s245758625,436.0
s245761427,695.0
s245761773,155.0
s245764243,364.0
s342097760,2852.0
s342097944,3066.0
s342097955,2712.0
s342097975,2140.0
s342098016,2182.0
s342098096,1721.0
s342098150,1609.0
s342098160,1655.0
s342098262,2689.0
s342098270,3297.0
s342098872,369.0
s342098886,544.0
s342098942,999.0
s342099065,469.0
s342099080,327.0
s342099167,288.0
s342100211,364.0
s342100394,1933.0
s342101230,289.0
s832676201,471.0
s835236050,151.0
s1185177134,424.0
s1185177423,764.0
s1185179983,1227.0
s1185182418,508.0
s1296581671,227.0
s1404297652,350.0
s1437215870,337.0
s1698582154,148.0
s1740001999,168.0
s1740009465,205.0
s2463596060,433.0
s2463602631,505.0
s2529834311,3279.0
s2529834604,3558.0
s2531348902,2633.0
s3017246155,1903.0
s3018801081,3183.0
s3477032980,1955.0
s3703264834,497.0
s4040470091,944.0
s4041269232,1419.0
s4041862409,342.0
s4192814115,173.0
s4192815435,169.0
s4193225242,179.0
s4193225243,180.0
s4193225244,180.0
s4193225407,190.0
s4193225429,196.0
s4193225804,198.0
s4194547377,207.0
s4194548238,188.0
s4194548239,192.0
s4194568182,167.0
s4485112204,267.0
s4486210017,1958.0
s4621726549,706.0
s4621727647,1651.0
s4621727722,603.0
s4621727741,381.0
s4621735951,482.0
s4621736018,547.0
s4622774785,813.0
s4622775248,629.0
s4622776537,704.0
s4622794900,1935.0
s4634003626,677.0
s4643418242,957.0
s4643418389,1023.0
s4643418603,1047.0
s4643418662,896.0
s4643429878,1927.0
s4643992463,1313.0
s4643995504,1413.0
s4644007876,1414.0
s4646200610,1337.0
s4646200672,1435.0
s4646200893,1735.0
s4646234749,1052.0
s4646235605,1271.0
s4646235664,1326.0
s4646235673,1117.0
s4646244974,1385.0
s4646318907,1350.0
s4646321042,1112.0
s4646450437,709.0
s4646478502,1370.0
s4646478512,1473.0
s4650951737,1129.0
s4650975506,770.0
s4650997500,907.0
s4651014017,974.0
s4652231150,696.0
s4652264391,613.0
s4652412468,803.0
s4652412492,735.0
s4658376613,1066.0
s4658410619,1700.0
s4658534707,1659.0
s4658564869,1184.0
s4658586779,1380.0
s4658586783,1302.0
s4658587428,1232.0
s4658587514,1044.0
s4694758311,1217.0
s4694758323,1186.0
s4694758435,1345.0
s4694758437,652.0
s4694758447,1326.0
s4694758460,1235.0
s4694758616,1070.0
s4694759412,1049.0
s4694759431,1173.0
s4694759455,1027.0
s4694759707,989.0
s4694759783,1204.0
s4694759889,1036.0
s4694767073,650.0
s4694774512,767.0
s4694774563,575.0
s4694774662,689.0
s4967349522,1447.0
s4967349523,1452.0
s5021583941,2117.0
s5021583942,2062.0
s5021583944,807.0
s5021583947,1740.0
s5170680159,1136.0
s5187607448,1604.0
s5187607453,1460.0
s5187607828,1496.0
s5187607829,1506.0
s5228170550,161.0
s5314369747,1583.0
s5329822669,1995.0
s5338961886,170.0
s5409179577,3907.0
s5409193593,2607.0
s5409193745,2479.0
s5409200233,2068.0
s5409330579,1727.0
s5411236851,669.0
s5411239609,1219.0
s5411239940,1002.0
s5411240009,797.0
s5411250783,924.0
s5411251101,803.0
s5411251164,942.0
s5411251241,844.0
s5411308780,1566.0
s5411308786,1596.0
s5432467619,1855.0
s5432491138,3171.0
s5432491191,2664.0
s5432491195,1657.0
s5638386699,2414.0
s5638388693,1721.0
s5797143746,1372.0
s5880408167,2434.0
s5935645932,1030.0
s5935670125,1240.0
s5935670290,1063.0
s6151697254,1415.0
s6151697255,1293.0
s6151697432,1275.0
s6151697433,1410.0
s6151697434,1377.0
s6151697435,1353.0
s6270119936,107.0
s6270120052,189.0
s6426787788,850.0
s6800141402,1052.0
s6815349786,726.0
s6815349787,932.0
s6815349886,1216.0
s6815355785,911.0
s6815418387,982.0
s6815432585,277.0
s6815657487,804.0
s6815667885,684.0
s6815667985,304.0
s6815696385,135.0
s6815871086,331.0
s6815893085,979.0
s6815893185,1088.0
s6815895088,1516.0
s6815926385,938.0
s6815949187,1251.0
s6816012387,1016.0
s6816114885,462.0
s6876122351,965.0
s6876122387,1238.0
s6876122404,850.0
s6876126287,1353.0
s6876126305,1378.0
s6876126313,1245.0
s6876126325,1506.0
s6876126357,1075.0
s6877908204,1166.0
s6877908205,578.0
s6877908235,790.0
s6877930993,1665.0
s6877931037,1326.0
s6877941535,1722.0
s6877941550,1568.0
s6877970774,992.0
s6877970775,1058.0
s6878021258,649.0
s6878021259,509.0
s6878021283,592.0
s6878024834,730.0
s6878562867,1195.0
s6878562939,1204.0
s6880492587,1275.0
s6880806525,589.0
s6880806576,182.0
s6880806577,192.0
s6880868446,1676.0
s6885126045,847.0
s6885127207,706.0
s6887922522,530.0
s6888318326,367.0
s6888318380,237.0
s6888318381,194.0
s6888332990,173.0
s6888332991,169.0
s6888333005,765.0
s6888374064,504.0
s6891787072,578.0
s6891787073,549.0
s6891858886,558.0
s6891858893,693.0
s6891858896,796.0
s7089595148,2004.0
s7089595150,2253.0
s7162409559,328.0
s7162409561,233.0
s7162409563,312.0
s7162444300,151.0
s7162444301,206.0
s7162457087,781.0
s7162499806,824.0
s7164389280,812.0
s7164389283,299.0
s7164389284,699.0
s7164488648,1312.0
s7164489287,263.0
s7164489288,393.0
s7164489289,127.0
s7164489291,126.0
s7164489292,1065.0
s7164489293,593.0
s7164508036,504.0
s7164508037,1015.0
s7164508038,1010.0
s7164628776,2184.0
s7164628778,1129.0
s7164628779,1315.0
s7164628780,578.0
s7164628781,732.0
s7164628782,164.0
s7164649886,129.0
s7227071016,1098.0
s7227071045,1048.0
s7406558618,1670.0
s7406558622,1474.0
s7406558624,1313.0
s7406558625,1581.0
s7623754181,507.0
s7623754454,1173.0
s7623754725,1021.0
s7623754797,350.0
s7623754815,545.0
s7623945423,637.0
s7623945567,507.0
s7623945568,493.0
s7623966497,381.0
s7630041908,1242.0
s7630041909,1266.0
s7630041910,970.0
s7630041944,1353.0
s7630041945,1464.0
s7630041969,1073.0
s7630041970,1131.0
s7630047192,598.0
s7630047238,469.0
s7630047239,931.0
s7630047240,1163.0
s7630047291,1045.0
s7630047292,1221.0
s7630047339,1233.0
s7630047471,678.0
s7630073144,912.0
s7630073182,874.0
s7630073222,790.0
s7630073249,1052.0
s7630140630,836.0
s7630140643,1096.0
s7630140644,650.0
s7630140661,1210.0
s7630140676,965.0
s8320642117,2033.0
s8320642121,1993.0
s8320642124,2050.0
s8320642128,2039.0
s8397020398,971.0
s8397020456,638.0
s8888629061,759.0
s8888629067,861.0
s8910386476,1142.0
s8910562096,728.0
s8910562111,664.0
s8910565124,639.0
s8910565138,927.0
s8910838653,694.0
s8910838664,864.0
s8910849210,1474.0
s8910867493,626.0
s8910881676,1318.0
s8910887521,1052.0
s8910887534,1442.0
s8911547475,1433.0
s8912090266,581.0
s8912257106,914.0
s8912272725,685.0
s8912287294,1151.0
s8912362835,761.0
s8912541076,1625.0
s8912541085,615.0
s8912541096,702.0
s8912680152,1716.0
s8912680164,1492.0
s8912680165,2107.0
s8912680176,1084.0
s8912699143,1407.0
s8916159635,1419.0
s8916159645,1295.0
s8917805836,905.0
s8917805847,1124.0
s8918183271,511.0
s8918183280,1003.0
s8918183289,1390.0
s8918183299,1482.0
s8918212448,4165.0
s8921179486,1275.0
s8921179488,1747.0
s8921181218,1272.0
s8921181248,1279.0
s8923715928,1213.0
s8923715929,1236.0
s8923715940,451.0
s8924617539,613.0
s8924617551,1669.0
s8924617560,1129.0
s8924617572,1112.0
s8925149161,1402.0
s8925149162,909.0
s8925149193,1547.0
s8925149204,1717.0
s8925149205,1630.0
s8925204054,1331.0
s8927916200,358.0
s8927916215,330.0
s8930042194,3052.0
s8930301829,1312.0
s9049803066,177.0
s9065019565,1183.0
s9067089799,690.0
s9067097720,722.0
s9067097733,705.0
s9067097782,872.0
s9067097843,1546.0
s9069006872,762.0
s9069013368,654.0
s9069013420,1262.0
s9069013460,780.0
s9069013508,709.0
s9069029695,528.0
s9069039028,777.0
s9069039081,735.0
s9069039119,639.0
s9069039167,1048.0
s9069241135,970.0
s9069241451,854.0
s9069241468,1011.0
s9069241489,924.0
s9069241490,775.0
s9072632823,738.0
s9072632832,586.0
s9072633042,604.0
s9072633323,274.0
s9072776034,950.0
s9072777610,1026.0
s9073126191,372.0
s9074282496,398.0
s9102517106,1001.0
s9102517395,1027.0
s9102517409,1039.0
s9112227266,723.0
s9112239709,1002.0
s9112239903,1239.0
s9112240014,1232.0
s9112240183,1354.0
s9112240186,1281.0
s9159632834,1479.0
s9159632845,1085.0
s9159632908,1358.0
s9161594225,1019.0
s9161594226,1369.0
s9162283957,3289.0
s9230936605,535.0
s9250835095,258.0
s9319842181,1623.0
s9325098143,1737.0
s9568801591,327.0
s9568801592,300.0
s9568801593,284.0
s9568801612,281.0
s9568801613,283.0
s9568830757,345.0
s9568830758,294.0
s9568879432,361.0
s9569543639,478.0
s9569561140,339.0
s9570899791,333.0
s9570899792,320.0
s9570934072,306.0
s9570934270,329.0
s9760016566,1875.0
s9760016580,2065.0
s9760017423,2167.0
s9760017456,1983.0
s9760017546,2280.0
s9760017547,1871.0
s9760713337,2159.0
s9760713338,2103.0
s9760713340,1832.0
s9760713341,2014.0
s9760763999,1994.0
s9760764065,2063.0
s9760764066,2011.0
s9760764067,1929.0
s9760764069,2091.0
s9760764092,1741.0
s9760764093,1601.0
s9760764127,2231.0
s9760764128,2246.0
s9762433977,1723.0
s9762433978,1497.0
s9762433979,1471.0
s9762433980,1429.0
s9762815809,1434.0
s9762815810,1440.0
s9762815811,1445.0
s9762815812,1546.0
s9762815814,1528.0
s9762815815,1381.0
s9762932919,1414.0
s9762932925,1316.0
s9762932926,1332.0
s9762932930,1908.0
s9762932931,1489.0
s9763024462,1632.0
s9763024463,1705.0
s9763024464,1567.0
s9763024491,948.0
s9763024492,708.0
s9763024493,917.0
s9763024494,783.0
s9763033465,1273.0
s9763033466,956.0
s9802524126,728.0
s9802524127,894.0
s9894646922,1245.0
s9954074429,183.0
s9978475863,3650.0
s9978475900,3493.0
s10002389537,1598.0
s10002389573,1217.0
s10002389668,1616.0
s10002389744,1292.0
s10002389747,1397.0
s10002389749,1203.0
s10002389750,1440.0
s10002573878,1451.0
s10002573879,1406.0
s10002573880,1331.0
s10002573881,1311.0
s10002573882,1457.0
s10002573900,1593.0
s10002573901,1639.0
s10003855232,1464.0
s10003855233,1197.0
s10003855234,1193.0
s10003855251,1216.0
s10003855252,1286.0
s10003855253,1174.0
s10003855254,1365.0
s10003855255,1575.0
s10003855256,1144.0
s10003855257,1627.0
s10003994504,1244.0
s10003994505,1392.0
s10003994506,1303.0
s10003994507,1134.0
s10003994508,1232.0
s10003994509,1276.0
s10003994510,1267.0
s10003994511,1294.0
s10003994512,1372.0
s10003994513,1228.0
s10003994514,1305.0
s10003994515,1124.0
s10003994516,1061.0
s10004036117,1011.0
s10004036118,1074.0
s10004036119,1432.0
s10004036120,1231.0
s10004036146,1138.0
s10004036147,1238.0
s10004036148,1161.0
s10004036149,1143.0
s10004850817,1011.0
s10004850818,1127.0
s10004850819,1272.0
s10004850820,825.0
s10004850821,1080.0
s10004850823,1190.0
s10004850824,1269.0
s10004850825,1350.0
s10004850826,892.0
s10004850827,1091.0
s10004850828,926.0
s10004850841,1127.0
s10004850842,1197.0
s10004850843,1240.0
s10004850844,1217.0
s10004850862,1372.0
s10004850863,1361.0
s10004850864,1093.0
s10004850866,1263.0
s10004850887,816.0
s10004850888,827.0
s10004850889,712.0
s10004850892,1255.0
s10004850893,1253.0
s10004850894,1292.0
s10004850917,1083.0
s10004850918,887.0
s10004850956,1170.0
s10004850992,1118.0
s10004850993,1086.0
s10004850994,927.0
s10004850995,1072.0
s10004850996,1106.0
s10004851049,1287.0
s10004851086,1085.0
s10005217915,991.0
s10005227533,1092.0
s10005227534,1207.0
s10005227574,718.0
s10005227575,803.0
s10005227576,1195.0
s10005227577,1074.0
s10005227578,927.0
s10005227579,934.0
s10005227581,1137.0
s10005227582,1190.0
s10005227583,1342.0
s10005227584,1162.0
s10005227585,1204.0
s10005227708,936.0
s10005227728,651.0
s10005227729,1053.0
s10005227749,1128.0
s10005227750,1106.0
s10005227752,940.0
s10005227798,1143.0
s10005227799,1134.0
s10005227800,1182.0
s10005227801,1145.0
s10005227802,1148.0
s10005227803,1137.0
s10005227804,1124.0
s10005227860,1057.0
s10005227861,1401.0
s10005227862,1114.0
s10005227894,1052.0
s10005227954,1005.0
s10005227955,1334.0
s10007383552,1157.0
s10007383553,1130.0
s10007383554,1182.0
s10007383555,991.0
s10007383556,921.0
s10007383557,906.0
s10007383558,1210.0
s10007383559,1075.0
s10007383593,1187.0
s10007392276,1634.0
s10007392277,1648.0
s10007405026,1280.0
s10007405027,1365.0
s10007405028,930.0
s10007405029,1206.0
s10007405030,1305.0
s10007405031,1416.0
s10007405032,986.0
s10007405033,989.0
s10007405034,932.0
s10007405035,1238.0
s10007405036,1279.0
s10007405061,1286.0
s10007405062,1657.0
s10007405063,1427.0
s10007405064,1466.0
s10007405065,1475.0
s10007405066,1511.0
s10007405067,1451.0
s10007405068,1473.0
s10007405069,1508.0
s10007405070,1680.0
s10007405071,1347.0
s10007405072,977.0
s10007405073,985.0
s10007405126,1341.0
s10007405127,1069.0
s10007405128,1194.0
s10007405129,1157.0
s10007405130,1062.0
s10007405140,1477.0
s10007405141,1080.0
s10007405142,1175.0
s10007405143,1164.0
s10007405144,1349.0
s10007405145,1368.0
s10007405201,1310.0
s10007405202,1482.0
s10007405203,1531.0
s10007405204,1566.0
s10007405205,1530.0
s10007405206,1598.0
s10007405208,1479.0
s10030463698,949.0
s10030463699,936.0
s10030463700,928.0
s10030463701,958.0
s10030463702,916.0
s10030463703,935.0
s10030500637,945.0
s10030500638,954.0
s10030500639,899.0
s10030500640,982.0
s10030500641,1023.0
s10030500642,1042.0
s10030500674,955.0
s10030500675,968.0
s10030500676,945.0
s10030500677,956.0
s10030500678,939.0
s10030500759,1093.0
s10030500760,1042.0
s10030500761,1080.0
s10030500762,1059.0
s10030500763,1055.0
s10030500764,1097.0
s10030500765,1042.0
s10030500766,1092.0
s10030500767,1103.0
s10030500768,986.0
s10030500769,1192.0
s10032306623,891.0
s10032306624,1046.0
s10032306625,979.0
s10032306626,872.0
s10032306627,907.0
s10032306628,1023.0
s10032306657,1024.0
s10081861291,613.0
s10081861292,959.0
s10081861293,562.0
s10081861310,583.0
s10081861311,633.0
s10081861312,746.0
s10081861313,929.0
s10081861314,836.0
s10081861315,567.0
s10081872849,541.0
s10081872850,653.0
s10081872851,579.0
s10081872852,722.0
s10081872853,719.0
s10081872854,960.0
s10081872855,561.0
s10081872867,600.0
s10081872868,564.0
s10081872905,560.0
s10081872906,544.0
s10081872907,585.0
s10082195353,662.0
s10082195354,883.0
s10082195355,902.0
s10082195356,1011.0
s10082195357,785.0
s10082195358,1008.0
s10082195359,1302.0
s10082195396,1179.0
s10082200429,1154.0
s10082200448,961.0
s10082200486,1152.0
s10082200508,618.0
s10082200509,525.0
s10082200510,517.0
s10082200512,610.0
s10082200513,568.0
s10082200514,585.0
s10082834826,960.0
s10082834827,1042.0
s10082834828,1112.0
s10082834850,1070.0
s10082834851,1119.0
s10082834852,1236.0
s10082834853,1260.0
s10214217509,1425.0
s10285947117,1840.0
s10289588615,1902.0
s10289910004,2952.0
s10289910005,3004.0
s10302061253,3347.0
s10302075876,3384.0
s10649728684,288.0
s10654585528,311.0
s10654585529,290.0
s10784969482,1695.0
s10839474047,327.0
s10862337696,792.0
s10862337697,1019.0
s10862477140,1830.0
s10864153548,1090.0
s10864153549,654.0
s10864184707,733.0
s10864211688,1484.0
s10864219605,2055.0
s10864253763,1535.0
s10864253774,1705.0
s10864370023,1718.0
s10864370388,2133.0
s10864519876,1704.0
s10864519889,1743.0
s10866786869,311.0
s10870214798,1624.0
s10870460350,1635.0
s10870893423,2034.0
s10877035264,1229.0
s10882730420,1650.0
s10882730487,1984.0
s10917567485,1347.0
s10917567962,1527.0
s10921025737,1361.0
s10925710454,808.0
s10925710466,812.0
s10925710482,1328.0
s10928090869,696.0
s10941933055,2032.0
s10964879900,1300.0
s10978275464,812.0
s10978562689,681.0
s10992042856,598.0
s10992073940,1250.0
s10992130243,1547.0
s10992498530,1287.0
s11007465976,1409.0
s11007466335,1959.0
s11007521794,1617.0
s11007527105,1507.0
s11007775333,1791.0
s11009711790,1113.0
s11079168769,548.0
s11108610674,622.0
s11108610675,759.0
s11108610676,868.0
s11108610677,987.0
s11108610678,991.0
s11108610679,971.0
s11108610683,1035.0
s11108610684,1244.0
s11108610685,1467.0
s11108610686,1093.0
s11295521908,537.0
s11397971512,1970.0
s11398074198,585.0
s11398074199,370.0
s11518406604,702.0
s11518481094,1137.0
s11731179155,272.0
s11731179157,372.0
s11731179158,429.0
s11731179161,401.0
s11731179164,810.0
s11731179165,809.0
s11731179166,245.0
s11773258622,1132.0
s11883835080,574.0
s11883835081,553.0
s11883835082,1010.0
s12473025513,314.0
s12508496197,1386.0
s12508573307,2054.0
s12508573308,2165.0
s12508612955,390.0
s12732182354,1407.0
s12732182355,1639.0
s13041257701,389.0
s13155714265,270.0
s13155714266,340.0
s13155789858,1112.0
s13155789859,543.0
s13155789860,626.0
s13155789861,1117.0
s13155789862,476.0
s13155796457,2087.0
s13155796458,3139.0
s13155810285,2165.0
s13155810286,1936.0
s13155810287,1682.0
s13155811480,2123.0
s13155811481,2073.0
s13155811483,1417.0
s13155811484,1770.0
s13155870260,3110.0
s13155870262,2326.0
s13155870263,3188.0
s13155870264,3081.0
s13155904439,2076.0
s13155904440,2038.0
s13155904441,2037.0
s13155911614,1522.0
s13155911615,1689.0
s13155911616,1646.0
s13155911617,1754.0
s13155911618,1878.0
s13155911619,2001.0
s13155911620,2192.0
s13157321081,465.0
s13157321082,313.0
s13157321083,595.0
s13157348144,1193.0
s13157349696,1394.0
s13157349698,948.0
s13157352702,713.0
s13157352703,1074.0
s13157352704,497.0
s13157352706,762.0
s13157352707,808.0
s13157352708,394.0
s13157352709,514.0
s13157352710,308.0
s13157352747,1959.0
s13157364049,338.0
s13157364050,571.0
s13157364051,347.0
s13157364052,267.0
s13157364053,368.0
s13157364054,881.0
s13157364055,964.0
s13157364056,782.0
s13157364057,741.0
s13157364058,858.0
s13157369508,621.0
s13157380716,1189.0
s13157393820,2149.0
s13157808826,1891.0
s13157834322,2470.0
s13157834323,379.0
s13157834386,1228.0
s13157834387,1327.0
s13157834388,1488.0
s13157834390,1515.0
s13157847510,3665.0
s13157847511,3524.0
s13157847512,1165.0
s13157847513,1146.0
s13157848071,2100.0
s13157894248,260.0
s13157894250,701.0
s13157894251,503.0
s13157894252,279.0
s13157894275,1843.0
s13157898875,1134.0
s13157898876,1171.0
s13157898883,125.0
s13157898886,281.0
s13157911721,1027.0
s13157911722,1187.0
s13157935709,1609.0
s13157935712,1064.0
s13157935713,634.0
s13157935714,629.0
s13157935717,1184.0
s13157998055,1296.0
s13157998057,916.0
s13157998058,947.0
s13157998059,1132.0
s13157998060,1421.0
s13157998061,1389.0
s13157998062,1272.0
s13158059504,1098.0
s13158059507,1854.0
s13158059508,1520.0
s13158067187,748.0
s13158067188,784.0
s13158070637,1255.0
s13158070642,689.0
s13158070643,980.0
s13158070644,880.0
s13158070645,1093.0
s13158070646,1027.0
s13158070647,1202.0
s13158070648,1253.0
s13158072920,340.0
s13158072921,343.0
s13158072922,278.0
s13158072923,793.0
s13158072924,973.0
s13158072926,611.0
s13158072927,456.0
s13158072929,856.0
s13158072932,340.0
s13158133680,434.0
s13158133682,948.0
s13158133683,738.0
s13158133686,246.0
s13158133687,784.0
s13158133688,871.0
s13158133689,1187.0
s13158133690,1097.0
s13158133691,1056.0
s13158133692,1020.0
s13158136113,292.0
s13158136114,473.0
s13158136115,643.0
s13158136116,292.0
s13158136117,274.0
s13158136118,291.0
s13158136119,273.0
s13158136121,479.0
s13158136122,583.0
s13158136124,196.0
s13158136125,261.0
s13158136126,226.0
s13158160736,794.0
s13158160737,948.0
s13158160738,892.0
s13158160739,639.0
s13158160740,872.0
s13158160742,448.0
s13158160743,1104.0
s13158160744,973.0
s13158160745,1080.0
s13158171582,1608.0
s13158175856,1168.0
s13158175857,891.0
s13158966493,840.0
s13158966495,1988.0
s13158966496,1937.0
s13158966497,1916.0
s13158966498,1481.0
s13158966499,1511.0
s13158999552,905.0
s13158999553,995.0
s13158999554,1849.0
s13159001129,1024.0
s13159001130,1006.0
s13159088878,519.0
s13159127058,519.0
s13159127059,561.0
s13159247667,278.0
s13162094038,233.0
s13162132761,915.0
s13162132762,1484.0
s13162132763,753.0
s13162132764,1454.0
s13162154396,244.0
s13162176134,519.0
s13162176135,577.0
s13162239690,637.0
s13162239691,490.0
s13162239692,501.0
s13162239693,658.0
s13162275138,1004.0
s13162275139,330.0
s13162275140,421.0
s13162275141,909.0
s13162275142,1159.0
s13162275143,1136.0
s13162316057,529.0
s13162342577,1048.0
s13167238624,1195.0
s13167255869,1233.0
s13185904003,2162.0
s13185904008,1610.0
s13185904011,1774.0
s13185904799,1884.0
s13185904800,1669.0
s13185910475,1932.0
s13185910476,2078.0
s13185910477,2011.0
s13185928729,1574.0
s13185928730,1487.0
s13185928731,1269.0
s13185928732,1099.0
s13185962005,312.0
s13188282395,703.0
s13188282396,833.0
s13188282397,1377.0
s13188301533,1276.0
s13188305238,524.0
s13197264678,2823.0
s13197302513,2347.0
s13197302517,2794.0
s13200135820,469.0
s13200135821,840.0
s13203965658,953.0
s13243377861,1234.0
s13243377863,1582.0
s13243377865,704.0
s13243377866,987.0
s13243377867,261.0
s13243377868,526.0
s13243377869,926.0
s13243377870,658.0
s13243377871,818.0
s13243377873,606.0
s13243377875,1628.0
s13243377876,824.0
s13243377878,671.0
s13243377886,960.0
s13243377887,299.0
s13243377888,717.0
s13243377889,600.0
s13249851328,2100.0
s13290022324,595.0
s13290022325,944.0
s13290022326,1424.0
s13290171560,932.0
s13290171561,1583.0
s13303052229,268.0
s13313740500,1205.0
s13327721581,1329.0
s13342504272,2760.0
s13342504273,2191.0
s13363738085,1118.0
s13417214332,3173.0
s13449278989,2870.0
s13449278990,2602.0
s13449278993,2307.0
s13449278994,2213.0
s13449278995,2421.0
s13449278997,1896.0
s13449278998,2277.0
s13463492881,1129.0
s13463492882,1606.0
s13463492886,386.0
s13542949718,498.0
s13556093698,188.0
s13589387447,4158.0
s13592846867,1190.0
s13610015492,578.0
s13847971651,565.0
s13851535942,165.0
s13851535980,158.0
s13851535981,155.0
s13851572902,1185.0
s13851579829,491.0
s13851609675,491.0
s13891699802,1603.0
s13891699803,1548.0
s13891699805,1589.0
s13891699806,1595.0
s245721026,38.0
s245722358,38.0
s245724579,37.0
s245728326,40.0
s245729854,681.0
s245735323,232.0
s245736203,209.0
s245739251,830.0
s245739605,546.0
s245740681,108.0
s245740851,58.0
s245741680,35.0
s245742069,44.0
s245743490,40.0
s245744465,38.0
s245746325,44.0
s245746478,123.0
s245748181,53.0
s245750035,76.0
s245750616,68.0
s245750992,55.0
s245753934,83.0
s245754927,134.0
s245755348,96.0
s245755518,90.0
s245756524,119.0
s245757880,107.0
s245760898,110.0
s245762207,136.0
s342099191,86.0
s342100221,56.0
s342100459,89.0
s566672798,88.0
s567383142,66.0
s567383143,69.0
s569243331,59.0
s830103529,43.0
s831176590,87.0
s958035180,128.0
s1133695017,169.0
s1352601587,50.0
s1380070099,51.0
s1403967931,63.0
s1437215869,97.0
s1739922352,32.0
s1739986503,113.0
s1740005447,135.0
s1740028720,109.0
s1810911320,41.0
s1810911323,71.0
s1811210915,46.0
s1934228034,93.0
s1937610133,95.0
s1937617872,94.0
s2081915203,687.0
s2081966210,1159.0
s2081966224,1123.0
s2138091867,91.0
s2319238562,41.0
s2365222326,48.0
s2385334057,79.0
s2885039362,143.0
s2885091536,64.0
s2885143477,117.0
s2885248522,111.0
s2885288331,87.0
s2885288332,84.0
s3309060540,51.0
s3309060541,54.0
s3309060543,53.0
s3309067379,65.0
s3546761360,124.0
s3773172323,88.0
s3777828308,91.0
s3777828309,90.0
s3777828310,94.0
s3777828311,93.0
s3777828314,97.0
s4160645674,57.0
s4193235569,184.0
s4193235570,180.0
s4193235571,419.0
s4193235572,416.0
s4194553499,153.0
s4194553500,152.0
s4194553501,153.0
s4194553502,150.0
s4194553503,165.0
s4196332289,158.0
s4196339705,141.0
s4196342889,142.0
s4196342890,147.0
s4198158293,128.0
s4509196600,51.0
s4667621489,128.0
s5623038879,54.0
s5623038882,70.0
s5623038906,58.0
s5766103458,1147.0
s5775285633,91.0
s5789836398,518.0
s5789836399,516.0
s5789836400,517.0
s5789836401,652.0
s5789836402,654.0
s5789836403,627.0
s5789836404,632.0
s5789836405,636.0
s5789836406,626.0
s5806577175,139.0
s5806577176,135.0
s5819395478,257.0
s6096685708,116.0
s6096685710,115.0
s6096685711,115.0
s6096685715,125.0
s6148371634,48.0
s6160665854,52.0
s6161187086,77.0
s6168658413,71.0
s6169689391,58.0
s6240693696,660.0
s6244036969,92.0
s6244305246,146.0
s6244446903,1193.0
s6245693270,91.0
s6245693663,42.0
s6246654287,343.0
s6247258124,1224.0
s6247491664,27.0
s6247491758,47.0
s6247909755,122.0
s6247910684,1182.0
s6250025455,567.0
s6251245454,409.0
s6251245455,316.0
s6888318382,129.0
s7006897999,99.0
s7006898000,102.0
s7007178002,95.0
s7017989704,60.0
s7037458926,94.0
s7037458927,98.0
s7079174910,47.0
s7159004379,42.0
s7159010046,47.0
s7159026712,91.0
s7159046934,44.0
s7159052459,52.0
s7159054303,48.0
s7159255409,43.0
s7159255410,44.0
s7159263817,50.0
s7159263818,50.0
s7159270019,45.0
s7159270020,47.0
s7159270021,44.0
s7159287305,54.0
s7159314357,78.0
s7159365221,51.0
s7159950254,85.0
s7159959456,94.0
s7159969716,58.0
s7159979489,117.0
s7159998707,85.0
s7160009137,94.0
s7160147293,95.0
s7160147294,95.0
s7160154171,130.0
s7160154172,100.0
s7301485443,107.0
s7577994492,72.0
s7781806786,72.0
s8236701359,310.0
s8399008415,57.0
s8432198293,18.0
s8561471991,72.0
s8561471999,73.0
s8717754896,729.0
s8717784813,725.0
s8717788304,705.0
s8925188026,23.0
s9091372770,145.0
s9091372771,143.0
s9091372773,145.0
s9127379493,108.0
s9127805313,231.0
s9127828291,76.0
s9171945868,124.0
s9171945885,127.0
s9171959504,131.0
s9171959505,123.0
s9174932178,109.0
s9212146099,132.0
s9213360762,105.0
s9234777448,631.0
s9281140208,127.0
s9427289489,102.0
s9450490090,140.0
s9566367368,116.0
s9566367370,116.0
s9566367371,112.0
s9566367372,116.0
s9566367373,114.0
s9566367374,116.0
s9569576344,97.0
s9587442592,136.0
s9589199698,116.0
s9589199699,119.0
s9589199700,126.0
s9589199701,124.0
s9594277341,134.0
s9614163486,106.0
s9621475214,106.0
s9621475215,108.0
s9627091748,117.0
s9627094483,116.0
s9627117726,119.0
s9627171489,111.0
s9627171517,109.0
s9628955501,121.0
s9646077729,108.0
s9660184681,317.0
s9709199012,96.0
s9849518665,104.0
s9991472612,148.0
s10221836219,705.0
s10599423093,105.0
s10692764768,87.0
s11038715217,580.0
s11062758505,454.0
s11062758605,501.0
s11090837906,616.0
s11090837907,769.0
s11090838505,487.0
s11090838605,645.0
s11127261397,58.0
s11127293365,67.0
s11132665783,94.0
s11132670519,99.0
s11132675927,89.0
s11160764043,65.0
s11162873338,59.0
s11162885562,57.0
s11162914660,59.0
s11162914661,66.0
s11428391449,26.0
s11597592478,51.0
s11637836227,48.0
s11917509984,51.0
s11917596006,54.0
s11927115203,105.0
s11927115260,134.0
s11931701530,100.0
s11931701531,89.0
s11931701532,85.0
s11931701533,86.0
s11931701535,122.0
s11931701536,133.0
s11979012240,42.0
s11979012241,43.0
s11979012242,41.0
s11979012243,47.0
s11979012244,42.0
s11999697372,68.0
s11999697373,66.0
s12036551525,40.0
s12036551526,76.0
s12036551527,46.0
s12051475376,59.0
s12051475379,79.0
s12051475380,79.0
s12051475398,72.0
s12051475399,74.0
s12051475400,77.0
s12051475401,94.0
s12051475402,90.0
s12051475404,96.0
s12081695763,145.0
s12081695764,146.0
s12081695767,144.0
s12081695768,152.0
s12081734869,149.0
s12081734870,152.0
s12081734871,163.0
s12081734872,149.0
s12081734873,157.0
s12081734874,150.0
s12081734875,162.0
s12081734876,157.0
s12081736811,146.0
s12081736812,142.0
s12086052752,131.0
s12086070242,145.0
s12086070244,137.0
s12086070245,147.0
s12086070247,136.0
s12086070248,134.0
s12086070249,131.0
s12086123174,157.0
s12086123175,152.0
s12086123176,154.0
s12086256648,139.0
s12089656704,126.0
s12090132459,91.0
s12091863499,90.0
s12096003944,108.0
s12101473810,100.0
s12101473859,108.0
s12102166434,146.0
s12102166440,141.0
s12102166442,144.0
s12102225945,146.0
s12102225946,143.0
s12102225947,144.0
s12102225948,148.0
s12102225949,143.0
s12102225950,143.0
s12102225951,147.0
s12104727953,93.0
s12106506183,99.0
s12106853765,106.0
s12106962912,177.0
s12118106199,98.0
s12118106200,101.0
s12118115895,98.0
s12118115896,90.0
s12118121101,96.0
s12118201333,110.0
s12118201337,108.0
s12118201338,107.0
s12118201339,111.0
s12118201349,119.0
s12122742222,125.0
s12122742224,118.0
s12122765792,119.0
s12128194971,119.0
s12128194972,118.0
s12128194973,112.0
s12128194974,118.0
s12128194975,120.0
s12128194976,118.0
s12128194979,121.0
s12128194980,118.0
s12128194981,118.0
s12128194982,113.0
s12128194983,121.0
s12128194984,114.0
s12128194985,117.0
s12128194986,116.0
s12128194987,112.0
s12128194988,112.0
s12128302305,87.0
s12128302306,88.0
s12128302312,91.0
s12135700062,97.0
s12135700066,97.0
s12135700067,91.0
s12135700068,91.0
s12135700069,93.0
s12135700070,87.0
s12144952928,105.0
s12144953518,99.0
s12144953519,102.0
s12144953522,106.0
s12144953524,104.0
s12149499887,121.0
s12156245600,140.0
s12156285320,95.0
s12164093506,423.0
s12164093510,76.0
s12164093512,84.0
s12164104130,116.0
s12164104131,152.0
s12164104133,236.0
s12164104134,115.0
s12164104135,160.0
s12164195689,99.0
s12164195690,99.0
s12164228667,119.0
s12164229030,98.0
s12164229031,99.0
s12164229033,119.0
s12166706377,126.0
s12166706379,83.0
s12178495179,68.0
s12178495181,71.0
s12178589446,99.0
s12184841905,316.0
s12184841906,359.0
s12184841907,321.0
s12184841910,123.0
s12184841912,131.0
s12184841913,129.0
s12184841914,148.0
s12184841916,212.0
s12184841917,210.0
s12184841918,239.0
s12184841919,188.0
s12184841920,138.0
s12184841921,138.0
s12184841922,126.0
s12184841924,121.0
s12184841925,105.0
s12184841926,95.0
s12184848892,100.0
s12184848893,90.0
s12184848894,94.0
s12184848895,177.0
s12184848896,709.0
s12184848898,571.0
s12184848899,411.0
s12184848900,508.0
s12184851601,590.0
s12184851602,525.0
s12184851603,410.0
s12184851604,347.0
s12184851605,317.0
s12184851609,576.0
s12184851611,500.0
s12184851612,498.0
s12184851613,550.0
s12184851614,567.0
s12184851615,439.0
s12184851617,205.0
s12184851618,179.0
s12184851619,175.0
s12184851620,154.0
s12184851626,371.0
s12184851631,353.0
s12185046687,136.0
s12185046688,1100.0
s12186828446,448.0
s12186828447,526.0
s12186828449,399.0
s12186828452,808.0
s12186828453,707.0
s12186828454,523.0
s12186828455,749.0
s12186828456,916.0
s12186828457,958.0
s12187250119,1068.0
s12187250120,1021.0
s12187250121,863.0
s12187250122,1199.0
s12187250123,1060.0
s12187250124,1140.0
s12187250125,1190.0
s12187250126,1258.0
s12187250127,1221.0
s12187250128,1077.0
s12187250129,1170.0
s12187250784,739.0
s12187251505,1047.0
s12187251870,750.0
s12187253911,961.0
s12187253912,966.0
s12187253916,1017.0
s12187253917,966.0
s12188828671,823.0
s12188828672,782.0
s12188885952,627.0
s12188888738,963.0
s12197522168,35.0
s12197522169,30.0
s12197522170,79.0
s12197522190,705.0
s12197522193,1117.0
s12197523898,792.0
s12197523899,824.0
s12197526320,47.0
s12197526401,1283.0
s12197526402,922.0
s12197526403,386.0
s12197526404,869.0
s12197526405,947.0
s12197526406,837.0
s12200349721,42.0
s12200349722,37.0
s12200349723,36.0
s12200349724,35.0
s12200349725,42.0
s12200364577,1240.0
s12200364578,1311.0
s12205922277,981.0
s12205922368,1265.0
s12205922929,902.0
s12205922930,927.0
s12205989706,759.0
s12205989707,829.0
s12207197321,33.0
s12207386719,771.0
s12207765759,1157.0
s12216958361,244.0
s12216958362,222.0
s12216958363,140.0
s12216958365,196.0
s12216958366,219.0
s12216958367,258.0
s12216958368,255.0
s12216958370,102.0
s12216958371,113.0
s12216958372,209.0
s12216958373,167.0
s12216959852,108.0
s12216959854,199.0
s12216959855,65.0
s12216959857,144.0
s12216959858,168.0
s12224186901,24.0
s12224186903,44.0
s12224186904,65.0
s12225705653,47.0
s12225705654,26.0
s12229339843,31.0
s12229339848,21.0
s12249059032,30.0
s12249059033,30.0
s12249059034,47.0
s12249059035,31.0
s12249059037,26.0
s12249059039,29.0
s12249059041,26.0
s12249059045,35.0
s12249059046,37.0
s12249059047,30.0
s12249059048,34.0
s12249059049,35.0
s12249059050,35.0
s12249059051,33.0
s12249059054,32.0
s12249059055,29.0
s12249059056,26.0
s12264415003,35.0
s12264415006,29.0
s12269405278,32.0
s12269558083,21.0
s12269716839,51.0
s12269716840,57.0
s12279681717,16.0
s12279681718,27.0
s12279692856,37.0
s12279694584,13.0
s12282759798,30.0
s12282759799,29.0
s12288765941,18.0
s12288807058,21.0
s12288807073,20.0
s12290531456,28.0
s12290531458,21.0
s12290531498,19.0
s12290596562,36.0
s12290766905,1062.0
s12290767150,702.0
s12290767151,814.0
s12290767152,920.0
s12290767153,911.0
s12303142202,42.0
s12303142203,45.0
s12303142206,34.0
s12303142207,51.0
s12303142208,35.0
s12308501189,37.0
s12308501190,41.0
s12308501473,39.0
s12308501474,40.0
s12308501811,42.0
s12308501812,42.0
s12310303629,20.0
s12358670085,26.0
s12367194791,23.0
s12372494832,30.0
s12372494889,20.0
s12373756571,26.0
s12373756572,29.0
s12373756573,31.0
s12373756574,45.0
s12373756575,40.0
s12373756576,48.0
s12375834699,66.0
s12375834700,32.0
s12375838501,23.0
s12375838502,42.0
s12434159470,22.0
s12434159471,23.0
s12434558313,30.0
s12434558314,34.0
s12434558315,27.0
s12434558318,31.0
s12451419216,24.0
s12513977050,937.0
s12513977201,908.0
s12513977203,902.0
s12513977730,830.0
s12513977731,816.0
s12516605363,544.0
s12516605365,581.0
s12516605367,616.0
s12516605368,767.0
s12516605370,720.0
s12516605371,698.0
s12516605372,678.0
s12516605373,489.0
s12516605374,609.0
s12516605375,542.0
s12516661901,740.0
s12516662203,371.0
s12516736178,758.0
s12516771087,597.0
s12516771088,608.0
s12516771090,677.0
s12516786918,1034.0
s12516786919,1076.0
s12516786939,801.0
s12516786954,625.0
s12516787722,391.0
s12517047788,806.0
s12517047789,937.0
s12527884851,260.0
s12527884852,568.0
s12527884854,246.0
s12527885695,361.0
s12527887447,355.0
s12527887448,293.0
s12527887449,442.0
s12527887450,356.0
s12527887451,301.0
s12527887452,272.0
s12541240028,143.0
s12580150772,938.0
s12612911550,363.0
s12616073555,863.0
s12616088536,766.0
s12626084545,194.0
s12626084558,353.0
s12626093175,379.0
s12626094059,303.0
s12626231496,609.0
s12626231500,639.0
s12626237101,316.0
s12626237104,596.0
s12626237123,381.0
s12626237124,426.0
s12626237125,308.0
s12626237126,586.0
s12626237127,486.0
s12626237128,326.0
s12626237129,266.0
s12626237130,326.0
s12626237131,240.0
s12626237132,480.0
s12626237134,573.0
s12626237136,491.0
s12626237141,422.0
s12626237146,446.0
s12626237147,547.0
s12626237151,558.0
s12626237152,554.0
s12626237153,491.0
s12626237154,554.0
s12626237155,555.0
s12626329430,553.0
s12626600248,269.0
s12646600801,195.0
s12646601777,128.0
s12646601778,128.0
s12646601779,118.0
s12646601781,98.0
s12646603118,96.0
s12646603119,103.0
s12677024698,303.0
s12677041735,197.0
s12677770178,253.0
s12677770179,271.0
s12677778177,190.0
s12677779570,277.0
s12677779571,127.0
s12677779572,161.0
s12677779573,170.0
s12677783074,167.0
s12677783415,150.0
s12688661382,133.0
s12762993670,1471.0
s12762993671,1233.0
s12762993673,1009.0
s12763020954,524.0
s12763020955,401.0
s12763020956,482.0
s12763020957,1088.0
s12763020958,1087.0
s12763020959,1125.0
s12763020960,1089.0
s12763020961,1361.0
s12763035018,661.0
s12763035019,690.0
s12763035022,659.0
s12763035023,584.0
s12763035024,421.0
s12763035028,410.0
s12763035030,387.0
s12763035031,531.0
s12763154830,569.0
s12763154832,302.0
s12763154833,286.0
s12763154834,311.0
s12763154835,537.0
s12763154836,487.0
s12763154837,492.0
s12763154838,243.0
s12763154839,253.0
s12763154840,254.0
s12763154841,272.0
s12763154842,272.0
s12763154844,302.0
s12763155669,356.0
s12763155671,360.0
s12763155672,338.0
s12763155673,392.0
s12763155674,407.0
s12763155675,1073.0
s12763155676,743.0
s12772101649,742.0
s12772101650,728.0
s12772142993,272.0
s12772142994,385.0
s12772143969,824.0
s12772143971,708.0
s12772143972,747.0
s12772143973,672.0
s12772143974,481.0
s12772143975,909.0
s12772151793,225.0
s12772151795,312.0
s12772151796,473.0
s12772646080,852.0
s12772646081,862.0
s12772647110,443.0
s12772647111,542.0
s12772647112,574.0
s12772647113,607.0
s12772647114,674.0
s12772647115,777.0
s12772647116,757.0
s12772647117,630.0
s12772647118,590.0
s12772647119,473.0
s12772647120,571.0
s12772647121,452.0
s12772647122,526.0
s12772647123,576.0
s12772647124,630.0
s12777284295,685.0
s12777303817,631.0
s12778196578,446.0
s12778201165,457.0
s12784837283,64.0
s12785501082,175.0
s12810534491,318.0
s12810534492,202.0
s12810561848,231.0
s12810563320,298.0
s12810564149,344.0
s12832452124,348.0
s12832452738,399.0
s12832452739,377.0
s12832452743,356.0
s12832452744,365.0
s12832452745,359.0
s12832452746,296.0
s12837597586,1541.0
s12837608126,1386.0
s12900355553,834.0
s12900355594,1012.0
s12900355595,1206.0
s12900355596,1035.0
s13157898887,110.0
s13174553597,78.0
s13270195093,33.0
s13303052230,119.0
s13322541951,28.0
s13610046528,127.0
s245720795,1047.0
s245721490,1162.0
s245723348,913.0
s245724632,819.0
s245728037,377.0
s1848134157,1895.0
s2084596662,1203.0
s2084597175,1133.0
s2084662992,1275.0
s2084662993,1350.0
s2455512182,923.0
s2455514195,259.0
s2455548703,722.0
s2455612532,1078.0
s2455649857,593.0
s2455675390,278.0
s2455704258,1205.0
s2458560284,877.0
s2458565985,1463.0
s2459029260,959.0
s2459029884,1392.0
s2459047665,1811.0
s2459081243,1889.0
s2459082183,1854.0
s2501011503,1054.0
s2584650588,1836.0
s2584650589,1867.0
s2584652059,1577.0
s3693467779,833.0
s3693467780,836.0
s4283849570,1289.0
s5156615408,1124.0
s5481995099,773.0
s6201067247,790.0
s6229198926,820.0
s6229200260,785.0
s6229200930,810.0
s6229743111,1253.0
s6233139095,810.0
s6233955157,790.0
s6233955870,783.0
s6234899184,775.0
s6236727653,1082.0
s6236992441,938.0
s6236992857,774.0
s6237090100,896.0
s6237836939,771.0
s6248175355,974.0
s6248175392,938.0
s6248308596,1201.0
s6248309046,948.0
s6248310634,729.0
s6248310635,695.0
s6248935883,1018.0
s6248936585,1051.0
s6251548356,1000.0
s6251548792,1403.0
s6258352699,902.0
s6258353015,809.0
s6258353031,864.0
s6376606248,909.0
s6376606249,1228.0
s6376606250,1231.0
s6376606251,1393.0
s6376613229,1020.0
s6376614013,1186.0
s6376614014,1150.0
s6377960585,773.0
s6377960586,180.0
s6381855186,1163.0
s6381855200,1224.0
s6381855201,974.0
s6398219538,803.0
s6449561894,621.0
s6449561954,629.0
s6449563149,600.0
s6449566318,971.0
s6449570331,1044.0
s6449585930,783.0
s6449590070,696.0
s6449592477,1025.0
s6449594966,1048.0
s6449595742,959.0
s6449596088,1195.0
s6449600169,499.0
s6462162183,72.0
s6828345585,1650.0
s6828345685,1368.0
s7160628233,1718.0
s7160914647,1469.0
s7160938883,778.0
s7431176479,1004.0
s7431176480,875.0
s7431176481,910.0
s7431176482,879.0
s7431176483,896.0
s7431404595,866.0
s7431404596,879.0
s7431404597,870.0
s7431404600,868.0
s7596219110,766.0
s7596219143,778.0
s7596232079,774.0
s7596232080,765.0
s7596275220,784.0
s7596275221,764.0
s7596275222,785.0
s7596275223,784.0
s7596275224,768.0
s7596275225,762.0
s7596275226,790.0
s7596397063,790.0
s7596426158,796.0
s7596429887,782.0
s7596429903,770.0
s7596429921,801.0
s7596429948,791.0
s7596429949,782.0
s7596429950,772.0
s7596429951,791.0
s7596430183,774.0
s7596430184,781.0
s7596430299,797.0
s7596430337,780.0
s7596430338,789.0
s7596430385,770.0
s7596430386,774.0
s7596430413,758.0
s7596430529,801.0
s7596430644,782.0
s7596430693,773.0
s7596430694,798.0
s7596431936,761.0
s7596431946,769.0
s7596431986,778.0
s7596432077,833.0
s7596432122,776.0
s7596432244,773.0
s7596432245,793.0
s7596432327,773.0
s7596432328,807.0
s7596432413,770.0
s7596522152,1042.0
s7654208926,210.0
s7903872143,1163.0
s8484076954,864.0
s8484076955,1245.0
s8484076983,1551.0
s8484076984,813.0
s8484084251,1336.0
s8484084500,1519.0
s8484086795,802.0
s8484112277,785.0
s8777055305,621.0
s8906484781,788.0
s9195838415,949.0
s9195838468,931.0
s9635135901,981.0
s9635160085,860.0
s9642317844,1098.0
s9642338733,940.0
s9642391972,1163.0
s9642392231,1426.0
s9642392241,1460.0
s9649696280,1059.0
s9649696314,824.0
s9649701796,835.0
s9728731317,47.0
s9820287174,1414.0
s9820287175,1014.0
s9820494213,1343.0
s9820494214,1016.0
s9820494215,1046.0
s9820494216,910.0
s9820496732,877.0
s9820496750,1333.0
s9820496751,1474.0
s9820516009,1261.0
s9820516011,1158.0
s9820516012,1285.0
s9820516077,1193.0
s9820516109,1258.0
s9820516117,1203.0
s9820523117,826.0
s9820523118,285.0
s9821992043,1269.0
s9821992044,1483.0
s9821992046,1267.0
s9821992047,1141.0
s9821992048,1286.0
s9821992049,1262.0
s9822012165,578.0
s9822262617,493.0
s9822262632,876.0
s9822508284,1359.0
s9822534539,1018.0
s9822534540,984.0
s9822534542,881.0
s9822534544,1115.0
s9822561828,902.0
s9822592888,776.0
s9822612531,802.0
s9822622904,1312.0
s9822622908,1290.0
s9822622911,1240.0
s9822622914,1297.0
s9822629759,876.0
s9822629764,1152.0
s9822641817,1176.0
s9822651722,1337.0
s9822651724,852.0
s9822651725,810.0
s9822762617,1089.0
s9822762646,1222.0
s9822762676,1339.0
s9822762677,1350.0
s9822762699,1041.0
s9822762756,789.0
s9822762778,1030.0
s9822793547,854.0
s9822793576,1209.0
s9822793594,1382.0
s9822805837,619.0
s9822805838,985.0
s9822859235,895.0
s9822859312,853.0
s9822859360,262.0
s9822867941,1345.0
s9822867945,924.0
s9822867946,963.0
s9822867961,805.0
s9824333342,1428.0
s9824333354,894.0
s9824333355,849.0
s9824624048,956.0
s9824624052,831.0
s9824624053,827.0
s9824624055,804.0
s9824684779,819.0
s9824684780,1008.0
s9824684783,807.0
s9824684784,846.0
s9824684788,835.0
s9824684790,806.0
s9827109534,942.0
s9827109674,795.0
s9827259430,896.0
s9827399018,811.0
s9827444173,835.0
s9827504642,810.0
s9827504675,819.0
s9827856643,1338.0
s9828146597,862.0
s9828163861,218.0
s9828163869,214.0
s9828163871,212.0
s9828163911,563.0
s9828209849,847.0
s9828209850,857.0
s9828209937,837.0
s9828209938,965.0
s9828220560,1325.0
s9828220561,1258.0
s9828220562,1441.0
s9828220563,884.0
s9828220564,847.0
s9828220565,839.0
s9828220570,980.0
s9828220577,837.0
s9828220578,812.0
s9828220582,822.0
s9828220583,804.0
s9828220584,1035.0
s9828220585,789.0
s9834146706,941.0
s9834146710,974.0
s9836198328,1296.0
s9836198329,1151.0
s9839806367,1194.0
s9839806368,1088.0
s9839806369,1413.0
s9839806370,698.0
s9839806372,770.0
s9839806373,1117.0
s9839806374,1349.0
s9839806386,1257.0
s9930024012,774.0
s10114946399,778.0
s10123992407,318.0
s10123996343,310.0
s10130973464,179.0
s10137564698,199.0
s10139136596,748.0
s10139136597,254.0
s10139136598,669.0
s10945116814,819.0
s10948742530,919.0
s10960258725,1137.0
s10960258726,1107.0
s10960258727,818.0
s10994466804,826.0
s10994536505,840.0
s10994536506,825.0
s10994536550,838.0
s10996224893,1033.0
s10997475996,817.0
s10998421979,915.0
s10999578205,1520.0
s10999578206,1463.0
s10999578207,1274.0
s10999578208,1123.0
s10999578209,1224.0
s10999578210,745.0
s10999578211,734.0
s11015343884,848.0
s11022224926,776.0
s11022360877,779.0
s11034596555,840.0
s11037674994,808.0
s11055046789,821.0
s11057267736,831.0
s11057267739,810.0
s11063971496,872.0
s11064118287,798.0
s11064118288,813.0
s11069949488,877.0
s11069949489,851.0
s11085995108,1772.0
s11087066696,798.0
s11087066697,798.0
s11087106241,856.0
s11094588103,800.0
s11164800543,893.0
s11168089926,752.0
s11171654223,687.0
s11172132920,371.0
s11172427891,1145.0
s11172427901,622.0
s11172744276,1101.0
s11172744287,1069.0
s11188906961,972.0
s11188907014,853.0
s11200961783,1151.0
s11267251603,201.0
s11267251604,290.0
s11333735632,199.0
s11333735633,202.0
s11361911863,800.0
s11363369445,800.0
s11393210153,1199.0
s11403315723,826.0
s11404786578,914.0
s11494308900,1377.0
s11494326993,1652.0
s11494410492,1230.0
s11519198401,820.0
s11520093548,789.0
s11522102651,41.0
s11522842012,819.0
s11524522477,795.0
s11524522524,790.0
s11524522525,791.0
s11524522527,790.0
s11557003740,859.0
s11557003741,849.0
s11584778650,1091.0
s11584778667,1504.0
s11592309345,398.0
s11606705460,1189.0
s11608340725,1164.0
s11608897864,1729.0
s11608897865,1709.0
s11609427139,775.0
s11615146065,1259.0
s11615157973,1095.0
s11617080670,1022.0
s11620146700,871.0
s11620146736,1022.0
s11620146745,1098.0
s11632529702,1329.0
s11632529742,1360.0
s11632529792,1152.0
s11633044286,1000.0
s11638624078,886.0
s11638741656,1128.0
s11646983104,969.0
s11646983121,836.0
s11650657324,1008.0
s11650657345,921.0
s11660942649,839.0
s11660942653,920.0
s11663810088,1341.0
s11680153207,804.0
s11693707201,878.0
s11694154599,1605.0
s11694154600,1700.0
s11694154601,1546.0
s11715764754,377.0
s11715953782,974.0
s11715953867,515.0
s11715953868,467.0
s11772693880,783.0
s11772693911,791.0
s11772736498,822.0
s11772736499,804.0
s11772736802,795.0
s11780368889,241.0
s11819962910,1000.0
s11819962911,845.0
s11819962912,815.0
s11860973511,774.0
s11860973526,867.0
s11860973527,838.0
s11860973528,864.0
s11863294658,774.0
s11863297975,795.0
s11863297976,788.0
s11863297977,775.0
s11863297978,774.0
s11866651748,818.0
s11866678276,812.0
s11866678277,849.0
s11867586036,802.0
s11867586058,801.0
s11869480101,793.0
s11869481601,867.0
s11869807021,796.0
s11870069122,858.0
s11870095809,813.0
s11871709500,812.0
s11872439947,804.0
s11918692376,236.0
s11918692397,248.0
s11919388250,1000.0
s11919388268,962.0
s11920252365,786.0
s11920279895,773.0
s11920279918,778.0
s11920279935,773.0
s11920279936,774.0
s11933550715,764.0
s11933579372,762.0
s11969072865,370.0
s11969109586,572.0
s11969109587,749.0
s11969432790,56.0
s11972067878,632.0
s11975124194,1271.0
s11975138840,1217.0
s11976451262,31.0
s11978452947,1211.0
s11978452948,1108.0
s11978769478,289.0
s11994686137,823.0
s11994686138,822.0
s11994687918,920.0
s12003249183,593.0
s12003263821,602.0
s12003263823,34.0
s12003263857,72.0
s12003265040,31.0
s12020119091,1468.0
s12053139945,69.0
s12054051065,55.0
s12054051107,28.0
s12055365295,51.0
s12061686038,55.0
s12067060926,853.0
s12067618145,804.0
s12067618156,791.0
s12083729114,844.0
s12083729115,828.0
s12084034571,819.0
s12084034572,849.0
s12084034573,796.0
s12096936527,796.0
s12096936528,801.0
s12096936534,835.0
s12115782772,974.0
s12115782780,1030.0
s12116423924,923.0
s12119048588,817.0
s12119062602,853.0
s12119062635,852.0
s12149550369,823.0
s12149818034,1093.0
s12149818036,1118.0
s12150582224,1005.0
s12154211663,818.0
s12154211678,811.0
s12162532686,38.0
s12162534726,30.0
s12170872558,36.0
s12170898600,41.0
s12178834031,1033.0
s12187185176,1824.0
s12187185313,1097.0
s12187185314,844.0
s12187185315,818.0
s12187185324,788.0
s12187185370,997.0
s12187185570,1238.0
s12187250258,1379.0
s12187276598,875.0
s12205922874,869.0
s12205922875,831.0
s12219007695,820.0
s12219007696,860.0
s12219048436,995.0
s12219142844,1266.0
s12222698710,883.0
s12230182383,828.0
s12329641076,49.0
s12338281900,43.0
s12339415447,40.0
s12343835722,33.0
s12346230220,34.0
s12346230233,16.0
s12346230290,47.0
s12347713952,107.0
s12349615444,32.0
s12349615458,32.0
s12349615459,31.0
s12349624211,47.0
s12349624212,28.0
s12363196005,422.0
s12363196028,178.0
s12363196029,28.0
s12363196034,56.0
s12363196035,69.0
s12363196036,35.0
s12363196037,37.0
s12368519685,810.0
s12372569078,50.0
s12380695921,56.0
s12387235357,118.0
s12387366326,139.0
s12388332860,54.0
s12389010633,49.0
s12389131484,501.0
s12389187261,908.0
s12389187262,696.0
s12389199234,690.0
s12389261809,375.0
s12391620974,385.0
s12395672817,90.0
s12396486729,385.0
s12396926967,39.0
s12398953804,310.0
s12399027058,28.0
s12399035388,85.0
s12399035389,48.0
s12421587398,1178.0
s12421587399,828.0
s12421587400,657.0
s12423564144,833.0
s12440447900,843.0
s12462716586,815.0
s12469775929,798.0
s12469775975,850.0
s12469775976,831.0
s12469790708,877.0
s12469844140,882.0
s12469844141,1029.0
s12472007230,866.0
s12472012329,1151.0
s12473272642,853.0
s12473296802,914.0
s12473296805,836.0
s12473296816,1033.0
s12473296930,844.0
s12473296932,847.0
s12473296933,825.0
s12474552136,836.0
s12479293577,835.0
s12479502664,1122.0
s12479502668,1060.0
s12479519675,856.0
s12513153821,1064.0
s12513153822,1184.0
s12626604280,821.0
s12705309086,1159.0
s12705576113,829.0
s12705662124,816.0
s12705662125,820.0
s12705662126,822.0
s12705662127,825.0
s12705662128,821.0
s12705662129,862.0
s12705662130,1279.0
s12705662131,1500.0
s12705662132,1373.0
s12705662133,818.0
s12705662139,779.0
s12708576217,1006.0
s12708576218,984.0
s12709538203,795.0
s12709538204,832.0
s12714019297,807.0
s12714023315,782.0
s12720551275,843.0
s12720551276,850.0
s12720551286,1208.0
s12720551287,863.0
s12723897088,838.0
s12723897089,816.0
s12723897099,869.0
s12723909803,856.0
s12723909804,1056.0
s12723909824,850.0
s12723909825,846.0
s12735406494,1133.0
s12735406496,930.0
s12745033491,828.0
s12778371935,1020.0
s12784837282,614.0
s12784884823,419.0
s12784884824,339.0
s12784887036,94.0
s12784887037,98.0
s12785519722,627.0
s12785519852,305.0
s12785768965,1144.0
s12785768966,955.0
s12785768967,1027.0
s12785768968,897.0
s12785781077,772.0
s12785781078,939.0
s12785781079,951.0
s12785832782,1522.0
s12794974059,790.0
s12794974060,793.0
s12794974061,796.0
s12795207772,803.0
s12795207773,805.0
s12795207774,804.0
s12795926751,781.0
s12795926756,781.0
s12795926759,781.0
s12795926760,776.0
s12795926766,785.0
s12795926767,792.0
s12795926773,784.0
s12795926777,787.0
s12795926779,776.0
s12795926780,780.0
s12795926792,794.0
s12795926793,794.0
s12795926794,795.0
s12795926799,786.0
s12797892586,797.0
s12797892587,783.0
s12797892590,800.0
s12797892591,793.0
s12797899333,790.0
s12797899334,773.0
s12797899335,769.0
s12797899336,815.0
s12797899337,791.0
s12798011187,772.0
s12798011188,800.0
s12798011189,807.0
s12798011190,789.0
s12798011191,776.0
s12798011192,792.0
s12798011193,769.0
s12798011195,801.0
s12801159317,787.0
s12801338980,762.0
s12842950026,750.0
s12846931566,1022.0
s12846931567,886.0
s12847455282,996.0
s12847455466,863.0
s12847455467,834.0
s12847455468,878.0
s12847455469,785.0
s12847456251,196.0
s12847573256,208.0
s12856428314,1236.0
s12856428315,942.0
s12859744299,1093.0
s12859745880,1019.0
s12859746429,1093.0
s12859747670,637.0
s12859748605,917.0
s12861486041,705.0
s12861551206,342.0
s12873111837,1094.0
s12944253040,1700.0
s12944253307,1084.0
s12944253716,1025.0
s12944253717,1108.0
s12944388468,1444.0
s12944388469,1476.0
s12944388472,1208.0
s12944388473,807.0
s12944388474,900.0
s12944388476,1059.0
s12944388477,1029.0
s12944388478,1099.0
s12944388479,1041.0
s12944388480,1180.0
s12954505164,834.0
s12954505165,771.0
s12956742314,777.0
s12956811935,840.0
s12956811936,815.0
s12956811938,819.0
s12961199034,1174.0
s12961215139,1245.0
s12961215140,1232.0
s12961215141,489.0
s12961215142,1312.0
s12961215143,1479.0
s12961215145,1491.0
s12961215146,1375.0
s12961215147,1389.0
s12961228249,1409.0
s12961286924,1006.0
s12964496467,984.0
s12964496468,977.0
s12971851081,757.0
s12976078950,824.0
s12976078951,827.0
s12978049571,822.0
s12978049572,840.0
s12978049573,799.0
s12978049574,800.0
s12978049575,794.0
s12978318378,864.0
s12978318379,895.0
s12978318380,880.0
s12988719174,829.0
s13004689069,815.0
s13004689070,821.0
s13007507206,701.0
s13007507207,1234.0
s13007507209,648.0
s13014467132,856.0
s13014467144,906.0
s13014467152,809.0
s13014467153,814.0
s13014467154,848.0
s13014467169,852.0
s13014472544,919.0
s13014472546,873.0
s13014472560,834.0
s13014472562,854.0
s13014472565,893.0
s13014472855,860.0
s13014472858,867.0
s13014472883,874.0
s13014472884,815.0
s13015593683,802.0
s13015595488,843.0
s13015630552,841.0
s13015909231,1008.0
s13015909232,963.0
s13015909233,1254.0
s13015909234,963.0
s13015923602,1070.0
s13015923766,542.0
s13015923767,608.0
s13015923768,1345.0
s13015923778,475.0
s13015923779,424.0
s13015923891,670.0
s13015923899,993.0
s13015923900,1047.0
s13015923902,1067.0
s13015923905,1086.0
s13015923918,1264.0
s13016191638,454.0
s13016329544,1469.0
s13016467510,1499.0
s13016467661,901.0
s13016467742,1133.0
s13016560988,1432.0
s13019460493,890.0
s13019470521,935.0
s13019792521,1020.0
s13019792522,998.0
s13026728853,254.0
s13026892832,1168.0
s13026892850,1172.0
s13027256508,368.0
s13027256511,885.0
s13027263543,886.0
s13027263544,747.0
s13027263617,997.0
s13028137608,1235.0
s13030215428,623.0
s13030215483,860.0
s13030215484,886.0
s13030215538,920.0
s13030215540,821.0
s13030215671,885.0
s13030215672,872.0
s13030215704,972.0
s13030215714,895.0
s13030437406,1192.0
s13030520978,1028.0
s13030520979,988.0
s13030520980,997.0
s13036810537,826.0
s13058761558,987.0
s13062000961,832.0
s13062001083,638.0
s13063802231,44.0
s13063813652,50.0
s13063813653,23.0
s13063883935,54.0
s13063883936,80.0
s13136702827,829.0
s13136917468,932.0
s13136917473,848.0
s13136917476,1023.0
s13175815989,965.0
s13175845253,1057.0
s13185815339,785.0
s13186365554,821.0
s13186365562,841.0
s13186365577,807.0
s13186528669,1075.0
s13186528671,1440.0
s13186649016,827.0
s13186649017,834.0
s13186649019,795.0
s13190865577,866.0
s13190865578,837.0
s13190865592,809.0
s13190881001,826.0
s13205535698,1392.0
s13205568424,693.0
s13205568427,1085.0
s13205568428,1326.0
s13205568429,812.0
s13205568430,825.0
s13205568431,830.0
s13250685907,788.0
s13250685908,784.0
s13263860989,717.0
s13264959827,531.0
s13274036744,846.0
s13274427988,914.0
s13275554639,936.0
s13275554640,914.0
s13275554650,691.0
s13275554651,688.0
s13275554664,1035.0
s13275554665,1189.0
s13275554671,977.0
s13275554674,1135.0
s13275554680,1110.0
s13275554686,909.0
s13275554878,1190.0
s13275554893,1094.0
s13275554903,948.0
s13275778502,960.0
s13275778674,1107.0
s13275778675,631.0
s13275778682,667.0
s13275945799,1069.0
s13279813440,1014.0
s13279813573,1307.0
s13281236111,949.0
s13281236118,878.0
s13281236120,677.0
s13281236163,1059.0
s13281236192,982.0
s13282216509,812.0
s13282216510,829.0
s13282216511,810.0
s13282216512,843.0
s13282216576,894.0
s13283628640,843.0
s13283628643,909.0
s13286094822,973.0
s13286094901,1110.0
s13286309906,973.0
s13287043028,800.0
s13287043029,818.0
s13287043031,798.0
s13287995983,1155.0
s13287995984,1179.0
s13288674384,821.0
s13288674385,809.0
s13288674386,845.0
s13288674387,825.0
s13288674388,827.0
s13289693594,819.0
s13289742501,833.0
s13289894503,785.0
s13289894508,793.0
s13289894510,782.0
s13290637505,806.0
s13290637580,805.0
s13299241591,827.0
s13299241601,857.0
s13299241604,896.0
s13299241627,957.0
s13299241643,839.0
s13299241655,860.0
s13311753826,1512.0
s13317712603,888.0
s13317712609,878.0
s13317712614,991.0
s13317712615,784.0
s13317712629,929.0
s13317712634,804.0
s13317712636,1056.0
s13317712922,1107.0
s13329382439,800.0
s13332451483,790.0
s13337063745,810.0
s13337070111,811.0
s13354275545,1054.0
s13356242964,784.0
s13356366324,902.0
s13358446865,1041.0
s13359898006,1445.0
s13359988649,1413.0
s13364471797,910.0
s13364662438,832.0
s13364662439,838.0
s13364662440,834.0
s13364662441,839.0
s13364662442,823.0
s13367909052,1120.0
s13370683759,828.0
s13373028555,760.0
s13373028572,754.0
s13375126863,1217.0
s13375741049,781.0
s13375741067,785.0
s13375741068,778.0
s13379076565,1699.0
s13383152934,811.0
s13387626108,813.0
s13387658725,829.0
s13387734064,849.0
s13394219269,807.0
s13394219270,797.0
s13394219271,808.0
s13438036186,831.0
s13438043861,773.0
s13438052422,779.0
s13443958836,772.0
s13443958837,783.0
s13587535190,705.0
s13587535191,696.0
s13587535192,651.0
s13587535195,1326.0
s13590657652,799.0
s13590657653,800.0
s13590657654,796.0
s13590657655,800.0
s13590657656,859.0
s13590657670,826.0
s13590657671,847.0
s13590657672,824.0
s13590657691,881.0
s13593155108,841.0
s13593155140,804.0
s13620908700,871.0
s13638936947,828.0
s13723913893,807.0
s13723913894,808.0
s13738262194,1258.0
s13748887102,1203.0
s13749164275,1215.0
s13764468310,847.0
s13764468311,853.0
s13764468328,857.0
s13764737230,1220.0
s13764743627,1315.0
s13812146049,265.0
s13812146050,255.0
s13812146076,600.0
s13828520652,1377.0
s13874380711,1293.0
s13877760195,961.0
s13879258862,1314.0
s13888871153,1097.0
s13889845797,1099.0
s13899903476,1626.0
s245725129,904.0
s245731955,1559.0
s9649701797,824.0
s9649701830,800.0
s9822651732,841.0
s9822651734,1090.0
s9831518376,284.0
s9831518393,711.0
s9952197355,1644.0
s9952210833,1700.0
s10081235768,256.0
s11554140307,1201.0
s11554140326,943.0
s11554140327,1019.0
s13812146040,850.0
s13816245044,1922.0
s13816269616,1755.0
s13816269634,1683.0
s13817952182,282.0
s245734491,1718.0
s1848134138,1811.0
s6251548357,997.0
s12944317351,980.0
s12944317369,1192.0
s12944317379,1133.0
s9956578566,1474.0
s10864806334,1697.0
s12883065262,1025.0
s245729844,97.0
s245730713,66.0
s245731637,1096.0
s245732730,1576.0
s245732875,1162.0
s245733093,1652.0
s245734988,1012.0
s245735667,1206.0
s245735780,1485.0
s245736242,511.0
s245736665,1286.0
s245737555,870.0
s245737768,333.0
s245738741,301.0
s245739851,65.0
s1262013875,1245.0
s1262013973,1422.0
s1262014179,17.0
s1262014344,1190.0
s1262014463,30.0
s1262014635,39.0
s1262014743,957.0
s1262014817,31.0
s1262014838,260.0
s1262014939,1259.0
s1262015033,1113.0
s1262015202,1481.0
s1262015226,1308.0
s1262015418,1321.0
s1262084462,55.0
s1262084616,41.0
s1262084701,274.0
s1262085093,59.0
s1262085191,154.0
s1262085291,187.0
s1262085444,611.0
s1329752259,90.0
s1329752276,751.0
s3178190161,482.0
s3489223621,1831.0
s3498512460,1355.0
s3498512461,1337.0
s3498512462,1332.0
s3498528953,1375.0
s3498593553,1531.0
s3933644721,403.0
s4022577378,430.0
s4022667266,787.0
s4571405213,476.0
s4571408897,474.0
s4905897536,582.0
s5352503441,1097.0
s5352802733,386.0
s5352802961,552.0
s5352802962,783.0
s5352803475,60.0
s5352803496,534.0
s5352803497,882.0
s5352807461,452.0
s5353084046,1638.0
s5353084090,644.0
s5353533661,500.0
s5353533785,1206.0
s5353533864,542.0
s5353533865,445.0
s5353533984,870.0
s5353534186,405.0
s5353534187,754.0
s5353534188,1152.0
s5353534647,1131.0
s5353534648,1056.0
s5353534833,778.0
s5353534834,495.0
s5353534835,425.0
s5353534836,415.0
s5354919981,349.0
s5354920009,622.0
s5354920116,472.0
s5354920117,501.0
s5354920167,532.0
s5355167393,685.0
s5355287501,1728.0
s5355287589,1785.0
s5359722626,1171.0
s5359722851,870.0
s5359722907,106.0
s5371423637,547.0
s5371423638,542.0
s5371423832,624.0
s5371424628,727.0
s5371424629,594.0
s5371425541,613.0
s5372576400,447.0
s5372576826,128.0
s5379579507,342.0
s5379579508,615.0
s5379579509,528.0
s5380914170,1217.0
s5381238695,1472.0
s5381238696,1216.0
s5381238697,1542.0
s5381238698,1675.0
s5381302708,1325.0
s5383968521,656.0
s5383989465,344.0
s5384484158,887.0
s5384484159,762.0
s5384484160,689.0
s5411122666,720.0
s5411122667,1392.0
s5411122878,742.0
s5411122879,819.0
s5411122880,1194.0
s5465498650,859.0
s5465498829,919.0
s5465498830,655.0
s5465546931,1686.0
s5789836397,832.0
s6191064769,77.0
s6203746159,564.0
s6250024029,993.0
s6253407673,771.0
s6253407686,758.0
s6253407687,682.0
s6253407688,103.0
s6253407689,51.0
s6253407690,56.0
s6253407691,393.0
s6253408770,770.0
s6253841484,1351.0
s6253841710,1307.0
s6253845460,1337.0
s6255618606,1762.0
s6255619980,1389.0
s6255621436,1508.0
s6255622148,1496.0
s6255622177,1673.0
s6255623311,1428.0
s6255623378,1388.0
s6255623671,1301.0
s6255623672,858.0
s6255624287,1360.0
s6255680069,1675.0
s6255680215,1593.0
s6255778045,1848.0
s6255781605,1762.0
s6286817795,73.0
s7162274352,564.0
s7162274353,1849.0
s7162274355,1867.0
s7162321057,46.0
s7162321058,44.0
s7162321059,167.0
s7162321063,71.0
s7162349311,72.0
s7698287402,999.0
s7838378983,1673.0
s8325386818,1273.0
s8792007305,531.0
s8792575637,1046.0
s8792583777,721.0
s8792583778,760.0
s8792619686,645.0
s8792619687,627.0
s8792619693,406.0
s8792655595,24.0
s8794012568,734.0
s8794012569,713.0
s8898472255,846.0
s8898472256,832.0
s8898472257,877.0
s8898472258,893.0
s8907279921,1592.0
s8907279923,1653.0
s8907279924,1646.0
s9186667385,1653.0
s10570216797,957.0
s10570230615,1373.0
s10570239687,998.0
s10570246159,1392.0
s10570246901,1013.0
s10570246902,914.0
s10570248059,1621.0
s10570248227,1362.0
s10570248754,1297.0
s10570249434,1462.0
s10570249800,1066.0
s10570251658,1125.0
s10570251660,894.0
s10570253258,913.0
s10570253259,971.0
s10570254229,1479.0
s10570254230,616.0
s10570254316,960.0
s10709887836,1437.0
s10709921608,1208.0
s10709921609,319.0
s10725655745,755.0
s10725655747,965.0
s10725662331,1436.0
s10958222661,1428.0
s10958222662,1434.0
s10958222663,1448.0
s11763920596,52.0
s12195541209,996.0
s12195541210,1145.0
s12195541211,1021.0
s12195541213,952.0
s12195541214,957.0
s12243694657,263.0
s12279692850,279.0
s12450410523,1658.0
s12462563220,1757.0
s12465317247,1846.0
s12875788253,539.0
s12875788254,562.0
s12875788255,554.0
s12875788256,538.0
s12875788257,662.0
s12875788258,678.0
s12875788259,521.0
s12875788260,538.0
s13550836663,510.0
s13550983409,805.0
s13568394638,966.0
s13568394643,1117.0
s13568394644,1082.0
s13568394653,1205.0
s13568394662,1025.0
s13572972983,948.0
s245702605,179.0
s245704276,579.0
s245704318,277.0
s245704838,262.0
s245705252,809.0
s245705514,811.0
s245706849,706.0
s245708693,1335.0
s245710288,1024.0
s245710527,118.0
s245710577,893.0
s245710645,1211.0
s245711650,1283.0
s245711703,486.0
s245711806,914.0
s245711908,1571.0
s245712520,1179.0
s245712869,1384.0
s245712879,744.0
s245713318,841.0
s245713805,915.0
s245714304,1549.0
s245714375,902.0
s245714410,1567.0
s245715530,854.0
s245715707,823.0
s245717775,1034.0
s245718266,1039.0
s245720464,623.0
s245720768,553.0
s245722057,216.0
s856728488,662.0
s1795712165,1216.0
s1848820961,187.0
s1848820962,1046.0
s2017884064,89.0
s2083635814,1412.0
s2083635815,72.0
s2083635817,68.0
s2083635818,339.0
s2083635820,684.0
s2083680071,1161.0
s2083680073,770.0
s2083680074,557.0
s2084596890,676.0
s2084596946,775.0
s2135982229,809.0
s2135988032,762.0
s2455229369,1069.0
s2455229535,818.0
s2455262478,830.0
s2455486911,438.0
s2491833516,670.0
s2501070214,1205.0
s2501374379,1198.0
s2501392970,1153.0
s2518720215,547.0
s2518720479,826.0
s2518720637,169.0
s2518804531,96.0
s2518842117,224.0
s3158801851,1322.0
s3158802298,1548.0
s3158802307,1115.0
s3158802416,1516.0
s3158802941,1362.0
s3885088826,1293.0
s3885089326,1061.0
s3885106214,1302.0
s5232413103,227.0
s5380417193,707.0
s5380417201,135.0
s5380417370,609.0
s5380417421,602.0
s5380417435,511.0
s5702255825,1163.0
s5822801358,847.0
s6188504443,54.0
s6202256842,1215.0
s6202381605,1166.0
s6202382789,518.0
s6205513687,1372.0
s6205920888,1566.0
s6205920998,1393.0
s6205920999,1250.0
s6205921914,1381.0
s6205938165,1505.0
s6206020924,1095.0
s6206079133,1640.0
s6206079134,1481.0
s6206079135,1178.0
s6206079140,1550.0
s6206207760,89.0
s6206323710,756.0
s6206323711,812.0
s6207231256,1326.0
s6207231388,1300.0
s6207231389,1338.0
s6207231390,969.0
s6207231391,1546.0
s6207231392,1413.0
s6208692951,870.0
s6208778433,778.0
s6210677028,1437.0
s6210677029,1262.0
s6210677032,1351.0
s6210677033,1334.0
s6210677034,1247.0
s6210677035,1180.0
s6210677036,1106.0
s6210677037,1127.0
s6210677038,1278.0
s6210831107,135.0
s6239245721,76.0
s6512763291,1167.0
s6512796825,1384.0
s6586137905,1262.0
s6586155061,594.0
s6586159894,162.0
s6586176715,144.0
s6586180775,562.0
s6586189285,185.0
s6586189768,1080.0
s6586194632,1580.0
s6586196583,1100.0
s6586199424,1512.0
s6586201638,1057.0
s6586208174,605.0
s6588373707,113.0
s6588409248,1045.0
s6588411341,630.0
s6588417781,1018.0
s6588443125,366.0
s6590383612,167.0
s6590409226,76.0
s6595802081,120.0
s6824936286,1098.0
s6824937385,69.0
s6826316787,1313.0
s6827118489,774.0
s7047092741,120.0
s7162161882,770.0
s7162161883,559.0
s7162182743,898.0
s7379321416,843.0
s9846000394,882.0
s9917457945,1357.0
s9917468717,1324.0
s9917744605,49.0
s9917764822,79.0
s9917804358,74.0
s10095674124,1546.0
s10095757591,1049.0
s12249036273,124.0
s12249233747,112.0
s12249233748,429.0
s12256431687,730.0
s12256449181,603.0
s12256461760,704.0
s12256464970,896.0
s12256464976,769.0
s12269716838,43.0
s12272115214,101.0
s12272115216,58.0
s12434558865,607.0
s12811469927,1385.0
s12872853039,110.0
s13005440749,1201.0
s13005440783,1182.0
s13005444801,949.0
s245732146,1294.0
s245736456,1536.0
s245736606,1457.0
s245741532,1799.0
s245745090,634.0
s245750654,754.0
s830367831,983.0
s1431554634,1489.0
s1676893235,1259.0
s2084899505,520.0
s2084956629,1675.0
s2084973726,1392.0
s2084973729,1335.0
s2084973884,1883.0
s2455740979,1213.0
s2459266817,1167.0
s2682295768,1206.0
s2682789681,954.0
s2717284577,1090.0
s2717326100,1314.0
s2717339767,1202.0
s2719492929,643.0
s2720295490,1297.0
s2720296299,1199.0
s2720307180,1112.0
s2720307181,1122.0
s2725104185,1354.0
s3253385745,1802.0
s3613137018,1469.0
s3834459648,1775.0
s3901517090,1360.0
s3925317113,1558.0
s4100970859,767.0
s4260263035,304.0
s4269670653,314.0
s4273504145,385.0
s4315550898,1081.0
s4514882420,248.0
s5757542021,1272.0
s5757543119,1452.0
s5757552042,1456.0
s5763175304,456.0
s5763183353,465.0
s5870291398,1301.0
s5938675294,199.0
s5951766963,1658.0
s5951964665,711.0
s5951965122,759.0
s6148448564,189.0
s6151697397,2189.0
s6151697399,1729.0
s6151697401,1657.0
s6151697404,778.0
s6151697408,900.0
s6151697409,1066.0
s6151697419,1795.0
s6151697428,822.0
s6151698438,1125.0
s6244035401,1553.0
s6244035402,1428.0
s6244035745,1423.0
s6244035746,1178.0
s6257013736,1106.0
s6284526881,1674.0
s6286190569,1478.0
s6286331613,1097.0
s6286331614,1510.0
s6286587448,1401.0
s6286587449,1483.0
s6286587450,1518.0
s6286587451,1359.0
s6286587452,1404.0
s6286587454,1392.0
s6286587460,1432.0
s6286587461,1419.0
s6286587462,1460.0
s6286587463,1570.0
s6818305739,1677.0
s6818305779,615.0
s6818318518,1409.0
s6818321786,874.0
s6818321787,1099.0
s6818978587,640.0
s6818978588,646.0
s6818978589,1182.0
s6818978590,1202.0
s6818979588,1058.0
s6818979589,1038.0
s6818979590,974.0
s6818979591,769.0
s6818979687,841.0
s6818979688,1284.0
s6818979689,1082.0
s6818979691,705.0
s6819061578,1394.0
s6819068386,1704.0
s6819100585,1435.0
s6819105785,1674.0
s6819152693,1998.0
s6819152799,1566.0
s6819153988,1917.0
s6819154386,1514.0
s6819934390,1243.0
s6819961591,1599.0
s6819961685,1554.0
s6819961692,1676.0
s6819961694,1660.0
s6819961695,1587.0
s6819961696,1600.0
s6819961697,1552.0
s6820746526,1436.0
s6820746586,2055.0
s6820746592,2132.0
s6820757827,893.0
s6820875485,1424.0
s6820875685,1789.0
s6821014212,862.0
s6821022288,909.0
s6821169685,1128.0
s6821170952,1428.0
s6821180870,766.0
s6823553389,173.0
s6823699595,451.0
s6823831685,1598.0
s6871220210,1259.0
s6871220278,896.0
s6878533651,1153.0
s6888255508,399.0
s6888256493,810.0
s7160202172,1640.0
s7160202173,1529.0
s7160202174,1912.0
s7160227764,2202.0
s7160227765,1294.0
s7160227766,214.0
s7160248166,1700.0
s7160366344,1431.0
s7160367649,843.0
s7160367650,954.0
s7160367651,1168.0
s7160367652,960.0
s7160367653,1851.0
s7160367654,997.0
s7160367655,1018.0
s7160394994,1240.0
s7160409547,832.0
s7160464304,629.0
s7160464305,552.0
s7418609008,153.0
s7924945335,1379.0
s7924945336,1105.0
s7924945337,1460.0
s8148061477,477.0
s8148061479,1276.0
s8148061480,1047.0
s8148061481,1007.0
s8148061483,647.0
s8148080629,560.0
s8148080630,572.0
s8148080631,349.0
s8148080952,816.0
s8148080953,898.0
s8148087804,1177.0
s8148087805,1364.0
s8148087806,1444.0
s8148087807,1225.0
s8148087808,1607.0
s8148087809,1989.0
s8148089571,1029.0
s8148110403,1385.0
s8148110404,1407.0
s8148110405,1292.0
s8148110406,1379.0
s8148110407,1304.0
s8148110408,1768.0
s8148110409,2122.0
s8148110411,2010.0
s8148110412,2058.0
s8148110413,2245.0
s8148110414,1838.0
s8148110415,1802.0
s8148110416,1632.0
s8148124917,1864.0
s8148124918,1200.0
s8148124919,1224.0
s8148124920,1601.0
s8148124921,893.0
s8148128731,1272.0
s8148128732,1262.0
s8148128733,1661.0
s8148134751,541.0
s8148134753,440.0
s8148134754,723.0
s8148134756,455.0
s8148134757,1482.0
s8148134758,1409.0
s8148134759,1301.0
s8148134760,1319.0
s8148134761,1056.0
s8148134762,1830.0
s8148134763,1942.0
s8148134764,1894.0
s8148134766,1650.0
s8148354465,721.0
s8148354466,1469.0
s8148354467,1213.0
s8148354468,1062.0
s8148354470,1906.0
s8148354471,2018.0
s8148354472,2091.0
s8148354473,1593.0
s8148354474,1518.0
s8148354477,1641.0
s8148354478,979.0
s8148354479,1245.0
s8148354480,1238.0
s8148354481,1185.0
s8148354483,1233.0
s8148354484,1504.0
s8148354485,1408.0
s8148354991,1285.0
s8148354992,1051.0
s8148354993,1326.0
s8148354994,1127.0
s8148354995,664.0
s8148354996,1167.0
s8148354997,1006.0
s8148354998,1051.0
s8148355000,918.0
s8148355392,1449.0
s8148355393,1232.0
s8148355394,1724.0
s8148355395,1781.0
s8148355396,2083.0
s8148355398,1227.0
s8148355399,2200.0
s8148355400,2179.0
s8148355401,1470.0
s8148355402,1974.0
s8148355403,2006.0
s8148355404,1435.0
s8148355405,2007.0
s8148355406,1629.0
s8148355408,1982.0
s8148355409,1049.0
s8148355410,956.0
s8148355411,767.0
s8148434763,1715.0
s8148434764,1655.0
s8148434765,1607.0
s8148434767,1583.0
s8148434768,1116.0
s8148434770,1056.0
s8148434771,1487.0
s8148437992,998.0
s8148437994,1369.0
s8148437995,1365.0
s8148437996,1273.0
s8148437998,1497.0
s8148437999,942.0
s8148438000,1099.0
s8148438001,1267.0
s8148438003,1418.0
s8148438005,1364.0
s8148438006,1419.0
s8148438007,1132.0
s8148438008,1123.0
s8148438009,1360.0
s8148438012,1108.0
s8148438013,1211.0
s8148438015,1785.0
s8366454266,1655.0
s8366454267,1731.0
s8366454268,1778.0
s8366454269,1786.0
s8366454270,1753.0
s8366454271,1629.0
s8366454272,1643.0
s9355820992,1105.0
s9355820993,1322.0
s9790589852,1169.0
s9790589853,947.0
s9790589854,749.0
s9790620531,1281.0
s9796151642,1944.0
s9802475755,832.0
s9848477225,160.0
s9894642410,1687.0
s10620682238,1500.0
s10620682239,1659.0
s10620682241,1659.0
s10620757162,1456.0
s10620757190,1337.0
s10620761550,1442.0
s10620761551,1433.0
s10620761552,1476.0
s10620761554,1331.0
s10620761555,1506.0
s10620966781,1679.0
s10648078215,1669.0
s10648078216,1689.0
s10648078217,1976.0
s10648078218,1703.0
s10669054105,1021.0
s10669054106,1144.0
s10669071328,1586.0
s10669071361,865.0
s10669071371,970.0
s10719014271,1321.0
s10719014287,2057.0
s10719014288,1322.0
s10732480825,1548.0
s10732480826,1555.0
s10732480827,1356.0
s10732489662,1803.0
s10732507676,1510.0
s10799080117,1209.0
s10799080118,1039.0
s10944476433,1153.0
s10944476434,1186.0
s10944476450,1939.0
s11054690766,509.0
s11054690795,527.0
s11054712786,352.0
s11101167576,633.0
s11412171812,1545.0
s11533305482,1799.0
s11533381704,1776.0
s11533567268,1375.0
s11533650694,1209.0
s11533650695,1473.0
s11533650696,1528.0
s11987579191,1244.0
s11987579192,1706.0
s11987579193,1286.0
s12498253334,545.0
s12498253335,393.0
s12541101432,703.0
s12541101457,729.0
s12541240037,716.0
s12638756480,1443.0
s12850344988,1897.0
s12850351618,1068.0
s12880810290,820.0
s12880810291,1426.0
s12881142089,1597.0
s12881142091,1535.0
s12886908154,1757.0
s12886908169,1984.0
s12894596382,941.0
s12894596383,1080.0
s12894596384,1544.0
s12894596386,842.0
s12894596387,992.0
s12944266094,1522.0
s12944266096,1388.0
s12944266099,1684.0
s12944267600,899.0
s12944267968,1028.0
s12944267969,1291.0
s12960840174,714.0
s13014920182,1984.0
s13014920183,1953.0
s13049752729,1038.0
s13052363744,859.0
s13334781335,1212.0
s13341515682,1297.0
s13346909338,1248.0
s13346909339,1499.0
s13355210108,1310.0
s13355227282,1204.0
s13355227283,1385.0
s13355604897,1165.0
s13355646547,1618.0
s13357466770,1298.0
s13357466771,1126.0
s13357466772,1223.0
s13357466773,1046.0
s13357492521,1316.0
s13358890075,770.0
s13358890077,956.0
s13358890078,1629.0
s13358890079,1650.0
s13358890096,1579.0
s13358890097,1517.0
s13359848826,1155.0
s13359848828,1889.0
s13359848829,2162.0
s13359848830,2100.0
s13359848831,2089.0
s13359848832,1808.0
s13359848833,2043.0
s13359868754,1234.0
s13360941982,1616.0
s13360970462,1771.0
s13360970481,2056.0
s13360970548,1326.0
s13360970549,1907.0
s13360998322,778.0
s13587276059,1558.0
s13592325196,654.0
s13592356504,1189.0
s13592427510,884.0
s13598195308,738.0
s13608739678,992.0
s13608797770,1293.0
s13608797771,1191.0
s13608851991,1560.0
s13608853051,1504.0
s13608853052,1678.0
s13608855294,1606.0
s13668292381,1280.0
s13668292382,1432.0
s13673439693,1482.0
s13673439694,1367.0
s13673439695,1539.0
s13705438695,1283.0
s342098357,652.0
s342098565,1934.0
s342098725,3749.0
s342104453,1552.0
s496992033,1763.0
s974465706,1861.0
s1477920206,406.0
s1477920223,1700.0
s1478006142,1150.0
s1478006149,602.0
s1478006151,1499.0
s3295104378,1005.0
s4217506952,1467.0
s4491382813,436.0
s4571035218,1314.0
s4571035579,1342.0
s5525442757,1640.0
s5526569892,1340.0
s5526614760,1376.0
s5528237369,1131.0
s5532229344,1717.0
s5536314733,1822.0
s6617643134,1732.0
s6617643281,1448.0
s8568637913,3826.0
s9351622454,1593.0
s9534144197,1206.0
s9534195011,1160.0
s9645176146,973.0
s9645284999,1154.0
s9645309731,1159.0
s11694774371,3926.0
s11694774372,3697.0
s11697106182,4031.0
s12854457861,861.0
s13148720740,1634.0
s13190504525,1919.0
s245716839,741.0
s245717374,12.0
s245717567,784.0
s245719153,46.0
s1472750570,106.0
s2461591963,18.0
s2461651935,35.0
s2555537352,63.0
s2555537354,70.0
s2555537355,78.0
s5232535021,112.0
s7021034861,22.0
s7160962613,32.0
s7161051034,672.0
s7161894055,50.0
s7161894057,63.0
s7161894058,26.0
s7161931783,22.0
s7161971603,42.0
s7161971605,22.0
s7161987054,65.0
s7162005131,48.0
s7284724233,52.0
s10223133166,50.0
s10548616320,49.0
s10548646444,38.0
s12138120130,189.0
s12308317670,56.0
s13277563613,76.0
s245750160,99.0
s568606426,187.0
s568606427,107.0
s697273373,332.0
s697273374,285.0
s1138145006,141.0
s1464961578,49.0
s1478619253,242.0
s1692916215,55.0
s1893734008,132.0
s1894235028,144.0
s2554084452,2566.0
s2554084504,1896.0
s2554092089,2350.0
s2554092102,2369.0
s2554092126,2279.0
s2560561826,2169.0
s2720805753,2297.0
s2900638855,1793.0
s3487433046,1693.0
s3677482325,138.0
s4167394380,2165.0
s4290979572,2015.0
s4873380341,2309.0
s4879813354,1486.0
s4991027364,43.0
s4991214365,44.0
s4991214366,43.0
s4991214367,44.0
s4991214368,46.0
s4991214369,43.0
s4991214370,48.0
s4993551484,48.0
s4993551485,48.0
s4993555667,47.0
s4993555668,47.0
s4993555669,47.0
s4993555670,47.0
s4993555671,47.0
s4993555672,46.0
s4993555673,46.0
s4993555674,46.0
s5475067404,597.0
s5641875850,1295.0
s5940474808,68.0
s6127940020,64.0
s6129018763,536.0
s6146234514,793.0
s6146234516,215.0
s6146234517,263.0
s6146234520,763.0
s6146234522,603.0
s6274741466,44.0
s6535361149,610.0
s6535361155,988.0
s6897345212,1937.0
s7156924165,1271.0
s7156930489,101.0
s7156954949,47.0
s7156954950,55.0
s7157132723,51.0
s7157132730,43.0
s7157132731,39.0
s7603349927,280.0
s7603559906,214.0
s7603559907,192.0
s7603559910,141.0
s7604959065,140.0
s7604959066,137.0
s7604959068,161.0
s7604959069,143.0
s7604959070,125.0
s7604959072,147.0
s7604959075,130.0
s7604959076,135.0
s7604959077,143.0
s7605288785,121.0
s7605288788,253.0
s7605288791,227.0
s7605605798,220.0
s7605605799,240.0
s7605605800,219.0
s7605605803,136.0
s7605605804,138.0
s7605841075,159.0
s7605841076,157.0
s7605841077,159.0
s7605841078,144.0
s7605841079,139.0
s7605841080,126.0
s7606137034,115.0
s7606137035,111.0
s7606137036,116.0
s7606137037,128.0
s7606137038,119.0
s7606137039,117.0
s7606137040,113.0
s7677314322,1893.0
s7677319202,2233.0
s7677343516,2049.0
s7679637849,113.0
s7679637851,113.0
s7679637852,117.0
s7679637857,104.0
s7679637861,105.0
s7679637863,116.0
s7679637864,102.0
s7679637865,105.0
s7679637866,104.0
s7679637867,103.0
s7679646988,100.0
s7679646989,102.0
s7679647073,96.0
s7680009265,100.0
s7680009266,96.0
s7688079742,108.0
s7688079746,96.0
s7688079748,93.0
s7688079749,94.0
s7688079750,94.0
s7688079751,93.0
s7688079752,92.0
s7688079754,94.0
s7688079755,90.0
s7688079756,95.0
s7688079757,93.0
s7688079758,90.0
s7688079759,88.0
s7908848385,293.0
s8599315953,1198.0
s8974969402,804.0
s9313388764,1800.0
s9347252369,1220.0
s9347252542,2299.0
s9347252543,2279.0
s9560376500,65.0
s9567086965,171.0
s9759272800,57.0
s9759316691,60.0
s9759321744,56.0
s9759324409,61.0
s9759331840,61.0
s9759334865,58.0
s9759335879,62.0
s9759362733,54.0
s9759408980,60.0
s9759445239,60.0
s9759485954,64.0
s9759903510,59.0
s9759912714,60.0
s9759952582,60.0
s9759959569,59.0
s9759985844,59.0
s9760022154,58.0
s9760036708,55.0
s9760040466,57.0
s9760048113,56.0
s9760065140,59.0
s9763436632,62.0
s9763515297,65.0
s9836602584,71.0
s9836602587,73.0
s9836697047,73.0
s9836697048,73.0
s9836731221,71.0
s9836731302,70.0
s9840427853,69.0
s9843778313,59.0
s9843778314,55.0
s9843778315,58.0
s9843979644,65.0
s9843979645,65.0
s9843979646,60.0
s9843979647,62.0
s9854845599,65.0
s9854848809,67.0
s9854856042,65.0
s9854868997,72.0
s9854901791,70.0
s9858006122,48.0
s9858006123,44.0
s9858006124,44.0
s9858006125,43.0
s9858006126,45.0
s9858006127,45.0
s9858006128,57.0
s9858006129,57.0
s9858006130,58.0
s9858006131,58.0
s9858006132,59.0
s9858006133,56.0
s9858006134,56.0
s9858006135,55.0
s9858006137,58.0
s9858006138,57.0
s9858006139,53.0
s9858006140,54.0
s9858006141,55.0
s9858006142,58.0
s9858006143,54.0
s9858006148,49.0
s9858006149,51.0
s9858006152,58.0
s9858006153,57.0
s9858006157,61.0
s9858022656,64.0
s9858022657,62.0
s9858036670,61.0
s9858525214,60.0
s9858525215,63.0
s9858525216,61.0
s9858543017,60.0
s9858543020,55.0
s9858543021,57.0
s9928141054,666.0
s11161553207,155.0
s11161553208,154.0
s11500806069,754.0
s11664636917,2085.0
s11867330701,80.0
s11867330702,82.0
s11867330758,83.0
s11867330766,84.0
s11867330767,87.0
s11871378034,48.0
s11871387379,50.0
s11871387380,56.0
s11871387381,55.0
s11871387382,57.0
s11871387383,60.0
s11871387384,59.0
s11871387393,62.0
s11871387394,54.0
s11871387395,62.0
s11871387396,63.0
s11871412322,54.0
s11875053284,59.0
s11875078919,56.0
s11875078920,58.0
s11875078921,57.0
s11875135619,51.0
s11875135620,51.0
s11875135621,50.0
s11895512558,55.0
s12663224295,58.0
s12871934479,93.0
s13253391955,75.0
s13253391961,70.0
s13253391967,70.0
s13253391968,73.0
s13253504483,68.0
s13253855368,68.0
s13253855384,73.0
s13324912385,76.0
s13324912387,84.0
s13324912390,79.0
s13324912393,79.0
s13324912394,78.0
s13324912395,81.0
s13324912396,79.0
s13324912398,85.0
s13324912399,88.0
s13324922202,90.0
s13324932186,82.0
s13324932187,75.0
s13324932188,87.0
s13324932189,80.0
s13324932190,81.0
s13324932191,88.0
s13324932192,82.0
s13324932193,88.0
s13324932194,90.0
s13324932195,85.0
s13324932196,82.0
s13324932197,94.0
s13324932198,83.0
s13324932199,84.0
s13324932200,85.0
s13324944501,84.0
s13324944502,84.0
s13324944503,86.0
s13324944504,93.0
s13324944505,90.0
s13324944506,85.0
s13325864494,72.0
s13325864495,70.0
s13325864496,75.0
s13325864497,71.0
s13325864500,70.0
s13334380331,81.0
s13334380332,77.0
s13334380333,76.0
s13334380334,75.0
s13334380336,73.0
s13334380337,75.0
s13334380339,78.0
s13334380340,72.0
s13334380341,73.0
s13334380345,67.0
s13334380347,66.0
s13334380348,63.0
s13334380349,70.0
s13334380351,65.0
s13334380352,66.0
