id,name,state,lat,lon,kind,population,has_market,has_coldstore
AGT,Agartala,Tripura,23.83571,91.263357,city,400004,1,1
AZL,Aizawl,Mizoram,23.717318,92.718582,city,293416,1,1
BNG,Bongaigaon,Assam,26.475665,90.540443,city,139650,1,0
BPT,Barpeta,Assam,26.324703,90.987199,town,42441,1,0
BYR,Byrnihat,Meghalaya,26.068116,91.872785,logistics_hub,12000,0,1
CCP,Churachandpur,Manipur,24.33483,93.67937,town,58118,1,0
CHP,Champhai,Mizoram,23.442714,93.343161,town,29649,0,0
DBG,Dibrugarh,Assam,27.480362,94.916364,city,154019,1,1
DBR,Dhubri,Assam,26.036026,89.970641,iwt_terminal,151000,1,0
DMN,Dharmanagar,Tripura,24.372134,92.181044,town,38562,1,0
DMP,Dimapur,Nagaland,25.901824,93.695986,city,122834,1,1
DPU,Diphu,Assam,25.84578,93.437905,town,56859,1,0
GAU,Guwahati,Assam,26.12671,91.742352,city,1116267,1,1
GLG,Golaghat,Assam,26.510585,93.967815,town,36568,1,0
GLP,Goalpara,Assam,26.150629,90.617629,town,53430,1,0
GTK,Gangtok,Sikkim,27.338175,88.615083,city,100286,1,1
HFL,Haflong,Assam,25.107198,93.002629,town,44002,0,0
IMP,Imphal,Manipur,24.799977,93.935436,city,268243,1,1
ITN,Itanagar,Arunachal Pradesh,27.084166,93.600551,city,59490,1,1
JGP,Jogighopa,Assam,26.219414,90.56017,iwt_terminal,15000,0,0
JRT,Jorhat,Assam,26.725951,94.213041,city,153889,1,1
JWI,Jowai,Meghalaya,25.440219,92.195434,town,28430,1,0
KHM,Kohima,Nagaland,25.626885,94.105693,city,99039,1,0
KLB,Kolasib,Mizoram,24.246945,92.682767,town,24329,1,0
KRJ,Karimganj,Assam,24.864338,92.36851,town,56854,1,0
LGL,Lunglei,Mizoram,22.850005,92.79425,town,57011,1,0
LMD,Lumding,Assam,25.749201,93.181358,rail_head,25000,0,0
MKG,Mokokchung,Nagaland,26.324474,94.517254,town,35913,1,0
NGN,Nagaon,Assam,26.348057,92.683792,city,147231,1,1
NHL,Naharlagun,Arunachal Pradesh,27.100731,93.687375,town,37000,0,0
NLB,Nalbari,Assam,26.450586,91.458742,town,38442,1,0
NLK,North Lakhimpur,Assam,27.234018,94.102238,town,60895,1,0
NMS,Namsai,Arunachal Pradesh,27.668369,95.882347,town,18000,0,0
PDU,Pandu,Assam,26.181087,91.680036,iwt_terminal,20000,0,1
PSG,Pasighat,Arunachal Pradesh,28.071068,95.322576,town,24656,1,0
SCR,Silchar,Assam,24.831323,92.801997,city,178865,1,1
SHL,Shillong,Meghalaya,25.610849,91.87387,city,143229,1,1
SLG,Siliguri,West Bengal,26.720278,88.37768,gateway,509709,1,1
SVS,Sivasagar,Assam,26.996523,94.644829,town,53854,1,0
TSK,Tinsukia,Assam,27.487251,95.368404,city,116218,1,0
TUR,Tura,Meghalaya,25.514479,90.213025,town,74858,1,0
TWG,Tawang,Arunachal Pradesh,27.573475,91.851244,town,11202,0,0
TZP,Tezpur,Assam,26.627935,92.796997,city,58851,1,0
UDP,Udaipur,Tripura,23.543986,91.482423,town,32758,1,0
WKH,Wokha,Nagaland,26.108554,94.25373,town,35004,0,0
ZRO,Ziro,Arunachal Pradesh,27.646155,93.871581,town,13905,0,0
n10029435603,n10029435603,,26.72336,94.128564,junction,0,0,0
n10045466628,n10045466628,,24.843589,92.405138,junction,0,0,0
n10083647515,n10083647515,,26.333835,88.935124,junction,0,0,0
n10083658519,n10083658519,,26.336361,88.93669,junction,0,0,0
n10106865512,n10106865512,,24.70389,92.293907,junction,0,0,0
n1013084171,n1013084171,,27.358739,95.340308,junction,0,0,0
n10133380464,n10133380464,,25.929848,94.164806,junction,0,0,0
n10155070562,n10155070562,,27.594149,95.774307,junction,0,0,0
n10155070585,n10155070585,,27.593902,95.786429,junction,0,0,0
n10158835784,n10158835784,,26.974294,93.638766,junction,0,0,0
n1015933190,n1015933190,,27.463846,95.363023,junction,0,0,0
n1015933192,n1015933192,,27.480475,95.362811,junction,0,0,0
n1015933220,n1015933220,,27.455718,95.358104,junction,0,0,0
n10213828706,n10213828706,,24.04595,91.592599,junction,0,0,0
n10214421941,n10214421941,,23.966991,91.385792,junction,0,0,0
n10216581821,n10216581821,,24.041102,91.575194,junction,0,0,0
n10246471099,n10246471099,,27.353969,95.646521,junction,0,0,0
n10248662682,n10248662682,,27.501387,95.266328,junction,0,0,0
n10250450247,n10250450247,,27.001833,93.902001,junction,0,0,0
n10250450248,n10250450248,,27.001218,93.901272,junction,0,0,0
n10250451041,n10250451041,,27.573952,95.36931,junction,0,0,0
n10255327242,n10255327242,,27.073411,93.838976,junction,0,0,0
n10262279665,n10262279665,,24.748472,93.875116,junction,0,0,0
n10262284811,n10262284811,,24.727946,93.849779,junction,0,0,0
n10264865634,n10264865634,,24.526996,94.024291,junction,0,0,0
n10265667796,n10265667796,,24.66206,93.976033,junction,0,0,0
n10265688213,n10265688213,,24.612463,94.02484,junction,0,0,0
n10265749517,n10265749517,,24.631499,94.008771,junction,0,0,0
n10266912010,n10266912010,,24.009729,91.840711,junction,0,0,0
n10272701331,n10272701331,,24.195284,91.830948,junction,0,0,0
n10272734400,n10272734400,,24.204759,91.842123,junction,0,0,0
n10275531092,n10275531092,,24.820092,92.598692,junction,0,0,0
n10277702327,n10277702327,,24.558451,92.596561,junction,0,0,0
n10290751771,n10290751771,,27.559985,95.596316,junction,0,0,0
n10290865162,n10290865162,,27.614779,95.582649,junction,0,0,0
n10292560834,n10292560834,,24.046115,91.594408,junction,0,0,0
n10300198982,n10300198982,,23.908424,92.447644,junction,0,0,0
n10302235707,n10302235707,,27.121245,93.878134,junction,0,0,0
n10304096999,n10304096999,,26.663836,93.864888,junction,0,0,0
n10304104605,n10304104605,,26.719188,93.980616,junction,0,0,0
n10308074904,n10308074904,,23.770969,91.84411,junction,0,0,0
n10308421462,n10308421462,,23.682604,91.349819,junction,0,0,0
n10308693457,n10308693457,,23.650976,91.210082,junction,0,0,0
n10310636689,n10310636689,,24.548641,92.442817,junction,0,0,0
n10316090575,n10316090575,,25.914046,93.665617,junction,0,0,0
n10316091548,n10316091548,,24.076343,91.62183,junction,0,0,0
n10316679681,n10316679681,,23.605626,91.817778,junction,0,0,0
n10316737913,n10316737913,,23.61141,91.818965,junction,0,0,0
n10316796037,n10316796037,,23.602371,91.815429,junction,0,0,0
n10536208468,n10536208468,,24.74062,92.43106,junction,0,0,0
n10536208503,n10536208503,,24.744296,92.424042,junction,0,0,0
n10536208527,n10536208527,,24.748919,92.422936,junction,0,0,0
n10536208542,n10536208542,,24.754768,92.414919,junction,0,0,0
n10536208546,n10536208546,,24.757622,92.413192,junction,0,0,0
n10536274640,n10536274640,,23.600004,91.806401,junction,0,0,0
n10536274675,n10536274675,,23.593877,91.800314,junction,0,0,0
n10536337108,n10536337108,,23.496628,91.691394,junction,0,0,0
n10536341847,n10536341847,,23.505763,91.699349,junction,0,0,0
n10538897392,n10538897392,,23.615795,91.819658,junction,0,0,0
n10542401530,n10542401530,,23.508359,91.704105,junction,0,0,0
n10542441849,n10542441849,,24.590978,92.41358,junction,0,0,0
n10542636435,n10542636435,,23.52023,91.718502,junction,0,0,0
n10542793530,n10542793530,,24.584414,92.487455,junction,0,0,0
n10548372060,n10548372060,,23.519924,91.728115,junction,0,0,0
n10548518804,n10548518804,,24.142873,92.123503,junction,0,0,0
n10548518805,n10548518805,,24.142145,92.123722,junction,0,0,0
n10548663503,n10548663503,,23.676189,91.360936,junction,0,0,0
n10548664908,n10548664908,,23.681116,91.376056,junction,0,0,0
n10557043312,n10557043312,,24.821876,92.42596,junction,0,0,0
n10558774212,n10558774212,,24.813951,92.509035,junction,0,0,0
n10559072671,n10559072671,,24.821414,92.543067,junction,0,0,0
n10559317282,n10559317282,,23.526056,91.735087,junction,0,0,0
n10561388917,n10561388917,,24.596145,92.507874,junction,0,0,0
n10564333948,n10564333948,,24.72241,92.413301,junction,0,0,0
n10564426749,n10564426749,,24.743755,92.384897,junction,0,0,0
n10564426780,n10564426780,,24.745221,92.376776,junction,0,0,0
n10570122495,n10570122495,,23.560062,91.748947,junction,0,0,0
n10570159520,n10570159520,,23.567149,91.748216,junction,0,0,0
n10570246873,n10570246873,,26.234132,91.53215,junction,0,0,0
n10570506815,n10570506815,,26.303337,91.485744,junction,0,0,0
n10572259747,n10572259747,,26.650286,92.174325,junction,0,0,0
n10577981170,n10577981170,,26.926944,93.269561,junction,0,0,0
n10577985180,n10577985180,,26.925998,93.269019,junction,0,0,0
n10578437654,n10578437654,,26.11403,91.727568,junction,0,0,0
n10578768507,n10578768507,,23.687976,91.208111,junction,0,0,0
n10581509677,n10581509677,,26.120608,91.916243,junction,0,0,0
n10581564137,n10581564137,,26.107373,92.122659,junction,0,0,0
n10581564149,n10581564149,,26.110868,92.113164,junction,0,0,0
n10594321234,n10594321234,,26.336446,92.730617,junction,0,0,0
n10594321235,n10594321235,,26.335939,92.729529,junction,0,0,0
n10596043928,n10596043928,,26.646133,92.830224,junction,0,0,0
n10596583265,n10596583265,,26.175367,92.688322,junction,0,0,0
n10606194690,n10606194690,,27.16304,93.20413,junction,0,0,0
n10606226017,n10606226017,,27.181053,93.146631,junction,0,0,0
n10610496691,n10610496691,,23.569586,91.756299,junction,0,0,0
n10610870946,n10610870946,,23.592431,91.809046,junction,0,0,0
n10611382649,n10611382649,,23.582194,91.808483,junction,0,0,0
n10613533046,n10613533046,,23.567765,91.803685,junction,0,0,0
n10613588570,n10613588570,,26.287523,92.552996,junction,0,0,0
n10613663276,n10613663276,,26.366137,92.700968,junction,0,0,0
n10614233733,n10614233733,,26.151861,91.969003,junction,0,0,0
n10614310730,n10614310730,,23.564131,91.776052,junction,0,0,0
n10617300685,n10617300685,,26.390635,91.798474,junction,0,0,0
n10618573290,n10618573290,,26.415369,91.728163,junction,0,0,0
n10628379934,n10628379934,,26.43985,91.748396,junction,0,0,0
n10635491184,n10635491184,,26.445985,91.777178,junction,0,0,0
n10635540964,n10635540964,,26.366677,91.506877,junction,0,0,0
n10636819503,n10636819503,,26.349604,91.670279,junction,0,0,0
n10637217892,n10637217892,,26.114259,92.079125,junction,0,0,0
n10637620377,n10637620377,,26.444537,91.69207,junction,0,0,0
n10747768694,n10747768694,,25.179537,94.372711,junction,0,0,0
n10845972370,n10845972370,,27.367581,92.537679,junction,0,0,0
n10845972441,n10845972441,,27.365593,92.529838,junction,0,0,0
n10846735171,n10846735171,,27.318418,93.052761,junction,0,0,0
n10855708561,n10855708561,,26.22062,91.699464,junction,0,0,0
n10862154825,n10862154825,,27.317014,92.994374,junction,0,0,0
n10862189351,n10862189351,,27.33829,93.031107,junction,0,0,0
n10862338650,n10862338650,,27.245856,93.067838,junction,0,0,0
n10867319160,n10867319160,,27.355507,92.488173,junction,0,0,0
n10867319165,n10867319165,,27.355984,92.491298,junction,0,0,0
n10870214475,n10870214475,,27.347683,92.502923,junction,0,0,0
n10880761766,n10880761766,,27.324059,92.441224,junction,0,0,0
n10891484467,n10891484467,,26.510065,89.531223,junction,0,0,0
n10892870737,n10892870737,,26.8857,93.625838,junction,0,0,0
n10892870784,n10892870784,,26.883705,93.619315,junction,0,0,0
n10892943818,n10892943818,,26.900554,93.625929,junction,0,0,0
n10892943849,n10892943849,,26.899209,93.62649,junction,0,0,0
n10893051924,n10893051924,,26.585594,92.86232,junction,0,0,0
n10895342956,n10895342956,,26.710549,92.867063,junction,0,0,0
n10895342958,n10895342958,,26.708342,92.851893,junction,0,0,0
n10895342969,n10895342969,,26.688401,92.846007,junction,0,0,0
n10895342973,n10895342973,,26.681648,92.845502,junction,0,0,0
n10895342978,n10895342978,,26.677613,92.846661,junction,0,0,0
n10895342984,n10895342984,,26.671139,92.839713,junction,0,0,0
n10972380780,n10972380780,,25.867799,94.139281,junction,0,0,0
n11014001237,n11014001237,,26.556564,92.927767,junction,0,0,0
n11032046977,n11032046977,,23.340723,91.750232,junction,0,0,0
n11156251127,n11156251127,,26.607605,92.944463,junction,0,0,0
n11169091093,n11169091093,,24.138084,91.683088,junction,0,0,0
n11171299524,n11171299524,,26.519595,92.856862,junction,0,0,0
n11173813320,n11173813320,,23.441013,91.435058,junction,0,0,0
n11174400350,n11174400350,,23.320386,91.7525,junction,0,0,0
n11182692438,n11182692438,,23.315636,91.757016,junction,0,0,0
n11184926047,n11184926047,,26.266757,91.022362,junction,0,0,0
n1118544354,n1118544354,,24.201967,92.111654,junction,0,0,0
n1118544396,n1118544396,,24.351579,92.224276,junction,0,0,0
n1118544423,n1118544423,,24.185744,92.100604,junction,0,0,0
n1118544427,n1118544427,,24.187499,92.099976,junction,0,0,0
n1118544577,n1118544577,,24.203589,92.135659,junction,0,0,0
n1118544718,n1118544718,,24.184326,92.099712,junction,0,0,0
n1118544750,n1118544750,,24.265933,92.152039,junction,0,0,0
n1118558118,n1118558118,,24.265602,92.170131,junction,0,0,0
n1118584496,n1118584496,,24.785277,93.960589,junction,0,0,0
n1118584542,n1118584542,,24.807728,93.915105,junction,0,0,0
n1118584562,n1118584562,,24.822119,93.960585,junction,0,0,0
n1118584799,n1118584799,,24.824186,93.958094,junction,0,0,0
n1118584901,n1118584901,,24.75377,93.980704,junction,0,0,0
n1118585624,n1118585624,,24.347865,92.158398,junction,0,0,0
n1118729593,n1118729593,,27.919078,96.2183,junction,0,0,0
n1118729701,n1118729701,,27.915819,96.17256,junction,0,0,0
n1118730037,n1118730037,,27.915965,96.250529,junction,0,0,0
n1118730148,n1118730148,,27.926621,96.159478,junction,0,0,0
n1118730474,n1118730474,,27.918389,96.22049,junction,0,0,0
n1118730586,n1118730586,,27.916277,96.174258,junction,0,0,0
n1118730654,n1118730654,,27.937849,96.133331,junction,0,0,0
n1118730702,n1118730702,,27.910039,96.097561,junction,0,0,0
n1118731621,n1118731621,,27.915527,96.304244,junction,0,0,0
n1118732509,n1118732509,,27.907823,96.278853,junction,0,0,0
n1118732540,n1118732540,,27.916182,96.252438,junction,0,0,0
n11187346928,n11187346928,,26.331435,88.839326,junction,0,0,0
n11209695200,n11209695200,,24.378336,92.12606,junction,0,0,0
n11209695203,n11209695203,,24.412562,92.146336,junction,0,0,0
n11209921873,n11209921873,,24.190796,91.985762,junction,0,0,0
n11219439286,n11219439286,,24.399817,93.846812,junction,0,0,0
n11219439302,n11219439302,,24.397077,93.844519,junction,0,0,0
n11240835978,n11240835978,,26.32341,89.48485,junction,0,0,0
n11258626192,n11258626192,,23.25266,91.7582,junction,0,0,0
n11267250378,n11267250378,,24.009873,94.128213,junction,0,0,0
n1131436822,n1131436822,,26.562171,88.750864,junction,0,0,0
n1132259624,n1132259624,,26.302405,89.432493,junction,0,0,0
n1132259670,n1132259670,,26.417973,89.330583,junction,0,0,0
n1132259743,n1132259743,,26.418161,89.335207,junction,0,0,0
n1132259798,n1132259798,,26.404764,89.383034,junction,0,0,0
n1132259819,n1132259819,,26.319753,89.454641,junction,0,0,0
n1132310026,n1132310026,,26.756394,88.593574,junction,0,0,0
n1132310042,n1132310042,,26.493978,88.714537,junction,0,0,0
n1132310055,n1132310055,,26.527295,88.719478,junction,0,0,0
n1132310563,n1132310563,,26.602737,88.68499,junction,0,0,0
n1132310570,n1132310570,,26.751363,88.586012,junction,0,0,0
n1132321938,n1132321938,,26.690014,89.432616,junction,0,0,0
n1132322488,n1132322488,,26.719246,89.345953,junction,0,0,0
n1132346982,n1132346982,,26.644807,88.401682,junction,0,0,0
n1132376135,n1132376135,,26.805893,88.28613,junction,0,0,0
n1132376303,n1132376303,,26.782033,88.324625,junction,0,0,0
n1132376446,n1132376446,,26.798497,88.309932,junction,0,0,0
n1132376475,n1132376475,,26.788617,88.360726,junction,0,0,0
n1132376482,n1132376482,,26.78932,88.319583,junction,0,0,0
n1132376484,n1132376484,,26.806599,88.278626,junction,0,0,0
n1132376793,n1132376793,,26.804178,88.296016,junction,0,0,0
n1132377210,n1132377210,,26.803851,88.29682,junction,0,0,0
n1132377575,n1132377575,,26.469259,88.703295,junction,0,0,0
n1132378037,n1132378037,,26.789811,88.316381,junction,0,0,0
n1132378633,n1132378633,,26.806753,88.277362,junction,0,0,0
n1132379103,n1132379103,,26.69868,88.311688,junction,0,0,0
n1132413484,n1132413484,,26.464034,88.82355,junction,0,0,0
n1132413540,n1132413540,,26.412729,88.92055,junction,0,0,0
n1132413550,n1132413550,,26.465309,88.839226,junction,0,0,0
n1132413584,n1132413584,,26.322625,89.441308,junction,0,0,0
n1132413679,n1132413679,,26.326784,89.442246,junction,0,0,0
n1132413760,n1132413760,,26.416987,88.918568,junction,0,0,0
n1132413773,n1132413773,,26.329024,89.442804,junction,0,0,0
n1132413980,n1132413980,,26.477372,88.852747,junction,0,0,0
n1132414018,n1132414018,,26.319918,89.439034,junction,0,0,0
n1133013607,n1133013607,,26.525744,88.12086,junction,0,0,0
n1133013618,n1133013618,,26.527199,88.117826,junction,0,0,0
n1133013855,n1133013855,,26.52335,88.143379,junction,0,0,0
n11332450380,n11332450380,,26.293193,89.382897,junction,0,0,0
n1133639868,n1133639868,,26.156981,90.561105,junction,0,0,0
n1133639875,n1133639875,,27.457147,95.019603,junction,0,0,0
n1133640064,n1133640064,,27.49263,94.9292,junction,0,0,0
n1133640104,n1133640104,,27.467447,95.018788,junction,0,0,0
n1133640141,n1133640141,,26.140958,90.641271,junction,0,0,0
n1133640550,n1133640550,,27.48494,95.006608,junction,0,0,0
n1133640592,n1133640592,,26.077918,90.666325,junction,0,0,0
n1133672628,n1133672628,,26.372125,92.732207,junction,0,0,0
n1133672936,n1133672936,,26.358609,92.656188,junction,0,0,0
n1133695009,n1133695009,,27.294468,95.736687,junction,0,0,0
n1133695888,n1133695888,,27.289748,95.696484,junction,0,0,0
n11345580667,n11345580667,,26.578707,92.920968,junction,0,0,0
n11357444667,n11357444667,,26.112767,93.035855,junction,0,0,0
n11357607107,n11357607107,,26.074001,91.470949,junction,0,0,0
n11508722833,n11508722833,,24.431551,92.546167,junction,0,0,0
n11510712718,n11510712718,,26.74703,93.231785,junction,0,0,0
n11511548232,n11511548232,,27.220872,93.596932,junction,0,0,0
n11515932609,n11515932609,,24.925334,93.837025,junction,0,0,0
n11601635471,n11601635471,,24.065217,91.622256,junction,0,0,0
n11601635472,n11601635472,,24.064468,91.622325,junction,0,0,0
n11601646224,n11601646224,,23.97729,92.307039,junction,0,0,0
n11601646256,n11601646256,,23.948459,92.307941,junction,0,0,0
n11634841520,n11634841520,,25.866969,91.495632,junction,0,0,0
n1165274315,n1165274315,,26.608926,89.427098,junction,0,0,0
n1165274367,n1165274367,,26.609554,89.425668,junction,0,0,0
n11665421808,n11665421808,,26.239783,90.919289,junction,0,0,0
n11665421894,n11665421894,,26.224303,90.861987,junction,0,0,0
n11717021281,n11717021281,,27.499961,92.095801,junction,0,0,0
n11717021298,n11717021298,,27.500093,92.083387,junction,0,0,0
n11764392028,n11764392028,,24.58996,92.318849,junction,0,0,0
n11764392058,n11764392058,,24.652162,92.32878,junction,0,0,0
n11764392064,n11764392064,,24.591076,92.319077,junction,0,0,0
n11765014004,n11765014004,,26.502039,90.968479,junction,0,0,0
n11809768200,n11809768200,,26.394237,89.892381,junction,0,0,0
n11809810081,n11809810081,,26.398227,89.88026,junction,0,0,0
n11809854207,n11809854207,,26.367586,89.910361,junction,0,0,0
n11809854219,n11809854219,,26.362444,89.910687,junction,0,0,0
n11825693990,n11825693990,,26.450183,90.012663,junction,0,0,0
n11829398739,n11829398739,,26.882657,88.589122,junction,0,0,0
n11831908535,n11831908535,,26.873304,88.913285,junction,0,0,0
n11845352299,n11845352299,,26.504182,89.529236,junction,0,0,0
n11845352312,n11845352312,,26.508553,89.530823,junction,0,0,0
n11845395712,n11845395712,,26.516321,89.532272,junction,0,0,0
n11851453958,n11851453958,,26.56015,89.517228,junction,0,0,0
n11851455153,n11851455153,,26.564083,89.47746,junction,0,0,0
n1185176909,n1185176909,,27.27635,92.886788,junction,0,0,0
n1185176969,n1185176969,,27.285812,92.822504,junction,0,0,0
n1185178063,n1185178063,,27.275409,92.887367,junction,0,0,0
n11870034547,n11870034547,,26.442521,89.257565,junction,0,0,0
n11870079664,n11870079664,,26.51444,89.214437,junction,0,0,0
n11870079665,n11870079665,,26.514204,89.215525,junction,0,0,0
n11871412310,n11871412310,,26.523276,89.486798,junction,0,0,0
n11887138344,n11887138344,,26.55081,90.15248,junction,0,0,0
n11902051012,n11902051012,,26.486987,89.607113,junction,0,0,0
n11917706361,n11917706361,,26.512353,90.522964,junction,0,0,0
n11920760339,n11920760339,,26.499782,90.968392,junction,0,0,0
n11926973525,n11926973525,,26.475839,90.8005,junction,0,0,0
n11926973527,n11926973527,,26.484973,90.801242,junction,0,0,0
n11926973545,n11926973545,,26.618613,90.854914,junction,0,0,0
n11926973561,n11926973561,,26.612445,90.844413,junction,0,0,0
n11926976110,n11926976110,,26.621656,90.832858,junction,0,0,0
n11926976685,n11926976685,,26.568951,90.736848,junction,0,0,0
n11927115270,n11927115270,,26.594954,90.607231,junction,0,0,0
n11931554258,n11931554258,,26.629578,90.829436,junction,0,0,0
n11935315896,n11935315896,,26.575934,90.376034,junction,0,0,0
n11982693536,n11982693536,,26.522485,91.333259,junction,0,0,0
n11982707862,n11982707862,,26.146624,91.677576,junction,0,0,0
n12035912363,n12035912363,,26.06416,92.594141,junction,0,0,0
n12035912470,n12035912470,,26.062402,92.602644,junction,0,0,0
n12042507706,n12042507706,,26.165861,92.215031,junction,0,0,0
n12051472955,n12051472955,,26.658831,91.372645,junction,0,0,0
n12066034887,n12066034887,,26.360431,92.40683,junction,0,0,0
n12066034908,n12066034908,,26.366952,92.412777,junction,0,0,0
n12072966690,n12072966690,,26.111393,91.767248,junction,0,0,0
n12083846937,n12083846937,,27.32715,95.68432,junction,0,0,0
n12083857079,n12083857079,,27.370029,95.740839,junction,0,0,0
n12084959797,n12084959797,,24.039255,92.122465,junction,0,0,0
n12084998550,n12084998550,,23.968857,92.048314,junction,0,0,0
n12086064850,n12086064850,,27.878653,95.743373,junction,0,0,0
n12086070092,n12086070092,,27.842776,95.738061,junction,0,0,0
n12086238930,n12086238930,,27.540911,95.843975,junction,0,0,0
n12086690139,n12086690139,,24.206097,91.979339,junction,0,0,0
n12089656745,n12089656745,,27.823853,95.706394,junction,0,0,0
n12090190084,n12090190084,,26.791685,94.307563,junction,0,0,0
n12090190090,n12090190090,,26.786225,94.290723,junction,0,0,0
n12090190092,n12090190092,,26.78419,94.284461,junction,0,0,0
n12090192261,n12090192261,,26.689145,93.935786,junction,0,0,0
n12090677122,n12090677122,,26.709707,92.210347,junction,0,0,0
n12091039166,n12091039166,,26.54851,92.90625,junction,0,0,0
n12091082694,n12091082694,,26.554446,92.886593,junction,0,0,0
n12091833832,n12091833832,,26.558138,93.896276,junction,0,0,0
n12095105668,n12095105668,,26.648445,92.827192,junction,0,0,0
n12097804860,n12097804860,,27.113088,95.157271,junction,0,0,0
n12097814911,n12097814911,,26.924563,94.786608,junction,0,0,0
n12101473848,n12101473848,,27.122122,94.98841,junction,0,0,0
n12102204594,n12102204594,,27.558259,95.831779,junction,0,0,0
n12102220244,n12102220244,,27.556637,95.81658,junction,0,0,0
n12102220275,n12102220275,,27.566731,95.801436,junction,0,0,0
n12102224708,n12102224708,,27.559196,95.821552,junction,0,0,0
n12102224718,n12102224718,,27.559667,95.817296,junction,0,0,0
n12104042598,n12104042598,,26.121927,89.503669,junction,0,0,0
n1210734360,n1210734360,,24.181293,92.092932,junction,0,0,0
n12118121182,n12118121182,,26.426536,94.110487,junction,0,0,0
n12128291383,n12128291383,,26.510584,94.065701,junction,0,0,0
n12128302701,n12128302701,,26.678684,94.15387,junction,0,0,0
n12128302717,n12128302717,,26.698407,94.167903,junction,0,0,0
n12128327487,n12128327487,,26.382667,94.134191,junction,0,0,0
n12133486634,n12133486634,,27.857747,95.769697,junction,0,0,0
n12133486640,n12133486640,,27.858006,95.791356,junction,0,0,0
n12144936298,n12144936298,,26.784864,94.71745,junction,0,0,0
n12144952913,n12144952913,,26.785748,94.706647,junction,0,0,0
n12144953505,n12144953505,,26.788652,94.658734,junction,0,0,0
n12148183321,n12148183321,,26.793266,94.765628,junction,0,0,0
n12150302845,n12150302845,,26.044044,92.884959,junction,0,0,0
n12151055816,n12151055816,,24.286106,92.033836,junction,0,0,0
n12156186810,n12156186810,,26.069818,92.896598,junction,0,0,0
n12162651114,n12162651114,,23.147463,91.498384,junction,0,0,0
n12162651135,n12162651135,,23.148331,91.500084,junction,0,0,0
n12168558903,n12168558903,,26.071088,92.976956,junction,0,0,0
n12168590761,n12168590761,,26.061468,92.988056,junction,0,0,0
n12168637865,n12168637865,,25.886468,93.14894,junction,0,0,0
n12168645142,n12168645142,,25.847819,93.338379,junction,0,0,0
n12168645556,n12168645556,,25.868709,93.220582,junction,0,0,0
n12168646101,n12168646101,,25.881919,93.14861,junction,0,0,0
n12178545755,n12178545755,,26.081595,92.979244,junction,0,0,0
n12188885953,n12188885953,,25.52945,92.635292,junction,0,0,0
n12193152862,n12193152862,,26.185918,89.865444,junction,0,0,0
n12193152869,n12193152869,,26.198947,89.862498,junction,0,0,0
n12195743656,n12195743656,,25.131199,93.152046,junction,0,0,0
n12195811774,n12195811774,,25.100814,93.160951,junction,0,0,0
n12198712182,n12198712182,,25.916816,92.953848,junction,0,0,0
n12202303594,n12202303594,,24.841509,92.385447,junction,0,0,0
n12216993186,n12216993186,,25.01068,92.754393,junction,0,0,0
n12222989996,n12222989996,,24.80645,92.763134,junction,0,0,0
n12223051904,n12223051904,,24.794874,92.771312,junction,0,0,0
n12247857903,n12247857903,,24.468225,92.309098,junction,0,0,0
n12269691195,n12269691195,,24.46558,92.706657,junction,0,0,0
n12269696748,n12269696748,,24.416842,92.688644,junction,0,0,0
n12269700074,n12269700074,,24.426674,92.690854,junction,0,0,0
n12269700094,n12269700094,,24.432774,92.692645,junction,0,0,0
n12269716944,n12269716944,,24.442097,92.696693,junction,0,0,0
n12269716950,n12269716950,,24.446043,92.697916,junction,0,0,0
n12269717037,n12269717037,,24.478961,92.707773,junction,0,0,0
n12296248629,n12296248629,,25.662049,91.636689,junction,0,0,0
n12296248636,n12296248636,,25.666651,91.634424,junction,0,0,0
n12296272662,n12296272662,,25.724447,91.671595,junction,0,0,0
n12299451329,n12299451329,,25.924276,91.471636,junction,0,0,0
n12299451330,n12299451330,,25.920829,91.471354,junction,0,0,0
n12299451335,n12299451335,,25.915909,91.469868,junction,0,0,0
n12302763205,n12302763205,,24.605619,92.316466,junction,0,0,0
n12308500558,n12308500558,,24.333929,92.298991,junction,0,0,0
n12323398497,n12323398497,,23.504955,93.199756,junction,0,0,0
n12323398605,n12323398605,,23.522235,93.194911,junction,0,0,0
n12328420095,n12328420095,,24.843946,92.406375,junction,0,0,0
n12335661636,n12335661636,,24.737214,92.309052,junction,0,0,0
n12335666191,n12335666191,,24.738659,92.326017,junction,0,0,0
n12335670765,n12335670765,,24.753184,92.317952,junction,0,0,0
n12335671076,n12335671076,,24.743889,92.330038,junction,0,0,0
n12335680308,n12335680308,,24.654056,92.27367,junction,0,0,0
n12335680310,n12335680310,,24.643375,92.2773,junction,0,0,0
n12346997142,n12346997142,,24.666145,92.387989,junction,0,0,0
n12377117626,n12377117626,,24.642929,92.316385,junction,0,0,0
n12386967799,n12386967799,,24.87637,92.252871,junction,0,0,0
n12398775095,n12398775095,,24.713819,92.311781,junction,0,0,0
n12398783654,n12398783654,,24.690251,92.308459,junction,0,0,0
n12398784267,n12398784267,,24.661761,92.316407,junction,0,0,0
n12398800971,n12398800971,,24.688699,92.283848,junction,0,0,0
n12398805010,n12398805010,,24.668641,92.30841,junction,0,0,0
n12398816121,n12398816121,,24.688002,92.318166,junction,0,0,0
n12398876999,n12398876999,,27.101442,94.910305,junction,0,0,0
n12398911818,n12398911818,,27.104804,94.910683,junction,0,0,0
n12398949452,n12398949452,,27.107081,94.909344,junction,0,0,0
n12423408702,n12423408702,,24.572099,92.435593,junction,0,0,0
n12434556965,n12434556965,,24.250924,92.381587,junction,0,0,0
n12451734982,n12451734982,,24.337763,92.157627,junction,0,0,0
n12451844913,n12451844913,,24.607716,92.333449,junction,0,0,0
n12458835060,n12458835060,,26.745023,93.189272,junction,0,0,0
n12458835061,n12458835061,,26.745021,93.188436,junction,0,0,0
n12458835876,n12458835876,,26.855155,93.186591,junction,0,0,0
n12466572286,n12466572286,,26.973694,93.633346,junction,0,0,0
n12466572632,n12466572632,,26.971826,93.613168,junction,0,0,0
n12466572652,n12466572652,,26.971501,93.609123,junction,0,0,0
n12466591367,n12466591367,,26.956844,93.590801,junction,0,0,0
n12466597220,n12466597220,,26.945955,93.595869,junction,0,0,0
n12466597264,n12466597264,,26.935505,93.600713,junction,0,0,0
n12466597346,n12466597346,,26.924374,93.607303,junction,0,0,0
n12481628212,n12481628212,,23.494474,93.212656,junction,0,0,0
n12496296489,n12496296489,,24.137493,91.82067,junction,0,0,0
n12497721265,n12497721265,,26.875038,88.598193,junction,0,0,0
n12497721349,n12497721349,,26.87725,88.59678,junction,0,0,0
n12497721406,n12497721406,,26.894656,88.567645,junction,0,0,0
n12503857426,n12503857426,,26.450023,91.418695,junction,0,0,0
n12519988985,n12519988985,,26.085914,89.876016,junction,0,0,0
n12519988986,n12519988986,,26.088711,89.878347,junction,0,0,0
n12520286039,n12520286039,,26.838636,93.365656,junction,0,0,0
n12520286271,n12520286271,,26.847483,93.374562,junction,0,0,0
n12522839890,n12522839890,,25.91745,93.678994,junction,0,0,0
n12522842607,n12522842607,,25.922767,93.693946,junction,0,0,0
n12522904745,n12522904745,,25.93234,93.70947,junction,0,0,0
n12522908719,n12522908719,,25.956103,93.722434,junction,0,0,0
n12522908720,n12522908720,,25.957326,93.724272,junction,0,0,0
n12522908951,n12522908951,,25.860451,93.815832,junction,0,0,0
n12522923327,n12522923327,,25.783363,93.801486,junction,0,0,0
n12526512333,n12526512333,,24.402603,92.135292,junction,0,0,0
n12527860812,n12527860812,,25.437245,93.402504,junction,0,0,0
n12538569032,n12538569032,,26.095981,93.139068,junction,0,0,0
n12538569048,n12538569048,,26.209357,93.070101,junction,0,0,0
n12538569083,n12538569083,,26.203056,93.105317,junction,0,0,0
n12538569091,n12538569091,,26.202572,93.120502,junction,0,0,0
n12538569092,n12538569092,,26.202578,93.125254,junction,0,0,0
n12538578760,n12538578760,,26.202478,93.127242,junction,0,0,0
n12538578779,n12538578779,,26.203901,93.09618,junction,0,0,0
n12538578822,n12538578822,,26.202574,93.121373,junction,0,0,0
n12538578828,n12538578828,,26.202678,93.129094,junction,0,0,0
n12538608327,n12538608327,,26.080576,93.184671,junction,0,0,0
n12538608359,n12538608359,,26.05598,93.206704,junction,0,0,0
n12538608361,n12538608361,,26.047266,93.207449,junction,0,0,0
n12538608393,n12538608393,,26.085604,93.148652,junction,0,0,0
n12538608508,n12538608508,,26.034381,93.218545,junction,0,0,0
n12538608522,n12538608522,,26.024982,93.22513,junction,0,0,0
n12538641283,n12538641283,,26.023761,93.240686,junction,0,0,0
n12538682818,n12538682818,,26.016805,93.246007,junction,0,0,0
n12538682833,n12538682833,,26.015989,93.255476,junction,0,0,0
n12538979455,n12538979455,,26.216599,92.973749,junction,0,0,0
n12538979458,n12538979458,,26.21046,92.969383,junction,0,0,0
n12590289887,n12590289887,,26.279908,90.60365,junction,0,0,0
n12590289896,n12590289896,,26.264338,90.588162,junction,0,0,0
n12590289899,n12590289899,,26.262865,90.58691,junction,0,0,0
n12590293904,n12590293904,,26.253986,90.580214,junction,0,0,0
n12590293951,n12590293951,,26.278691,90.601672,junction,0,0,0
n12590294098,n12590294098,,26.245876,90.549214,junction,0,0,0
n12593445472,n12593445472,,23.45937,91.253431,junction,0,0,0
n12615579260,n12615579260,,26.271047,90.589637,junction,0,0,0
n12615579264,n12615579264,,26.276803,90.597877,junction,0,0,0
n12615630656,n12615630656,,26.296493,90.618069,junction,0,0,0
n1262013870,n1262013870,,26.06674,92.164826,junction,0,0,0
n1262084378,n1262084378,,25.901462,90.529235,junction,0,0,0
n1262084701,n1262084701,,25.455755,90.705754,junction,0,0,0
n1262084753,n1262084753,,25.510904,89.954005,junction,0,0,0
n1262084922,n1262084922,,25.209954,90.638059,junction,0,0,0
n1262084969,n1262084969,,25.920934,90.633586,junction,0,0,0
n1262085016,n1262085016,,25.463766,89.930757,junction,0,0,0
n1262085031,n1262085031,,25.861529,90.033036,junction,0,0,0
n1262085079,n1262085079,,25.216696,90.698699,junction,0,0,0
n1262085124,n1262085124,,25.89466,90.632663,junction,0,0,0
n1262085154,n1262085154,,25.574579,89.981962,junction,0,0,0
n1262085269,n1262085269,,25.316216,89.899955,junction,0,0,0
n1262085299,n1262085299,,25.726814,89.89919,junction,0,0,0
n1262085303,n1262085303,,25.555332,89.985194,junction,0,0,0
n12682293648,n12682293648,,26.574682,88.521723,junction,0,0,0
n12702202444,n12702202444,,26.541781,93.880247,junction,0,0,0
n12708095503,n12708095503,,24.169504,92.043389,junction,0,0,0
n12709048517,n12709048517,,24.292787,92.005506,junction,0,0,0
n12709048522,n12709048522,,24.290166,91.99916,junction,0,0,0
n12709048529,n12709048529,,24.242423,91.984121,junction,0,0,0
n1274292906,n1274292906,,26.309272,92.66941,junction,0,0,0
n12776237385,n12776237385,,26.521752,92.859486,junction,0,0,0
n12776237488,n12776237488,,26.523716,92.861375,junction,0,0,0
n12776237489,n12776237489,,26.524281,92.861874,junction,0,0,0
n12776237592,n12776237592,,26.526584,92.864193,junction,0,0,0
n12776237695,n12776237695,,26.528777,92.866913,junction,0,0,0
n12776237798,n12776237798,,26.529615,92.867683,junction,0,0,0
n12784879794,n12784879794,,24.760562,93.348432,junction,0,0,0
n12786069631,n12786069631,,26.570178,92.919628,junction,0,0,0
n12787421551,n12787421551,,24.448865,93.933915,junction,0,0,0
n12828592232,n12828592232,,25.178651,93.078682,junction,0,0,0
n12853494958,n12853494958,,26.532362,90.152354,junction,0,0,0
n12862260950,n12862260950,,26.730748,89.34095,junction,0,0,0
n12886678648,n12886678648,,26.455574,92.912499,junction,0,0,0
n12923502847,n12923502847,,26.931908,93.811386,junction,0,0,0
n12925429809,n12925429809,,24.169904,92.042727,junction,0,0,0
n1296526044,n1296526044,,27.26098,96.128724,junction,0,0,0
n1296578971,n1296578971,,27.226619,96.175012,junction,0,0,0
n1296578977,n1296578977,,27.292963,96.123139,junction,0,0,0
n1296578981,n1296578981,,27.302502,96.046795,junction,0,0,0
n1296578988,n1296578988,,27.292304,96.091745,junction,0,0,0
n1296579040,n1296579040,,27.332161,96.048129,junction,0,0,0
n1296579094,n1296579094,,27.35686,96.013396,junction,0,0,0
n1296579130,n1296579130,,27.365042,96.014266,junction,0,0,0
n1296579156,n1296579156,,27.292622,96.11593,junction,0,0,0
n1296579337,n1296579337,,27.347525,96.035585,junction,0,0,0
n1296579624,n1296579624,,27.359783,96.017449,junction,0,0,0
n1296579735,n1296579735,,27.340285,96.033116,junction,0,0,0
n1296596611,n1296596611,,27.308144,95.79151,junction,0,0,0
n1296596616,n1296596616,,27.323125,95.824722,junction,0,0,0
n1296646659,n1296646659,,23.806441,91.271871,junction,0,0,0
n1296646810,n1296646810,,23.865381,91.285249,junction,0,0,0
n1296647009,n1296647009,,23.856453,91.282127,junction,0,0,0
n1296647052,n1296647052,,23.807443,91.271544,junction,0,0,0
n1296647104,n1296647104,,23.799422,91.272653,junction,0,0,0
n1296647367,n1296647367,,23.871031,91.285233,junction,0,0,0
n1296647826,n1296647826,,23.838316,91.257673,junction,0,0,0
n1296647863,n1296647863,,23.825104,91.251936,junction,0,0,0
n1299581254,n1299581254,,25.193792,90.937436,junction,0,0,0
n1299581255,n1299581255,,25.190627,90.950507,junction,0,0,0
n1299581256,n1299581256,,25.187542,90.973249,junction,0,0,0
n1299581257,n1299581257,,25.180288,90.89562,junction,0,0,0
n1299581260,n1299581260,,26.180881,91.750504,junction,0,0,0
n1299581316,n1299581316,,25.183159,90.867648,junction,0,0,0
n1299581376,n1299581376,,25.176046,90.882723,junction,0,0,0
n1299590364,n1299590364,,26.133206,91.831527,junction,0,0,0
n13002309297,n13002309297,,26.107484,92.9883,junction,0,0,0
n13119221945,n13119221945,,26.694356,88.316327,junction,0,0,0
n1313341143,n1313341143,,26.024379,88.160782,junction,0,0,0
n1313341215,n1313341215,,26.057369,88.128336,junction,0,0,0
n1313341314,n1313341314,,26.083177,87.928628,junction,0,0,0
n1313341337,n1313341337,,26.086713,88.080528,junction,0,0,0
n1313341345,n1313341345,,26.087586,88.074338,junction,0,0,0
n1313341354,n1313341354,,26.088743,87.934354,junction,0,0,0
n1313341693,n1313341693,,26.11425,87.972016,junction,0,0,0
n1313341720,n1313341720,,26.116472,87.976035,junction,0,0,0
n1313341850,n1313341850,,26.144036,88.026996,junction,0,0,0
n1313341864,n1313341864,,26.148702,88.035867,junction,0,0,0
n1313342221,n1313342221,,26.193794,88.102696,junction,0,0,0
n1313342222,n1313342222,,26.174785,88.134994,junction,0,0,0
n1313342838,n1313342838,,26.211675,88.139324,junction,0,0,0
n1313342908,n1313342908,,26.215875,88.135098,junction,0,0,0
n1313342998,n1313342998,,26.236941,88.190758,junction,0,0,0
n1313343204,n1313343204,,26.248519,88.192593,junction,0,0,0
n1313343219,n1313343219,,26.249802,88.250591,junction,0,0,0
n1313343221,n1313343221,,26.25005,88.249863,junction,0,0,0
n1313343280,n1313343280,,26.259928,88.193194,junction,0,0,0
n1313343282,n1313343282,,26.259958,88.219512,junction,0,0,0
n1313343290,n1313343290,,26.26003,88.205824,junction,0,0,0
n1313343361,n1313343361,,26.264987,88.193583,junction,0,0,0
n1313388957,n1313388957,,26.219021,88.135029,junction,0,0,0
n1313388981,n1313388981,,26.238012,88.159203,junction,0,0,0
n1313388993,n1313388993,,26.239018,88.160476,junction,0,0,0
n1313389013,n1313389013,,26.274749,88.209663,junction,0,0,0
n1313389015,n1313389015,,26.280798,88.220019,junction,0,0,0
n1313389025,n1313389025,,26.285297,88.226635,junction,0,0,0
n1313389031,n1313389031,,26.28678,88.229388,junction,0,0,0
n1313389033,n1313389033,,26.288638,88.232674,junction,0,0,0
n1313389047,n1313389047,,26.293833,88.241634,junction,0,0,0
n1313389180,n1313389180,,26.321905,88.278045,junction,0,0,0
n1313389184,n1313389184,,26.322346,88.283021,junction,0,0,0
n1313389243,n1313389243,,26.324234,88.28084,junction,0,0,0
n1313389384,n1313389384,,26.34821,88.294405,junction,0,0,0
n1313389707,n1313389707,,26.385767,88.312146,junction,0,0,0
n1313568663,n1313568663,,26.58474,88.325,junction,0,0,0
n1313568683,n1313568683,,26.585169,88.325969,junction,0,0,0
n1313568706,n1313568706,,26.586938,88.344907,junction,0,0,0
n1313568860,n1313568860,,26.593048,88.287917,junction,0,0,0
n1313569011,n1313569011,,26.599191,88.290588,junction,0,0,0
n1313569066,n1313569066,,26.600871,88.378153,junction,0,0,0
n1313569273,n1313569273,,26.611046,88.479475,junction,0,0,0
n1313569368,n1313569368,,26.615851,88.474701,junction,0,0,0
n1313569445,n1313569445,,26.6227,88.467669,junction,0,0,0
n1313569495,n1313569495,,26.621197,88.378473,junction,0,0,0
n1313569507,n1313569507,,26.622785,88.461377,junction,0,0,0
n1313569513,n1313569513,,26.623375,88.457468,junction,0,0,0
n1313569652,n1313569652,,26.631381,88.436179,junction,0,0,0
n1313569694,n1313569694,,26.631499,88.375987,junction,0,0,0
n1313569788,n1313569788,,26.634475,88.415134,junction,0,0,0
n1313569868,n1313569868,,26.636143,88.415608,junction,0,0,0
n1313569900,n1313569900,,26.638653,88.429274,junction,0,0,0
n1313569905,n1313569905,,26.638536,88.367331,junction,0,0,0
n1313569919,n1313569919,,26.643368,88.371367,junction,0,0,0
n1313570087,n1313570087,,26.644001,88.371084,junction,0,0,0
n1313570156,n1313570156,,26.645336,88.399595,junction,0,0,0
n1313570158,n1313570158,,26.646621,88.503934,junction,0,0,0
n1313570212,n1313570212,,26.646646,88.39434,junction,0,0,0
n1313570228,n1313570228,,26.646922,88.381772,junction,0,0,0
n1313570263,n1313570263,,26.647348,88.503148,junction,0,0,0
n1313570270,n1313570270,,26.647387,88.385517,junction,0,0,0
n1313571066,n1313571066,,26.657546,88.429664,junction,0,0,0
n1313571184,n1313571184,,26.661116,88.464616,junction,0,0,0
n1313571185,n1313571185,,26.661243,88.466069,junction,0,0,0
n1313571201,n1313571201,,26.662053,88.471525,junction,0,0,0
n1313571277,n1313571277,,26.664891,88.482287,junction,0,0,0
n1313571285,n1313571285,,26.665814,88.415111,junction,0,0,0
n1313571292,n1313571292,,26.66743,88.484511,junction,0,0,0
n1313571409,n1313571409,,26.674133,88.472336,junction,0,0,0
n1313571518,n1313571518,,26.676556,88.44758,junction,0,0,0
n1313598160,n1313598160,,26.652722,88.368962,junction,0,0,0
n1313598282,n1313598282,,26.676982,88.462167,junction,0,0,0
n1314431804,n1314431804,,26.841856,88.341348,junction,0,0,0
n1314432919,n1314432919,,26.855464,88.334886,junction,0,0,0
n1314562098,n1314562098,,26.668722,88.315206,junction,0,0,0
n1314633577,n1314633577,,26.73788,88.288536,junction,0,0,0
n1314633589,n1314633589,,26.740234,88.284121,junction,0,0,0
n1315232055,n1315232055,,26.692198,88.378206,junction,0,0,0
n1315232068,n1315232068,,26.689334,88.366404,junction,0,0,0
n1315232229,n1315232229,,26.694588,88.287549,junction,0,0,0
n1315233404,n1315233404,,26.70594,88.370424,junction,0,0,0
n1315233598,n1315233598,,26.704655,88.370393,junction,0,0,0
n1315234259,n1315234259,,26.712143,88.368254,junction,0,0,0
n1315306215,n1315306215,,26.68262,88.425127,junction,0,0,0
n1315306356,n1315306356,,26.706104,88.416467,junction,0,0,0
n1315462753,n1315462753,,26.701561,88.431956,junction,0,0,0
n1315463447,n1315463447,,26.711245,88.426059,junction,0,0,0
n1315478169,n1315478169,,26.685742,88.43593,junction,0,0,0
n1315478249,n1315478249,,26.701461,88.459532,junction,0,0,0
n1315478973,n1315478973,,26.70364,88.429252,junction,0,0,0
n1315479485,n1315479485,,26.712008,88.418752,junction,0,0,0
n1315479819,n1315479819,,26.718619,88.42044,junction,0,0,0
n1315479820,n1315479820,,26.732505,88.455907,junction,0,0,0
n1315480175,n1315480175,,26.72144,88.418698,junction,0,0,0
n1315563762,n1315563762,,26.715653,88.422707,junction,0,0,0
n1315563843,n1315563843,,26.718403,88.426506,junction,0,0,0
n1315564155,n1315564155,,26.733839,88.432719,junction,0,0,0
n1315564180,n1315564180,,26.73922,88.434858,junction,0,0,0
n1315564198,n1315564198,,26.739632,88.422001,junction,0,0,0
n1315564200,n1315564200,,26.740085,88.424312,junction,0,0,0
n1315564242,n1315564242,,26.743078,88.430559,junction,0,0,0
n1315564272,n1315564272,,26.746034,88.434913,junction,0,0,0
n1315564343,n1315564343,,26.748289,88.43826,junction,0,0,0
n1315564481,n1315564481,,26.766453,88.445182,junction,0,0,0
n13190470287,n13190470287,,27.373604,94.829658,junction,0,0,0
n1323668557,n1323668557,,26.737613,88.434257,junction,0,0,0
n1323790772,n1323790772,,26.638148,88.416254,junction,0,0,0
n1323791747,n1323791747,,26.747973,88.416437,junction,0,0,0
n1323791775,n1323791775,,26.757074,88.41784,junction,0,0,0
n1324087231,n1324087231,,26.617561,88.430387,junction,0,0,0
n1324185512,n1324185512,,26.626708,88.426389,junction,0,0,0
n1324370307,n1324370307,,26.76467,88.336468,junction,0,0,0
n1324370340,n1324370340,,26.76475,88.33571,junction,0,0,0
n1324370369,n1324370369,,26.767245,88.333894,junction,0,0,0
n1325725742,n1325725742,,26.691092,88.437134,junction,0,0,0
n1329752313,n1329752313,,25.523254,90.701475,junction,0,0,0
n1329752575,n1329752575,,25.529035,90.707486,junction,0,0,0
n1329753265,n1329753265,,25.536063,90.892485,junction,0,0,0
n1329753295,n1329753295,,25.537103,90.850055,junction,0,0,0
n1329753316,n1329753316,,25.537442,90.849405,junction,0,0,0
n1329754174,n1329754174,,25.554601,90.957256,junction,0,0,0
n1329754933,n1329754933,,25.585124,90.806639,junction,0,0,0
n1329755394,n1329755394,,25.587066,90.735996,junction,0,0,0
n1329755609,n1329755609,,25.610112,90.752212,junction,0,0,0
n1329755858,n1329755858,,25.622128,90.768514,junction,0,0,0
n1329755928,n1329755928,,25.623322,90.700842,junction,0,0,0
n1329755950,n1329755950,,25.625652,90.774057,junction,0,0,0
n1329756251,n1329756251,,25.652237,90.800626,junction,0,0,0
n1329756252,n1329756252,,25.652355,90.80349,junction,0,0,0
n1329757554,n1329757554,,25.683096,90.813371,junction,0,0,0
n1329757610,n1329757610,,25.69478,90.818556,junction,0,0,0
n1329758386,n1329758386,,25.776335,90.814365,junction,0,0,0
n1329758859,n1329758859,,25.835955,90.782822,junction,0,0,0
n1329758863,n1329758863,,25.83709,90.782321,junction,0,0,0
n1329758945,n1329758945,,25.881224,90.779365,junction,0,0,0
n1329759680,n1329759680,,25.982976,90.782278,junction,0,0,0
n1329767694,n1329767694,,25.908092,90.775338,junction,0,0,0
n1329767721,n1329767721,,25.932476,90.772363,junction,0,0,0
n13301574171,n13301574171,,23.758321,91.840399,junction,0,0,0
n13304383329,n13304383329,,25.982316,93.436625,junction,0,0,0
n13304383347,n13304383347,,25.980602,93.449155,junction,0,0,0
n13304383352,n13304383352,,25.979988,93.453123,junction,0,0,0
n13304544410,n13304544410,,26.194349,89.863028,junction,0,0,0
n13304544412,n13304544412,,26.185004,89.865918,junction,0,0,0
n13310753697,n13310753697,,26.125455,90.572653,junction,0,0,0
n13321533927,n13321533927,,24.292803,92.006727,junction,0,0,0
n13382943608,n13382943608,,26.667065,93.778219,junction,0,0,0
n13382943613,n13382943613,,26.647547,93.771541,junction,0,0,0
n13382969841,n13382969841,,26.547783,94.040883,junction,0,0,0
n13382969859,n13382969859,,26.54727,94.028103,junction,0,0,0
n1340875555,n1340875555,,27.071139,88.424059,junction,0,0,0
n1344230878,n1344230878,,26.833264,88.266057,junction,0,0,0
n1344231055,n1344231055,,26.876624,88.275541,junction,0,0,0
n1344231363,n1344231363,,26.808574,88.2708,junction,0,0,0
n1344373928,n1344373928,,26.888144,88.186405,junction,0,0,0
n13449554481,n13449554481,,23.627605,91.814876,junction,0,0,0
n13449566351,n13449566351,,23.635322,91.815898,junction,0,0,0
n13449593998,n13449593998,,23.64964,91.805644,junction,0,0,0
n13449985848,n13449985848,,26.825105,94.815402,junction,0,0,0
n1345435418,n1345435418,,26.821533,88.240933,junction,0,0,0
n1345435465,n1345435465,,26.821736,88.243019,junction,0,0,0
n1345697438,n1345697438,,26.565772,88.826771,junction,0,0,0
n1345697449,n1345697449,,26.566482,88.819959,junction,0,0,0
n1345697453,n1345697453,,26.5621,88.874762,junction,0,0,0
n1345697473,n1345697473,,26.581326,88.997531,junction,0,0,0
n1345697483,n1345697483,,26.560901,88.891729,junction,0,0,0
n1345697491,n1345697491,,26.553458,89.073328,junction,0,0,0
n1345697493,n1345697493,,26.582122,89.021282,junction,0,0,0
n1345697529,n1345697529,,26.566546,88.817881,junction,0,0,0
n1345697552,n1345697552,,26.557919,88.915069,junction,0,0,0
n1345697585,n1345697585,,26.5719,88.940983,junction,0,0,0
n1345697589,n1345697589,,26.701775,88.765991,junction,0,0,0
n1345697591,n1345697591,,26.569852,88.809589,junction,0,0,0
n1345697594,n1345697594,,26.563462,88.92548,junction,0,0,0
n1345697599,n1345697599,,26.526475,89.194953,junction,0,0,0
n1345697602,n1345697602,,26.553906,89.072347,junction,0,0,0
n1345697613,n1345697613,,26.545105,89.09285,junction,0,0,0
n1345697619,n1345697619,,26.544289,89.093365,junction,0,0,0
n1345697621,n1345697621,,26.521487,89.169712,junction,0,0,0
n1345697632,n1345697632,,26.576357,88.960527,junction,0,0,0
n1345697697,n1345697697,,26.767762,88.794288,junction,0,0,0
n1345697728,n1345697728,,26.543489,89.108375,junction,0,0,0
n1345697730,n1345697730,,26.718142,88.766966,junction,0,0,0
n1345697756,n1345697756,,26.640957,88.768886,junction,0,0,0
n1345697812,n1345697812,,26.700148,88.763161,junction,0,0,0
n1345697825,n1345697825,,26.588965,89.006954,junction,0,0,0
n1345697855,n1345697855,,26.532095,89.201327,junction,0,0,0
n1345697884,n1345697884,,26.569913,88.937156,junction,0,0,0
n1345698043,n1345698043,,26.564404,88.927181,junction,0,0,0
n1345698162,n1345698162,,26.579711,88.993179,junction,0,0,0
n1345698311,n1345698311,,26.576198,88.981514,junction,0,0,0
n1345698373,n1345698373,,26.694218,88.761555,junction,0,0,0
n1345698610,n1345698610,,26.519424,89.170591,junction,0,0,0
n1345698762,n1345698762,,26.728049,88.776001,junction,0,0,0
n1345698832,n1345698832,,26.795231,88.797987,junction,0,0,0
n1345698980,n1345698980,,26.576262,88.980324,junction,0,0,0
n1345699105,n1345699105,,26.533622,89.201215,junction,0,0,0
n1345699165,n1345699165,,26.545872,89.114032,junction,0,0,0
n1345733537,n1345733537,,26.700365,89.031392,junction,0,0,0
n1345733540,n1345733540,,26.624442,89.017968,junction,0,0,0
n1345733542,n1345733542,,26.610436,89.008304,junction,0,0,0
n1345733543,n1345733543,,26.658639,89.028369,junction,0,0,0
n1345733544,n1345733544,,26.63486,89.029003,junction,0,0,0
n1345733551,n1345733551,,26.601234,89.007492,junction,0,0,0
n1345733565,n1345733565,,26.617268,89.010233,junction,0,0,0
n1345733613,n1345733613,,26.630741,89.025068,junction,0,0,0
n1345733698,n1345733698,,26.704649,89.053528,junction,0,0,0
n1346380525,n1346380525,,26.491034,90.583031,junction,0,0,0
n1346380533,n1346380533,,26.487209,90.642233,junction,0,0,0
n1346380535,n1346380535,,26.487967,90.603112,junction,0,0,0
n1346388174,n1346388174,,26.486477,90.801422,junction,0,0,0
n1346388187,n1346388187,,26.494364,90.647025,junction,0,0,0
n1346388199,n1346388199,,26.375455,90.635333,junction,0,0,0
n1346388224,n1346388224,,26.488112,90.964689,junction,0,0,0
n1346388226,n1346388226,,26.479475,90.670369,junction,0,0,0
n1346388230,n1346388230,,26.37113,90.629268,junction,0,0,0
n1346388251,n1346388251,,26.481296,90.639582,junction,0,0,0
n1346388268,n1346388268,,26.497207,90.655105,junction,0,0,0
n1346388429,n1346388429,,26.466075,90.750884,junction,0,0,0
n1346388581,n1346388581,,26.465699,90.748386,junction,0,0,0
n1346388588,n1346388588,,26.479599,90.700494,junction,0,0,0
n1346388627,n1346388627,,26.482869,90.839563,junction,0,0,0
n1346388655,n1346388655,,26.495112,90.919919,junction,0,0,0
n1346388743,n1346388743,,26.478154,90.696803,junction,0,0,0
n1346388764,n1346388764,,26.469902,90.781621,junction,0,0,0
n1346388794,n1346388794,,26.494847,90.915662,junction,0,0,0
n1346434725,n1346434725,,26.48154,91.11424,junction,0,0,0
n1346434743,n1346434743,,26.505652,91.233058,junction,0,0,0
n1346434759,n1346434759,,26.457558,91.45739,junction,0,0,0
n1346434772,n1346434772,,26.420911,91.010676,junction,0,0,0
n1346434778,n1346434778,,26.509574,91.181786,junction,0,0,0
n1346434819,n1346434819,,26.525073,91.354964,junction,0,0,0
n1346434820,n1346434820,,26.459784,91.453558,junction,0,0,0
n1346434831,n1346434831,,26.451963,91.413968,junction,0,0,0
n1346434848,n1346434848,,26.513289,91.264964,junction,0,0,0
n1346434890,n1346434890,,26.422427,90.975592,junction,0,0,0
n1346434898,n1346434898,,26.452653,91.476068,junction,0,0,0
n1346434911,n1346434911,,26.502393,91.152538,junction,0,0,0
n1346434917,n1346434917,,26.506454,91.238474,junction,0,0,0
n1346434968,n1346434968,,26.434301,91.619637,junction,0,0,0
n1346434970,n1346434970,,26.496838,91.133679,junction,0,0,0
n1346434991,n1346434991,,26.499236,91.137231,junction,0,0,0
n1346435008,n1346435008,,26.432524,90.969342,junction,0,0,0
n1346435031,n1346435031,,26.50604,91.236713,junction,0,0,0
n1346435032,n1346435032,,26.510461,91.176397,junction,0,0,0
n1346435040,n1346435040,,26.438489,91.610511,junction,0,0,0
n1346435068,n1346435068,,26.48165,91.113047,junction,0,0,0
n1346435125,n1346435125,,26.451546,91.53906,junction,0,0,0
n1346435134,n1346435134,,26.508668,91.185526,junction,0,0,0
n1346435237,n1346435237,,26.518138,91.298622,junction,0,0,0
n13465490135,n13465490135,,23.747093,91.842838,junction,0,0,0
n13465499314,n13465499314,,23.733072,91.840091,junction,0,0,0
n1347032648,n1347032648,,26.398265,90.28818,junction,0,0,0
n1347032651,n1347032651,,26.396854,90.313547,junction,0,0,0
n1347032657,n1347032657,,26.400962,90.268651,junction,0,0,0
n1347032802,n1347032802,,26.398014,90.31209,junction,0,0,0
n1347032919,n1347032919,,26.336558,90.408778,junction,0,0,0
n1347032958,n1347032958,,26.416588,90.277219,junction,0,0,0
n1347033094,n1347033094,,26.405436,90.27011,junction,0,0,0
n1347033323,n1347033323,,26.403865,90.268537,junction,0,0,0
n1347033903,n1347033903,,26.397578,90.312674,junction,0,0,0
n1347057443,n1347057443,,26.405301,89.381395,junction,0,0,0
n1347080859,n1347080859,,26.473598,89.22514,junction,0,0,0
n1347487112,n1347487112,,26.513297,89.388261,junction,0,0,0
n1347487114,n1347487114,,26.479684,89.519365,junction,0,0,0
n1347487174,n1347487174,,26.69032,89.403276,junction,0,0,0
n1347487244,n1347487244,,26.533613,89.4418,junction,0,0,0
n1347487261,n1347487261,,26.617963,89.525356,junction,0,0,0
n1347487264,n1347487264,,26.471388,89.434727,junction,0,0,0
n1347487316,n1347487316,,26.705554,89.397392,junction,0,0,0
n1347487420,n1347487420,,26.612337,89.531705,junction,0,0,0
n1347487421,n1347487421,,26.635158,89.5057,junction,0,0,0
n1347487463,n1347487463,,26.623757,89.52967,junction,0,0,0
n1347487501,n1347487501,,26.687298,89.411046,junction,0,0,0
n1347487512,n1347487512,,26.500161,89.373908,junction,0,0,0
n1347487530,n1347487530,,26.618329,89.529204,junction,0,0,0
n1347487533,n1347487533,,26.48005,89.52139,junction,0,0,0
n1347487570,n1347487570,,26.697459,89.55963,junction,0,0,0
n1347487660,n1347487660,,26.479956,89.516391,junction,0,0,0
n1347487691,n1347487691,,26.685041,89.340633,junction,0,0,0
n1347487698,n1347487698,,26.6709,89.471628,junction,0,0,0
n1347487718,n1347487718,,26.710596,89.387271,junction,0,0,0
n1347487743,n1347487743,,26.688506,89.405709,junction,0,0,0
n1347487794,n1347487794,,26.499168,89.372969,junction,0,0,0
n1347487958,n1347487958,,26.637025,89.503169,junction,0,0,0
n13475750270,n13475750270,,23.726571,91.838041,junction,0,0,0
n1347704620,n1347704620,,26.677785,89.686807,junction,0,0,0
n1347704633,n1347704633,,26.70082,89.617522,junction,0,0,0
n1347704713,n1347704713,,26.696564,89.570219,junction,0,0,0
n1347704729,n1347704729,,26.677998,89.672506,junction,0,0,0
n1347704731,n1347704731,,26.556637,89.68189,junction,0,0,0
n1347704763,n1347704763,,26.55732,89.683235,junction,0,0,0
n1347704779,n1347704779,,26.677855,89.692409,junction,0,0,0
n1347704800,n1347704800,,26.699618,89.611063,junction,0,0,0
n1347704812,n1347704812,,26.696586,89.569428,junction,0,0,0
n1347704817,n1347704817,,26.671334,89.721681,junction,0,0,0
n1347704845,n1347704845,,26.491019,89.597279,junction,0,0,0
n1347704860,n1347704860,,26.698039,89.621637,junction,0,0,0
n1347704884,n1347704884,,26.70002,89.61996,junction,0,0,0
n1347704900,n1347704900,,26.699918,89.612846,junction,0,0,0
n1347704902,n1347704902,,26.677819,89.690326,junction,0,0,0
n1347750860,n1347750860,,26.456992,89.717548,junction,0,0,0
n1347750879,n1347750879,,26.474722,89.735582,junction,0,0,0
n1347750931,n1347750931,,26.417725,89.716427,junction,0,0,0
n1347751300,n1347751300,,26.628337,89.830699,junction,0,0,0
n1347751405,n1347751405,,26.665425,89.828513,junction,0,0,0
n1347779392,n1347779392,,26.477877,89.740558,junction,0,0,0
n1347779394,n1347779394,,26.472033,89.804694,junction,0,0,0
n1348237413,n1348237413,,26.97926,88.702331,junction,0,0,0
n1348237428,n1348237428,,27.035427,88.691565,junction,0,0,0
n1348237444,n1348237444,,27.064945,88.872546,junction,0,0,0
n1348237595,n1348237595,,26.90695,88.683793,junction,0,0,0
n1348237707,n1348237707,,27.039007,88.870621,junction,0,0,0
n1349065754,n1349065754,,26.418027,89.50729,junction,0,0,0
n1349065775,n1349065775,,26.395968,89.495071,junction,0,0,0
n1349065783,n1349065783,,26.356072,89.45041,junction,0,0,0
n1349065791,n1349065791,,26.362687,89.453709,junction,0,0,0
n1349065816,n1349065816,,26.442888,89.655393,junction,0,0,0
n1349065842,n1349065842,,26.460438,89.596269,junction,0,0,0
n1349065868,n1349065868,,26.444207,89.624855,junction,0,0,0
n1349065870,n1349065870,,26.441402,89.675438,junction,0,0,0
n1349065873,n1349065873,,26.389116,89.492356,junction,0,0,0
n1349065957,n1349065957,,26.389864,89.492771,junction,0,0,0
n1349065959,n1349065959,,26.482659,89.509273,junction,0,0,0
n1349065986,n1349065986,,26.356918,89.450768,junction,0,0,0
n1349065995,n1349065995,,26.46488,89.519301,junction,0,0,0
n1349065998,n1349065998,,26.464182,89.585483,junction,0,0,0
n1349066030,n1349066030,,26.442383,89.657676,junction,0,0,0
n1349066140,n1349066140,,26.460755,89.595117,junction,0,0,0
n1349066151,n1349066151,,26.345038,89.449124,junction,0,0,0
n1349326123,n1349326123,,26.32531,89.469661,junction,0,0,0
n1349326134,n1349326134,,26.329819,89.238171,junction,0,0,0
n1349326150,n1349326150,,26.50111,88.842106,junction,0,0,0
n1349326197,n1349326197,,26.337618,89.250805,junction,0,0,0
n1349326206,n1349326206,,26.340978,89.20539,junction,0,0,0
n1349326232,n1349326232,,26.367591,89.112525,junction,0,0,0
n1349326258,n1349326258,,26.323946,89.21203,junction,0,0,0
n1349326293,n1349326293,,26.434997,88.917852,junction,0,0,0
n1349326296,n1349326296,,26.389662,89.100689,junction,0,0,0
n1349326300,n1349326300,,26.284872,89.357875,junction,0,0,0
n1349326312,n1349326312,,26.432899,88.911538,junction,0,0,0
n1349326314,n1349326314,,26.291507,89.441459,junction,0,0,0
n1349326329,n1349326329,,26.3451,89.125215,junction,0,0,0
n1349326376,n1349326376,,26.464465,88.873467,junction,0,0,0
n1349326387,n1349326387,,26.32536,89.269484,junction,0,0,0
n1349326392,n1349326392,,26.333484,89.213581,junction,0,0,0
n1349326409,n1349326409,,26.285812,89.458996,junction,0,0,0
n1349326438,n1349326438,,26.325832,89.460525,junction,0,0,0
n1349326564,n1349326564,,26.325068,89.234724,junction,0,0,0
n1349326618,n1349326618,,26.289623,89.457046,junction,0,0,0
n1349326658,n1349326658,,26.283748,89.458931,junction,0,0,0
n1349326666,n1349326666,,26.33754,89.251739,junction,0,0,0
n1349326708,n1349326708,,26.325401,89.468825,junction,0,0,0
n1349326790,n1349326790,,26.295841,89.331854,junction,0,0,0
n1349326794,n1349326794,,26.295566,89.332939,junction,0,0,0
n1349349595,n1349349595,,26.302853,89.411543,junction,0,0,0
n13502805292,n13502805292,,25.17568,90.537322,junction,0,0,0
n13502805318,n13502805318,,25.174525,90.546893,junction,0,0,0
n13503241973,n13503241973,,23.716872,91.831973,junction,0,0,0
n13503257412,n13503257412,,23.652734,91.806613,junction,0,0,0
n1351480860,n1351480860,,26.602539,91.726235,junction,0,0,0
n1351480932,n1351480932,,26.530538,91.725051,junction,0,0,0
n1351480961,n1351480961,,26.638927,91.725422,junction,0,0,0
n1351659972,n1351659972,,26.289641,91.503945,junction,0,0,0
n1351659975,n1351659975,,26.345171,91.454905,junction,0,0,0
n1351660075,n1351660075,,26.549295,91.474094,junction,0,0,0
n1351660134,n1351660134,,26.297746,91.495349,junction,0,0,0
n1351700373,n1351700373,,26.574109,91.485596,junction,0,0,0
n13525786506,n13525786506,,24.24555,93.455597,junction,0,0,0
n13527809952,n13527809952,,23.708828,91.833586,junction,0,0,0
n13527847053,n13527847053,,23.669306,91.812076,junction,0,0,0
n13529038792,n13529038792,,23.671283,91.812097,junction,0,0,0
n13529053205,n13529053205,,23.672872,91.811815,junction,0,0,0
n13532754898,n13532754898,,25.632458,89.965397,junction,0,0,0
n13532754911,n13532754911,,25.627527,89.963155,junction,0,0,0
n13532754975,n13532754975,,25.621363,89.960952,junction,0,0,0
n13532754980,n13532754980,,25.615718,89.959247,junction,0,0,0
n13532754982,n13532754982,,25.614102,89.958613,junction,0,0,0
n13532754992,n13532754992,,25.602855,89.953606,junction,0,0,0
n1354934695,n1354934695,,26.230818,90.237405,junction,0,0,0
n1354934707,n1354934707,,26.231929,90.230345,junction,0,0,0
n1354934729,n1354934729,,26.339635,90.223095,junction,0,0,0
n1354934773,n1354934773,,26.331703,90.209963,junction,0,0,0
n1354982536,n1354982536,,26.241327,90.206273,junction,0,0,0
n1355287542,n1355287542,,26.463826,90.153263,junction,0,0,0
n1355287594,n1355287594,,26.417607,90.273413,junction,0,0,0
n1355287719,n1355287719,,26.471541,90.147327,junction,0,0,0
n1355287756,n1355287756,,26.423442,90.269476,junction,0,0,0
n1355288038,n1355288038,,26.4686,90.14982,junction,0,0,0
n1355288215,n1355288215,,26.458798,90.155708,junction,0,0,0
n1355288356,n1355288356,,26.457933,90.155764,junction,0,0,0
n1355288432,n1355288432,,26.456163,90.193966,junction,0,0,0
n1355288575,n1355288575,,26.455775,90.168885,junction,0,0,0
n1355288596,n1355288596,,26.439229,90.21328,junction,0,0,0
n1355288689,n1355288689,,26.464534,90.152955,junction,0,0,0
n1355288819,n1355288819,,26.424016,90.264101,junction,0,0,0
n13552964533,n13552964533,,25.8393,90.084157,junction,0,0,0
n1355673956,n1355673956,,26.44771,90.386492,junction,0,0,0
n1355673979,n1355673979,,26.262587,90.54234,junction,0,0,0
n1355674021,n1355674021,,26.457626,90.458258,junction,0,0,0
n1355674023,n1355674023,,26.32869,90.501574,junction,0,0,0
n1355674040,n1355674040,,26.409647,90.448534,junction,0,0,0
n1355674079,n1355674079,,26.456409,90.401408,junction,0,0,0
n1355674113,n1355674113,,26.477231,90.531517,junction,0,0,0
n1355674130,n1355674130,,26.456215,90.399672,junction,0,0,0
n1355674134,n1355674134,,26.460078,90.423787,junction,0,0,0
n1355674180,n1355674180,,26.453104,90.545173,junction,0,0,0
n1355674246,n1355674246,,26.432431,90.524966,junction,0,0,0
n1355674266,n1355674266,,26.457842,90.40874,junction,0,0,0
n1355674324,n1355674324,,26.417776,90.443282,junction,0,0,0
n1355674341,n1355674341,,26.464933,90.465503,junction,0,0,0
n1355674484,n1355674484,,26.469497,90.486759,junction,0,0,0
n1355674512,n1355674512,,26.46015,90.437517,junction,0,0,0
n1355674606,n1355674606,,26.460205,90.458926,junction,0,0,0
n1355674645,n1355674645,,26.47224,90.511665,junction,0,0,0
n1355674674,n1355674674,,26.407657,90.447545,junction,0,0,0
n1355674749,n1355674749,,26.41729,90.444021,junction,0,0,0
n1355674787,n1355674787,,26.46693,90.471632,junction,0,0,0
n1355674909,n1355674909,,26.468715,90.48423,junction,0,0,0
n1356726182,n1356726182,,23.932952,94.19525,junction,0,0,0
n1356726436,n1356726436,,24.231627,94.299357,junction,0,0,0
n1359194785,n1359194785,,26.126716,91.796914,junction,0,0,0
n1359840552,n1359840552,,26.516427,88.138629,junction,0,0,0
n1359960829,n1359960829,,26.74478,93.17981,junction,0,0,0
n1359960831,n1359960831,,26.73636,93.031857,junction,0,0,0
n1359960839,n1359960839,,26.730136,92.978122,junction,0,0,0
n1359960842,n1359960842,,26.739649,93.060024,junction,0,0,0
n1359960849,n1359960849,,26.741143,93.067514,junction,0,0,0
n1359960858,n1359960858,,26.821332,92.789033,junction,0,0,0
n1359960874,n1359960874,,26.741127,93.066171,junction,0,0,0
n1359960887,n1359960887,,26.788036,92.930377,junction,0,0,0
n1359960894,n1359960894,,26.732796,92.954963,junction,0,0,0
n1359960905,n1359960905,,26.738627,93.045181,junction,0,0,0
n1359960908,n1359960908,,26.803228,92.845279,junction,0,0,0
n1359960919,n1359960919,,26.735903,93.013208,junction,0,0,0
n1359960920,n1359960920,,26.827994,92.801394,junction,0,0,0
n1359960931,n1359960931,,26.736168,93.019799,junction,0,0,0
n1359960944,n1359960944,,26.732848,92.970863,junction,0,0,0
n1359960948,n1359960948,,26.737714,93.037699,junction,0,0,0
n1359960955,n1359960955,,26.810033,92.873622,junction,0,0,0
n1359960956,n1359960956,,26.72924,92.941447,junction,0,0,0
n1359960968,n1359960968,,26.732871,92.96227,junction,0,0,0
n1359960996,n1359960996,,26.741252,93.131056,junction,0,0,0
n1359961048,n1359961048,,26.738211,93.116056,junction,0,0,0
n1359961074,n1359961074,,26.741433,93.150734,junction,0,0,0
n1359961099,n1359961099,,26.733756,92.996933,junction,0,0,0
n1359961106,n1359961106,,26.735578,93.009934,junction,0,0,0
n1359961163,n1359961163,,26.736184,93.020915,junction,0,0,0
n1359961176,n1359961176,,26.732688,92.991148,junction,0,0,0
n1359961181,n1359961181,,26.73444,92.93432,junction,0,0,0
n1359961215,n1359961215,,26.756489,93.153835,junction,0,0,0
n1359961260,n1359961260,,26.730489,92.946874,junction,0,0,0
n1359961281,n1359961281,,26.696861,93.150769,junction,0,0,0
n1359961283,n1359961283,,26.808381,92.895373,junction,0,0,0
n1359961345,n1359961345,,26.736262,93.028497,junction,0,0,0
n1359961362,n1359961362,,26.738954,93.049467,junction,0,0,0
n1359961402,n1359961402,,26.828508,92.800562,junction,0,0,0
n1359961472,n1359961472,,26.78203,93.13196,junction,0,0,0
n1359961486,n1359961486,,26.73843,93.12166,junction,0,0,0
n1359961545,n1359961545,,26.810314,92.880118,junction,0,0,0
n1359961574,n1359961574,,26.746064,93.218428,junction,0,0,0
n13605176372,n13605176372,,23.68119,91.818883,junction,0,0,0
n1364340219,n1364340219,,26.158033,91.758368,junction,0,0,0
n1364340436,n1364340436,,26.159373,91.766128,junction,0,0,0
n1364534620,n1364534620,,26.189731,91.751577,junction,0,0,0
n1364588635,n1364588635,,26.138501,91.79909,junction,0,0,0
n1364608047,n1364608047,,26.152314,91.81163,junction,0,0,0
n1364843574,n1364843574,,26.328268,90.970484,junction,0,0,0
n1364843641,n1364843641,,26.328806,90.972977,junction,0,0,0
n1364843657,n1364843657,,26.269454,90.962988,junction,0,0,0
n13703617340,n13703617340,,26.907117,94.763303,junction,0,0,0
n13703617350,n13703617350,,26.907094,94.761732,junction,0,0,0
n13737355467,n13737355467,,26.794683,94.769242,junction,0,0,0
n13780340168,n13780340168,,26.747146,89.358248,junction,0,0,0
n13785414965,n13785414965,,27.150629,94.956109,junction,0,0,0
n13785414968,n13785414968,,27.147894,94.95741,junction,0,0,0
n1380068429,n1380068429,,26.206681,91.741084,junction,0,0,0
n1380068473,n1380068473,,26.120791,91.542223,junction,0,0,0
n1380069193,n1380069193,,26.199038,91.558379,junction,0,0,0
n1380069516,n1380069516,,26.207162,91.543243,junction,0,0,0
n1380069525,n1380069525,,26.124395,91.682929,junction,0,0,0
n1380069734,n1380069734,,26.13856,91.606939,junction,0,0,0
n1380567765,n1380567765,,27.191315,95.133391,junction,0,0,0
n1380567808,n1380567808,,27.170415,95.048064,junction,0,0,0
n1380567851,n1380567851,,26.161052,91.935262,junction,0,0,0
n1380567916,n1380567916,,27.182119,95.034292,junction,0,0,0
n1380568068,n1380568068,,27.219469,95.105997,junction,0,0,0
n1380568123,n1380568123,,27.442358,95.022128,junction,0,0,0
n1380568144,n1380568144,,27.443012,95.02696,junction,0,0,0
n1380568577,n1380568577,,27.30229,95.061564,junction,0,0,0
n1380569139,n1380569139,,27.408589,94.925818,junction,0,0,0
n1380569253,n1380569253,,27.173082,95.051372,junction,0,0,0
n1380569336,n1380569336,,27.432092,94.920916,junction,0,0,0
n1380569818,n1380569818,,27.409544,94.925427,junction,0,0,0
n13831284781,n13831284781,,26.309934,88.867675,junction,0,0,0
n13831324822,n13831324822,,26.309991,88.857502,junction,0,0,0
n1403967946,n1403967946,,26.505109,91.177807,junction,0,0,0
n1404298037,n1404298037,,27.487201,96.207982,junction,0,0,0
n1404298038,n1404298038,,27.485458,96.204165,junction,0,0,0
n1412091730,n1412091730,,23.486831,91.38224,junction,0,0,0
n1412092843,n1412092843,,26.45224,88.335174,junction,0,0,0
n1412092858,n1412092858,,26.466818,88.338253,junction,0,0,0
n1412092943,n1412092943,,26.489523,88.318797,junction,0,0,0
n1425144163,n1425144163,,24.496139,94.011732,junction,0,0,0
n1425144171,n1425144171,,24.498712,93.980765,junction,0,0,0
n1425144183,n1425144183,,24.527649,93.924138,junction,0,0,0
n1425144196,n1425144196,,24.556771,93.898852,junction,0,0,0
n1425144199,n1425144199,,24.573664,93.907908,junction,0,0,0
n1425144202,n1425144202,,24.620425,93.889892,junction,0,0,0
n1425144212,n1425144212,,24.710286,93.904191,junction,0,0,0
n1425144213,n1425144213,,24.726893,93.905771,junction,0,0,0
n1428989853,n1428989853,,27.349637,88.624437,junction,0,0,0
n1428989928,n1428989928,,27.36579,88.626511,junction,0,0,0
n1429300117,n1429300117,,26.688053,89.40726,junction,0,0,0
n1429300319,n1429300319,,26.705879,89.396708,junction,0,0,0
n1431033878,n1431033878,,23.741634,91.213282,junction,0,0,0
n1431033931,n1431033931,,23.747324,91.225527,junction,0,0,0
n1431033963,n1431033963,,23.763891,91.231756,junction,0,0,0
n1431033972,n1431033972,,23.779225,91.231682,junction,0,0,0
n1431034000,n1431034000,,23.783843,91.23194,junction,0,0,0
n1431034045,n1431034045,,23.788683,91.264808,junction,0,0,0
n1431034252,n1431034252,,23.839119,91.255786,junction,0,0,0
n1431034264,n1431034264,,23.840675,91.252336,junction,0,0,0
n1431067708,n1431067708,,27.364172,88.649592,junction,0,0,0
n1431589497,n1431589497,,27.07705,93.655352,junction,0,0,0
n1431862376,n1431862376,,27.25658,88.615748,junction,0,0,0
n1431862651,n1431862651,,27.294492,88.655931,junction,0,0,0
n1431863146,n1431863146,,27.329476,88.649631,junction,0,0,0
n1431909487,n1431909487,,27.271564,88.597106,junction,0,0,0
n1434424680,n1434424680,,26.917619,94.737914,junction,0,0,0
n1434424754,n1434424754,,26.982956,94.447232,junction,0,0,0
n1435009101,n1435009101,,26.280531,89.486008,junction,0,0,0
n1435009173,n1435009173,,26.335778,89.477998,junction,0,0,0
n1435201618,n1435201618,,26.315364,89.438306,junction,0,0,0
n1435201689,n1435201689,,26.31607,89.451636,junction,0,0,0
n1435201982,n1435201982,,26.322613,89.439007,junction,0,0,0
n1435225985,n1435225985,,27.74566,94.916538,junction,0,0,0
n1435440729,n1435440729,,27.204021,94.059036,junction,0,0,0
n1435440730,n1435440730,,27.213374,94.060946,junction,0,0,0
n1435440731,n1435440731,,27.52991,94.680499,junction,0,0,0
n1435440734,n1435440734,,27.658301,94.704686,junction,0,0,0
n1435959078,n1435959078,,26.324997,89.475452,junction,0,0,0
n1437215876,n1437215876,,27.430909,94.498622,junction,0,0,0
n1437215877,n1437215877,,27.449545,94.545396,junction,0,0,0
n1437215901,n1437215901,,27.527757,94.594382,junction,0,0,0
n1437215902,n1437215902,,27.53371,94.690776,junction,0,0,0
n1437215913,n1437215913,,27.561423,94.662436,junction,0,0,0
n1437215915,n1437215915,,27.563014,94.660744,junction,0,0,0
n1437215919,n1437215919,,27.570638,94.6566,junction,0,0,0
n1437215961,n1437215961,,28.017694,94.681678,junction,0,0,0
n1437216069,n1437216069,,28.042367,94.679519,junction,0,0,0
n1439258659,n1439258659,,26.241223,89.484999,junction,0,0,0
n1439258681,n1439258681,,26.256054,89.486145,junction,0,0,0
n1439258718,n1439258718,,26.258834,89.542453,junction,0,0,0
n1439610572,n1439610572,,26.366223,89.526413,junction,0,0,0
n1444166173,n1444166173,,26.368512,89.532555,junction,0,0,0
n1444166468,n1444166468,,26.375669,89.539256,junction,0,0,0
n1445002220,n1445002220,,26.410967,89.38215,junction,0,0,0
n1445002378,n1445002378,,26.411889,89.36225,junction,0,0,0
n1445002386,n1445002386,,26.412157,89.361489,junction,0,0,0
n1449640961,n1449640961,,23.733262,91.266802,junction,0,0,0
n1449670766,n1449670766,,24.871982,92.248557,junction,0,0,0
n1449670767,n1449670767,,24.872915,92.255584,junction,0,0,0
n1449670779,n1449670779,,25.897797,90.616616,junction,0,0,0
n1463090112,n1463090112,,27.137852,93.717762,junction,0,0,0
n1463090962,n1463090962,,27.554957,91.698514,junction,0,0,0
n1463091034,n1463091034,,27.558138,91.793019,junction,0,0,0
n1463091791,n1463091791,,27.624297,91.718284,junction,0,0,0
n1463091929,n1463091929,,27.634206,91.72179,junction,0,0,0
n1463092405,n1463092405,,27.674298,91.855432,junction,0,0,0
n1463108596,n1463108596,,27.342399,94.947132,junction,0,0,0
n1463108602,n1463108602,,27.362425,94.944451,junction,0,0,0
n1464962513,n1464962513,,26.434759,88.919737,junction,0,0,0
n1465121719,n1465121719,,26.285492,89.358238,junction,0,0,0
n1465123449,n1465123449,,26.461353,88.955306,junction,0,0,0
n1465486306,n1465486306,,26.296945,89.431619,junction,0,0,0
n1465486574,n1465486574,,26.304957,89.433585,junction,0,0,0
n1465486624,n1465486624,,26.307317,89.43351,junction,0,0,0
n1465486628,n1465486628,,26.309116,89.431619,junction,0,0,0
n1472728728,n1472728728,,23.876577,91.286888,junction,0,0,0
n1472728768,n1472728768,,23.88647,91.295593,junction,0,0,0
n1472750636,n1472750636,,24.012144,91.836391,junction,0,0,0
n1472750943,n1472750943,,24.393892,92.15834,junction,0,0,0
n1472751017,n1472751017,,24.437741,92.241745,junction,0,0,0
n1472751040,n1472751040,,24.446816,92.226339,junction,0,0,0
n1477920637,n1477920637,,26.480318,89.51529,junction,0,0,0
n1477924176,n1477924176,,27.509429,88.526416,junction,0,0,0
n1477987346,n1477987346,,27.090577,88.458041,junction,0,0,0
n1477987372,n1477987372,,27.140958,88.436069,junction,0,0,0
n1495287202,n1495287202,,26.103746,93.007504,junction,0,0,0
n1495287280,n1495287280,,26.220398,92.993671,junction,0,0,0
n1495316539,n1495316539,,26.100814,93.022143,junction,0,0,0
n1495329090,n1495329090,,26.679461,89.395575,junction,0,0,0
n1495483855,n1495483855,,26.55069,92.932078,junction,0,0,0
n1495483883,n1495483883,,26.579449,92.921808,junction,0,0,0
n1495483960,n1495483960,,26.82966,93.243622,junction,0,0,0
n1495483966,n1495483966,,26.832065,93.194267,junction,0,0,0
n1516327700,n1516327700,,23.924643,91.845082,junction,0,0,0
n1516327707,n1516327707,,23.923489,91.855773,junction,0,0,0
n1516327775,n1516327775,,23.943613,91.832802,junction,0,0,0
n1516327959,n1516327959,,24.010892,91.839416,junction,0,0,0
n1516327969,n1516327969,,24.01246,91.614184,junction,0,0,0
n1516328028,n1516328028,,24.045608,91.578335,junction,0,0,0
n1516328083,n1516328083,,24.061541,91.644521,junction,0,0,0
n1516328089,n1516328089,,24.062971,91.621079,junction,0,0,0
n1516328137,n1516328137,,24.067135,91.606457,junction,0,0,0
n1516328184,n1516328184,,24.07388,91.600082,junction,0,0,0
n1516328259,n1516328259,,24.082421,91.596673,junction,0,0,0
n1516328312,n1516328312,,24.091424,91.623019,junction,0,0,0
n1516328372,n1516328372,,24.107092,91.680743,junction,0,0,0
n1516328374,n1516328374,,24.107502,91.643469,junction,0,0,0
n1516328423,n1516328423,,24.132109,91.685318,junction,0,0,0
n1516328730,n1516328730,,24.317949,92.089483,junction,0,0,0
n1596351004,n1596351004,,26.537002,88.104733,junction,0,0,0
n1596351205,n1596351205,,26.640134,88.171341,junction,0,0,0
n1596351214,n1596351214,,26.641658,88.169125,junction,0,0,0
n1597255880,n1597255880,,26.645335,88.16082,junction,0,0,0
n1600752135,n1600752135,,26.223605,92.033545,junction,0,0,0
n1600752191,n1600752191,,26.241217,92.036859,junction,0,0,0
n1600752203,n1600752203,,26.243157,91.981615,junction,0,0,0
n1600752205,n1600752205,,26.24413,91.956508,junction,0,0,0
n1600752221,n1600752221,,26.248418,91.972765,junction,0,0,0
n1600752229,n1600752229,,26.24879,91.96791,junction,0,0,0
n1600752242,n1600752242,,26.255904,92.016251,junction,0,0,0
n1600752246,n1600752246,,26.257841,92.038524,junction,0,0,0
n1621474344,n1621474344,,24.774528,93.125116,junction,0,0,0
n1621474935,n1621474935,,24.848509,92.814937,junction,0,0,0
n1621474982,n1621474982,,24.897663,92.910288,junction,0,0,0
n1621475016,n1621475016,,24.918032,92.962999,junction,0,0,0
n1621475034,n1621475034,,24.911473,92.943294,junction,0,0,0
n1636922907,n1636922907,,27.122719,94.932552,junction,0,0,0
n1636923314,n1636923314,,27.15627,94.918694,junction,0,0,0
n1636923401,n1636923401,,27.165772,94.923769,junction,0,0,0
n1636924162,n1636924162,,27.317655,94.951542,junction,0,0,0
n1637031405,n1637031405,,27.111608,94.850803,junction,0,0,0
n1637031413,n1637031413,,27.111752,94.848491,junction,0,0,0
n1668477042,n1668477042,,26.307635,92.60565,junction,0,0,0
n1668477077,n1668477077,,26.314877,92.707872,junction,0,0,0
n1668477290,n1668477290,,26.379521,92.741352,junction,0,0,0
n1668477348,n1668477348,,26.420237,92.742041,junction,0,0,0
n1668496569,n1668496569,,26.816239,92.653396,junction,0,0,0
n1668496628,n1668496628,,26.812222,92.621114,junction,0,0,0
n1668496631,n1668496631,,26.812128,92.61884,junction,0,0,0
n1668496656,n1668496656,,26.818926,92.681428,junction,0,0,0
n1668496707,n1668496707,,26.825489,92.686684,junction,0,0,0
n1676604080,n1676604080,,27.111869,93.825734,junction,0,0,0
n1676604082,n1676604082,,27.112502,93.828444,junction,0,0,0
n1676604100,n1676604100,,27.124287,93.854675,junction,0,0,0
n1676622864,n1676622864,,26.537359,94.183626,junction,0,0,0
n1676622885,n1676622885,,26.654714,94.331136,junction,0,0,0
n1676622886,n1676622886,,26.652504,94.324613,junction,0,0,0
n1676938852,n1676938852,,26.922764,94.7552,junction,0,0,0
n1676939136,n1676939136,,26.879357,94.779228,junction,0,0,0
n1676939158,n1676939158,,26.924669,94.789559,junction,0,0,0
n1676939159,n1676939159,,26.927562,94.74273,junction,0,0,0
n1676939173,n1676939173,,26.956096,94.618054,junction,0,0,0
n1676939194,n1676939194,,27.03468,94.902379,junction,0,0,0
n1676970400,n1676970400,,26.269288,90.961803,junction,0,0,0
n1683315334,n1683315334,,27.366694,88.712653,junction,0,0,0
n1683573369,n1683573369,,23.85786,92.741719,junction,0,0,0
n1683573506,n1683573506,,23.830817,92.626904,junction,0,0,0
n1684106403,n1684106403,,27.888799,96.034749,junction,0,0,0
n1684106404,n1684106404,,27.887867,96.042069,junction,0,0,0
n1692785965,n1692785965,,26.832679,93.506566,junction,0,0,0
n1692785971,n1692785971,,26.835894,93.499147,junction,0,0,0
n1692786012,n1692786012,,26.855878,93.57047,junction,0,0,0
n1692786080,n1692786080,,26.891803,93.64889,junction,0,0,0
n1692786083,n1692786083,,26.892757,93.646065,junction,0,0,0
n1692786097,n1692786097,,26.896742,93.733775,junction,0,0,0
n1692786121,n1692786121,,26.932328,93.812145,junction,0,0,0
n1692786211,n1692786211,,27.054215,93.833372,junction,0,0,0
n1692786226,n1692786226,,27.065901,93.831211,junction,0,0,0
n1692786240,n1692786240,,27.078684,93.841582,junction,0,0,0
n1692786572,n1692786572,,27.1287,93.743552,junction,0,0,0
n1696836896,n1696836896,,27.132881,93.706268,junction,0,0,0
n1696836975,n1696836975,,27.143507,93.725415,junction,0,0,0
n1696836977,n1696836977,,27.141005,93.71601,junction,0,0,0
n1696837000,n1696837000,,27.145998,93.731131,junction,0,0,0
n1698245595,n1698245595,,26.185861,91.750423,junction,0,0,0
n1698434453,n1698434453,,27.203518,92.529553,junction,0,0,0
n1698434486,n1698434486,,27.208977,92.494105,junction,0,0,0
n1698434919,n1698434919,,27.211589,92.472383,junction,0,0,0
n1698434987,n1698434987,,27.212871,92.461317,junction,0,0,0
n1698435007,n1698435007,,27.214547,92.414116,junction,0,0,0
n1698435691,n1698435691,,27.244791,94.120837,junction,0,0,0
n1698436391,n1698436391,,27.328845,94.091568,junction,0,0,0
n1698495015,n1698495015,,27.207746,92.402311,junction,0,0,0
n1698495020,n1698495020,,27.208717,92.394075,junction,0,0,0
n1698495195,n1698495195,,27.210635,92.405381,junction,0,0,0
n1698495570,n1698495570,,27.332892,92.437562,junction,0,0,0
n1698495676,n1698495676,,27.332398,92.44049,junction,0,0,0
n1698582202,n1698582202,,27.118121,95.155764,junction,0,0,0
n1698582219,n1698582219,,27.365722,94.809047,junction,0,0,0
n1699239730,n1699239730,,27.799276,95.195308,junction,0,0,0
n1699637232,n1699637232,,27.838775,95.351387,junction,0,0,0
n1699637408,n1699637408,,27.848507,95.218716,junction,0,0,0
n1699637756,n1699637756,,28.059889,95.289899,junction,0,0,0
n1699637784,n1699637784,,28.061216,95.288225,junction,0,0,0
n1699645709,n1699645709,,28.151622,95.379845,junction,0,0,0
n1699645721,n1699645721,,28.163225,95.441787,junction,0,0,0
n1699645760,n1699645760,,28.166388,95.430572,junction,0,0,0
n1699645897,n1699645897,,28.166322,95.408095,junction,0,0,0
n1699645904,n1699645904,,28.166463,95.428425,junction,0,0,0
n1699646033,n1699646033,,28.176415,95.487208,junction,0,0,0
n1699646074,n1699646074,,28.180146,95.470946,junction,0,0,0
n1699646078,n1699646078,,28.180776,95.472898,junction,0,0,0
n1699646085,n1699646085,,28.184227,95.506797,junction,0,0,0
n1699646087,n1699646087,,28.184766,95.514203,junction,0,0,0
n1699646090,n1699646090,,28.190202,95.522924,junction,0,0,0
n1699646091,n1699646091,,28.192298,95.525569,junction,0,0,0
n1699646110,n1699646110,,28.209793,95.527423,junction,0,0,0
n1699646116,n1699646116,,28.211244,95.529559,junction,0,0,0
n1699659398,n1699659398,,27.89583,95.50739,junction,0,0,0
n1699659419,n1699659419,,27.99074,95.48457,junction,0,0,0
n1699659448,n1699659448,,28.008752,95.464691,junction,0,0,0
n1699696547,n1699696547,,28.238499,95.53639,junction,0,0,0
n1699696549,n1699696549,,28.239632,95.536629,junction,0,0,0
n1699696647,n1699696647,,28.245226,95.539783,junction,0,0,0
n1699696660,n1699696660,,28.246022,95.539228,junction,0,0,0
n1699696778,n1699696778,,28.249614,95.546895,junction,0,0,0
n1699696876,n1699696876,,28.252357,95.583271,junction,0,0,0
n1699697363,n1699697363,,28.266256,95.605175,junction,0,0,0
n1699697415,n1699697415,,28.266213,95.607276,junction,0,0,0
n1699697418,n1699697418,,28.266264,95.549241,junction,0,0,0
n1699697453,n1699697453,,28.267244,95.551046,junction,0,0,0
n1699697456,n1699697456,,28.26808,95.614984,junction,0,0,0
n1699697520,n1699697520,,28.270337,95.611876,junction,0,0,0
n1699697583,n1699697583,,28.272509,95.620636,junction,0,0,0
n1699697625,n1699697625,,28.274447,95.626226,junction,0,0,0
n1702510907,n1702510907,,27.086872,93.838899,junction,0,0,0
n1702510940,n1702510940,,27.096186,93.828476,junction,0,0,0
n1702510995,n1702510995,,27.121408,93.784605,junction,0,0,0
n1702511055,n1702511055,,27.123317,93.759202,junction,0,0,0
n1702511062,n1702511062,,27.121611,93.783698,junction,0,0,0
n1722857685,n1722857685,,24.821885,93.866538,junction,0,0,0
n1722857700,n1722857700,,24.858891,93.810067,junction,0,0,0
n1722857719,n1722857719,,24.875044,93.814125,junction,0,0,0
n1722857757,n1722857757,,24.938486,93.842972,junction,0,0,0
n1722857778,n1722857778,,24.947571,93.844781,junction,0,0,0
n1722857858,n1722857858,,24.959094,93.854799,junction,0,0,0
n1728772614,n1728772614,,26.600776,90.570058,junction,0,0,0
n1728772801,n1728772801,,26.854083,90.480199,junction,0,0,0
n1728868472,n1728868472,,23.435423,91.742958,junction,0,0,0
n1739998750,n1739998750,,27.774152,95.975263,junction,0,0,0
n1740001996,n1740001996,,27.63934,95.798514,junction,0,0,0
n1740057032,n1740057032,,27.858378,95.765207,junction,0,0,0
n1740057047,n1740057047,,27.868582,95.758784,junction,0,0,0
n1740057054,n1740057054,,27.888171,95.51834,junction,0,0,0
n1740057072,n1740057072,,27.893874,95.511015,junction,0,0,0
n1740057091,n1740057091,,27.895445,95.508071,junction,0,0,0
n1740057131,n1740057131,,27.910338,96.076616,junction,0,0,0
n1760697279,n1760697279,,25.177017,92.055422,junction,0,0,0
n1786434754,n1786434754,,23.068187,91.641477,junction,0,0,0
n1786434974,n1786434974,,23.067515,91.652584,junction,0,0,0
n1786434999,n1786434999,,23.075118,91.697978,junction,0,0,0
n1786435145,n1786435145,,23.235299,91.47213,junction,0,0,0
n1786435260,n1786435260,,23.460342,91.265344,junction,0,0,0
n1795588301,n1795588301,,26.641475,92.749227,junction,0,0,0
n1795588535,n1795588535,,26.696288,92.841321,junction,0,0,0
n1795588545,n1795588545,,26.702342,92.840392,junction,0,0,0
n1795588575,n1795588575,,26.783573,92.833453,junction,0,0,0
n1795588579,n1795588579,,26.786382,92.835784,junction,0,0,0
n1795605123,n1795605123,,22.492193,92.972504,junction,0,0,0
n1795712097,n1795712097,,22.27609,93.071669,junction,0,0,0
n1795712119,n1795712119,,22.288734,93.034835,junction,0,0,0
n1795712193,n1795712193,,22.278678,93.065801,junction,0,0,0
n1795712208,n1795712208,,22.315931,93.026041,junction,0,0,0
n1795712455,n1795712455,,22.352535,93.061415,junction,0,0,0
n1795712511,n1795712511,,22.333177,93.032646,junction,0,0,0
n1795719080,n1795719080,,23.72134,92.855041,junction,0,0,0
n1802870485,n1802870485,,27.292711,95.754859,junction,0,0,0
n1802870518,n1802870518,,27.294766,95.761006,junction,0,0,0
n1805443376,n1805443376,,25.17756,90.602193,junction,0,0,0
n1805443427,n1805443427,,25.1791,90.615662,junction,0,0,0
n1805443435,n1805443435,,25.184842,90.634544,junction,0,0,0
n1810090653,n1810090653,,26.390979,88.875399,junction,0,0,0
n1810090705,n1810090705,,26.416941,88.904551,junction,0,0,0
n1810090721,n1810090721,,26.428028,88.859492,junction,0,0,0
n1810090732,n1810090732,,26.436865,88.838701,junction,0,0,0
n1810090769,n1810090769,,26.470027,88.851549,junction,0,0,0
n1810090791,n1810090791,,26.484687,88.821354,junction,0,0,0
n1810911389,n1810911389,,26.590084,92.975552,junction,0,0,0
n1810911396,n1810911396,,26.591221,92.976367,junction,0,0,0
n1810911451,n1810911451,,26.600592,92.9513,junction,0,0,0
n1810911577,n1810911577,,26.618941,92.942426,junction,0,0,0
n1810911611,n1810911611,,26.659438,93.173305,junction,0,0,0
n1810911949,n1810911949,,26.768907,93.15854,junction,0,0,0
n1810912056,n1810912056,,26.794734,93.157179,junction,0,0,0
n1810912274,n1810912274,,26.813556,93.146815,junction,0,0,0
n1810912357,n1810912357,,26.828463,93.258522,junction,0,0,0
n1811211110,n1811211110,,25.520737,91.466005,junction,0,0,0
n1811212098,n1811212098,,26.317416,94.093672,junction,0,0,0
n1811241144,n1811241144,,24.24784,94.303785,junction,0,0,0
n1811241427,n1811241427,,24.23758,94.300238,junction,0,0,0
n1811241450,n1811241450,,24.244109,94.298638,junction,0,0,0
n1811241514,n1811241514,,24.246798,94.308014,junction,0,0,0
n1811241847,n1811241847,,24.249876,94.297017,junction,0,0,0
n1811241873,n1811241873,,24.249427,94.302461,junction,0,0,0
n1811322234,n1811322234,,26.252189,92.342062,junction,0,0,0
n1811322236,n1811322236,,26.255303,92.372863,junction,0,0,0
n1811322239,n1811322239,,26.272939,92.452093,junction,0,0,0
n1811322244,n1811322244,,26.282328,92.338844,junction,0,0,0
n1811322247,n1811322247,,26.289256,92.55619,junction,0,0,0
n1811322254,n1811322254,,26.305686,92.454131,junction,0,0,0
n1811322256,n1811322256,,26.316433,92.456664,junction,0,0,0
n1811322261,n1811322261,,26.355157,92.434571,junction,0,0,0
n1811322293,n1811322293,,26.404215,92.234073,junction,0,0,0
n1811322297,n1811322297,,26.406818,92.280972,junction,0,0,0
n1811322351,n1811322351,,26.437558,91.620978,junction,0,0,0
n1811322588,n1811322588,,27.817685,95.64421,junction,0,0,0
n1811387316,n1811387316,,25.358399,90.673703,junction,0,0,0
n1811387339,n1811387339,,25.455324,90.706648,junction,0,0,0
n1811387541,n1811387541,,25.515021,90.603996,junction,0,0,0
n1811461160,n1811461160,,25.632891,90.676257,junction,0,0,0
n1811461205,n1811461205,,26.556615,91.813292,junction,0,0,0
n1811461296,n1811461296,,26.623939,91.662786,junction,0,0,0
n1811461314,n1811461314,,26.625812,91.668997,junction,0,0,0
n1811461350,n1811461350,,26.630627,91.637318,junction,0,0,0
n1811461404,n1811461404,,26.641103,91.691509,junction,0,0,0
n1811463069,n1811463069,,26.655477,91.895484,junction,0,0,0
n1811463079,n1811463079,,26.657589,91.708218,junction,0,0,0
n1811463080,n1811463080,,26.656719,91.817847,junction,0,0,0
n1811463142,n1811463142,,26.716753,91.696611,junction,0,0,0
n1811463144,n1811463144,,26.717437,91.713206,junction,0,0,0
n1811463153,n1811463153,,26.726864,91.7398,junction,0,0,0
n1811463215,n1811463215,,26.739642,91.812638,junction,0,0,0
n1811463229,n1811463229,,26.752238,91.844772,junction,0,0,0
n1811463262,n1811463262,,26.775905,91.712106,junction,0,0,0
n1811534970,n1811534970,,26.445618,92.009799,junction,0,0,0
n1811534980,n1811534980,,26.654134,91.881923,junction,0,0,0
n1811535023,n1811535023,,26.723661,91.748507,junction,0,0,0
n1811535066,n1811535066,,26.756584,92.096001,junction,0,0,0
n1811698349,n1811698349,,26.132241,89.792729,junction,0,0,0
n1811698354,n1811698354,,26.154504,89.792566,junction,0,0,0
n1811698392,n1811698392,,26.279222,89.66265,junction,0,0,0
n1811698417,n1811698417,,26.318199,89.666435,junction,0,0,0
n1811698428,n1811698428,,26.341322,89.66961,junction,0,0,0
n1811700175,n1811700175,,26.385949,89.610972,junction,0,0,0
n1811700177,n1811700177,,26.386583,89.613904,junction,0,0,0
n1811700189,n1811700189,,26.388208,89.59294,junction,0,0,0
n1811700263,n1811700263,,26.408278,89.400709,junction,0,0,0
n1811823755,n1811823755,,26.297179,88.856337,junction,0,0,0
n1811823795,n1811823795,,26.311976,88.80041,junction,0,0,0
n1811823832,n1811823832,,26.333696,88.827616,junction,0,0,0
n1811823835,n1811823835,,26.339808,88.785916,junction,0,0,0
n1811823845,n1811823845,,26.339505,88.783136,junction,0,0,0
n1811823873,n1811823873,,26.37529,88.791,junction,0,0,0
n1811823882,n1811823882,,26.414861,88.719725,junction,0,0,0
n1811823966,n1811823966,,26.43368,88.763425,junction,0,0,0
n1821511784,n1821511784,,28.187665,94.765927,junction,0,0,0
n1848134155,n1848134155,,24.093819,93.297523,junction,0,0,0
n1848135971,n1848135971,,24.339924,93.708347,junction,0,0,0
n1848135982,n1848135982,,24.340535,93.704703,junction,0,0,0
n1848135992,n1848135992,,24.341677,93.703612,junction,0,0,0
n1848136368,n1848136368,,24.869903,94.058183,junction,0,0,0
n1848136381,n1848136381,,24.913087,94.124603,junction,0,0,0
n1848136383,n1848136383,,24.951944,94.182056,junction,0,0,0
n1848136492,n1848136492,,24.933003,94.239278,junction,0,0,0
n1848136906,n1848136906,,25.12088,94.364755,junction,0,0,0
n1848136926,n1848136926,,25.084549,94.357159,junction,0,0,0
n1848136949,n1848136949,,25.12381,94.163039,junction,0,0,0
n1848136983,n1848136983,,25.15799,94.358372,junction,0,0,0
n1848137003,n1848137003,,25.166199,94.358595,junction,0,0,0
n1848137043,n1848137043,,25.209947,94.24366,junction,0,0,0
n1848137109,n1848137109,,25.346838,94.389376,junction,0,0,0
n1848137167,n1848137167,,25.393353,94.30013,junction,0,0,0
n1848137179,n1848137179,,25.471073,94.476969,junction,0,0,0
n1848137251,n1848137251,,25.618348,94.540291,junction,0,0,0
n1848205863,n1848205863,,27.331387,95.312892,junction,0,0,0
n1848205869,n1848205869,,27.362605,95.218841,junction,0,0,0
n1848205870,n1848205870,,27.366841,95.202452,junction,0,0,0
n1848205872,n1848205872,,27.400111,95.270203,junction,0,0,0
n1848777308,n1848777308,,22.396902,92.960069,junction,0,0,0
n1848777309,n1848777309,,22.399552,92.960019,junction,0,0,0
n1848821189,n1848821189,,22.258961,92.893999,junction,0,0,0
n1848821514,n1848821514,,22.482778,93.078471,junction,0,0,0
n1848821764,n1848821764,,22.373809,92.97895,junction,0,0,0
n1858242050,n1858242050,,23.66907,91.267272,junction,0,0,0
n1858242057,n1858242057,,23.673892,91.282463,junction,0,0,0
n1858242063,n1858242063,,23.683419,91.297607,junction,0,0,0
n1858242071,n1858242071,,23.687782,91.310599,junction,0,0,0
n1858261180,n1858261180,,23.476528,91.270867,junction,0,0,0
n1879918580,n1879918580,,26.503524,89.522678,junction,0,0,0
n1880368158,n1880368158,,26.49349,89.594304,junction,0,0,0
n1880368236,n1880368236,,26.512025,90.804882,junction,0,0,0
n1880368273,n1880368273,,26.540719,89.536797,junction,0,0,0
n1880382261,n1880382261,,26.715297,88.76321,junction,0,0,0
n1880382262,n1880382262,,26.716466,88.758422,junction,0,0,0
n1880382265,n1880382265,,26.717317,88.756575,junction,0,0,0
n1880382270,n1880382270,,26.721546,88.749032,junction,0,0,0
n1880382275,n1880382275,,26.73784,88.746129,junction,0,0,0
n1880382314,n1880382314,,26.762045,88.735183,junction,0,0,0
n1884960226,n1884960226,,26.361437,92.64681,junction,0,0,0
n1884960288,n1884960288,,27.888073,96.020765,junction,0,0,0
n1884960318,n1884960318,,27.946546,95.993085,junction,0,0,0
n1884960398,n1884960398,,28.115302,95.820102,junction,0,0,0
n1884960404,n1884960404,,28.124691,95.745033,junction,0,0,0
n1884960442,n1884960442,,28.136835,95.843037,junction,0,0,0
n1884960480,n1884960480,,28.145608,95.705442,junction,0,0,0
n1884960487,n1884960487,,28.157014,95.847495,junction,0,0,0
n1884960489,n1884960489,,28.158643,95.667649,junction,0,0,0
n1888786060,n1888786060,,26.320532,90.713272,junction,0,0,0
n1888786063,n1888786063,,26.360355,90.182583,junction,0,0,0
n1938599991,n1938599991,,26.709646,94.232806,junction,0,0,0
n1939422436,n1939422436,,26.852113,94.249506,junction,0,0,0
n1939426392,n1939426392,,26.860989,94.2425,junction,0,0,0
n1939438876,n1939438876,,26.832233,94.24387,junction,0,0,0
n1939470828,n1939470828,,26.774748,94.240474,junction,0,0,0
n1939470857,n1939470857,,26.76957,94.23953,junction,0,0,0
n1939485061,n1939485061,,26.808165,94.304541,junction,0,0,0
n1939485065,n1939485065,,26.797545,94.325815,junction,0,0,0
n1986849200,n1986849200,,26.889803,92.113971,junction,0,0,0
n1987687456,n1987687456,,26.729501,94.194083,junction,0,0,0
n1987687546,n1987687546,,26.659319,94.131215,junction,0,0,0
n1987718922,n1987718922,,26.780201,94.200634,junction,0,0,0
n1987938102,n1987938102,,26.657192,94.194299,junction,0,0,0
n1987948515,n1987948515,,26.592902,94.185964,junction,0,0,0
n1987954432,n1987954432,,26.602134,94.206011,junction,0,0,0
n1988012420,n1988012420,,26.721918,94.186702,junction,0,0,0
n1988646265,n1988646265,,26.891488,89.095411,junction,0,0,0
n2017872562,n2017872562,,23.852946,92.650456,junction,0,0,0
n2018049269,n2018049269,,23.744502,92.703689,junction,0,0,0
n2035724086,n2035724086,,24.959214,92.621223,junction,0,0,0
n2035724119,n2035724119,,24.819665,92.795428,junction,0,0,0
n2035724199,n2035724199,,24.902398,92.70752,junction,0,0,0
n2035724215,n2035724215,,24.903219,92.679576,junction,0,0,0
n2035724236,n2035724236,,24.917361,92.664138,junction,0,0,0
n2035724347,n2035724347,,24.899634,92.711579,junction,0,0,0
n2035724376,n2035724376,,25.550944,92.050169,junction,0,0,0
n2035724540,n2035724540,,24.822438,92.796083,junction,0,0,0
n2037923584,n2037923584,,25.714338,89.909094,junction,0,0,0
n2037923612,n2037923612,,25.74078,89.909285,junction,0,0,0
n2051081334,n2051081334,,24.815726,92.395074,junction,0,0,0
n2051081350,n2051081350,,24.834802,92.375752,junction,0,0,0
n2051081359,n2051081359,,24.838587,92.376998,junction,0,0,0
n2051081361,n2051081361,,24.838828,92.379732,junction,0,0,0
n2051081375,n2051081375,,24.840136,92.36805,junction,0,0,0
n2051081380,n2051081380,,24.840756,92.370621,junction,0,0,0
n2051081415,n2051081415,,24.844181,92.343736,junction,0,0,0
n2051087475,n2051087475,,24.830157,92.806588,junction,0,0,0
n2081914187,n2081914187,,24.630982,92.659389,junction,0,0,0
n2081914199,n2081914199,,24.647971,92.608948,junction,0,0,0
n2081914208,n2081914208,,24.674199,92.576541,junction,0,0,0
n2081914225,n2081914225,,24.68092,92.564761,junction,0,0,0
n2081914303,n2081914303,,24.756743,92.593388,junction,0,0,0
n2081914312,n2081914312,,24.758277,92.797186,junction,0,0,0
n2081914509,n2081914509,,24.809541,92.790587,junction,0,0,0
n2081914644,n2081914644,,24.829137,92.597823,junction,0,0,0
n2081914769,n2081914769,,24.845341,92.558021,junction,0,0,0
n2081914809,n2081914809,,24.860123,92.565957,junction,0,0,0
n2081914890,n2081914890,,24.879201,92.879791,junction,0,0,0
n2081915069,n2081915069,,24.905134,92.833893,junction,0,0,0
n2081915079,n2081915079,,24.910263,92.710293,junction,0,0,0
n2081915097,n2081915097,,24.925613,92.751221,junction,0,0,0
n2081915098,n2081915098,,24.924034,92.842701,junction,0,0,0
n2081916508,n2081916508,,26.024162,93.390142,junction,0,0,0
n2081916510,n2081916510,,26.024372,93.389233,junction,0,0,0
n2081966204,n2081966204,,25.209371,93.301359,junction,0,0,0
n2081966213,n2081966213,,25.230944,93.380144,junction,0,0,0
n2083635889,n2083635889,,23.306565,92.707113,junction,0,0,0
n2083635899,n2083635899,,23.616263,93.19339,junction,0,0,0
n2083635904,n2083635904,,23.794996,93.159718,junction,0,0,0
n2083635911,n2083635911,,23.906903,93.278048,junction,0,0,0
n2083635914,n2083635914,,23.999622,93.287717,junction,0,0,0
n2083680100,n2083680100,,23.676182,93.352355,junction,0,0,0
n2083680172,n2083680172,,24.181417,92.54025,junction,0,0,0
n2083680192,n2083680192,,24.261074,92.303007,junction,0,0,0
n2083680218,n2083680218,,24.46169,92.320346,junction,0,0,0
n2083680220,n2083680220,,24.46239,92.320561,junction,0,0,0
n2084596673,n2084596673,,23.870607,93.227392,junction,0,0,0
n2084596680,n2084596680,,23.941836,93.296929,junction,0,0,0
n2084596746,n2084596746,,24.112995,93.281798,junction,0,0,0
n2084597038,n2084597038,,24.34096,93.590106,junction,0,0,0
n2084597051,n2084597051,,24.365477,93.89578,junction,0,0,0
n2084597071,n2084597071,,24.387085,93.846643,junction,0,0,0
n2084597075,n2084597075,,24.390065,93.842244,junction,0,0,0
n2084597155,n2084597155,,24.45027,94.024801,junction,0,0,0
n2084597157,n2084597157,,24.45268,94.026039,junction,0,0,0
n2084597158,n2084597158,,24.453758,94.02263,junction,0,0,0
n2084597259,n2084597259,,24.566758,93.085057,junction,0,0,0
n2084597265,n2084597265,,24.588145,93.107123,junction,0,0,0
n2084597284,n2084597284,,24.613242,93.090215,junction,0,0,0
n2084597288,n2084597288,,24.626412,93.100217,junction,0,0,0
n2084597292,n2084597292,,24.636715,93.1026,junction,0,0,0
n2084597299,n2084597299,,24.67577,93.114124,junction,0,0,0
n2084597301,n2084597301,,24.679254,93.110842,junction,0,0,0
n2084663001,n2084663001,,24.092397,94.01842,junction,0,0,0
n2084663067,n2084663067,,24.325661,94.232963,junction,0,0,0
n2084663075,n2084663075,,24.400131,94.112329,junction,0,0,0
n2084663102,n2084663102,,24.65173,93.686019,junction,0,0,0
n2084663108,n2084663108,,24.665066,93.560107,junction,0,0,0
n2084663520,n2084663520,,25.168848,93.665759,junction,0,0,0
n2084663524,n2084663524,,25.195695,93.605503,junction,0,0,0
n2084663528,n2084663528,,25.195617,93.602207,junction,0,0,0
n2084692474,n2084692474,,24.625584,93.744473,junction,0,0,0
n2084692480,n2084692480,,24.642363,93.689738,junction,0,0,0
n2084692485,n2084692485,,24.645626,93.63438,junction,0,0,0
n2084692486,n2084692486,,24.648475,93.631915,junction,0,0,0
n2084692489,n2084692489,,24.650015,93.58684,junction,0,0,0
n2084877204,n2084877204,,25.860944,93.840321,junction,0,0,0
n2084877222,n2084877222,,25.863947,93.781543,junction,0,0,0
n2084877225,n2084877225,,25.864057,93.782495,junction,0,0,0
n2084877286,n2084877286,,25.874426,93.870412,junction,0,0,0
n2084877550,n2084877550,,25.894051,93.933319,junction,0,0,0
n2084877644,n2084877644,,25.905613,93.968051,junction,0,0,0
n2084877876,n2084877876,,25.927285,93.966779,junction,0,0,0
n2084877918,n2084877918,,25.942027,93.744305,junction,0,0,0
n2084878568,n2084878568,,26.004119,93.902773,junction,0,0,0
n2084878581,n2084878581,,26.005421,93.900848,junction,0,0,0
n2084878596,n2084878596,,26.017561,93.791212,junction,0,0,0
n2084878602,n2084878602,,26.018406,93.791916,junction,0,0,0
n2084899510,n2084899510,,25.529664,93.765591,junction,0,0,0
n2084899537,n2084899537,,25.425277,94.085326,junction,0,0,0
n2084899562,n2084899562,,25.448242,94.025954,junction,0,0,0
n2084899664,n2084899664,,25.499945,93.766088,junction,0,0,0
n2084899704,n2084899704,,25.500002,94.001281,junction,0,0,0
n2084899724,n2084899724,,25.510013,93.885843,junction,0,0,0
n2084956643,n2084956643,,25.649298,94.483451,junction,0,0,0
n2084956655,n2084956655,,25.912002,94.454885,junction,0,0,0
n2084973724,n2084973724,,26.749751,94.8273,junction,0,0,0
n2084974003,n2084974003,,26.074354,93.985839,junction,0,0,0
n2084974154,n2084974154,,26.863262,94.800162,junction,0,0,0
n2088368073,n2088368073,,26.795552,89.022268,junction,0,0,0
n2088368103,n2088368103,,26.859544,89.082488,junction,0,0,0
n2135985164,n2135985164,,23.3932,93.382304,junction,0,0,0
n2164024425,n2164024425,,26.744077,92.130829,junction,0,0,0
n2164024432,n2164024432,,26.745421,92.120882,junction,0,0,0
n2164024433,n2164024433,,26.745456,92.110847,junction,0,0,0
n2164024456,n2164024456,,26.749252,92.09751,junction,0,0,0
n2164024459,n2164024459,,26.75502,92.12754,junction,0,0,0
n2164024493,n2164024493,,26.787631,92.294445,junction,0,0,0
n2164024538,n2164024538,,26.838273,92.248727,junction,0,0,0
n2164024546,n2164024546,,26.843031,92.12632,junction,0,0,0
n2164024621,n2164024621,,26.88607,92.159167,junction,0,0,0
n2164024625,n2164024625,,26.886792,92.11378,junction,0,0,0
n2164024763,n2164024763,,26.932894,92.129551,junction,0,0,0
n2164024770,n2164024770,,26.962052,92.143152,junction,0,0,0
n2164274584,n2164274584,,27.225005,94.456062,junction,0,0,0
n2164274591,n2164274591,,27.248787,94.466327,junction,0,0,0
n2164274603,n2164274603,,27.2697,94.499253,junction,0,0,0
n2164274625,n2164274625,,27.333341,94.544081,junction,0,0,0
n2164274639,n2164274639,,27.375407,94.532212,junction,0,0,0
n2164274642,n2164274642,,27.383151,94.529416,junction,0,0,0
n2164274662,n2164274662,,27.403228,94.525359,junction,0,0,0
n2164274664,n2164274664,,27.403905,94.525239,junction,0,0,0
n2164274679,n2164274679,,27.419882,94.460277,junction,0,0,0
n2164274773,n2164274773,,27.471037,94.57899,junction,0,0,0
n2164274807,n2164274807,,27.492356,94.546429,junction,0,0,0
n2164274817,n2164274817,,27.496962,94.581793,junction,0,0,0
n2164274830,n2164274830,,27.508138,94.526155,junction,0,0,0
n2164274843,n2164274843,,27.51838,94.591815,junction,0,0,0
n2164274878,n2164274878,,27.537933,94.597809,junction,0,0,0
n2164275096,n2164275096,,27.594573,94.908031,junction,0,0,0
n2164275197,n2164275197,,27.608089,94.906294,junction,0,0,0
n2164275398,n2164275398,,27.717512,94.881748,junction,0,0,0
n2164306427,n2164306427,,25.78095,93.726913,junction,0,0,0
n2164879904,n2164879904,,25.739597,94.084627,junction,0,0,0
n2168187689,n2168187689,,27.769335,95.654116,junction,0,0,0
n2168187718,n2168187718,,27.822699,95.698335,junction,0,0,0
n2235251942,n2235251942,,27.195886,88.608619,junction,0,0,0
n2259020059,n2259020059,,26.422299,89.378446,junction,0,0,0
n2278578198,n2278578198,,26.180987,91.67192,junction,0,0,0
n2301196062,n2301196062,,26.740318,92.736669,junction,0,0,0
n2303854278,n2303854278,,26.636926,92.30392,junction,0,0,0
n2305178673,n2305178673,,26.229331,91.630249,junction,0,0,0
n2305178762,n2305178762,,26.34473,91.678345,junction,0,0,0
n2305178803,n2305178803,,26.436567,92.030915,junction,0,0,0
n2305178816,n2305178816,,26.448078,92.029033,junction,0,0,0
n2305178820,n2305178820,,26.447194,92.023697,junction,0,0,0
n2305919433,n2305919433,,27.281874,95.663413,junction,0,0,0
n2305919440,n2305919440,,27.283737,95.662177,junction,0,0,0
n2305919449,n2305919449,,27.285697,95.66176,junction,0,0,0
n2305919484,n2305919484,,27.293567,95.659058,junction,0,0,0
n2305919524,n2305919524,,27.347938,95.647886,junction,0,0,0
n2305919562,n2305919562,,27.383394,95.61451,junction,0,0,0
n2305975433,n2305975433,,26.302706,92.362376,junction,0,0,0
n2305975448,n2305975448,,26.309267,92.363099,junction,0,0,0
n2305975450,n2305975450,,26.30995,92.362988,junction,0,0,0
n2305975456,n2305975456,,26.313864,92.362595,junction,0,0,0
n2305975495,n2305975495,,26.323874,92.454379,junction,0,0,0
n2305975501,n2305975501,,26.328759,92.474366,junction,0,0,0
n2306119386,n2306119386,,26.752477,92.60883,junction,0,0,0
n2306119598,n2306119598,,26.811172,92.595735,junction,0,0,0
n2306471738,n2306471738,,26.458633,92.919617,junction,0,0,0
n2308253295,n2308253295,,26.921272,94.740705,junction,0,0,0
n2308253298,n2308253298,,26.92256,94.740837,junction,0,0,0
n2308253319,n2308253319,,26.943354,94.72821,junction,0,0,0
n2309538098,n2309538098,,26.521437,93.941689,junction,0,0,0
n2309538309,n2309538309,,26.593985,93.847655,junction,0,0,0
n2309749995,n2309749995,,26.079663,93.157647,junction,0,0,0
n2309749997,n2309749997,,26.089248,93.143093,junction,0,0,0
n2309750031,n2309750031,,26.107164,93.031274,junction,0,0,0
n2309750032,n2309750032,,26.107631,93.031834,junction,0,0,0
n2309750071,n2309750071,,26.211229,93.048998,junction,0,0,0
n2309750078,n2309750078,,26.219323,93.009615,junction,0,0,0
n2309750080,n2309750080,,26.220246,92.998034,junction,0,0,0
n2309770355,n2309770355,,26.872373,94.788651,junction,0,0,0
n2313104768,n2313104768,,27.521699,94.592733,junction,0,0,0
n2313104887,n2313104887,,27.555912,94.677332,junction,0,0,0
n2314868582,n2314868582,,27.266682,95.38615,junction,0,0,0
n2314868620,n2314868620,,27.295226,95.420602,junction,0,0,0
n2314868625,n2314868625,,27.320804,95.400386,junction,0,0,0
n2314868658,n2314868658,,27.334578,95.303229,junction,0,0,0
n2314934916,n2314934916,,27.183626,95.340547,junction,0,0,0
n2314934924,n2314934924,,27.184176,95.341993,junction,0,0,0
n2314935071,n2314935071,,27.188471,95.346428,junction,0,0,0
n2314935116,n2314935116,,27.193719,95.355897,junction,0,0,0
n2314935270,n2314935270,,27.276891,95.388821,junction,0,0,0
n2314935278,n2314935278,,27.278938,95.394222,junction,0,0,0
n2316320019,n2316320019,,26.653949,94.319053,junction,0,0,0
n2316320428,n2316320428,,25.891642,93.010957,junction,0,0,0
n2316320668,n2316320668,,26.370506,92.61416,junction,0,0,0
n2316320757,n2316320757,,26.458739,94.006033,junction,0,0,0
n2316320901,n2316320901,,26.469581,93.99488,junction,0,0,0
n2316320952,n2316320952,,26.487058,93.977004,junction,0,0,0
n2316321086,n2316321086,,26.502476,93.930224,junction,0,0,0
n2316321624,n2316321624,,26.618696,94.263568,junction,0,0,0
n2316321865,n2316321865,,26.654137,94.33018,junction,0,0,0
n2316322797,n2316322797,,26.835238,93.291386,junction,0,0,0
n2316322854,n2316322854,,26.854552,93.186222,junction,0,0,0
n2316322956,n2316322956,,26.964871,93.866144,junction,0,0,0
n2316322976,n2316322976,,26.998083,93.897506,junction,0,0,0
n2316323005,n2316323005,,27.162938,93.998117,junction,0,0,0
n2316323007,n2316323007,,27.163548,94.000495,junction,0,0,0
n2317301532,n2317301532,,27.272008,94.129176,junction,0,0,0
n2317301556,n2317301556,,27.301765,94.155357,junction,0,0,0
n2317301593,n2317301593,,27.358084,94.180919,junction,0,0,0
n2317301594,n2317301594,,27.359292,94.181543,junction,0,0,0
n2317301652,n2317301652,,27.424963,94.47621,junction,0,0,0
n2317301700,n2317301700,,27.435084,94.315674,junction,0,0,0
n2317301716,n2317301716,,27.437133,94.51968,junction,0,0,0
n2317301859,n2317301859,,27.453235,94.548019,junction,0,0,0
n2319238775,n2319238775,,26.153017,89.865314,junction,0,0,0
n2319238973,n2319238973,,26.183171,89.866798,junction,0,0,0
n2319239056,n2319239056,,26.200821,92.373645,junction,0,0,0
n2319239084,n2319239084,,26.203081,92.373677,junction,0,0,0
n2319239093,n2319239093,,26.203802,92.373546,junction,0,0,0
n2319239248,n2319239248,,26.31917,89.855943,junction,0,0,0
n2319239264,n2319239264,,26.329916,89.856055,junction,0,0,0
n2319239275,n2319239275,,26.355303,89.897191,junction,0,0,0
n2319239324,n2319239324,,26.630399,91.636088,junction,0,0,0
n2328052759,n2328052759,,27.159347,95.320142,junction,0,0,0
n2328052768,n2328052768,,27.165742,95.332352,junction,0,0,0
n2328052882,n2328052882,,27.329895,95.417699,junction,0,0,0
n2328052897,n2328052897,,27.34536,95.479401,junction,0,0,0
n2328052918,n2328052918,,27.35731,95.393406,junction,0,0,0
n2328052938,n2328052938,,27.358587,95.537768,junction,0,0,0
n2328052955,n2328052955,,27.3591,95.365971,junction,0,0,0
n2328052964,n2328052964,,27.359598,95.409218,junction,0,0,0
n2328052983,n2328052983,,27.361876,95.351303,junction,0,0,0
n2328052984,n2328052984,,27.362596,95.545822,junction,0,0,0
n2328077755,n2328077755,,26.511042,89.503441,junction,0,0,0
n2328235623,n2328235623,,27.752356,95.098712,junction,0,0,0
n2328235624,n2328235624,,27.753101,94.942076,junction,0,0,0
n2328235625,n2328235625,,27.753494,94.944921,junction,0,0,0
n2328235639,n2328235639,,27.761222,94.994445,junction,0,0,0
n2328235641,n2328235641,,27.761394,94.995592,junction,0,0,0
n2328235647,n2328235647,,27.765624,95.024976,junction,0,0,0
n2328235648,n2328235648,,27.766609,95.022951,junction,0,0,0
n2328371496,n2328371496,,26.006739,93.954227,junction,0,0,0
n2328371499,n2328371499,,26.007525,93.90766,junction,0,0,0
n2328371530,n2328371530,,26.010736,93.822201,junction,0,0,0
n2328371538,n2328371538,,26.173959,94.003553,junction,0,0,0
n2328371667,n2328371667,,26.261173,94.058621,junction,0,0,0
n2328371686,n2328371686,,26.281424,94.073559,junction,0,0,0
n2328371721,n2328371721,,26.341375,94.078655,junction,0,0,0
n2328371815,n2328371815,,26.448759,94.014522,junction,0,0,0
n2328371875,n2328371875,,26.515395,94.01403,junction,0,0,0
n2328371994,n2328371994,,26.548217,94.109639,junction,0,0,0
n2328371996,n2328371996,,26.54785,94.187949,junction,0,0,0
n2328372231,n2328372231,,26.575126,94.183527,junction,0,0,0
n2328372346,n2328372346,,26.587901,94.180523,junction,0,0,0
n2328433518,n2328433518,,26.18971,92.373865,junction,0,0,0
n2329496025,n2329496025,,26.276548,93.90162,junction,0,0,0
n2329496065,n2329496065,,26.286788,93.868043,junction,0,0,0
n2329496110,n2329496110,,26.289523,93.871598,junction,0,0,0
n2329496131,n2329496131,,26.291255,93.872743,junction,0,0,0
n2329587358,n2329587358,,26.245119,92.540098,junction,0,0,0
n2329587464,n2329587464,,26.413116,92.554744,junction,0,0,0
n2329587467,n2329587467,,26.418302,92.550024,junction,0,0,0
n2329587572,n2329587572,,26.45446,92.482631,junction,0,0,0
n2329587597,n2329587597,,26.458288,92.481868,junction,0,0,0
n2329587601,n2329587601,,26.466255,92.473988,junction,0,0,0
n2333029618,n2333029618,,26.185196,91.759598,junction,0,0,0
n2334450418,n2334450418,,27.424587,94.882877,junction,0,0,0
n2335379379,n2335379379,,27.983151,95.336041,junction,0,0,0
n2337340110,n2337340110,,26.438531,91.73639,junction,0,0,0
n2337340111,n2337340111,,26.440617,91.749946,junction,0,0,0
n2337340116,n2337340116,,26.441279,91.755383,junction,0,0,0
n2341503965,n2341503965,,27.09182,94.110956,junction,0,0,0
n2341964932,n2341964932,,26.389541,93.962146,junction,0,0,0
n2342017833,n2342017833,,24.539404,94.028815,junction,0,0,0
n2346856943,n2346856943,,26.787317,93.00216,junction,0,0,0
n2346856985,n2346856985,,26.794549,92.958731,junction,0,0,0
n2346872004,n2346872004,,26.884211,94.65476,junction,0,0,0
n2351398529,n2351398529,,26.41204,91.79769,junction,0,0,0
n2362861882,n2362861882,,26.504638,94.013071,junction,0,0,0
n2362861928,n2362861928,,26.563984,93.993532,junction,0,0,0
n2364657736,n2364657736,,27.313857,94.383931,junction,0,0,0
n2364657740,n2364657740,,27.314554,94.382465,junction,0,0,0
n2364657763,n2364657763,,27.329685,94.35649,junction,0,0,0
n2364657828,n2364657828,,27.354679,94.333851,junction,0,0,0
n2364657983,n2364657983,,27.420928,94.450115,junction,0,0,0
n2364658002,n2364658002,,27.420241,94.461577,junction,0,0,0
n2364658006,n2364658006,,27.421066,94.452353,junction,0,0,0
n2364658019,n2364658019,,27.422455,94.379183,junction,0,0,0
n2364658023,n2364658023,,27.423223,94.376242,junction,0,0,0
n2364658034,n2364658034,,27.425588,94.479263,junction,0,0,0
n2364658112,n2364658112,,27.471098,94.308788,junction,0,0,0
n2364658178,n2364658178,,27.508577,94.304446,junction,0,0,0
n2364658233,n2364658233,,27.533712,94.29626,junction,0,0,0
n2364658241,n2364658241,,27.535169,94.264806,junction,0,0,0
n2364658268,n2364658268,,27.542165,94.292467,junction,0,0,0
n2364711646,n2364711646,,26.305762,91.109078,junction,0,0,0
n2364711942,n2364711942,,26.449509,90.935775,junction,0,0,0
n2364711962,n2364711962,,26.464921,91.069152,junction,0,0,0
n2364712076,n2364712076,,26.505627,90.968808,junction,0,0,0
n2364712178,n2364712178,,26.59344,91.505806,junction,0,0,0
n2364712180,n2364712180,,26.59431,91.507345,junction,0,0,0
n2364712202,n2364712202,,26.619488,91.000593,junction,0,0,0
n2364712245,n2364712245,,26.640771,91.093954,junction,0,0,0
n2364712278,n2364712278,,26.70803,91.453522,junction,0,0,0
n2364712290,n2364712290,,26.764765,91.430115,junction,0,0,0
n2365222374,n2365222374,,26.158706,90.533071,junction,0,0,0
n2365222507,n2365222507,,26.406928,90.44723,junction,0,0,0
n2365236523,n2365236523,,26.361794,90.180962,junction,0,0,0
n2365253045,n2365253045,,26.618474,91.556351,junction,0,0,0
n2365381566,n2365381566,,26.016255,90.400173,junction,0,0,0
n2365446118,n2365446118,,25.529545,89.869955,junction,0,0,0
n2365446122,n2365446122,,25.529818,89.867704,junction,0,0,0
n2365446124,n2365446124,,25.531315,89.866859,junction,0,0,0
n2365446141,n2365446141,,25.542742,89.870184,junction,0,0,0
n2365446798,n2365446798,,26.536873,89.462741,junction,0,0,0
n2365446802,n2365446802,,26.537025,89.461382,junction,0,0,0
n2365447064,n2365447064,,26.560098,89.514995,junction,0,0,0
n2365447093,n2365447093,,26.564669,89.459806,junction,0,0,0
n2365492810,n2365492810,,26.420716,91.514272,junction,0,0,0
n2365492820,n2365492820,,26.420569,91.009865,junction,0,0,0
n2365493065,n2365493065,,26.450628,91.460411,junction,0,0,0
n2365493073,n2365493073,,26.450608,91.417294,junction,0,0,0
n2365493078,n2365493078,,26.449756,91.526338,junction,0,0,0
n2365493082,n2365493082,,26.450783,91.531245,junction,0,0,0
n2365493248,n2365493248,,26.461507,91.450857,junction,0,0,0
n2365493471,n2365493471,,26.482783,90.837354,junction,0,0,0
n2368999974,n2368999974,,26.727866,92.473473,junction,0,0,0
n2369000662,n2369000662,,26.774648,92.378654,junction,0,0,0
n2369000712,n2369000712,,26.779109,92.391346,junction,0,0,0
n2369000773,n2369000773,,26.797853,92.345028,junction,0,0,0
n2369000788,n2369000788,,26.807426,92.453029,junction,0,0,0
n2369051961,n2369051961,,26.406799,92.643687,junction,0,0,0
n2369052053,n2369052053,,26.44634,92.644,junction,0,0,0
n2369273101,n2369273101,,26.090693,91.61205,junction,0,0,0
n2369274185,n2369274185,,26.283258,91.667288,junction,0,0,0
n2369274521,n2369274521,,26.294609,91.666517,junction,0,0,0
n2369274563,n2369274563,,26.297991,91.665583,junction,0,0,0
n2369274590,n2369274590,,26.301384,91.664127,junction,0,0,0
n2369274704,n2369274704,,26.321974,91.662452,junction,0,0,0
n2369274783,n2369274783,,26.329937,91.674669,junction,0,0,0
n2369274913,n2369274913,,26.342962,91.678523,junction,0,0,0
n2370824612,n2370824612,,26.937262,94.165022,junction,0,0,0
n2370824836,n2370824836,,26.9419,94.222422,junction,0,0,0
n2370824840,n2370824840,,26.943134,94.16468,junction,0,0,0
n2370824870,n2370824870,,26.942803,94.219446,junction,0,0,0
n2370824909,n2370824909,,26.944201,94.164403,junction,0,0,0
n2370824950,n2370824950,,26.946564,94.165774,junction,0,0,0
n2370928220,n2370928220,,26.577806,91.974107,junction,0,0,0
n2372089745,n2372089745,,26.446509,91.679843,junction,0,0,0
n2372089749,n2372089749,,26.447525,91.668224,junction,0,0,0
n2372089759,n2372089759,,26.448458,91.66108,junction,0,0,0
n2372089775,n2372089775,,26.449658,91.638835,junction,0,0,0
n2372090121,n2372090121,,26.519744,91.646709,junction,0,0,0
n2372090165,n2372090165,,26.522935,91.670908,junction,0,0,0
n2372090191,n2372090191,,26.52412,91.672309,junction,0,0,0
n2372090233,n2372090233,,26.526851,91.696406,junction,0,0,0
n2372090277,n2372090277,,26.536498,91.627975,junction,0,0,0
n2372091784,n2372091784,,26.683411,91.667163,junction,0,0,0
n2372092009,n2372092009,,26.695906,91.644035,junction,0,0,0
n2372092035,n2372092035,,26.697075,91.646627,junction,0,0,0
n2372092174,n2372092174,,26.714196,91.682043,junction,0,0,0
n2372135505,n2372135505,,26.366539,92.507515,junction,0,0,0
n2372216005,n2372216005,,26.240078,91.592099,junction,0,0,0
n2373378748,n2373378748,,25.580789,90.239332,junction,0,0,0
n2373378856,n2373378856,,25.595204,90.250201,junction,0,0,0
n2373378888,n2373378888,,25.598975,90.279097,junction,0,0,0
n2373379439,n2373379439,,25.649777,90.334183,junction,0,0,0
n2373379945,n2373379945,,25.758695,90.408941,junction,0,0,0
n2373380475,n2373380475,,25.897938,90.520184,junction,0,0,0
n2373380517,n2373380517,,25.912446,90.535177,junction,0,0,0
n2373754663,n2373754663,,26.365007,90.178203,junction,0,0,0
n2373754670,n2373754670,,26.366076,90.176987,junction,0,0,0
n2373754813,n2373754813,,26.383989,90.174241,junction,0,0,0
n2373755070,n2373755070,,26.461544,90.153917,junction,0,0,0
n2373755114,n2373755114,,26.519466,90.151405,junction,0,0,0
n2373755163,n2373755163,,26.55362,90.152728,junction,0,0,0
n2375286645,n2375286645,,26.423391,94.06308,junction,0,0,0
n2375286688,n2375286688,,26.428814,94.096904,junction,0,0,0
n2375286699,n2375286699,,26.42966,94.032051,junction,0,0,0
n2375286801,n2375286801,,26.442785,94.124938,junction,0,0,0
n2375286856,n2375286856,,26.449016,94.131456,junction,0,0,0
n2375287002,n2375287002,,26.459991,94.086131,junction,0,0,0
n2375287020,n2375287020,,26.462226,94.093567,junction,0,0,0
n2375287069,n2375287069,,26.467216,94.100371,junction,0,0,0
n2375287101,n2375287101,,26.474508,94.071876,junction,0,0,0
n2375287134,n2375287134,,26.484546,94.065913,junction,0,0,0
n2375287606,n2375287606,,26.531543,94.068144,junction,0,0,0
n2375401115,n2375401115,,26.080822,91.469677,junction,0,0,0
n2376217264,n2376217264,,25.892414,93.110305,junction,0,0,0
n2376217365,n2376217365,,25.901904,93.098405,junction,0,0,0
n2376217572,n2376217572,,26.319194,94.092528,junction,0,0,0
n2376217749,n2376217749,,26.337158,94.139958,junction,0,0,0
n2376217776,n2376217776,,26.348758,93.97907,junction,0,0,0
n2376218059,n2376218059,,26.457112,94.001382,junction,0,0,0
n2376218069,n2376218069,,26.458225,93.997432,junction,0,0,0
n2376218186,n2376218186,,26.529863,94.053071,junction,0,0,0
n2376218325,n2376218325,,26.546606,94.053681,junction,0,0,0
n2376218879,n2376218879,,26.596109,94.062225,junction,0,0,0
n2376219019,n2376219019,,26.606798,94.075479,junction,0,0,0
n2376219052,n2376219052,,26.609429,94.081995,junction,0,0,0
n2376219107,n2376219107,,26.612593,94.085564,junction,0,0,0
n2376219198,n2376219198,,26.617842,94.091637,junction,0,0,0
n2376726550,n2376726550,,27.272903,94.900911,junction,0,0,0
n2380443940,n2380443940,,26.355528,90.187321,junction,0,0,0
n2380444069,n2380444069,,26.401517,90.254811,junction,0,0,0
n2380444077,n2380444077,,26.406578,90.262852,junction,0,0,0
n2380444081,n2380444081,,26.402002,90.253291,junction,0,0,0
n2380444086,n2380444086,,26.402926,90.237112,junction,0,0,0
n2380444112,n2380444112,,26.407169,90.17152,junction,0,0,0
n2380444152,n2380444152,,26.409712,90.150402,junction,0,0,0
n2380445016,n2380445016,,26.563217,90.070334,junction,0,0,0
n2380445032,n2380445032,,26.566359,90.228079,junction,0,0,0
n2381336551,n2381336551,,26.442605,91.904342,junction,0,0,0
n2381336623,n2381336623,,26.445914,91.892636,junction,0,0,0
n2381336674,n2381336674,,26.452078,91.788622,junction,0,0,0
n2381336709,n2381336709,,26.454156,91.871603,junction,0,0,0
n2381336729,n2381336729,,26.455223,91.793888,junction,0,0,0
n2381336740,n2381336740,,26.457347,91.860357,junction,0,0,0
n2381336892,n2381336892,,26.479645,91.984335,junction,0,0,0
n2381337288,n2381337288,,26.522963,91.868291,junction,0,0,0
n2381337306,n2381337306,,26.523489,91.865327,junction,0,0,0
n2381337322,n2381337322,,26.524535,91.724671,junction,0,0,0
n2381337328,n2381337328,,26.52401,91.717008,junction,0,0,0
n2381337550,n2381337550,,26.545023,91.828026,junction,0,0,0
n2381337680,n2381337680,,26.567822,91.795338,junction,0,0,0
n2381337775,n2381337775,,26.595589,91.817309,junction,0,0,0
n2383406185,n2383406185,,26.16474,92.640479,junction,0,0,0
n2383406302,n2383406302,,26.191394,92.606968,junction,0,0,0
n2383406992,n2383406992,,26.224549,92.515622,junction,0,0,0
n2383407025,n2383407025,,26.208795,92.528225,junction,0,0,0
n2383407026,n2383407026,,26.209155,92.528957,junction,0,0,0
n2383407966,n2383407966,,26.413545,92.551752,junction,0,0,0
n2384569575,n2384569575,,26.720711,92.475237,junction,0,0,0
n2385333883,n2385333883,,26.502743,92.026652,junction,0,0,0
n2385333884,n2385333884,,26.50337,92.025964,junction,0,0,0
n2385333968,n2385333968,,26.574645,91.976812,junction,0,0,0
n2385333969,n2385333969,,26.574633,91.97775,junction,0,0,0
n2385334052,n2385334052,,26.622977,91.655857,junction,0,0,0
n2385334147,n2385334147,,26.655646,91.898032,junction,0,0,0
n2385334292,n2385334292,,26.730103,91.914119,junction,0,0,0
n2385334323,n2385334323,,26.7326,91.94697,junction,0,0,0
n2385334325,n2385334325,,26.732776,91.928343,junction,0,0,0
n2385334327,n2385334327,,26.733219,91.932085,junction,0,0,0
n2385334334,n2385334334,,26.735709,91.980189,junction,0,0,0
n2385334337,n2385334337,,26.736204,91.984696,junction,0,0,0
n2385334338,n2385334338,,26.736476,91.986796,junction,0,0,0
n2385334374,n2385334374,,26.744345,91.90585,junction,0,0,0
n2385334403,n2385334403,,26.753647,91.860486,junction,0,0,0
n2385365422,n2385365422,,26.462369,92.756482,junction,0,0,0
n2385461483,n2385461483,,26.929893,93.264189,junction,0,0,0
n2387194437,n2387194437,,24.790475,93.017184,junction,0,0,0
n2387194438,n2387194438,,24.790736,93.015199,junction,0,0,0
n2387194450,n2387194450,,24.792388,93.000727,junction,0,0,0
n2387209614,n2387209614,,24.788465,93.014284,junction,0,0,0
n2387209615,n2387209615,,24.787464,93.014225,junction,0,0,0
n2387209630,n2387209630,,24.789465,93.000149,junction,0,0,0
n2387321800,n2387321800,,26.783589,93.384869,junction,0,0,0
n2387379080,n2387379080,,24.84771,93.022532,junction,0,0,0
n2387379128,n2387379128,,24.864726,93.025332,junction,0,0,0
n2388581780,n2388581780,,26.957445,94.162916,junction,0,0,0
n2388581792,n2388581792,,26.959226,94.162166,junction,0,0,0
n2388581840,n2388581840,,26.978647,94.157739,junction,0,0,0
n2388581902,n2388581902,,26.992417,94.168418,junction,0,0,0
n2388581932,n2388581932,,27.018847,94.270184,junction,0,0,0
n2388581941,n2388581941,,27.023985,94.246196,junction,0,0,0
n2388581964,n2388581964,,27.041767,94.274097,junction,0,0,0
n2388582039,n2388582039,,27.085442,94.290662,junction,0,0,0
n2388582058,n2388582058,,27.092702,94.318371,junction,0,0,0
n2388582061,n2388582061,,27.094703,94.319384,junction,0,0,0
n2388582076,n2388582076,,27.100858,94.319115,junction,0,0,0
n2388582078,n2388582078,,27.1024,94.318366,junction,0,0,0
n2388582092,n2388582092,,27.115687,94.317527,junction,0,0,0
n2388582093,n2388582093,,27.116362,94.318186,junction,0,0,0
n2388582131,n2388582131,,27.136687,94.344117,junction,0,0,0
n2388582199,n2388582199,,27.16638,94.365545,junction,0,0,0
n2388582207,n2388582207,,27.167641,94.36504,junction,0,0,0
n2388582245,n2388582245,,27.18998,94.37848,junction,0,0,0
n2388582257,n2388582257,,27.193811,94.369164,junction,0,0,0
n2388582261,n2388582261,,27.194285,94.36828,junction,0,0,0
n2388582278,n2388582278,,27.200486,94.358836,junction,0,0,0
n2388582286,n2388582286,,27.201152,94.356959,junction,0,0,0
n2388582295,n2388582295,,27.202373,94.443004,junction,0,0,0
n2388582325,n2388582325,,27.207038,94.348129,junction,0,0,0
n2388582336,n2388582336,,27.20946,94.342277,junction,0,0,0
n2388582343,n2388582343,,27.210765,94.339165,junction,0,0,0
n2388582346,n2388582346,,27.211164,94.338397,junction,0,0,0
n2388582378,n2388582378,,27.219093,94.322994,junction,0,0,0
n2388582437,n2388582437,,27.240644,94.429279,junction,0,0,0
n2388582469,n2388582469,,27.245245,94.430225,junction,0,0,0
n2388582610,n2388582610,,27.271962,94.443064,junction,0,0,0
n2388583252,n2388583252,,27.306738,94.426473,junction,0,0,0
n2388583283,n2388583283,,27.306862,94.440557,junction,0,0,0
n2388583357,n2388583357,,27.30886,94.405618,junction,0,0,0
n2388583371,n2388583371,,27.308827,94.433266,junction,0,0,0
n2388583481,n2388583481,,27.318455,94.422683,junction,0,0,0
n2388583545,n2388583545,,27.330179,94.341534,junction,0,0,0
n2388583582,n2388583582,,27.337948,94.421868,junction,0,0,0
n2388583615,n2388583615,,27.343366,94.42178,junction,0,0,0
n2388583657,n2388583657,,27.359025,94.448236,junction,0,0,0
n2388583959,n2388583959,,27.379036,94.474257,junction,0,0,0
n2388584066,n2388584066,,27.385509,94.478868,junction,0,0,0
n2388584136,n2388584136,,27.388416,94.527531,junction,0,0,0
n2388584166,n2388584166,,27.390496,94.488973,junction,0,0,0
n2389736277,n2389736277,,25.871832,92.838544,junction,0,0,0
n2389849079,n2389849079,,27.024056,93.927727,junction,0,0,0
n2389849093,n2389849093,,27.023764,93.923108,junction,0,0,0
n2389849402,n2389849402,,27.072056,93.956691,junction,0,0,0
n2389849530,n2389849530,,27.119436,93.849615,junction,0,0,0
n2391090247,n2391090247,,26.586455,90.797879,junction,0,0,0
n2391090256,n2391090256,,26.594817,90.82883,junction,0,0,0
n2391090266,n2391090266,,26.594931,90.827863,junction,0,0,0
n2394032712,n2394032712,,26.634565,91.009406,junction,0,0,0
n2394032742,n2394032742,,26.65028,91.013431,junction,0,0,0
n2394032743,n2394032743,,26.649538,91.041,junction,0,0,0
n2394032744,n2394032744,,26.649482,91.042978,junction,0,0,0
n2397498524,n2397498524,,25.950503,90.69946,junction,0,0,0
n2397499279,n2397499279,,25.98017,90.791272,junction,0,0,0
n2399678417,n2399678417,,26.503247,90.55377,junction,0,0,0
n2399678463,n2399678463,,26.52867,90.464723,junction,0,0,0
n2399678607,n2399678607,,26.551663,90.376316,junction,0,0,0
n2399679074,n2399679074,,26.580344,90.376105,junction,0,0,0
n2399679359,n2399679359,,26.590675,90.376328,junction,0,0,0
n2399680648,n2399680648,,26.758915,90.45897,junction,0,0,0
n2399680672,n2399680672,,26.76,90.460603,junction,0,0,0
n2400589438,n2400589438,,26.383965,90.187395,junction,0,0,0
n2400590216,n2400590216,,26.551644,90.055886,junction,0,0,0
n2406554886,n2406554886,,26.966152,95.05692,junction,0,0,0
n2406554947,n2406554947,,26.973748,95.061119,junction,0,0,0
n2406555012,n2406555012,,26.989543,95.059477,junction,0,0,0
n2406555023,n2406555023,,26.990369,94.935389,junction,0,0,0
n2406555061,n2406555061,,26.992295,95.058306,junction,0,0,0
n2406555068,n2406555068,,26.992901,95.056609,junction,0,0,0
n2406555139,n2406555139,,27.000467,95.052347,junction,0,0,0
n2406555259,n2406555259,,27.020721,95.001869,junction,0,0,0
n2406555264,n2406555264,,27.021498,95.004425,junction,0,0,0
n2406555336,n2406555336,,27.030082,94.911209,junction,0,0,0
n2406555394,n2406555394,,27.034894,94.915509,junction,0,0,0
n2406555419,n2406555419,,27.039078,95.07532,junction,0,0,0
n2406555449,n2406555449,,27.046236,94.912401,junction,0,0,0
n2406555451,n2406555451,,27.047346,94.912245,junction,0,0,0
n2406555703,n2406555703,,27.198412,94.932191,junction,0,0,0
n2406555735,n2406555735,,27.235672,94.791198,junction,0,0,0
n2406555840,n2406555840,,27.258818,94.887681,junction,0,0,0
n2406555878,n2406555878,,27.264345,94.878935,junction,0,0,0
n2406832512,n2406832512,,26.211437,94.892294,junction,0,0,0
n2453324773,n2453324773,,26.809117,94.523465,junction,0,0,0
n2453465503,n2453465503,,26.769455,94.571608,junction,0,0,0
n2453465536,n2453465536,,26.776742,94.563652,junction,0,0,0
n2453787921,n2453787921,,26.609147,94.66586,junction,0,0,0
n2453788702,n2453788702,,26.636653,94.643432,junction,0,0,0
n2453789204,n2453789204,,26.678317,94.644517,junction,0,0,0
n2453803866,n2453803866,,26.469535,94.644527,junction,0,0,0
n2453831034,n2453831034,,26.37766,94.568923,junction,0,0,0
n2453869882,n2453869882,,26.262549,94.429915,junction,0,0,0
n2453885317,n2453885317,,26.147937,94.411156,junction,0,0,0
n2454056910,n2454056910,,22.402791,93.015339,junction,0,0,0
n2454064626,n2454064626,,22.464539,92.956554,junction,0,0,0
n2454469669,n2454469669,,22.462721,92.905115,junction,0,0,0
n2454472096,n2454472096,,22.727002,92.840597,junction,0,0,0
n2454560369,n2454560369,,22.906133,92.93266,junction,0,0,0
n2454639707,n2454639707,,23.078655,92.897498,junction,0,0,0
n2454671409,n2454671409,,23.21804,92.906622,junction,0,0,0
n2454682229,n2454682229,,23.405095,92.851088,junction,0,0,0
n2454714664,n2454714664,,23.47476,92.857145,junction,0,0,0
n2455232776,n2455232776,,23.859713,92.889856,junction,0,0,0
n2455233509,n2455233509,,23.879836,92.871557,junction,0,0,0
n2455234815,n2455234815,,23.91039,92.923278,junction,0,0,0
n2455252873,n2455252873,,23.988825,92.935673,junction,0,0,0
n2455261617,n2455261617,,24.062835,92.92165,junction,0,0,0
n2455262008,n2455262008,,24.199213,92.991188,junction,0,0,0
n2455487817,n2455487817,,24.207232,93.017525,junction,0,0,0
n2455547583,n2455547583,,24.268316,93.112686,junction,0,0,0
n2455547720,n2455547720,,24.251797,93.192252,junction,0,0,0
n2455610949,n2455610949,,24.204292,93.219236,junction,0,0,0
n2455611820,n2455611820,,24.207353,93.280879,junction,0,0,0
n2455649793,n2455649793,,24.360653,93.338186,junction,0,0,0
n2455737612,n2455737612,,24.422616,93.715909,junction,0,0,0
n2455737681,n2455737681,,24.578647,93.764553,junction,0,0,0
n2455738557,n2455738557,,25.783882,94.121893,junction,0,0,0
n2455738717,n2455738717,,25.85047,94.156259,junction,0,0,0
n2455738940,n2455738940,,25.861881,94.161348,junction,0,0,0
n2455739363,n2455739363,,25.908442,94.2088,junction,0,0,0
n2455739638,n2455739638,,25.943693,94.215475,junction,0,0,0
n2455740106,n2455740106,,26.003033,94.254613,junction,0,0,0
n2455767725,n2455767725,,26.115204,94.385967,junction,0,0,0
n2455767736,n2455767736,,26.115514,94.387109,junction,0,0,0
n2455767779,n2455767779,,26.11601,94.322991,junction,0,0,0
n245703196,n245703196,,22.186133,93.024474,junction,0,0,0
n245712018,n245712018,,23.186357,93.249808,junction,0,0,0
n245712869,n245712869,,23.215037,93.260475,junction,0,0,0
n245712879,n245712879,,23.312219,92.856661,junction,0,0,0
n245713434,n245713434,,23.515549,93.189751,junction,0,0,0
n245713805,n245713805,,23.392111,92.617503,junction,0,0,0
n245715084,n245715084,,23.643564,92.594753,junction,0,0,0
n245716339,n245716339,,23.78067,91.265552,junction,0,0,0
n245718405,n245718405,,23.986369,93.550964,junction,0,0,0
n245718886,n245718886,,23.988917,93.553461,junction,0,0,0
n245719265,n245719265,,24.073217,93.567637,junction,0,0,0
n245719319,n245719319,,24.070487,91.602536,junction,0,0,0
n245719758,n245719758,,24.145647,93.554168,junction,0,0,0
n245720344,n245720344,,24.3343,94.00209,junction,0,0,0
n245720793,n245720793,,24.251402,93.897216,junction,0,0,0
n245721193,n245721193,,24.28505,92.156881,junction,0,0,0
n245721374,n245721374,,24.308511,92.016853,junction,0,0,0
n245721402,n245721402,,24.307988,92.019788,junction,0,0,0
n245721623,n245721623,,24.345332,93.698144,junction,0,0,0
n245721789,n245721789,,24.373389,93.417687,junction,0,0,0
n245722110,n245722110,,24.37824,93.706063,junction,0,0,0
n245722195,n245722195,,24.383674,93.829367,junction,0,0,0
n245722676,n245722676,,24.429502,93.809595,junction,0,0,0
n245724018,n245724018,,24.54917,92.448151,junction,0,0,0
n245724879,n245724879,,24.631534,92.708643,junction,0,0,0
n245725007,n245725007,,24.641703,92.626795,junction,0,0,0
n245725260,n245725260,,24.660866,92.716238,junction,0,0,0
n245725542,n245725542,,24.693737,92.566104,junction,0,0,0
n245726472,n245726472,,24.802433,92.793231,junction,0,0,0
n245726723,n245726723,,24.835533,93.975685,junction,0,0,0
n245726876,n245726876,,24.869871,94.061721,junction,0,0,0
n245726890,n245726890,,24.870061,94.010092,junction,0,0,0
n245726900,n245726900,,24.858379,92.821888,junction,0,0,0
n245727350,n245727350,,24.905954,94.116668,junction,0,0,0
n245729336,n245729336,,24.923213,93.492965,junction,0,0,0
n245730154,n245730154,,25.175,90.570459,junction,0,0,0
n245730234,n245730234,,25.174935,90.518733,junction,0,0,0
n245730359,n245730359,,25.195367,90.757661,junction,0,0,0
n245730421,n245730421,,25.201548,93.284754,junction,0,0,0
n245733263,n245733263,,25.337045,90.660671,junction,0,0,0
n245734694,n245734694,,25.556016,91.642681,junction,0,0,0
n245734725,n245734725,,25.483205,91.768251,junction,0,0,0
n245734913,n245734913,,25.519529,91.267253,junction,0,0,0
n245735161,n245735161,,25.523191,90.107162,junction,0,0,0
n245736642,n245736642,,25.617958,90.602467,junction,0,0,0
n245736680,n245736680,,25.65519,90.618552,junction,0,0,0
n245736763,n245736763,,25.718394,94.683642,junction,0,0,0
n245740891,n245740891,,25.960991,93.540526,junction,0,0,0
n245741477,n245741477,,26.002967,92.853747,junction,0,0,0
n245742040,n245742040,,26.056521,93.19717,junction,0,0,0
n245742517,n245742517,,26.084022,90.559847,junction,0,0,0
n245742786,n245742786,,26.090993,93.139154,junction,0,0,0
n245743129,n245743129,,26.115967,92.875567,junction,0,0,0
n245743301,n245743301,,26.131063,89.27048,junction,0,0,0
n245744358,n245744358,,26.174513,89.476425,junction,0,0,0
n245746222,n245746222,,26.273747,89.487002,junction,0,0,0
n245746382,n245746382,,26.29921,94.09813,junction,0,0,0
n245746450,n245746450,,26.289156,91.135149,junction,0,0,0
n245747168,n245747168,,26.363247,90.179158,junction,0,0,0
n245747571,n245747571,,26.406972,92.282866,junction,0,0,0
n245747949,n245747949,,26.415323,90.169656,junction,0,0,0
n245748259,n245748259,,26.441725,90.158997,junction,0,0,0
n245748445,n245748445,,26.458566,92.404512,junction,0,0,0
n245749159,n245749159,,26.512209,89.502138,junction,0,0,0
n245749456,n245749456,,26.536283,88.794733,junction,0,0,0
n245749553,n245749553,,26.559407,91.479375,junction,0,0,0
n245749879,n245749879,,26.565439,91.095912,junction,0,0,0
n245750491,n245750491,,26.633655,91.822847,junction,0,0,0
n245750666,n245750666,,26.626696,91.602226,junction,0,0,0
n245750735,n245750735,,26.637194,92.304809,junction,0,0,0
n245750830,n245750830,,26.657127,91.912077,junction,0,0,0
n245751172,n245751172,,26.669579,89.752265,junction,0,0,0
n245751208,n245751208,,26.699685,94.884179,junction,0,0,0
n245751501,n245751501,,26.699751,88.320556,junction,0,0,0
n245752909,n245752909,,26.812542,91.836748,junction,0,0,0
n245753197,n245753197,,26.821339,94.809315,junction,0,0,0
n245754786,n245754786,,26.951705,93.855104,junction,0,0,0
n245755696,n245755696,,27.085403,92.582901,junction,0,0,0
n245755760,n245755760,,27.026635,95.02134,junction,0,0,0
n245756019,n245756019,,27.081338,95.17643,junction,0,0,0
n245756087,n245756087,,27.108846,93.824211,junction,0,0,0
n245756196,n245756196,,27.122729,93.932203,junction,0,0,0
n245756784,n245756784,,27.18158,94.913214,junction,0,0,0
n245756840,n245756840,,27.198891,94.93274,junction,0,0,0
n245756851,n245756851,,27.20128,94.053371,junction,0,0,0
n245757075,n245757075,,27.217309,95.368573,junction,0,0,0
n245757368,n245757368,,27.263734,95.272495,junction,0,0,0
n245758145,n245758145,,27.318269,95.420415,junction,0,0,0
n245758716,n245758716,,27.395966,95.614632,junction,0,0,0
n245759186,n245759186,,27.4453,94.261277,junction,0,0,0
n245759220,n245759220,,27.449171,94.249,junction,0,0,0
n245761083,n245761083,,27.636589,95.855815,junction,0,0,0
n245761323,n245761323,,27.679483,94.802346,junction,0,0,0
n245761953,n245761953,,27.793221,96.138999,junction,0,0,0
n245763040,n245763040,,27.90993,96.082177,junction,0,0,0
n245764348,n245764348,,28.149775,95.3851,junction,0,0,0
n245764416,n245764416,,28.169766,94.798418,junction,0,0,0
n245765431,n245765431,,28.450203,95.242144,junction,0,0,0
n2458530473,n2458530473,,24.720744,93.940888,junction,0,0,0
n2458530481,n2458530481,,24.766183,93.936842,junction,0,0,0
n2458560891,n2458560891,,24.304002,94.244066,junction,0,0,0
n2459028334,n2459028334,,24.869991,94.016774,junction,0,0,0
n2459028343,n2459028343,,24.875338,94.071918,junction,0,0,0
n2459028911,n2459028911,,24.954098,94.200925,junction,0,0,0
n2459029135,n2459029135,,24.953573,94.202413,junction,0,0,0
n2459029361,n2459029361,,24.980527,94.228686,junction,0,0,0
n2459029890,n2459029890,,25.011906,94.279302,junction,0,0,0
n2459080018,n2459080018,,25.147555,94.458862,junction,0,0,0
n2459081537,n2459081537,,25.231273,94.450222,junction,0,0,0
n2459083045,n2459083045,,25.258327,94.460628,junction,0,0,0
n2459083878,n2459083878,,25.399158,94.416579,junction,0,0,0
n2459084757,n2459084757,,25.455008,94.466448,junction,0,0,0
n2459237780,n2459237780,,25.630512,94.572588,junction,0,0,0
n2459237894,n2459237894,,25.653787,94.606537,junction,0,0,0
n2459238130,n2459238130,,25.680284,94.621806,junction,0,0,0
n2459238723,n2459238723,,25.708825,94.647651,junction,0,0,0
n2459389894,n2459389894,,25.933313,94.787089,junction,0,0,0
n2459390094,n2459390094,,25.946249,94.780992,junction,0,0,0
n2459390150,n2459390150,,25.94437,94.786563,junction,0,0,0
n2459390851,n2459390851,,26.010361,94.855192,junction,0,0,0
n2459391977,n2459391977,,26.033613,94.845826,junction,0,0,0
n2459392034,n2459392034,,26.045931,94.886573,junction,0,0,0
n2459393316,n2459393316,,26.129423,94.85502,junction,0,0,0
n2459393755,n2459393755,,26.168296,94.878047,junction,0,0,0
n2459394026,n2459394026,,26.234471,94.812339,junction,0,0,0
n2459411796,n2459411796,,26.257798,94.559733,junction,0,0,0
n2459555211,n2459555211,,22.478068,92.966187,junction,0,0,0
n2461541978,n2461541978,,23.995136,91.989974,junction,0,0,0
n2461541988,n2461541988,,23.99689,91.989349,junction,0,0,0
n2461542193,n2461542193,,24.01295,92.004764,junction,0,0,0
n2461542719,n2461542719,,24.073361,92.001294,junction,0,0,0
n2461543334,n2461543334,,24.162391,92.037878,junction,0,0,0
n2461543337,n2461543337,,24.163935,92.038231,junction,0,0,0
n2461543712,n2461543712,,24.429513,92.246476,junction,0,0,0
n2461543721,n2461543721,,24.435802,92.247023,junction,0,0,0
n2461543749,n2461543749,,24.576887,92.314516,junction,0,0,0
n2461559375,n2461559375,,23.919462,91.843557,junction,0,0,0
n2461559405,n2461559405,,23.919565,91.849687,junction,0,0,0
n2461559962,n2461559962,,23.97706,91.973548,junction,0,0,0
n2461589429,n2461589429,,23.81238,91.515372,junction,0,0,0
n2461590040,n2461590040,,23.818405,91.444675,junction,0,0,0
n2461590248,n2461590248,,23.828322,91.377036,junction,0,0,0
n2461590406,n2461590406,,23.83939,91.626781,junction,0,0,0
n2461590435,n2461590435,,23.839713,91.634817,junction,0,0,0
n2461590503,n2461590503,,23.843761,91.639014,junction,0,0,0
n2461590513,n2461590513,,23.844289,91.638045,junction,0,0,0
n2461590774,n2461590774,,23.874555,91.709904,junction,0,0,0
n2461591932,n2461591932,,23.918232,91.840563,junction,0,0,0
n2461651941,n2461651941,,23.002178,91.730175,junction,0,0,0
n2461651978,n2461651978,,23.007531,91.726022,junction,0,0,0
n2461652000,n2461652000,,23.007814,91.720717,junction,0,0,0
n2461652133,n2461652133,,23.024892,91.705912,junction,0,0,0
n2461652362,n2461652362,,23.044543,91.674689,junction,0,0,0
n2461652682,n2461652682,,23.066722,91.652872,junction,0,0,0
n2461652793,n2461652793,,23.083545,91.642429,junction,0,0,0
n2461653330,n2461653330,,23.201025,91.611278,junction,0,0,0
n2461653364,n2461653364,,23.212495,91.613551,junction,0,0,0
n2461653370,n2461653370,,23.217247,91.614506,junction,0,0,0
n2461653447,n2461653447,,23.233467,91.612294,junction,0,0,0
n2461653448,n2461653448,,23.234191,91.612678,junction,0,0,0
n2461653482,n2461653482,,23.246909,91.601938,junction,0,0,0
n2461653701,n2461653701,,23.289839,91.569679,junction,0,0,0
n2461654137,n2461654137,,23.396321,91.509224,junction,0,0,0
n2461654208,n2461654208,,23.421794,91.513076,junction,0,0,0
n2461654590,n2461654590,,23.550532,91.463763,junction,0,0,0
n2461654941,n2461654941,,23.600063,91.348377,junction,0,0,0
n2461654957,n2461654957,,23.608304,91.346367,junction,0,0,0
n2461655120,n2461655120,,23.633437,91.320516,junction,0,0,0
n2461655167,n2461655167,,23.655051,91.299207,junction,0,0,0
n2461655204,n2461655204,,23.669967,91.287068,junction,0,0,0
n2461655226,n2461655226,,23.678584,91.281632,junction,0,0,0
n2461989325,n2461989325,,23.768172,92.51241,junction,0,0,0
n2461989528,n2461989528,,23.760807,92.559421,junction,0,0,0
n2461992757,n2461992757,,23.810385,92.503633,junction,0,0,0
n2461994318,n2461994318,,23.915664,92.492538,junction,0,0,0
n2462047096,n2462047096,,23.912028,92.427618,junction,0,0,0
n2462048559,n2462048559,,23.950789,92.339758,junction,0,0,0
n2462048708,n2462048708,,23.93318,92.030023,junction,0,0,0
n2462048830,n2462048830,,23.937119,92.36174,junction,0,0,0
n2462049049,n2462049049,,23.942757,92.000153,junction,0,0,0
n2463170723,n2463170723,,27.595574,91.894501,junction,0,0,0
n2463170748,n2463170748,,27.595365,91.895332,junction,0,0,0
n2463226654,n2463226654,,27.514469,92.09904,junction,0,0,0
n2463226722,n2463226722,,27.518472,92.076405,junction,0,0,0
n2463226845,n2463226845,,27.530048,92.058808,junction,0,0,0
n2463227466,n2463227466,,27.554837,92.010365,junction,0,0,0
n2463227579,n2463227579,,27.580113,91.963656,junction,0,0,0
n2463233843,n2463233843,,27.430318,92.124025,junction,0,0,0
n2463277084,n2463277084,,27.278745,92.426926,junction,0,0,0
n2463277463,n2463277463,,27.304309,92.408,junction,0,0,0
n2463277836,n2463277836,,27.343464,92.272008,junction,0,0,0
n2463278738,n2463278738,,27.394584,92.161748,junction,0,0,0
n2463562012,n2463562012,,27.789092,96.346734,junction,0,0,0
n2463562063,n2463562063,,27.805102,96.345091,junction,0,0,0
n2463562075,n2463562075,,27.805779,96.344827,junction,0,0,0
n2463562122,n2463562122,,27.822045,96.335168,junction,0,0,0
n2463562124,n2463562124,,27.823549,96.334889,junction,0,0,0
n2463562241,n2463562241,,27.850468,96.350115,junction,0,0,0
n2463562266,n2463562266,,27.852492,96.351295,junction,0,0,0
n2463577546,n2463577546,,27.926429,96.318443,junction,0,0,0
n2463577603,n2463577603,,27.925822,96.319419,junction,0,0,0
n2463577661,n2463577661,,28.064414,95.924888,junction,0,0,0
n2463577662,n2463577662,,28.065118,95.923508,junction,0,0,0
n2463577698,n2463577698,,28.092758,95.822695,junction,0,0,0
n2463577704,n2463577704,,28.094754,95.82221,junction,0,0,0
n2463594047,n2463594047,,28.091213,95.29563,junction,0,0,0
n2463594294,n2463594294,,28.119429,95.273753,junction,0,0,0
n2463594422,n2463594422,,28.129436,95.121495,junction,0,0,0
n2463594556,n2463594556,,28.139497,95.147698,junction,0,0,0
n2463594807,n2463594807,,28.138125,95.721412,junction,0,0,0
n2463595413,n2463595413,,28.143671,95.709916,junction,0,0,0
n2463596036,n2463596036,,28.184099,95.508153,junction,0,0,0
n2463596055,n2463596055,,28.238988,95.651112,junction,0,0,0
n2463618261,n2463618261,,28.067447,94.751904,junction,0,0,0
n2463629447,n2463629447,,28.03006,94.615214,junction,0,0,0
n2463653700,n2463653700,,27.956778,94.313465,junction,0,0,0
n2463653710,n2463653710,,27.956606,94.312687,junction,0,0,0
n2463654457,n2463654457,,28.004507,94.53224,junction,0,0,0
n2463654535,n2463654535,,27.982648,94.420739,junction,0,0,0
n2463655758,n2463655758,,27.993354,94.430896,junction,0,0,0
n2463715273,n2463715273,,28.225308,94.891351,junction,0,0,0
n2463753117,n2463753117,,27.685211,93.916686,junction,0,0,0
n2463753376,n2463753376,,27.717647,93.95285,junction,0,0,0
n2463754150,n2463754150,,27.759096,94.008927,junction,0,0,0
n2463754154,n2463754154,,27.757804,94.01702,junction,0,0,0
n2463770993,n2463770993,,27.60518,93.829604,junction,0,0,0
n2463771438,n2463771438,,27.682181,93.917156,junction,0,0,0
n2463790687,n2463790687,,27.356118,93.781004,junction,0,0,0
n2463790694,n2463790694,,27.357536,93.780437,junction,0,0,0
n2463790889,n2463790889,,27.40454,93.747962,junction,0,0,0
n2463790943,n2463790943,,27.444507,93.757584,junction,0,0,0
n2463791557,n2463791557,,27.463775,93.768369,junction,0,0,0
n2463791620,n2463791620,,27.475208,93.763933,junction,0,0,0
n2463791787,n2463791787,,27.498248,93.773035,junction,0,0,0
n2463791866,n2463791866,,27.508522,93.773573,junction,0,0,0
n2463792539,n2463792539,,27.546266,93.804112,junction,0,0,0
n2463799464,n2463799464,,27.292445,93.797168,junction,0,0,0
n2463799666,n2463799666,,27.316562,93.810125,junction,0,0,0
n2463799898,n2463799898,,27.331937,93.81677,junction,0,0,0
n2463823632,n2463823632,,27.165795,92.560464,junction,0,0,0
n2463823701,n2463823701,,27.169862,92.589906,junction,0,0,0
n2463823949,n2463823949,,27.180476,92.59838,junction,0,0,0
n2463824656,n2463824656,,27.202351,92.565819,junction,0,0,0
n2463824706,n2463824706,,27.203382,92.564905,junction,0,0,0
n2463824847,n2463824847,,27.211133,92.684362,junction,0,0,0
n2463825168,n2463825168,,27.22445,92.696352,junction,0,0,0
n2463825218,n2463825218,,27.243588,92.734384,junction,0,0,0
n2463836987,n2463836987,,27.212292,93.118213,junction,0,0,0
n2463837024,n2463837024,,27.229171,93.041608,junction,0,0,0
n2463837057,n2463837057,,27.228885,93.03706,junction,0,0,0
n2463837758,n2463837758,,27.303952,92.949728,junction,0,0,0
n2463837876,n2463837876,,27.295638,93.046316,junction,0,0,0
n2463838086,n2463838086,,27.310014,93.064907,junction,0,0,0
n2463838187,n2463838187,,27.314767,92.983902,junction,0,0,0
n2463838258,n2463838258,,27.315817,92.987131,junction,0,0,0
n2463838404,n2463838404,,27.318535,93.009639,junction,0,0,0
n2463838578,n2463838578,,27.333773,93.058695,junction,0,0,0
n2463838904,n2463838904,,27.336979,93.031167,junction,0,0,0
n2463838917,n2463838917,,27.33765,93.030539,junction,0,0,0
n2463851509,n2463851509,,27.212318,93.611001,junction,0,0,0
n2463851515,n2463851515,,27.207723,93.618277,junction,0,0,0
n2463851756,n2463851756,,27.215736,93.660541,junction,0,0,0
n2463851825,n2463851825,,27.218221,93.666633,junction,0,0,0
n2463851843,n2463851843,,27.216822,93.650564,junction,0,0,0
n2463852172,n2463852172,,27.225517,93.574955,junction,0,0,0
n2463852503,n2463852503,,27.249747,93.499218,junction,0,0,0
n2463864174,n2463864174,,27.230741,93.416209,junction,0,0,0
n2463864214,n2463864214,,27.234491,93.416432,junction,0,0,0
n2463864246,n2463864246,,27.235301,93.433571,junction,0,0,0
n2463864409,n2463864409,,27.23413,93.461194,junction,0,0,0
n2463864878,n2463864878,,27.249426,93.492771,junction,0,0,0
n2464680589,n2464680589,,26.695583,92.257644,junction,0,0,0
n2464680599,n2464680599,,26.830306,93.332918,junction,0,0,0
n2464680604,n2464680604,,26.837105,93.494937,junction,0,0,0
n2464680609,n2464680609,,26.858395,93.575309,junction,0,0,0
n2464680617,n2464680617,,26.870314,93.594481,junction,0,0,0
n2464680624,n2464680624,,26.888456,93.629732,junction,0,0,0
n2464680698,n2464680698,,27.566346,95.550186,junction,0,0,0
n2464680699,n2464680699,,27.567103,95.550961,junction,0,0,0
n2464680718,n2464680718,,27.620371,95.635918,junction,0,0,0
n2464680719,n2464680719,,27.626236,95.558245,junction,0,0,0
n2464680891,n2464680891,,27.966427,95.753996,junction,0,0,0
n2465028551,n2465028551,,27.667716,95.563626,junction,0,0,0
n2465028612,n2465028612,,27.697217,95.567312,junction,0,0,0
n2465028697,n2465028697,,27.738538,95.59387,junction,0,0,0
n2465029054,n2465029054,,27.862666,95.705006,junction,0,0,0
n2465029122,n2465029122,,27.881634,95.74609,junction,0,0,0
n2465029185,n2465029185,,27.938438,95.761307,junction,0,0,0
n2465087558,n2465087558,,27.300507,95.779461,junction,0,0,0
n2465087563,n2465087563,,27.319451,95.815938,junction,0,0,0
n2465087567,n2465087567,,27.323771,95.825693,junction,0,0,0
n2465087583,n2465087583,,27.336634,95.849599,junction,0,0,0
n2465087593,n2465087593,,27.33728,95.850787,junction,0,0,0
n2465087604,n2465087604,,27.357512,96.000487,junction,0,0,0
n2465087612,n2465087612,,27.357037,96.009893,junction,0,0,0
n2465087617,n2465087617,,27.358523,95.995611,junction,0,0,0
n2465087639,n2465087639,,27.360905,95.983751,junction,0,0,0
n2465087648,n2465087648,,27.479059,95.462192,junction,0,0,0
n2465087658,n2465087658,,27.32731,95.834774,junction,0,0,0
n2465117885,n2465117885,,27.030573,93.622798,junction,0,0,0
n2466195236,n2466195236,,25.970296,90.994618,junction,0,0,0
n2466195250,n2466195250,,26.22631,90.34914,junction,0,0,0
n2466195264,n2466195264,,26.254469,90.587181,junction,0,0,0
n2466195269,n2466195269,,26.267841,90.592781,junction,0,0,0
n2466195304,n2466195304,,26.363122,90.532164,junction,0,0,0
n2466195324,n2466195324,,26.868743,88.705928,junction,0,0,0
n2466195325,n2466195325,,26.868803,88.706721,junction,0,0,0
n2466195329,n2466195329,,26.880922,88.791476,junction,0,0,0
n2466232340,n2466232340,,25.165946,90.431403,junction,0,0,0
n2466232379,n2466232379,,25.168518,90.435996,junction,0,0,0
n2466232400,n2466232400,,25.17224,90.488515,junction,0,0,0
n2466232493,n2466232493,,25.174241,90.408562,junction,0,0,0
n2466232736,n2466232736,,25.190656,90.500034,junction,0,0,0
n2466232777,n2466232777,,25.191348,90.499997,junction,0,0,0
n2466232788,n2466232788,,25.199344,90.504414,junction,0,0,0
n2466232890,n2466232890,,25.19723,90.346214,junction,0,0,0
n2466233598,n2466233598,,25.219119,90.218364,junction,0,0,0
n2466233616,n2466233616,,25.223082,90.222817,junction,0,0,0
n2466233663,n2466233663,,25.223749,90.224506,junction,0,0,0
n2466233743,n2466233743,,25.231175,90.242024,junction,0,0,0
n2466233780,n2466233780,,25.23271,90.241517,junction,0,0,0
n2466235028,n2466235028,,25.412275,90.218469,junction,0,0,0
n2466235098,n2466235098,,25.433923,90.218368,junction,0,0,0
n2466235144,n2466235144,,25.439093,90.208994,junction,0,0,0
n2466235249,n2466235249,,25.460781,90.21931,junction,0,0,0
n2466235899,n2466235899,,25.547798,90.232798,junction,0,0,0
n2466236049,n2466236049,,25.579967,90.239614,junction,0,0,0
n2466242806,n2466242806,,25.346143,90.656751,junction,0,0,0
n2466242906,n2466242906,,25.358867,90.657506,junction,0,0,0
n2466243335,n2466243335,,25.425496,90.726582,junction,0,0,0
n2466417653,n2466417653,,26.527057,89.584864,junction,0,0,0
n2466417657,n2466417657,,26.540672,89.564542,junction,0,0,0
n2466417660,n2466417660,,26.558708,89.538854,junction,0,0,0
n2466417668,n2466417668,,26.61796,89.406562,junction,0,0,0
n2466417678,n2466417678,,26.729435,89.297964,junction,0,0,0
n2468512457,n2468512457,,26.07559,87.920815,junction,0,0,0
n2468512460,n2468512460,,26.077363,87.92265,junction,0,0,0
n2468512483,n2468512483,,26.411428,88.277209,junction,0,0,0
n2468512495,n2468512495,,26.421548,88.271473,junction,0,0,0
n2468512499,n2468512499,,26.425028,88.269414,junction,0,0,0
n2468512506,n2468512506,,26.432414,88.265354,junction,0,0,0
n2468512536,n2468512536,,26.447649,88.254801,junction,0,0,0
n2468512559,n2468512559,,26.462178,88.236121,junction,0,0,0
n2468512574,n2468512574,,26.472768,88.236274,junction,0,0,0
n2468512603,n2468512603,,26.496596,88.23941,junction,0,0,0
n2468739393,n2468739393,,24.840987,92.833427,junction,0,0,0
n2468739394,n2468739394,,24.842596,92.833489,junction,0,0,0
n2468739446,n2468739446,,24.893908,92.856126,junction,0,0,0
n2468739658,n2468739658,,24.966791,92.75993,junction,0,0,0
n2468740362,n2468740362,,25.015658,92.764963,junction,0,0,0
n2468740366,n2468740366,,25.018226,92.769862,junction,0,0,0
n2468740561,n2468740561,,25.092384,92.820557,junction,0,0,0
n2468740925,n2468740925,,25.100604,92.839075,junction,0,0,0
n2468742473,n2468742473,,25.176079,93.075812,junction,0,0,0
n2468762614,n2468762614,,25.228583,93.146068,junction,0,0,0
n2468762902,n2468762902,,25.277031,93.147715,junction,0,0,0
n2468762922,n2468762922,,25.296294,93.135817,junction,0,0,0
n2468762958,n2468762958,,25.305854,93.133255,junction,0,0,0
n2468762970,n2468762970,,25.314868,93.128688,junction,0,0,0
n2468763133,n2468763133,,25.350475,93.138961,junction,0,0,0
n2468783269,n2468783269,,25.776247,93.164023,junction,0,0,0
n2468783537,n2468783537,,25.979156,92.933226,junction,0,0,0
n2468783590,n2468783590,,26.044446,92.910589,junction,0,0,0
n2468783595,n2468783595,,26.049458,92.907728,junction,0,0,0
n2468783601,n2468783601,,26.061816,92.900942,junction,0,0,0
n2468783604,n2468783604,,26.068116,92.89755,junction,0,0,0
n2468783608,n2468783608,,26.073403,92.894436,junction,0,0,0
n2468783613,n2468783613,,26.086397,92.884032,junction,0,0,0
n2468783617,n2468783617,,26.090157,92.880331,junction,0,0,0
n2468783619,n2468783619,,26.092134,92.878242,junction,0,0,0
n2468783624,n2468783624,,26.100299,92.873079,junction,0,0,0
n2468833279,n2468833279,,26.08141,92.887872,junction,0,0,0
n2468833300,n2468833300,,26.10513,92.875007,junction,0,0,0
n2468833314,n2468833314,,26.114418,92.875757,junction,0,0,0
n2468833352,n2468833352,,26.118163,92.862494,junction,0,0,0
n2468833366,n2468833366,,26.121568,92.857194,junction,0,0,0
n2468833381,n2468833381,,26.124913,92.848943,junction,0,0,0
n2468833389,n2468833389,,26.127359,92.844736,junction,0,0,0
n2468833402,n2468833402,,26.133139,92.834784,junction,0,0,0
n2468833427,n2468833427,,26.135858,92.822328,junction,0,0,0
n2468833439,n2468833439,,26.138724,92.809904,junction,0,0,0
n2468990212,n2468990212,,26.54949,88.168156,junction,0,0,0
n2468990228,n2468990228,,26.56844,88.171882,junction,0,0,0
n2468990229,n2468990229,,26.569326,88.172093,junction,0,0,0
n2468990282,n2468990282,,26.644409,88.172541,junction,0,0,0
n2469004406,n2469004406,,26.646715,88.175147,junction,0,0,0
n2469004411,n2469004411,,26.654094,88.181551,junction,0,0,0
n2469004440,n2469004440,,26.673036,88.195029,junction,0,0,0
n2469004448,n2469004448,,26.67741,88.199302,junction,0,0,0
n2469004460,n2469004460,,26.679827,88.202805,junction,0,0,0
n2469004461,n2469004461,,26.685885,88.213444,junction,0,0,0
n2469004506,n2469004506,,26.689264,88.244304,junction,0,0,0
n2469004515,n2469004515,,26.691019,88.254388,junction,0,0,0
n2469004530,n2469004530,,26.691903,88.263253,junction,0,0,0
n2469004538,n2469004538,,26.693207,88.272609,junction,0,0,0
n2469683785,n2469683785,,25.582668,94.387929,junction,0,0,0
n2469684040,n2469684040,,25.588409,94.384722,junction,0,0,0
n2469684253,n2469684253,,25.604838,94.42632,junction,0,0,0
n2469684293,n2469684293,,25.607181,94.45533,junction,0,0,0
n2469684904,n2469684904,,25.614835,94.483758,junction,0,0,0
n2469684928,n2469684928,,25.617338,94.505934,junction,0,0,0
n2469685164,n2469685164,,25.625255,94.521508,junction,0,0,0
n2469698539,n2469698539,,25.57173,94.295613,junction,0,0,0
n2469894339,n2469894339,,25.906683,93.662566,junction,0,0,0
n2469894409,n2469894409,,25.932407,93.607632,junction,0,0,0
n2469894510,n2469894510,,25.96502,93.461628,junction,0,0,0
n2469894553,n2469894553,,25.970097,93.436955,junction,0,0,0
n2469894564,n2469894564,,25.97432,93.431196,junction,0,0,0
n2469894572,n2469894572,,25.975033,93.431051,junction,0,0,0
n2469894595,n2469894595,,25.989584,93.422065,junction,0,0,0
n2469894610,n2469894610,,25.991957,93.289584,junction,0,0,0
n2469894903,n2469894903,,26.000278,93.312685,junction,0,0,0
n2469894975,n2469894975,,26.018358,93.392431,junction,0,0,0
n2469895030,n2469895030,,26.01527,93.380849,junction,0,0,0
n2469900641,n2469900641,,26.136172,92.893794,junction,0,0,0
n2469900712,n2469900712,,26.189366,92.953596,junction,0,0,0
n2469900718,n2469900718,,26.194212,92.958194,junction,0,0,0
n2469900731,n2469900731,,26.219968,92.975667,junction,0,0,0
n2491563760,n2491563760,,23.733589,92.830284,junction,0,0,0
n2491563762,n2491563762,,23.733588,92.794288,junction,0,0,0
n2491829553,n2491829553,,24.006371,92.676872,junction,0,0,0
n2491830210,n2491830210,,24.044467,92.671418,junction,0,0,0
n2491833905,n2491833905,,24.160079,92.693239,junction,0,0,0
n2491838646,n2491838646,,24.179983,92.586774,junction,0,0,0
n2491876313,n2491876313,,24.365002,92.543174,junction,0,0,0
n2491876424,n2491876424,,24.409574,92.547995,junction,0,0,0
n2491876513,n2491876513,,24.434688,92.546547,junction,0,0,0
n2491876524,n2491876524,,24.452505,92.550568,junction,0,0,0
n2491876584,n2491876584,,24.454552,92.552849,junction,0,0,0
n2491876652,n2491876652,,24.483667,92.571951,junction,0,0,0
n2491876699,n2491876699,,24.557502,92.606432,junction,0,0,0
n2491876709,n2491876709,,24.56297,92.608674,junction,0,0,0
n2491876731,n2491876731,,24.573856,92.599774,junction,0,0,0
n2491876737,n2491876737,,24.57891,92.591571,junction,0,0,0
n2491876760,n2491876760,,24.599663,92.558591,junction,0,0,0
n2491876817,n2491876817,,24.644976,92.553489,junction,0,0,0
n2491877281,n2491877281,,24.684779,92.564458,junction,0,0,0
n2491879775,n2491879775,,24.816491,92.59903,junction,0,0,0
n2491879780,n2491879780,,24.837423,92.600394,junction,0,0,0
n2491882375,n2491882375,,24.939811,92.591406,junction,0,0,0
n2492475279,n2492475279,,25.529144,91.394693,junction,0,0,0
n2492475495,n2492475495,,25.526076,91.431581,junction,0,0,0
n2492482085,n2492482085,,25.526653,91.434101,junction,0,0,0
n2492599802,n2492599802,,24.343362,92.719335,junction,0,0,0
n2492599843,n2492599843,,24.346222,92.718608,junction,0,0,0
n2492601704,n2492601704,,24.460617,92.745665,junction,0,0,0
n2498697992,n2498697992,,24.748487,93.258294,junction,0,0,0
n2498698504,n2498698504,,24.809944,93.246332,junction,0,0,0
n2498768470,n2498768470,,24.728679,93.271348,junction,0,0,0
n2498770217,n2498770217,,24.759387,93.349312,junction,0,0,0
n2500946724,n2500946724,,25.190003,94.311827,junction,0,0,0
n2500948545,n2500948545,,25.193538,94.326025,junction,0,0,0
n2500950370,n2500950370,,25.352135,94.373883,junction,0,0,0
n2500977628,n2500977628,,25.473429,94.33868,junction,0,0,0
n2500978026,n2500978026,,25.488043,94.321243,junction,0,0,0
n2501001537,n2501001537,,24.291563,93.673685,junction,0,0,0
n2501001540,n2501001540,,24.290953,93.672829,junction,0,0,0
n2501001558,n2501001558,,24.298662,93.680552,junction,0,0,0
n2501023508,n2501023508,,24.163594,93.365836,junction,0,0,0
n2501024018,n2501024018,,24.185974,93.402103,junction,0,0,0
n2501036973,n2501036973,,24.137792,93.339795,junction,0,0,0
n2501058981,n2501058981,,24.017059,93.216676,junction,0,0,0
n2501059288,n2501059288,,24.022736,93.253602,junction,0,0,0
n2501059293,n2501059293,,24.0233,93.252816,junction,0,0,0
n2501068957,n2501068957,,23.989169,93.216754,junction,0,0,0
n2501361474,n2501361474,,23.78504,93.142596,junction,0,0,0
n2501361717,n2501361717,,23.808932,93.160942,junction,0,0,0
n2501361963,n2501361963,,23.851224,93.189088,junction,0,0,0
n2501374398,n2501374398,,23.565963,93.105954,junction,0,0,0
n2501374435,n2501374435,,23.642555,93.087135,junction,0,0,0
n2501374517,n2501374517,,23.64518,93.033236,junction,0,0,0
n2501375231,n2501375231,,23.647628,93.059134,junction,0,0,0
n2501375475,n2501375475,,23.645427,93.032529,junction,0,0,0
n2501375787,n2501375787,,23.659865,92.980953,junction,0,0,0
n2501392170,n2501392170,,23.66737,92.891826,junction,0,0,0
n2501392359,n2501392359,,23.682343,92.885396,junction,0,0,0
n2501955934,n2501955934,,25.519489,90.599231,junction,0,0,0
n2501956270,n2501956270,,25.553931,90.561115,junction,0,0,0
n2501956359,n2501956359,,25.557433,90.546101,junction,0,0,0
n2501957250,n2501957250,,25.571873,90.459981,junction,0,0,0
n2501957487,n2501957487,,25.579073,90.502129,junction,0,0,0
n2501957629,n2501957629,,25.583265,90.518602,junction,0,0,0
n2502010730,n2502010730,,25.5375,91.243859,junction,0,0,0
n2502010867,n2502010867,,25.559529,91.22847,junction,0,0,0
n2502011274,n2502011274,,25.604241,91.181977,junction,0,0,0
n2502011971,n2502011971,,25.632141,91.038819,junction,0,0,0
n2502012679,n2502012679,,25.668255,91.134728,junction,0,0,0
n2505844229,n2505844229,,27.060504,95.45351,junction,0,0,0
n2506042983,n2506042983,,22.348134,92.804204,junction,0,0,0
n2508824376,n2508824376,,27.854821,95.262579,junction,0,0,0
n2511042479,n2511042479,,27.345656,88.839414,junction,0,0,0
n2511042546,n2511042546,,27.350803,88.840435,junction,0,0,0
n2511256931,n2511256931,,27.291687,88.813538,junction,0,0,0
n2516678325,n2516678325,,26.734733,90.534182,junction,0,0,0
n2516678379,n2516678379,,26.702838,90.554909,junction,0,0,0
n2516678388,n2516678388,,26.590295,90.617096,junction,0,0,0
n2516678473,n2516678473,,26.859615,90.483749,junction,0,0,0
n2516678507,n2516678507,,26.597751,90.58022,junction,0,0,0
n2516678786,n2516678786,,26.703719,90.55437,junction,0,0,0
n2516678971,n2516678971,,26.594895,90.609704,junction,0,0,0
n2516679303,n2516679303,,26.597479,90.581994,junction,0,0,0
n2517721615,n2517721615,,26.608493,91.585781,junction,0,0,0
n2517721631,n2517721631,,26.741894,92.043156,junction,0,0,0
n2517721632,n2517721632,,26.7419,92.046178,junction,0,0,0
n2517721640,n2517721640,,26.742429,92.053395,junction,0,0,0
n2519160722,n2519160722,,27.571997,91.873997,junction,0,0,0
n2519223712,n2519223712,,25.175727,90.506451,junction,0,0,0
n2519982761,n2519982761,,23.785597,91.280154,junction,0,0,0
n2519982799,n2519982799,,23.792718,91.29226,junction,0,0,0
n2519982861,n2519982861,,23.811184,91.335274,junction,0,0,0
n2520016716,n2520016716,,24.129947,91.777565,junction,0,0,0
n2520017702,n2520017702,,24.13424,91.68546,junction,0,0,0
n2520017708,n2520017708,,24.135494,91.781679,junction,0,0,0
n2520017781,n2520017781,,24.150915,91.798084,junction,0,0,0
n2520017797,n2520017797,,24.150785,91.810279,junction,0,0,0
n2520321311,n2520321311,,24.136087,91.82589,junction,0,0,0
n2520321343,n2520321343,,24.138686,91.81485,junction,0,0,0
n2520321344,n2520321344,,24.138224,91.818938,junction,0,0,0
n2520369920,n2520369920,,23.473597,91.271945,junction,0,0,0
n2520369923,n2520369923,,23.474902,91.271101,junction,0,0,0
n2520369985,n2520369985,,23.484168,91.393497,junction,0,0,0
n2520418665,n2520418665,,24.317989,92.003966,junction,0,0,0
n2520418677,n2520418677,,24.320772,91.996096,junction,0,0,0
n2520418682,n2520418682,,24.321073,91.997749,junction,0,0,0
n2520418683,n2520418683,,24.321354,91.995524,junction,0,0,0
n2520418684,n2520418684,,24.322452,91.995797,junction,0,0,0
n2530029901,n2530029901,,26.300901,88.982927,junction,0,0,0
n2530029905,n2530029905,,26.301063,88.984819,junction,0,0,0
n2555555842,n2555555842,,23.770826,92.226319,junction,0,0,0
n2555555998,n2555555998,,23.927213,92.222711,junction,0,0,0
n2555556005,n2555556005,,23.940497,92.227634,junction,0,0,0
n2579670796,n2579670796,,26.127962,89.463146,junction,0,0,0
n2580492512,n2580492512,,26.118121,89.518523,junction,0,0,0
n2584629583,n2584629583,,25.147918,94.379768,junction,0,0,0
n2595623022,n2595623022,,26.245571,91.587527,junction,0,0,0
n2595623045,n2595623045,,26.258241,91.516675,junction,0,0,0
n2595623097,n2595623097,,26.26485,91.515377,junction,0,0,0
n2595623108,n2595623108,,26.265689,91.515175,junction,0,0,0
n2595623133,n2595623133,,26.283952,91.506569,junction,0,0,0
n2595623137,n2595623137,,26.291588,91.501664,junction,0,0,0
n2595623141,n2595623141,,26.302244,91.487623,junction,0,0,0
n2595623151,n2595623151,,26.317361,91.470472,junction,0,0,0
n2595623155,n2595623155,,26.318249,91.470067,junction,0,0,0
n2595623178,n2595623178,,26.382685,91.446163,junction,0,0,0
n2595623485,n2595623485,,26.650438,90.9978,junction,0,0,0
n2595623560,n2595623560,,26.659191,91.001066,junction,0,0,0
n2622191629,n2622191629,,25.193007,90.215591,junction,0,0,0
n2623466893,n2623466893,,26.883709,94.479034,junction,0,0,0
n2623466901,n2623466901,,26.884985,94.47939,junction,0,0,0
n2623473049,n2623473049,,26.893125,94.473291,junction,0,0,0
n2623618709,n2623618709,,25.320599,89.845388,junction,0,0,0
n2623618736,n2623618736,,25.348256,89.826777,junction,0,0,0
n2623618746,n2623618746,,25.355532,89.826949,junction,0,0,0
n2623618747,n2623618747,,25.356206,89.827027,junction,0,0,0
n2623618759,n2623618759,,25.36524,89.822851,junction,0,0,0
n2632756349,n2632756349,,26.55256,90.342513,junction,0,0,0
n2635114278,n2635114278,,25.306417,94.044075,junction,0,0,0
n2659500363,n2659500363,,25.305132,89.898066,junction,0,0,0
n2659500375,n2659500375,,25.299834,89.893059,junction,0,0,0
n2659501125,n2659501125,,25.295137,89.888672,junction,0,0,0
n2659517518,n2659517518,,25.30874,89.852135,junction,0,0,0
n2659517523,n2659517523,,25.309122,89.849089,junction,0,0,0
n2659531107,n2659531107,,25.312645,89.892349,junction,0,0,0
n2659534096,n2659534096,,25.315845,89.905232,junction,0,0,0
n2665458624,n2665458624,,26.7356,92.105981,junction,0,0,0
n2665458636,n2665458636,,26.738153,92.095119,junction,0,0,0
n2666939999,n2666939999,,26.140138,91.792165,junction,0,0,0
n2666940081,n2666940081,,26.14332,91.792975,junction,0,0,0
n2671616223,n2671616223,,23.230082,91.447888,junction,0,0,0
n2671616260,n2671616260,,23.244723,91.476658,junction,0,0,0
n2671616262,n2671616262,,23.244472,91.450766,junction,0,0,0
n2671616264,n2671616264,,23.250609,91.471171,junction,0,0,0
n2671616275,n2671616275,,23.246609,91.450675,junction,0,0,0
n2671616278,n2671616278,,23.246662,91.454685,junction,0,0,0
n2671616292,n2671616292,,23.248147,91.456526,junction,0,0,0
n2671616321,n2671616321,,23.250849,91.455957,junction,0,0,0
n2671616353,n2671616353,,23.251936,91.471345,junction,0,0,0
n2671616371,n2671616371,,23.254958,91.461269,junction,0,0,0
n2671616386,n2671616386,,23.25805,91.465141,junction,0,0,0
n2671616388,n2671616388,,23.258725,91.478573,junction,0,0,0
n2671616408,n2671616408,,23.261152,91.464703,junction,0,0,0
n2671616414,n2671616414,,23.261482,91.47853,junction,0,0,0
n2671616426,n2671616426,,23.262392,91.478466,junction,0,0,0
n2671616539,n2671616539,,23.333633,91.410727,junction,0,0,0
n2671616561,n2671616561,,23.464302,91.386793,junction,0,0,0
n2671917132,n2671917132,,22.137694,92.774472,junction,0,0,0
n2682279843,n2682279843,,26.347662,94.483769,junction,0,0,0
n2682288214,n2682288214,,26.380355,94.444936,junction,0,0,0
n2682774922,n2682774922,,26.422653,94.433289,junction,0,0,0
n2682968389,n2682968389,,26.409157,94.372234,junction,0,0,0
n2682968461,n2682968461,,26.464984,94.381141,junction,0,0,0
n2682983896,n2682983896,,26.591203,94.354009,junction,0,0,0
n2682983901,n2682983901,,26.544203,94.366525,junction,0,0,0
n2682983907,n2682983907,,26.582185,94.350336,junction,0,0,0
n2682983978,n2682983978,,26.51147,94.369415,junction,0,0,0
n2682984003,n2682984003,,26.503193,94.366154,junction,0,0,0
n2682984047,n2682984047,,26.503926,94.365948,junction,0,0,0
n2715015195,n2715015195,,26.377511,94.434126,junction,0,0,0
n2717174489,n2717174489,,26.381918,94.55047,junction,0,0,0
n2717217350,n2717217350,,26.393325,94.547622,junction,0,0,0
n2717232412,n2717232412,,26.396531,94.554536,junction,0,0,0
n2719435973,n2719435973,,26.394818,94.532579,junction,0,0,0
n2720225720,n2720225720,,26.173131,94.495293,junction,0,0,0
n2723913941,n2723913941,,27.223592,88.587891,junction,0,0,0
n2723981159,n2723981159,,27.224811,88.594783,junction,0,0,0
n2723985107,n2723985107,,27.240157,88.594072,junction,0,0,0
n2724030462,n2724030462,,27.535525,88.491891,junction,0,0,0
n2724039173,n2724039173,,27.532787,88.481035,junction,0,0,0
n2724039182,n2724039182,,27.533564,88.470132,junction,0,0,0
n2764099845,n2764099845,,25.719575,91.975519,junction,0,0,0
n2764099861,n2764099861,,25.709499,91.979927,junction,0,0,0
n2764200726,n2764200726,,25.68686,91.916342,junction,0,0,0
n2766374227,n2766374227,,25.710207,91.995197,junction,0,0,0
n2766375931,n2766375931,,25.720147,91.985697,junction,0,0,0
n2774754099,n2774754099,,25.706359,91.977355,junction,0,0,0
n2774754102,n2774754102,,25.706291,91.974752,junction,0,0,0
n2802521371,n2802521371,,26.470115,94.440714,junction,0,0,0
n2802528305,n2802528305,,26.442521,94.485353,junction,0,0,0
n2852814303,n2852814303,,25.141597,90.660334,junction,0,0,0
n2882121008,n2882121008,,25.49203,92.171383,junction,0,0,0
n2882121034,n2882121034,,25.502399,92.172876,junction,0,0,0
n2882121111,n2882121111,,25.519453,92.154438,junction,0,0,0
n2882121173,n2882121173,,25.535177,92.113534,junction,0,0,0
n2882121292,n2882121292,,25.546933,92.079804,junction,0,0,0
n2882147254,n2882147254,,24.216827,92.545022,junction,0,0,0
n2882147274,n2882147274,,24.227999,92.545601,junction,0,0,0
n2882148013,n2882148013,,24.288333,92.517736,junction,0,0,0
n2882148018,n2882148018,,24.288734,92.515729,junction,0,0,0
n2882148068,n2882148068,,24.327427,92.527129,junction,0,0,0
n2882148084,n2882148084,,24.345205,92.528544,junction,0,0,0
n2882148094,n2882148094,,24.348538,92.52982,junction,0,0,0
n2882148326,n2882148326,,24.363117,92.540383,junction,0,0,0
n2882205203,n2882205203,,25.524681,91.52874,junction,0,0,0
n2883872635,n2883872635,,27.484217,92.106154,junction,0,0,0
n2883904490,n2883904490,,27.382429,95.903392,junction,0,0,0
n2883904713,n2883904713,,27.476056,95.487662,junction,0,0,0
n2884021044,n2884021044,,25.200212,90.639435,junction,0,0,0
n2884021065,n2884021065,,25.202639,90.599251,junction,0,0,0
n2884021164,n2884021164,,25.209461,90.630795,junction,0,0,0
n2884021185,n2884021185,,25.204624,90.586208,junction,0,0,0
n2884021291,n2884021291,,25.210403,90.631547,junction,0,0,0
n2884021797,n2884021797,,25.25046,90.632929,junction,0,0,0
n2884022260,n2884022260,,25.291757,90.648856,junction,0,0,0
n2884022742,n2884022742,,25.322615,90.654523,junction,0,0,0
n2884024177,n2884024177,,25.50337,90.691106,junction,0,0,0
n2884067029,n2884067029,,26.682791,89.216676,junction,0,0,0
n2884067033,n2884067033,,26.684858,89.198288,junction,0,0,0
n2885003252,n2885003252,,27.104851,95.159865,junction,0,0,0
n2885039243,n2885039243,,26.790087,91.416295,junction,0,0,0
n2885039372,n2885039372,,26.208674,91.542756,junction,0,0,0
n2885039373,n2885039373,,26.214358,91.543243,junction,0,0,0
n2885039397,n2885039397,,26.272656,91.493607,junction,0,0,0
n2885039405,n2885039405,,26.291337,91.435691,junction,0,0,0
n2885039421,n2885039421,,26.651657,91.400537,junction,0,0,0
n2885039423,n2885039423,,26.652624,91.418295,junction,0,0,0
n2885039428,n2885039428,,26.654059,91.421229,junction,0,0,0
n2885039435,n2885039435,,26.658874,91.450097,junction,0,0,0
n2885091559,n2885091559,,26.177156,92.218512,junction,0,0,0
n2885091571,n2885091571,,26.210187,92.347439,junction,0,0,0
n2885091573,n2885091573,,26.211151,92.347746,junction,0,0,0
n2885091584,n2885091584,,26.238262,92.30493,junction,0,0,0
n2885092740,n2885092740,,26.418633,92.310261,junction,0,0,0
n2885143559,n2885143559,,27.488585,95.462465,junction,0,0,0
n2885143579,n2885143579,,27.493198,95.44954,junction,0,0,0
n2885143589,n2885143589,,27.505219,95.320346,junction,0,0,0
n2885143592,n2885143592,,27.515284,95.331778,junction,0,0,0
n2885143613,n2885143613,,27.559003,95.589863,junction,0,0,0
n2885248532,n2885248532,,26.916947,94.277734,junction,0,0,0
n2885250903,n2885250903,,27.768105,95.063061,junction,0,0,0
n2885250932,n2885250932,,27.790131,95.05987,junction,0,0,0
n2885250941,n2885250941,,27.797919,95.044442,junction,0,0,0
n2885275180,n2885275180,,26.962516,94.284879,junction,0,0,0
n2885275540,n2885275540,,26.919109,94.28034,junction,0,0,0
n2885275591,n2885275591,,26.950507,94.286616,junction,0,0,0
n2885276625,n2885276625,,27.093394,94.318708,junction,0,0,0
n2914323246,n2914323246,,24.422144,94.01013,junction,0,0,0
n2915025937,n2915025937,,26.58241,94.952969,junction,0,0,0
n2915028163,n2915028163,,26.54456,94.94363,junction,0,0,0
n2915029860,n2915029860,,26.636561,94.981384,junction,0,0,0
n2915029892,n2915029892,,26.642588,94.988813,junction,0,0,0
n2915032051,n2915032051,,26.745313,95.059703,junction,0,0,0
n2915032835,n2915032835,,26.794555,95.074302,junction,0,0,0
n2915034480,n2915034480,,26.856288,95.073075,junction,0,0,0
n2915034529,n2915034529,,26.883703,95.078591,junction,0,0,0
n2915034535,n2915034535,,26.887086,95.081389,junction,0,0,0
n2915034553,n2915034553,,26.8915,95.078927,junction,0,0,0
n2915034573,n2915034573,,26.904478,95.073038,junction,0,0,0
n2915034590,n2915034590,,26.91657,95.065112,junction,0,0,0
n2915034593,n2915034593,,26.918907,95.062691,junction,0,0,0
n2915034597,n2915034597,,26.921695,95.058057,junction,0,0,0
n2915034650,n2915034650,,26.942284,95.056828,junction,0,0,0
n2915034652,n2915034652,,26.95455,95.05708,junction,0,0,0
n2917220465,n2917220465,,23.449958,93.260074,junction,0,0,0
n2917696568,n2917696568,,23.211192,91.583226,junction,0,0,0
n2917696597,n2917696597,,23.211828,91.575255,junction,0,0,0
n2917696679,n2917696679,,23.215296,91.597644,junction,0,0,0
n2917696724,n2917696724,,23.216847,91.567082,junction,0,0,0
n2917696761,n2917696761,,23.226323,91.528191,junction,0,0,0
n2917696839,n2917696839,,23.227076,91.496265,junction,0,0,0
n2917752016,n2917752016,,24.012007,91.61731,junction,0,0,0
n2917752108,n2917752108,,24.047863,91.611234,junction,0,0,0
n2919179868,n2919179868,,27.377944,88.819557,junction,0,0,0
n2919179983,n2919179983,,27.379482,88.82072,junction,0,0,0
n2920796066,n2920796066,,26.643199,92.834279,junction,0,0,0
n2920796069,n2920796069,,26.653346,92.798199,junction,0,0,0
n2921876500,n2921876500,,26.70438,89.099881,junction,0,0,0
n2921918806,n2921918806,,26.881014,88.935053,junction,0,0,0
n2921918807,n2921918807,,26.881158,88.93398,junction,0,0,0
n2922060442,n2922060442,,26.340224,90.221816,junction,0,0,0
n2926094146,n2926094146,,25.110115,92.893921,junction,0,0,0
n2926094151,n2926094151,,25.111449,92.875727,junction,0,0,0
n2926094680,n2926094680,,25.109727,92.935634,junction,0,0,0
n2926095072,n2926095072,,25.109483,92.880023,junction,0,0,0
n2926095946,n2926095946,,26.139305,92.807881,junction,0,0,0
n2926095960,n2926095960,,26.139942,92.805561,junction,0,0,0
n2926095991,n2926095991,,26.145896,92.776958,junction,0,0,0
n2926095996,n2926095996,,26.146506,92.776204,junction,0,0,0
n2926096138,n2926096138,,26.165662,92.751305,junction,0,0,0
n2926096142,n2926096142,,26.168337,92.745622,junction,0,0,0
n2926096512,n2926096512,,26.176739,92.738996,junction,0,0,0
n2926096522,n2926096522,,26.186313,92.735916,junction,0,0,0
n2926096566,n2926096566,,26.19031,92.379896,junction,0,0,0
n2926096572,n2926096572,,26.192117,92.7372,junction,0,0,0
n2926096589,n2926096589,,26.193153,92.385989,junction,0,0,0
n2926096848,n2926096848,,26.203571,92.423468,junction,0,0,0
n2926096857,n2926096857,,26.201454,92.738809,junction,0,0,0
n2926096874,n2926096874,,26.206117,92.495445,junction,0,0,0
n2926097170,n2926097170,,26.21006,92.441311,junction,0,0,0
n2926097418,n2926097418,,26.212765,92.455928,junction,0,0,0
n2926097455,n2926097455,,26.217982,92.739903,junction,0,0,0
n2926097475,n2926097475,,26.226214,92.511553,junction,0,0,0
n2926097703,n2926097703,,26.232909,92.742382,junction,0,0,0
n2926097712,n2926097712,,26.239049,92.743766,junction,0,0,0
n2926097739,n2926097739,,26.260793,92.740088,junction,0,0,0
n2926154982,n2926154982,,26.649344,91.19047,junction,0,0,0
n2926155032,n2926155032,,26.702035,91.195184,junction,0,0,0
n2926155083,n2926155083,,26.752225,91.223407,junction,0,0,0
n2926155084,n2926155084,,26.752485,91.221934,junction,0,0,0
n2926155115,n2926155115,,26.804075,91.264815,junction,0,0,0
n2926323039,n2926323039,,25.751852,89.977375,junction,0,0,0
n2926323046,n2926323046,,25.755231,89.980079,junction,0,0,0
n2926323056,n2926323056,,25.7717,89.983022,junction,0,0,0
n2926323130,n2926323130,,25.833598,89.992696,junction,0,0,0
n2926323156,n2926323156,,25.839133,90.003632,junction,0,0,0
n2926323167,n2926323167,,25.839624,90.004174,junction,0,0,0
n2926323240,n2926323240,,26.437842,89.899596,junction,0,0,0
n2926580671,n2926580671,,26.274629,91.473173,junction,0,0,0
n2926581803,n2926581803,,26.277336,91.259262,junction,0,0,0
n2926581816,n2926581816,,26.278811,91.157768,junction,0,0,0
n2926581846,n2926581846,,26.288532,91.44116,junction,0,0,0
n2927938484,n2927938484,,25.767896,93.320836,junction,0,0,0
n2927938957,n2927938957,,25.955543,93.441127,junction,0,0,0
n2967218985,n2967218985,,27.512402,95.746499,junction,0,0,0
n2967218990,n2967218990,,27.51728,95.819645,junction,0,0,0
n2967218994,n2967218994,,27.529542,95.820836,junction,0,0,0
n2967219001,n2967219001,,27.540919,95.721802,junction,0,0,0
n2967219004,n2967219004,,27.550237,95.774577,junction,0,0,0
n2967219009,n2967219009,,27.551118,95.723255,junction,0,0,0
n2967219022,n2967219022,,27.587421,95.624069,junction,0,0,0
n2967219023,n2967219023,,27.601229,95.632003,junction,0,0,0
n2967220343,n2967220343,,27.439136,95.758502,junction,0,0,0
n2967220361,n2967220361,,27.467661,95.745532,junction,0,0,0
n2976469237,n2976469237,,23.699724,93.383603,junction,0,0,0
n2983540749,n2983540749,,27.795875,95.18423,junction,0,0,0
n3007133833,n3007133833,,27.539196,91.721678,junction,0,0,0
n3007271430,n3007271430,,27.689055,91.711196,junction,0,0,0
n3008327477,n3008327477,,27.737258,91.889361,junction,0,0,0
n3008480899,n3008480899,,27.702833,91.894989,junction,0,0,0
n3008480921,n3008480921,,27.72142,91.891778,junction,0,0,0
n3018172995,n3018172995,,27.017241,92.637373,junction,0,0,0
n3018173026,n3018173026,,27.027656,92.610776,junction,0,0,0
n3092025659,n3092025659,,22.198411,93.130189,junction,0,0,0
n3106396317,n3106396317,,26.760279,91.417801,junction,0,0,0
n3110856484,n3110856484,,28.579525,95.068489,junction,0,0,0
n3110856488,n3110856488,,28.58254,95.07233,junction,0,0,0
n3115199378,n3115199378,,26.885053,93.623925,junction,0,0,0
n3152815986,n3152815986,,26.858975,92.63546,junction,0,0,0
n3158879343,n3158879343,,24.848399,92.807616,junction,0,0,0
n3158879810,n3158879810,,24.885534,92.76482,junction,0,0,0
n3158885672,n3158885672,,24.926767,92.752313,junction,0,0,0
n3158885706,n3158885706,,24.942466,92.715805,junction,0,0,0
n3158888250,n3158888250,,24.795054,92.773484,junction,0,0,0
n3158888700,n3158888700,,24.813096,92.781943,junction,0,0,0
n3158896421,n3158896421,,24.807685,92.762324,junction,0,0,0
n3158896424,n3158896424,,24.809324,92.767935,junction,0,0,0
n3158918845,n3158918845,,24.896695,92.905632,junction,0,0,0
n3158918983,n3158918983,,24.910475,92.928917,junction,0,0,0
n3158919120,n3158919120,,24.911545,92.93875,junction,0,0,0
n3158919370,n3158919370,,24.915348,92.948024,junction,0,0,0
n3158919697,n3158919697,,24.921217,92.956997,junction,0,0,0
n3158919698,n3158919698,,24.921094,92.955611,junction,0,0,0
n3158923508,n3158923508,,24.895557,92.766789,junction,0,0,0
n3158923546,n3158923546,,24.899555,92.768273,junction,0,0,0
n3158923588,n3158923588,,24.913759,92.77566,junction,0,0,0
n3158923616,n3158923616,,24.921645,92.780586,junction,0,0,0
n3158933748,n3158933748,,24.865402,92.821045,junction,0,0,0
n3158933756,n3158933756,,24.867173,92.820677,junction,0,0,0
n3158934591,n3158934591,,24.884003,92.822237,junction,0,0,0
n3160185157,n3160185157,,24.675836,92.725541,junction,0,0,0
n3160185170,n3160185170,,24.678708,92.734912,junction,0,0,0
n3160185171,n3160185171,,24.678867,92.737118,junction,0,0,0
n3160185194,n3160185194,,24.699278,92.758459,junction,0,0,0
n3160185425,n3160185425,,24.72595,92.784528,junction,0,0,0
n3160185503,n3160185503,,24.750859,92.795229,junction,0,0,0
n3160185534,n3160185534,,24.76672,92.793256,junction,0,0,0
n3160185572,n3160185572,,24.780923,92.795001,junction,0,0,0
n3160185582,n3160185582,,24.788648,92.794587,junction,0,0,0
n3160185598,n3160185598,,24.80367,92.801785,junction,0,0,0
n3160230159,n3160230159,,24.619525,92.714074,junction,0,0,0
n3160231654,n3160231654,,24.638092,92.711286,junction,0,0,0
n3160231775,n3160231775,,24.648392,92.607726,junction,0,0,0
n3160231778,n3160231778,,24.652801,92.713915,junction,0,0,0
n3160231808,n3160231808,,24.668081,92.720819,junction,0,0,0
n3173460062,n3173460062,,25.867317,90.023683,junction,0,0,0
n3173460085,n3173460085,,25.862497,90.08309,junction,0,0,0
n3173460126,n3173460126,,25.862623,90.083939,junction,0,0,0
n3173460127,n3173460127,,25.881761,90.023718,junction,0,0,0
n3173460129,n3173460129,,25.668913,89.946562,junction,0,0,0
n3173460680,n3173460680,,25.888402,90.02432,junction,0,0,0
n3173469617,n3173469617,,25.936439,90.265332,junction,0,0,0
n3173469619,n3173469619,,26.00995,90.365315,junction,0,0,0
n3173469638,n3173469638,,25.952372,90.218713,junction,0,0,0
n3173469643,n3173469643,,26.004169,90.349658,junction,0,0,0
n3173469979,n3173469979,,25.885882,90.113136,junction,0,0,0
n3173469992,n3173469992,,25.952346,90.237131,junction,0,0,0
n3173470227,n3173470227,,25.951668,90.215414,junction,0,0,0
n3173548322,n3173548322,,25.483331,92.474846,junction,0,0,0
n3173560387,n3173560387,,25.530156,92.63484,junction,0,0,0
n3173560410,n3173560410,,25.515446,92.648213,junction,0,0,0
n3173566127,n3173566127,,25.429819,92.751783,junction,0,0,0
n3173566851,n3173566851,,25.409239,92.838139,junction,0,0,0
n3173570147,n3173570147,,25.412325,92.872653,junction,0,0,0
n3173573097,n3173573097,,25.439771,92.917156,junction,0,0,0
n3173573384,n3173573384,,25.405231,92.842024,junction,0,0,0
n3173577191,n3173577191,,25.418919,92.989881,junction,0,0,0
n3173578975,n3173578975,,25.215309,93.017266,junction,0,0,0
n3173579052,n3173579052,,25.382584,92.980605,junction,0,0,0
n3173611022,n3173611022,,24.868733,92.868458,junction,0,0,0
n3173611026,n3173611026,,24.872536,92.872414,junction,0,0,0
n3173611027,n3173611027,,24.870521,92.870295,junction,0,0,0
n3173611055,n3173611055,,24.87822,92.878779,junction,0,0,0
n3173656957,n3173656957,,23.993498,92.374708,junction,0,0,0
n3173657996,n3173657996,,24.106184,92.396897,junction,0,0,0
n3173659777,n3173659777,,24.122567,92.363724,junction,0,0,0
n3173660337,n3173660337,,24.241814,92.29668,junction,0,0,0
n3173660823,n3173660823,,24.218392,92.312393,junction,0,0,0
n3173670413,n3173670413,,23.709838,91.45708,junction,0,0,0
n3173675524,n3173675524,,23.6939,91.456399,junction,0,0,0
n3173676986,n3173676986,,23.498932,91.339152,junction,0,0,0
n3173704182,n3173704182,,25.213496,91.719189,junction,0,0,0
n3173704205,n3173704205,,25.23615,91.731599,junction,0,0,0
n3173711184,n3173711184,,23.561355,91.355195,junction,0,0,0
n3175911973,n3175911973,,27.833531,93.506477,junction,0,0,0
n3175912216,n3175912216,,27.800076,93.54275,junction,0,0,0
n3175912311,n3175912311,,27.78632,93.524773,junction,0,0,0
n3175920440,n3175920440,,27.773836,93.591939,junction,0,0,0
n3175964719,n3175964719,,27.741224,93.600482,junction,0,0,0
n3175965095,n3175965095,,27.734414,93.637268,junction,0,0,0
n3176031335,n3176031335,,27.535284,93.74954,junction,0,0,0
n3176043386,n3176043386,,27.296612,93.978367,junction,0,0,0
n3176043389,n3176043389,,27.353004,93.950645,junction,0,0,0
n3176043408,n3176043408,,27.351988,93.949186,junction,0,0,0
n3176043744,n3176043744,,27.34915,93.982203,junction,0,0,0
n3176043813,n3176043813,,27.304619,93.968019,junction,0,0,0
n3176043848,n3176043848,,27.305345,93.967414,junction,0,0,0
n3176054713,n3176054713,,28.29392,94.679806,junction,0,0,0
n3176054721,n3176054721,,28.421667,94.678162,junction,0,0,0
n3176055376,n3176055376,,28.284628,94.681138,junction,0,0,0
n3176058961,n3176058961,,28.505879,94.408254,junction,0,0,0
n3176058965,n3176058965,,28.51565,94.516403,junction,0,0,0
n3176060815,n3176060815,,28.534331,94.329018,junction,0,0,0
n3176061192,n3176061192,,28.521282,94.361113,junction,0,0,0
n3176072973,n3176072973,,28.599339,94.135371,junction,0,0,0
n3176072975,n3176072975,,28.600142,94.133433,junction,0,0,0
n3176093865,n3176093865,,28.234167,94.996128,junction,0,0,0
n3176093870,n3176093870,,28.233148,94.99665,junction,0,0,0
n3178199100,n3178199100,,28.331388,94.957891,junction,0,0,0
n3178199116,n3178199116,,28.334497,94.959781,junction,0,0,0
n3178199121,n3178199121,,28.340171,94.963658,junction,0,0,0
n3178203894,n3178203894,,28.323191,94.971417,junction,0,0,0
n3178209375,n3178209375,,28.392433,95.047827,junction,0,0,0
n3178209387,n3178209387,,28.433285,95.036228,junction,0,0,0
n3178211937,n3178211937,,28.533558,95.05005,junction,0,0,0
n3178213064,n3178213064,,28.549848,95.065086,junction,0,0,0
n3179532665,n3179532665,,27.272914,88.373774,junction,0,0,0
n3179552235,n3179552235,,27.203111,88.697985,junction,0,0,0
n3179554129,n3179554129,,27.207982,88.717851,junction,0,0,0
n3179554302,n3179554302,,27.195007,88.608002,junction,0,0,0
n3179658554,n3179658554,,26.207318,94.646865,junction,0,0,0
n3179664236,n3179664236,,26.267956,94.831557,junction,0,0,0
n3179664249,n3179664249,,26.288755,94.859991,junction,0,0,0
n3179665350,n3179665350,,26.287547,94.829926,junction,0,0,0
n3179711617,n3179711617,,27.026055,95.016427,junction,0,0,0
n3179713363,n3179713363,,27.117416,94.983347,junction,0,0,0
n3179713537,n3179713537,,27.062269,95.026594,junction,0,0,0
n3179713554,n3179713554,,27.064803,95.026234,junction,0,0,0
n3179713676,n3179713676,,27.0994,94.965129,junction,0,0,0
n3179713699,n3179713699,,27.065803,95.026375,junction,0,0,0
n3179713799,n3179713799,,27.039736,95.020197,junction,0,0,0
n3179713882,n3179713882,,27.08361,95.026183,junction,0,0,0
n3179739570,n3179739570,,27.444395,96.095254,junction,0,0,0
n3179739577,n3179739577,,27.404394,95.925477,junction,0,0,0
n3179739643,n3179739643,,27.416572,95.980979,junction,0,0,0
n3179739747,n3179739747,,27.417962,96.019615,junction,0,0,0
n3179739771,n3179739771,,27.41469,95.970251,junction,0,0,0
n3179739996,n3179739996,,27.424175,96.025449,junction,0,0,0
n3179740541,n3179740541,,27.389865,95.908803,junction,0,0,0
n3179749350,n3179749350,,27.861079,95.788623,junction,0,0,0
n3253382636,n3253382636,,25.955949,94.491947,junction,0,0,0
n3253384681,n3253384681,,26.068584,94.541786,junction,0,0,0
n3253385021,n3253385021,,26.15051,94.520135,junction,0,0,0
n3309034374,n3309034374,,26.424892,90.091254,junction,0,0,0
n3309034381,n3309034381,,26.417053,90.111177,junction,0,0,0
n3309034382,n3309034382,,26.416511,90.113901,junction,0,0,0
n3309034387,n3309034387,,26.40872,90.131961,junction,0,0,0
n3310320249,n3310320249,,26.373476,92.307445,junction,0,0,0
n3310320250,n3310320250,,26.374723,92.307156,junction,0,0,0
n3310320255,n3310320255,,26.399193,92.319132,junction,0,0,0
n3310320256,n3310320256,,26.400706,92.317968,junction,0,0,0
n3310320572,n3310320572,,26.345496,92.235725,junction,0,0,0
n3310320577,n3310320577,,26.324989,92.25578,junction,0,0,0
n3310320579,n3310320579,,26.316055,92.281605,junction,0,0,0
n3333759536,n3333759536,,24.163581,92.036054,junction,0,0,0
n3333765826,n3333765826,,24.163026,92.037111,junction,0,0,0
n3337362407,n3337362407,,27.273012,94.087645,junction,0,0,0
n3345442024,n3345442024,,26.549414,88.171654,junction,0,0,0
n3345442035,n3345442035,,26.54941,88.176016,junction,0,0,0
n3345442064,n3345442064,,26.553574,88.186706,junction,0,0,0
n3345443325,n3345443325,,26.565373,88.21787,junction,0,0,0
n3345443329,n3345443329,,26.565534,88.216847,junction,0,0,0
n3345443403,n3345443403,,26.582782,88.268257,junction,0,0,0
n3345443404,n3345443404,,26.582914,88.269989,junction,0,0,0
n3345462467,n3345462467,,26.690483,88.207026,junction,0,0,0
n3345462633,n3345462633,,26.712723,88.213096,junction,0,0,0
n3345462679,n3345462679,,26.741384,88.222854,junction,0,0,0
n3345462703,n3345462703,,26.754536,88.234831,junction,0,0,0
n3363539257,n3363539257,,26.239987,92.306664,junction,0,0,0
n3367513140,n3367513140,,26.556195,88.828956,junction,0,0,0
n3388591641,n3388591641,,26.804286,94.517203,junction,0,0,0
n3393379510,n3393379510,,26.728976,95.020029,junction,0,0,0
n342098065,n342098065,,26.698843,92.330553,junction,0,0,0
n342099041,n342099041,,28.233833,94.98191,junction,0,0,0
n342099208,n342099208,,26.831992,93.353156,junction,0,0,0
n342099620,n342099620,,26.82253,92.779872,junction,0,0,0
n3431633207,n3431633207,,24.822932,93.971665,junction,0,0,0
n3440676547,n3440676547,,23.937531,92.490135,junction,0,0,0
n3453820411,n3453820411,,27.206673,92.373119,junction,0,0,0
n3454068821,n3454068821,,27.191177,92.337723,junction,0,0,0
n3454445028,n3454445028,,27.117784,92.247072,junction,0,0,0
n3454846720,n3454846720,,27.091812,92.180789,junction,0,0,0
n3454892796,n3454892796,,27.091076,92.112173,junction,0,0,0
n3455075763,n3455075763,,24.66193,92.875492,junction,0,0,0
n3455076019,n3455076019,,24.64552,92.887066,junction,0,0,0
n3455076051,n3455076051,,24.617477,92.915702,junction,0,0,0
n3455076087,n3455076087,,24.61203,92.930469,junction,0,0,0
n3455076125,n3455076125,,24.605065,92.956518,junction,0,0,0
n3455076155,n3455076155,,24.605651,92.957241,junction,0,0,0
n3455076190,n3455076190,,24.626622,92.963083,junction,0,0,0
n3455076194,n3455076194,,24.630454,92.965085,junction,0,0,0
n3455076198,n3455076198,,24.645753,92.962144,junction,0,0,0
n3455076235,n3455076235,,24.646234,92.945169,junction,0,0,0
n3455080984,n3455080984,,24.708275,92.936295,junction,0,0,0
n3455080990,n3455080990,,24.717023,92.933481,junction,0,0,0
n3455080992,n3455080992,,24.721512,92.931354,junction,0,0,0
n3455081299,n3455081299,,24.723456,92.926066,junction,0,0,0
n3455081300,n3455081300,,24.723731,92.925233,junction,0,0,0
n3455081305,n3455081305,,24.729661,92.909864,junction,0,0,0
n3455081309,n3455081309,,24.730577,92.898149,junction,0,0,0
n3455081316,n3455081316,,24.7308,92.896853,junction,0,0,0
n3455081322,n3455081322,,24.733919,92.891112,junction,0,0,0
n3455081335,n3455081335,,24.743429,92.856398,junction,0,0,0
n3455680160,n3455680160,,27.076332,92.121058,junction,0,0,0
n3455768917,n3455768917,,26.976605,92.14093,junction,0,0,0
n3462002941,n3462002941,,24.777863,93.91032,junction,0,0,0
n3472153456,n3472153456,,25.683634,94.697007,junction,0,0,0
n3474137066,n3474137066,,25.416988,91.707403,junction,0,0,0
n3474138423,n3474138423,,25.428432,91.730717,junction,0,0,0
n3493019887,n3493019887,,26.788531,88.327448,junction,0,0,0
n3494085633,n3494085633,,26.063135,89.300486,junction,0,0,0
n3494085693,n3494085693,,26.077945,89.310837,junction,0,0,0
n3494085723,n3494085723,,26.098984,89.335478,junction,0,0,0
n3494085724,n3494085724,,26.099544,89.335974,junction,0,0,0
n3494085730,n3494085730,,26.109485,89.34114,junction,0,0,0
n3494085762,n3494085762,,26.121857,89.331962,junction,0,0,0
n3495531897,n3495531897,,27.059745,88.27738,junction,0,0,0
n3515195529,n3515195529,,26.328737,90.127406,junction,0,0,0
n3515195562,n3515195562,,26.332908,90.107167,junction,0,0,0
n3515195704,n3515195704,,26.333743,90.106639,junction,0,0,0
n3515195818,n3515195818,,26.344356,90.10801,junction,0,0,0
n3515195826,n3515195826,,26.348578,90.106347,junction,0,0,0
n3515196115,n3515196115,,26.374039,90.087718,junction,0,0,0
n3515196190,n3515196190,,26.407027,90.081615,junction,0,0,0
n3515196338,n3515196338,,26.430996,90.061767,junction,0,0,0
n3515196343,n3515196343,,26.431734,90.060493,junction,0,0,0
n3517621029,n3517621029,,26.337787,90.111339,junction,0,0,0
n3517621191,n3517621191,,26.410983,90.131993,junction,0,0,0
n3517621214,n3517621214,,26.429623,90.063912,junction,0,0,0
n3517621278,n3517621278,,26.450003,90.074928,junction,0,0,0
n3517621287,n3517621287,,26.443515,90.083804,junction,0,0,0
n3517621294,n3517621294,,26.447066,90.092804,junction,0,0,0
n3517621333,n3517621333,,26.446587,90.112176,junction,0,0,0
n3517621386,n3517621386,,26.448311,90.106334,junction,0,0,0
n3517621577,n3517621577,,26.472941,90.088985,junction,0,0,0
n3517621603,n3517621603,,26.485046,90.091645,junction,0,0,0
n3519943822,n3519943822,,26.421994,90.073614,junction,0,0,0
n3525742732,n3525742732,,26.407334,90.289097,junction,0,0,0
n3525742733,n3525742733,,26.408499,90.289078,junction,0,0,0
n3525742736,n3525742736,,26.411027,90.288603,junction,0,0,0
n3525742737,n3525742737,,26.413282,90.28491,junction,0,0,0
n3525742762,n3525742762,,26.419757,90.288557,junction,0,0,0
n3546141072,n3546141072,,26.690125,92.811805,junction,0,0,0
n3546141076,n3546141076,,26.687049,92.816492,junction,0,0,0
n3553869741,n3553869741,,27.377428,88.666799,junction,0,0,0
n3555213498,n3555213498,,27.709874,94.864652,junction,0,0,0
n3555213499,n3555213499,,27.707694,94.859539,junction,0,0,0
n3588844443,n3588844443,,25.17749,90.588901,junction,0,0,0
n3588844499,n3588844499,,25.181838,90.71365,junction,0,0,0
n3588844508,n3588844508,,25.177461,90.710782,junction,0,0,0
n3636144173,n3636144173,,26.568564,88.16112,junction,0,0,0
n3637671395,n3637671395,,26.716653,94.110295,junction,0,0,0
n3637671405,n3637671405,,26.715032,94.176427,junction,0,0,0
n3637671444,n3637671444,,26.715348,94.094215,junction,0,0,0
n3637671508,n3637671508,,26.717264,94.086265,junction,0,0,0
n3637672670,n3637672670,,26.729538,94.142924,junction,0,0,0
n3637677158,n3637677158,,26.77981,94.223363,junction,0,0,0
n3637677185,n3637677185,,26.781076,94.208012,junction,0,0,0
n3657296463,n3657296463,,23.752101,91.333601,junction,0,0,0
n3675635748,n3675635748,,27.083917,95.440905,junction,0,0,0
n3675635796,n3675635796,,27.097962,95.428367,junction,0,0,0
n3675636086,n3675636086,,27.126406,95.438012,junction,0,0,0
n3675636095,n3675636095,,27.13321,95.438609,junction,0,0,0
n3675636176,n3675636176,,27.198526,95.450599,junction,0,0,0
n3675636253,n3675636253,,27.219843,95.43098,junction,0,0,0
n3676944166,n3676944166,,26.274546,89.204028,junction,0,0,0
n3676944167,n3676944167,,26.275963,89.204243,junction,0,0,0
n3677007094,n3677007094,,26.468101,89.234927,junction,0,0,0
n3677048121,n3677048121,,26.409258,89.651947,junction,0,0,0
n3677048123,n3677048123,,26.407725,89.653417,junction,0,0,0
n3677048124,n3677048124,,26.399026,89.652758,junction,0,0,0
n3677048141,n3677048141,,26.39909,89.649027,junction,0,0,0
n3677062183,n3677062183,,26.469105,89.836394,junction,0,0,0
n3677477479,n3677477479,,26.712379,89.014312,junction,0,0,0
n3677477490,n3677477490,,26.715463,88.910921,junction,0,0,0
n3677477494,n3677477494,,26.717245,89.001017,junction,0,0,0
n3677477496,n3677477496,,26.717243,88.935671,junction,0,0,0
n3677477501,n3677477501,,26.720025,88.965662,junction,0,0,0
n3677477507,n3677477507,,26.721816,88.971819,junction,0,0,0
n3677482326,n3677482326,,26.705588,89.073895,junction,0,0,0
n3677614505,n3677614505,,26.66117,91.34034,junction,0,0,0
n3677614508,n3677614508,,26.665291,91.340082,junction,0,0,0
n3677614802,n3677614802,,26.329015,90.83286,junction,0,0,0
n3677614810,n3677614810,,26.329564,90.826456,junction,0,0,0
n3677615137,n3677615137,,26.529318,91.351466,junction,0,0,0
n3677615184,n3677615184,,26.723928,91.375164,junction,0,0,0
n3677615205,n3677615205,,26.748338,91.4008,junction,0,0,0
n3677615207,n3677615207,,26.74922,91.403509,junction,0,0,0
n3677615235,n3677615235,,26.672567,91.272631,junction,0,0,0
n3677615433,n3677615433,,26.792954,91.887875,junction,0,0,0
n3677615436,n3677615436,,26.793075,91.886149,junction,0,0,0
n3677615447,n3677615447,,26.816821,91.866068,junction,0,0,0
n3677615462,n3677615462,,26.863704,91.835132,junction,0,0,0
n3677642609,n3677642609,,26.013641,90.216781,junction,0,0,0
n3677642619,n3677642619,,26.019669,90.263996,junction,0,0,0
n3677644428,n3677644428,,26.027641,90.304773,junction,0,0,0
n3677644432,n3677644432,,26.033224,90.294823,junction,0,0,0
n3677644434,n3677644434,,26.037484,90.310438,junction,0,0,0
n3677644436,n3677644436,,26.038318,90.310507,junction,0,0,0
n3677644445,n3677644445,,26.051371,90.335933,junction,0,0,0
n3677644449,n3677644449,,26.053576,90.359247,junction,0,0,0
n3677644461,n3677644461,,26.10245,90.420169,junction,0,0,0
n3677644464,n3677644464,,26.112024,90.431122,junction,0,0,0
n3677644476,n3677644476,,26.156017,90.51837,junction,0,0,0
n3677645060,n3677645060,,26.578094,88.574019,junction,0,0,0
n3677676521,n3677676521,,26.680195,88.734901,junction,0,0,0
n3677676522,n3677676522,,26.680295,88.738476,junction,0,0,0
n3677676530,n3677676530,,26.683515,88.741469,junction,0,0,0
n3677676535,n3677676535,,26.686499,88.750088,junction,0,0,0
n3677706509,n3677706509,,26.707742,88.718315,junction,0,0,0
n3677706512,n3677706512,,26.69701,88.722272,junction,0,0,0
n3677706515,n3677706515,,26.695884,88.722872,junction,0,0,0
n3677706516,n3677706516,,26.694423,88.723681,junction,0,0,0
n3677790476,n3677790476,,26.516851,89.207473,junction,0,0,0
n3677914259,n3677914259,,26.70482,89.102726,junction,0,0,0
n3679412263,n3679412263,,26.696322,88.759177,junction,0,0,0
n3679490876,n3679490876,,26.71715,88.934457,junction,0,0,0
n3679490982,n3679490982,,26.681729,88.914253,junction,0,0,0
n3679568221,n3679568221,,26.623404,88.970767,junction,0,0,0
n3679568326,n3679568326,,26.629549,88.965735,junction,0,0,0
n3679568978,n3679568978,,26.641175,88.951864,junction,0,0,0
n3684327549,n3684327549,,26.001294,92.849734,junction,0,0,0
n3684327566,n3684327566,,26.020745,92.872247,junction,0,0,0
n3686971920,n3686971920,,26.816622,94.384795,junction,0,0,0
n3686971924,n3686971924,,26.826242,94.411256,junction,0,0,0
n3687018036,n3687018036,,26.836705,94.440116,junction,0,0,0
n3688609417,n3688609417,,23.973626,93.546692,junction,0,0,0
n3693755114,n3693755114,,23.981121,93.525479,junction,0,0,0
n3695032423,n3695032423,,23.834212,94.147856,junction,0,0,0
n3699240271,n3699240271,,24.068725,93.567303,junction,0,0,0
n3700175916,n3700175916,,23.777526,93.384337,junction,0,0,0
n3700314457,n3700314457,,23.80821,93.382333,junction,0,0,0
n3701019500,n3701019500,,25.258181,91.708116,junction,0,0,0
n3701021426,n3701021426,,25.269995,91.719171,junction,0,0,0
n3701021477,n3701021477,,25.232997,91.683588,junction,0,0,0
n3701021502,n3701021502,,25.27103,91.72654,junction,0,0,0
n3701021524,n3701021524,,25.262447,91.711605,junction,0,0,0
n3701076353,n3701076353,,25.231228,91.689006,junction,0,0,0
n3701126625,n3701126625,,25.724149,92.393739,junction,0,0,0
n3701126642,n3701126642,,25.727722,92.427827,junction,0,0,0
n3701126643,n3701126643,,25.611904,92.240866,junction,0,0,0
n3701132188,n3701132188,,25.753769,92.504237,junction,0,0,0
n3701145767,n3701145767,,25.843842,92.570826,junction,0,0,0
n3701145768,n3701145768,,25.799907,92.526341,junction,0,0,0
n3701145971,n3701145971,,25.873402,92.599386,junction,0,0,0
n3701145985,n3701145985,,25.853749,92.588062,junction,0,0,0
n3701153414,n3701153414,,22.336311,92.769747,junction,0,0,0
n3701159961,n3701159961,,25.933,92.701619,junction,0,0,0
n3701159963,n3701159963,,25.929618,92.699321,junction,0,0,0
n3701162608,n3701162608,,26.005965,92.758576,junction,0,0,0
n3701162609,n3701162609,,26.004658,92.760125,junction,0,0,0
n3701162614,n3701162614,,26.007041,92.757301,junction,0,0,0
n3701162616,n3701162616,,26.004161,92.75507,junction,0,0,0
n3701170423,n3701170423,,27.742341,95.598071,junction,0,0,0
n3701171827,n3701171827,,27.754793,95.637958,junction,0,0,0
n3701171832,n3701171832,,27.758932,95.643772,junction,0,0,0
n3701171833,n3701171833,,27.766629,95.649939,junction,0,0,0
n3701172837,n3701172837,,26.065438,92.899232,junction,0,0,0
n3701229735,n3701229735,,24.488558,92.238892,junction,0,0,0
n3701229737,n3701229737,,24.491306,92.239513,junction,0,0,0
n3701229800,n3701229800,,24.560493,92.296137,junction,0,0,0
n3701229809,n3701229809,,24.559583,92.299096,junction,0,0,0
n3701230233,n3701230233,,24.445977,92.246027,junction,0,0,0
n3701235047,n3701235047,,24.469622,92.230784,junction,0,0,0
n3701235049,n3701235049,,24.468548,92.228862,junction,0,0,0
n3701304166,n3701304166,,24.384515,92.161942,junction,0,0,0
n3701305578,n3701305578,,22.558172,92.623631,junction,0,0,0
n3701305615,n3701305615,,22.56475,92.620697,junction,0,0,0
n3701321458,n3701321458,,24.346757,92.125613,junction,0,0,0
n3701352862,n3701352862,,24.176199,92.005559,junction,0,0,0
n3701352908,n3701352908,,24.18229,91.990243,junction,0,0,0
n3701352920,n3701352920,,24.172977,92.033834,junction,0,0,0
n3701353029,n3701353029,,24.166386,92.033211,junction,0,0,0
n3701353034,n3701353034,,24.174078,92.02273,junction,0,0,0
n3701353061,n3701353061,,24.174804,92.020991,junction,0,0,0
n3702855503,n3702855503,,24.170617,91.991266,junction,0,0,0
n3702855569,n3702855569,,24.124195,91.844939,junction,0,0,0
n3702996749,n3702996749,,25.28632,90.022044,junction,0,0,0
n3702996885,n3702996885,,25.252655,90.083749,junction,0,0,0
n3702996943,n3702996943,,25.245568,90.115491,junction,0,0,0
n3702996947,n3702996947,,25.244711,90.115521,junction,0,0,0
n3702997049,n3702997049,,25.233137,90.173806,junction,0,0,0
n3703039491,n3703039491,,25.439514,89.840593,junction,0,0,0
n3703039513,n3703039513,,25.456442,89.849369,junction,0,0,0
n3703063357,n3703063357,,25.467304,89.863684,junction,0,0,0
n3703063400,n3703063400,,25.511175,89.872001,junction,0,0,0
n3703063401,n3703063401,,25.512011,89.872721,junction,0,0,0
n3703063418,n3703063418,,25.52565,89.867071,junction,0,0,0
n3703063529,n3703063529,,25.535341,89.862206,junction,0,0,0
n3703063533,n3703063533,,25.539261,89.863996,junction,0,0,0
n3703192312,n3703192312,,28.355012,95.062452,junction,0,0,0
n3703192980,n3703192980,,28.484834,95.106023,junction,0,0,0
n3703292691,n3703292691,,28.61269,95.054805,junction,0,0,0
n3703293159,n3703293159,,28.640537,95.026364,junction,0,0,0
n3703293180,n3703293180,,28.641526,95.031272,junction,0,0,0
n3703293183,n3703293183,,28.641973,95.028746,junction,0,0,0
n3703293188,n3703293188,,28.642812,95.023753,junction,0,0,0
n3703358668,n3703358668,,28.510114,95.17654,junction,0,0,0
n3703358669,n3703358669,,28.510165,95.177541,junction,0,0,0
n3703361135,n3703361135,,28.609511,95.062822,junction,0,0,0
n3703361224,n3703361224,,28.573527,95.130431,junction,0,0,0
n3704359760,n3704359760,,24.047832,91.719589,junction,0,0,0
n3704616143,n3704616143,,24.315377,92.103318,junction,0,0,0
n3704887534,n3704887534,,25.539949,89.857856,junction,0,0,0
n3704887536,n3704887536,,25.542149,89.857069,junction,0,0,0
n3706635197,n3706635197,,26.102656,89.769539,junction,0,0,0
n3706635205,n3706635205,,26.105911,89.784841,junction,0,0,0
n3706635225,n3706635225,,26.108833,89.807441,junction,0,0,0
n3711004504,n3711004504,,27.535736,94.263387,junction,0,0,0
n3711004655,n3711004655,,27.54115,94.293809,junction,0,0,0
n3711655341,n3711655341,,26.229149,89.710585,junction,0,0,0
n3712003971,n3712003971,,26.068661,89.646065,junction,0,0,0
n3713766853,n3713766853,,26.027489,89.57779,junction,0,0,0
n3713766921,n3713766921,,25.987334,89.582801,junction,0,0,0
n3716565325,n3716565325,,26.095931,89.58792,junction,0,0,0
n3718239467,n3718239467,,26.188239,89.187266,junction,0,0,0
n3722630808,n3722630808,,26.429706,88.914059,junction,0,0,0
n3722646768,n3722646768,,26.409453,88.903467,junction,0,0,0
n3722646798,n3722646798,,26.38646,88.914067,junction,0,0,0
n3722646803,n3722646803,,26.390496,88.910643,junction,0,0,0
n3722652425,n3722652425,,26.379736,88.90582,junction,0,0,0
n3722652429,n3722652429,,26.353205,88.907223,junction,0,0,0
n3723078707,n3723078707,,26.415312,88.723818,junction,0,0,0
n3723078928,n3723078928,,26.440401,88.700341,junction,0,0,0
n3723078942,n3723078942,,26.460918,88.7039,junction,0,0,0
n3736220267,n3736220267,,26.129477,91.810661,junction,0,0,0
n3736878493,n3736878493,,26.56802,92.86936,junction,0,0,0
n3788081439,n3788081439,,26.782209,94.096028,junction,0,0,0
n3788081441,n3788081441,,26.791883,94.086109,junction,0,0,0
n3788081445,n3788081445,,26.758506,94.126819,junction,0,0,0
n3788081449,n3788081449,,26.745749,94.132602,junction,0,0,0
n3788095763,n3788095763,,26.80344,94.081309,junction,0,0,0
n3788095772,n3788095772,,26.787445,94.091386,junction,0,0,0
n3788095776,n3788095776,,26.774766,94.103791,junction,0,0,0
n3788095777,n3788095777,,26.802783,94.076158,junction,0,0,0
n3798891857,n3798891857,,26.500659,94.440708,junction,0,0,0
n3798891861,n3798891861,,26.50003,94.435891,junction,0,0,0
n3807599417,n3807599417,,27.847138,96.02876,junction,0,0,0
n3807599421,n3807599421,,27.865757,96.024442,junction,0,0,0
n3826804069,n3826804069,,26.369546,88.30995,junction,0,0,0
n3826804071,n3826804071,,26.370431,88.310392,junction,0,0,0
n3826827947,n3826827947,,24.847975,92.834377,junction,0,0,0
n3826828460,n3826828460,,24.851353,92.838233,junction,0,0,0
n3826828462,n3826828462,,24.852467,92.840231,junction,0,0,0
n3826828468,n3826828468,,24.856098,92.846384,junction,0,0,0
n3826828488,n3826828488,,24.865052,92.855512,junction,0,0,0
n3826828504,n3826828504,,24.878336,92.859154,junction,0,0,0
n3826828531,n3826828531,,24.890952,92.856443,junction,0,0,0
n3861818209,n3861818209,,26.72505,94.195703,junction,0,0,0
n3861899124,n3861899124,,26.625844,94.206423,junction,0,0,0
n3861899135,n3861899135,,26.64027,94.217193,junction,0,0,0
n3870656699,n3870656699,,25.529524,93.766338,junction,0,0,0
n3875985762,n3875985762,,27.200525,95.458048,junction,0,0,0
n3875988367,n3875988367,,27.390563,95.323703,junction,0,0,0
n3877536812,n3877536812,,28.299284,95.191934,junction,0,0,0
n3877537566,n3877537566,,28.380176,95.230265,junction,0,0,0
n3877538214,n3877538214,,28.427963,95.25608,junction,0,0,0
n3877588506,n3877588506,,28.16624,95.833923,junction,0,0,0
n3877588624,n3877588624,,28.171522,95.832665,junction,0,0,0
n3877588772,n3877588772,,28.175644,95.828228,junction,0,0,0
n3877590195,n3877590195,,28.246752,95.912784,junction,0,0,0
n3877591968,n3877591968,,28.312258,95.942239,junction,0,0,0
n3877609074,n3877609074,,28.374545,95.931219,junction,0,0,0
n3877609233,n3877609233,,28.38614,95.931629,junction,0,0,0
n3877609308,n3877609308,,28.403554,95.897879,junction,0,0,0
n3877609624,n3877609624,,28.435325,95.881023,junction,0,0,0
n3877609965,n3877609965,,28.463575,95.848957,junction,0,0,0
n3877610373,n3877610373,,28.469292,95.851047,junction,0,0,0
n3877610516,n3877610516,,28.491037,95.830583,junction,0,0,0
n3877610605,n3877610605,,28.491464,95.822337,junction,0,0,0
n3877610763,n3877610763,,28.515948,95.823213,junction,0,0,0
n3877610886,n3877610886,,28.516707,95.832216,junction,0,0,0
n3877647577,n3877647577,,27.894443,93.429813,junction,0,0,0
n3877648331,n3877648331,,27.903947,93.353533,junction,0,0,0
n3877963276,n3877963276,,24.113722,91.866451,junction,0,0,0
n3878170990,n3878170990,,27.29465,96.014894,junction,0,0,0
n3878443665,n3878443665,,25.738886,92.875391,junction,0,0,0
n3878443853,n3878443853,,25.757266,92.915024,junction,0,0,0
n3878444038,n3878444038,,25.803808,92.939381,junction,0,0,0
n3878444043,n3878444043,,25.804841,92.939815,junction,0,0,0
n3878444137,n3878444137,,25.848473,92.883365,junction,0,0,0
n3878444139,n3878444139,,25.848684,92.885048,junction,0,0,0
n3878444150,n3878444150,,25.849053,92.888121,junction,0,0,0
n3878444155,n3878444155,,25.849246,92.914931,junction,0,0,0
n3878444316,n3878444316,,25.867959,92.789674,junction,0,0,0
n3878444391,n3878444391,,25.883059,92.746373,junction,0,0,0
n3878444772,n3878444772,,25.970049,92.593281,junction,0,0,0
n3878444790,n3878444790,,25.970688,92.591816,junction,0,0,0
n3878445391,n3878445391,,26.052914,92.431173,junction,0,0,0
n3878447741,n3878447741,,26.13393,92.42227,junction,0,0,0
n3878447846,n3878447846,,26.158801,92.353539,junction,0,0,0
n3878466615,n3878466615,,25.508494,92.747867,junction,0,0,0
n3878932684,n3878932684,,25.92949,94.481665,junction,0,0,0
n3879678148,n3879678148,,24.416651,92.809839,junction,0,0,0
n3879682741,n3879682741,,24.425394,92.79245,junction,0,0,0
n3880125518,n3880125518,,27.170338,95.751505,junction,0,0,0
n3880127344,n3880127344,,27.210094,95.712235,junction,0,0,0
n3880129271,n3880129271,,27.289065,95.689296,junction,0,0,0
n3880129702,n3880129702,,27.481452,95.799488,junction,0,0,0
n3880129884,n3880129884,,27.51199,95.874676,junction,0,0,0
n3880247713,n3880247713,,25.678459,93.571944,junction,0,0,0
n3880250628,n3880250628,,25.807673,93.637946,junction,0,0,0
n3880250947,n3880250947,,25.817836,93.658125,junction,0,0,0
n3880251298,n3880251298,,25.846359,93.728855,junction,0,0,0
n3880251374,n3880251374,,25.866874,93.717269,junction,0,0,0
n3880270496,n3880270496,,25.572326,93.722609,junction,0,0,0
n3880272354,n3880272354,,25.646197,93.655254,junction,0,0,0
n3881589158,n3881589158,,22.852546,92.68532,junction,0,0,0
n3881603029,n3881603029,,22.863045,92.592563,junction,0,0,0
n3881686362,n3881686362,,26.514189,94.775813,junction,0,0,0
n3881690528,n3881690528,,26.548171,94.910011,junction,0,0,0
n3881744723,n3881744723,,26.295613,94.841334,junction,0,0,0
n3881747404,n3881747404,,26.47388,94.85527,junction,0,0,0
n3883900985,n3883900985,,25.969164,94.407631,junction,0,0,0
n3883902009,n3883902009,,25.982141,94.335538,junction,0,0,0
n3884004622,n3884004622,,25.663433,94.219568,junction,0,0,0
n3884004623,n3884004623,,25.666157,94.216321,junction,0,0,0
n3884005483,n3884005483,,25.681359,94.264124,junction,0,0,0
n3884006513,n3884006513,,25.751422,94.358216,junction,0,0,0
n3884008374,n3884008374,,25.898509,94.459267,junction,0,0,0
n3884024942,n3884024942,,25.752219,94.391381,junction,0,0,0
n3884081977,n3884081977,,23.772149,92.266894,junction,0,0,0
n3884084074,n3884084074,,24.000365,92.279239,junction,0,0,0
n3884084371,n3884084371,,24.028639,92.276751,junction,0,0,0
n3884084610,n3884084610,,24.035699,92.263897,junction,0,0,0
n3884084847,n3884084847,,24.039006,92.19737,junction,0,0,0
n3884085304,n3884085304,,24.05657,92.275138,junction,0,0,0
n3884085723,n3884085723,,24.122225,92.203733,junction,0,0,0
n3884086300,n3884086300,,24.181195,92.20464,junction,0,0,0
n3884089487,n3884089487,,24.051204,92.160413,junction,0,0,0
n3884089615,n3884089615,,24.051134,92.13001,junction,0,0,0
n3884089927,n3884089927,,24.134629,92.13641,junction,0,0,0
n3884089934,n3884089934,,24.136773,92.141377,junction,0,0,0
n3884089936,n3884089936,,24.134927,92.132295,junction,0,0,0
n3884827348,n3884827348,,23.276559,92.428603,junction,0,0,0
n3884827637,n3884827637,,23.362972,92.428264,junction,0,0,0
n3884828470,n3884828470,,23.417074,92.427468,junction,0,0,0
n3884935103,n3884935103,,23.891959,93.026561,junction,0,0,0
n3884935658,n3884935658,,23.889742,93.022368,junction,0,0,0
n3884935794,n3884935794,,23.983001,93.001233,junction,0,0,0
n3884936402,n3884936402,,23.926379,92.964659,junction,0,0,0
n3884938576,n3884938576,,23.971903,92.991021,junction,0,0,0
n3885072234,n3885072234,,23.776336,93.022482,junction,0,0,0
n3885125046,n3885125046,,23.673918,92.578538,junction,0,0,0
n3885126031,n3885126031,,23.740775,92.557463,junction,0,0,0
n3885878971,n3885878971,,23.49775,91.677291,junction,0,0,0
n3885878979,n3885878979,,23.499669,91.673679,junction,0,0,0
n3885879576,n3885879576,,23.517026,91.655695,junction,0,0,0
n3885880372,n3885880372,,23.528236,91.653235,junction,0,0,0
n3885892152,n3885892152,,23.942858,92.314296,junction,0,0,0
n3885902039,n3885902039,,24.123872,92.464513,junction,0,0,0
n3885902216,n3885902216,,24.15262,92.493977,junction,0,0,0
n3885902242,n3885902242,,24.155775,92.501346,junction,0,0,0
n3885902306,n3885902306,,24.161401,92.516387,junction,0,0,0
n3887833902,n3887833902,,23.561492,92.706778,junction,0,0,0
n3887833989,n3887833989,,23.594399,92.717283,junction,0,0,0
n3887834495,n3887834495,,23.610291,92.720851,junction,0,0,0
n3887834640,n3887834640,,23.67255,92.72519,junction,0,0,0
n3887963792,n3887963792,,24.677918,94.046085,junction,0,0,0
n3887963795,n3887963795,,24.680305,94.042913,junction,0,0,0
n3887963806,n3887963806,,24.694371,94.026164,junction,0,0,0
n3887963816,n3887963816,,24.699436,94.024355,junction,0,0,0
n3888002993,n3888002993,,24.711891,94.027711,junction,0,0,0
n3888003149,n3888003149,,24.738441,94.038719,junction,0,0,0
n3888003313,n3888003313,,24.741078,93.993165,junction,0,0,0
n3888044073,n3888044073,,24.598807,94.359189,junction,0,0,0
n3888044377,n3888044377,,24.61918,94.300546,junction,0,0,0
n3888045264,n3888045264,,24.712237,94.1954,junction,0,0,0
n3888045423,n3888045423,,24.682834,94.097887,junction,0,0,0
n3888045432,n3888045432,,24.682515,94.075082,junction,0,0,0
n3888045510,n3888045510,,24.683387,94.086602,junction,0,0,0
n3888045518,n3888045518,,24.683564,94.090476,junction,0,0,0
n3888079319,n3888079319,,25.009913,94.455157,junction,0,0,0
n3888169574,n3888169574,,24.652107,94.428086,junction,0,0,0
n3888169828,n3888169828,,24.677278,94.404087,junction,0,0,0
n3888172006,n3888172006,,24.715537,94.357211,junction,0,0,0
n3888172577,n3888172577,,24.752382,94.34415,junction,0,0,0
n3888173600,n3888173600,,24.894565,94.32065,junction,0,0,0
n3888209284,n3888209284,,25.60204,93.835478,junction,0,0,0
n3888209854,n3888209854,,25.605365,93.900976,junction,0,0,0
n3888828354,n3888828354,,24.753342,93.98128,junction,0,0,0
n3888958164,n3888958164,,24.977926,93.527993,junction,0,0,0
n3888958471,n3888958471,,25.033799,93.540789,junction,0,0,0
n3888958731,n3888958731,,25.018726,93.572989,junction,0,0,0
n3888960268,n3888960268,,25.154319,93.67496,junction,0,0,0
n3888961097,n3888961097,,25.171852,93.787655,junction,0,0,0
n3888962699,n3888962699,,25.187378,93.951813,junction,0,0,0
n3888962898,n3888962898,,25.223405,93.831071,junction,0,0,0
n3888964118,n3888964118,,25.251731,93.872054,junction,0,0,0
n3889130602,n3889130602,,24.858789,94.509622,junction,0,0,0
n3889131157,n3889131157,,24.922376,94.4591,junction,0,0,0
n3889160571,n3889160571,,24.822847,93.980705,junction,0,0,0
n3889160713,n3889160713,,24.833081,94.079399,junction,0,0,0
n3889161081,n3889161081,,24.867327,94.065986,junction,0,0,0
n3889161088,n3889161088,,24.93214,93.993092,junction,0,0,0
n3889161090,n3889161090,,24.935925,93.994102,junction,0,0,0
n3889161132,n3889161132,,24.950607,94.019168,junction,0,0,0
n3889161384,n3889161384,,25.018442,94.021244,junction,0,0,0
n3889161391,n3889161391,,25.040747,94.016322,junction,0,0,0
n3889161473,n3889161473,,25.058584,94.025525,junction,0,0,0
n3889161494,n3889161494,,25.065228,94.036323,junction,0,0,0
n3889161638,n3889161638,,25.080105,94.115179,junction,0,0,0
n3889161871,n3889161871,,25.087538,94.077441,junction,0,0,0
n3889533418,n3889533418,,23.418334,92.761581,junction,0,0,0
n3889535111,n3889535111,,23.479406,92.704079,junction,0,0,0
n3890089303,n3890089303,,27.938193,96.786552,junction,0,0,0
n3890092385,n3890092385,,27.941019,96.378794,junction,0,0,0
n3890095028,n3890095028,,27.971197,96.71458,junction,0,0,0
n3890095818,n3890095818,,27.962576,96.403506,junction,0,0,0
n3890096259,n3890096259,,27.967579,96.398538,junction,0,0,0
n3890096756,n3890096756,,27.973665,96.395646,junction,0,0,0
n3890097930,n3890097930,,28.008256,96.429233,junction,0,0,0
n3890098193,n3890098193,,28.020879,96.440129,junction,0,0,0
n3890098212,n3890098212,,28.017791,96.629382,junction,0,0,0
n3890099147,n3890099147,,28.039271,96.439249,junction,0,0,0
n3890099786,n3890099786,,28.060477,96.442121,junction,0,0,0
n3890099825,n3890099825,,28.059426,96.441824,junction,0,0,0
n3890100202,n3890100202,,28.062368,96.48606,junction,0,0,0
n3890100597,n3890100597,,28.070245,96.545777,junction,0,0,0
n3890100618,n3890100618,,28.0711,96.552743,junction,0,0,0
n3890100629,n3890100629,,28.07102,96.552025,junction,0,0,0
n3890100664,n3890100664,,28.081194,96.509741,junction,0,0,0
n3890100830,n3890100830,,28.087602,96.53127,junction,0,0,0
n3890101070,n3890101070,,28.088673,96.530495,junction,0,0,0
n3890287808,n3890287808,,24.473839,94.19361,junction,0,0,0
n3897032455,n3897032455,,26.261633,91.695475,junction,0,0,0
n3897032779,n3897032779,,26.286393,91.711746,junction,0,0,0
n3897032847,n3897032847,,26.302481,91.716637,junction,0,0,0
n3897032967,n3897032967,,26.308687,91.716165,junction,0,0,0
n3897033157,n3897033157,,26.443626,89.883914,junction,0,0,0
n3897033170,n3897033170,,26.452598,89.873614,junction,0,0,0
n3897033187,n3897033187,,26.458013,89.858523,junction,0,0,0
n3897033189,n3897033189,,26.458866,89.854982,junction,0,0,0
n3897033221,n3897033221,,26.47055,89.823554,junction,0,0,0
n3897033282,n3897033282,,26.476957,89.744285,junction,0,0,0
n3897086883,n3897086883,,26.106826,92.127547,junction,0,0,0
n3897086929,n3897086929,,26.109447,92.115543,junction,0,0,0
n3897087373,n3897087373,,26.111082,92.171379,junction,0,0,0
n3897088115,n3897088115,,26.117712,92.10366,junction,0,0,0
n3897088437,n3897088437,,26.118562,91.981892,junction,0,0,0
n3897088443,n3897088443,,26.118382,91.955112,junction,0,0,0
n3897088508,n3897088508,,26.118992,92.277948,junction,0,0,0
n3897088518,n3897088518,,26.118975,91.986772,junction,0,0,0
n3897088540,n3897088540,,26.119154,91.985195,junction,0,0,0
n3897088823,n3897088823,,26.125221,92.274925,junction,0,0,0
n3897088975,n3897088975,,26.120682,92.047893,junction,0,0,0
n3897088989,n3897088989,,26.120841,91.977479,junction,0,0,0
n3897088993,n3897088993,,26.121166,91.940388,junction,0,0,0
n3897089028,n3897089028,,26.122038,91.932896,junction,0,0,0
n3897089085,n3897089085,,26.122187,91.928946,junction,0,0,0
n3897089134,n3897089134,,26.122664,92.04252,junction,0,0,0
n3897089377,n3897089377,,26.125267,92.238555,junction,0,0,0
n3897171387,n3897171387,,25.007883,92.750423,junction,0,0,0
n3897171518,n3897171518,,25.238244,93.144534,junction,0,0,0
n3897172856,n3897172856,,25.910812,92.97347,junction,0,0,0
n3897172960,n3897172960,,25.929069,92.95682,junction,0,0,0
n3897173006,n3897173006,,25.948781,92.955244,junction,0,0,0
n3897173021,n3897173021,,25.957109,92.952783,junction,0,0,0
n3897173065,n3897173065,,26.236528,92.527703,junction,0,0,0
n3897173068,n3897173068,,26.239465,92.532443,junction,0,0,0
n3897173116,n3897173116,,26.258365,92.565153,junction,0,0,0
n3897173138,n3897173138,,26.264448,92.580399,junction,0,0,0
n3897173146,n3897173146,,26.26734,92.732948,junction,0,0,0
n3897173196,n3897173196,,26.282243,92.60304,junction,0,0,0
n3897173214,n3897173214,,26.283147,92.603949,junction,0,0,0
n3897173305,n3897173305,,26.290759,92.645846,junction,0,0,0
n3897173307,n3897173307,,26.291049,92.647865,junction,0,0,0
n3897173401,n3897173401,,26.304617,92.71982,junction,0,0,0
n3898034432,n3898034432,,25.513215,90.148661,junction,0,0,0
n3898034839,n3898034839,,25.564484,90.083601,junction,0,0,0
n3898034847,n3898034847,,25.566874,90.082414,junction,0,0,0
n3898034979,n3898034979,,25.578167,90.023209,junction,0,0,0
n3898035535,n3898035535,,25.604971,90.028496,junction,0,0,0
n3898621567,n3898621567,,26.212293,93.033679,junction,0,0,0
n3901026699,n3901026699,,25.560799,91.641448,junction,0,0,0
n3903454125,n3903454125,,27.53759,93.739407,junction,0,0,0
n3903456062,n3903456062,,27.596732,93.678397,junction,0,0,0
n3908989762,n3908989762,,27.970851,95.755189,junction,0,0,0
n3911460009,n3911460009,,24.335483,93.723639,junction,0,0,0
n3922127631,n3922127631,,26.237159,94.946822,junction,0,0,0
n3922141158,n3922141158,,26.207773,94.99844,junction,0,0,0
n3925264073,n3925264073,,22.990635,91.714506,junction,0,0,0
n3925264089,n3925264089,,22.997874,91.721196,junction,0,0,0
n3927939822,n3927939822,,24.759325,93.888167,junction,0,0,0
n3933174579,n3933174579,,25.868221,90.031493,junction,0,0,0
n3933174777,n3933174777,,25.877445,90.029444,junction,0,0,0
n3940781083,n3940781083,,28.781888,95.901651,junction,0,0,0
n3940781754,n3940781754,,28.79721,95.904885,junction,0,0,0
n3940789882,n3940789882,,28.588472,95.843398,junction,0,0,0
n3940789967,n3940789967,,28.611256,95.875787,junction,0,0,0
n3940790135,n3940790135,,28.658504,95.855344,junction,0,0,0
n3940790147,n3940790147,,28.66129,95.858612,junction,0,0,0
n3940790271,n3940790271,,28.714805,95.877526,junction,0,0,0
n3940790649,n3940790649,,28.777489,95.881219,junction,0,0,0
n3940834740,n3940834740,,27.046104,95.576881,junction,0,0,0
n3940835308,n3940835308,,27.087121,95.640602,junction,0,0,0
n3941366657,n3941366657,,26.977203,95.469555,junction,0,0,0
n3941367812,n3941367812,,26.982477,95.496698,junction,0,0,0
n3949331972,n3949331972,,26.143346,90.480458,junction,0,0,0
n3951303910,n3951303910,,26.803992,94.516462,junction,0,0,0
n3959120551,n3959120551,,27.137665,95.765092,junction,0,0,0
n3959122329,n3959122329,,27.203776,95.879256,junction,0,0,0
n3964170399,n3964170399,,25.946061,92.836794,junction,0,0,0
n3964170716,n3964170716,,25.999221,92.853007,junction,0,0,0
n3964170801,n3964170801,,26.004063,92.878523,junction,0,0,0
n3964170846,n3964170846,,26.005712,92.869847,junction,0,0,0
n3995419700,n3995419700,,24.268107,94.103908,junction,0,0,0
n4021624304,n4021624304,,25.20639,91.30183,junction,0,0,0
n4021624306,n4021624306,,25.205273,91.336957,junction,0,0,0
n4021624496,n4021624496,,25.21628,91.287555,junction,0,0,0
n4021624517,n4021624517,,25.223806,91.354558,junction,0,0,0
n4021624528,n4021624528,,25.207382,91.014646,junction,0,0,0
n4021625047,n4021625047,,25.235016,91.221832,junction,0,0,0
n4021625103,n4021625103,,25.212809,91.054068,junction,0,0,0
n4021625808,n4021625808,,25.2166,91.192243,junction,0,0,0
n4021625851,n4021625851,,25.217103,91.389105,junction,0,0,0
n4021626088,n4021626088,,25.218809,91.367271,junction,0,0,0
n4021626563,n4021626563,,25.223078,91.240415,junction,0,0,0
n4021626901,n4021626901,,25.223644,91.356106,junction,0,0,0
n4021627084,n4021627084,,25.223961,91.059609,junction,0,0,0
n4021627118,n4021627118,,25.234748,91.40489,junction,0,0,0
n4021630503,n4021630503,,25.244025,91.143007,junction,0,0,0
n4021630610,n4021630610,,25.249404,91.467207,junction,0,0,0
n4021630812,n4021630812,,25.248847,91.484318,junction,0,0,0
n4021631125,n4021631125,,25.252971,91.276338,junction,0,0,0
n4021631554,n4021631554,,25.260709,91.516089,junction,0,0,0
n4021631929,n4021631929,,25.275345,91.347123,junction,0,0,0
n4021632042,n4021632042,,25.283886,91.573681,junction,0,0,0
n4021632273,n4021632273,,25.334825,91.59348,junction,0,0,0
n4021632434,n4021632434,,25.307169,91.370695,junction,0,0,0
n4021632516,n4021632516,,25.315185,91.380101,junction,0,0,0
n4021632616,n4021632616,,25.329429,91.387588,junction,0,0,0
n4021633201,n4021633201,,25.353978,91.602818,junction,0,0,0
n4021633568,n4021633568,,25.362184,91.613117,junction,0,0,0
n4021633659,n4021633659,,25.368095,91.467435,junction,0,0,0
n4021633841,n4021633841,,25.375945,91.645168,junction,0,0,0
n4021635316,n4021635316,,25.383546,91.496592,junction,0,0,0
n4021636355,n4021636355,,25.398812,91.554844,junction,0,0,0
n4021637310,n4021637310,,25.401417,91.458642,junction,0,0,0
n4021640756,n4021640756,,25.412022,91.669781,junction,0,0,0
n4021641627,n4021641627,,25.41732,91.684425,junction,0,0,0
n4021643614,n4021643614,,25.421997,91.372726,junction,0,0,0
n4021645623,n4021645623,,25.439452,91.471607,junction,0,0,0
n4021648522,n4021648522,,25.476544,91.315416,junction,0,0,0
n4021649106,n4021649106,,25.488942,91.479958,junction,0,0,0
n4021649124,n4021649124,,25.492456,91.294298,junction,0,0,0
n4021649580,n4021649580,,25.507929,91.281757,junction,0,0,0
n4021649761,n4021649761,,25.507668,91.476583,junction,0,0,0
n4021776328,n4021776328,,25.182159,90.838404,junction,0,0,0
n4021776642,n4021776642,,25.186183,90.868483,junction,0,0,0
n4021776871,n4021776871,,25.186147,90.839331,junction,0,0,0
n4021777285,n4021777285,,25.197449,90.797557,junction,0,0,0
n4021777653,n4021777653,,25.197427,90.796702,junction,0,0,0
n4021777677,n4021777677,,25.200836,90.775788,junction,0,0,0
n4021777781,n4021777781,,25.201573,90.777439,junction,0,0,0
n4021905872,n4021905872,,25.643554,91.325684,junction,0,0,0
n4022574582,n4022574582,,25.150777,91.738923,junction,0,0,0
n4022574628,n4022574628,,25.15425,91.686411,junction,0,0,0
n4022574646,n4022574646,,25.15551,91.691079,junction,0,0,0
n4022574700,n4022574700,,25.156836,91.694406,junction,0,0,0
n4022574735,n4022574735,,25.157914,91.697033,junction,0,0,0
n4022574741,n4022574741,,25.163401,91.706209,junction,0,0,0
n4022575029,n4022575029,,25.188329,91.764287,junction,0,0,0
n4022575060,n4022575060,,25.167813,91.688126,junction,0,0,0
n4022575129,n4022575129,,25.176865,91.761806,junction,0,0,0
n4022575723,n4022575723,,25.187827,91.765995,junction,0,0,0
n4022576014,n4022576014,,25.18159,91.813128,junction,0,0,0
n4022576253,n4022576253,,25.195036,91.786656,junction,0,0,0
n4022577529,n4022577529,,25.228,91.814987,junction,0,0,0
n4022578000,n4022578000,,25.253009,91.847521,junction,0,0,0
n4023345939,n4023345939,,25.230284,90.211549,junction,0,0,0
n4023346600,n4023346600,,25.286025,90.023024,junction,0,0,0
n4023346636,n4023346636,,25.301641,90.005349,junction,0,0,0
n4023346661,n4023346661,,25.302196,90.004477,junction,0,0,0
n4023346838,n4023346838,,25.310843,90.006689,junction,0,0,0
n4023347523,n4023347523,,25.31953,89.947971,junction,0,0,0
n4023347694,n4023347694,,25.323583,89.849991,junction,0,0,0
n4023348348,n4023348348,,25.334429,90.456514,junction,0,0,0
n4023348376,n4023348376,,25.337401,90.392161,junction,0,0,0
n4023348909,n4023348909,,25.339559,90.512533,junction,0,0,0
n4023349249,n4023349249,,25.346941,90.432402,junction,0,0,0
n4023349720,n4023349720,,25.357549,90.350921,junction,0,0,0
n4023350166,n4023350166,,25.363114,90.342174,junction,0,0,0
n4023350683,n4023350683,,25.36379,90.342662,junction,0,0,0
n4023351333,n4023351333,,25.371926,89.873969,junction,0,0,0
n4023351497,n4023351497,,25.372437,89.874471,junction,0,0,0
n4023351742,n4023351742,,25.378743,90.30765,junction,0,0,0
n4023352384,n4023352384,,25.391913,90.255574,junction,0,0,0
n4023353120,n4023353120,,25.404214,90.243773,junction,0,0,0
n4023353457,n4023353457,,25.407422,90.103632,junction,0,0,0
n4023353614,n4023353614,,25.40865,90.095109,junction,0,0,0
n4023353845,n4023353845,,25.414493,89.989909,junction,0,0,0
n4023354732,n4023354732,,25.433198,89.963038,junction,0,0,0
n4023355025,n4023355025,,25.445786,90.093233,junction,0,0,0
n4023355493,n4023355493,,25.453018,89.963313,junction,0,0,0
n4023356221,n4023356221,,25.465775,89.948825,junction,0,0,0
n4023356373,n4023356373,,25.470218,90.087417,junction,0,0,0
n4023356410,n4023356410,,25.471507,89.932354,junction,0,0,0
n4023356429,n4023356429,,25.472655,90.085426,junction,0,0,0
n4023356459,n4023356459,,25.472256,89.932198,junction,0,0,0
n4023356622,n4023356622,,25.475698,89.933529,junction,0,0,0
n4023356679,n4023356679,,25.478308,90.089119,junction,0,0,0
n4023357963,n4023357963,,25.498882,90.087512,junction,0,0,0
n4023358809,n4023358809,,25.506964,90.036505,junction,0,0,0
n4023359147,n4023359147,,25.509781,89.888963,junction,0,0,0
n4023360216,n4023360216,,25.54011,89.883457,junction,0,0,0
n4023360239,n4023360239,,25.541647,89.885251,junction,0,0,0
n4023360753,n4023360753,,25.563262,89.91311,junction,0,0,0
n4023360797,n4023360797,,25.564625,89.926784,junction,0,0,0
n4023361163,n4023361163,,25.574326,89.97844,junction,0,0,0
n4023361344,n4023361344,,25.578812,90.012881,junction,0,0,0
n4023361348,n4023361348,,25.579048,90.015258,junction,0,0,0
n4023361358,n4023361358,,25.579601,90.016333,junction,0,0,0
n4023362544,n4023362544,,25.677432,90.027055,junction,0,0,0
n4023362666,n4023362666,,25.699275,90.007928,junction,0,0,0
n4023362722,n4023362722,,25.70248,90.006832,junction,0,0,0
n4023362744,n4023362744,,25.705447,90.005242,junction,0,0,0
n4023362771,n4023362771,,25.70726,90.004327,junction,0,0,0
n4023363285,n4023363285,,25.757832,89.985268,junction,0,0,0
n4034954757,n4034954757,,28.783423,95.892765,junction,0,0,0
n4052836188,n4052836188,,27.108616,95.158524,junction,0,0,0
n4052836693,n4052836693,,27.210863,95.177006,junction,0,0,0
n4052836712,n4052836712,,27.241994,94.985364,junction,0,0,0
n4052836742,n4052836742,,27.221941,95.189472,junction,0,0,0
n4052837207,n4052837207,,27.232284,95.170191,junction,0,0,0
n4052837258,n4052837258,,27.262252,95.176232,junction,0,0,0
n4052837262,n4052837262,,27.2733,95.290751,junction,0,0,0
n4052837592,n4052837592,,27.109589,95.158249,junction,0,0,0
n4052837599,n4052837599,,27.121979,95.141529,junction,0,0,0
n4052837614,n4052837614,,27.136142,95.141509,junction,0,0,0
n4052837615,n4052837615,,27.137271,95.141502,junction,0,0,0
n4052837622,n4052837622,,27.141076,95.152434,junction,0,0,0
n4052837630,n4052837630,,27.148521,95.139095,junction,0,0,0
n4052837633,n4052837633,,27.155053,95.108091,junction,0,0,0
n4052837690,n4052837690,,27.169321,95.056097,junction,0,0,0
n4052837712,n4052837712,,27.188709,95.03503,junction,0,0,0
n4052837753,n4052837753,,27.196225,95.312741,junction,0,0,0
n4052837754,n4052837754,,27.201938,95.027429,junction,0,0,0
n4052837774,n4052837774,,27.203176,95.291177,junction,0,0,0
n4052837990,n4052837990,,27.319802,95.310913,junction,0,0,0
n4052837992,n4052837992,,27.321668,95.30895,junction,0,0,0
n4052849141,n4052849141,,27.867164,95.760495,junction,0,0,0
n4066636204,n4066636204,,25.845125,88.032942,junction,0,0,0
n4066636229,n4066636229,,25.804641,88.019461,junction,0,0,0
n4066636571,n4066636571,,25.741147,87.939001,junction,0,0,0
n4066636907,n4066636907,,25.801698,87.973724,junction,0,0,0
n4080112326,n4080112326,,26.316052,91.118002,junction,0,0,0
n4080112329,n4080112329,,26.316816,91.1187,junction,0,0,0
n4080112891,n4080112891,,26.368312,91.224388,junction,0,0,0
n4083015562,n4083015562,,26.606866,93.586388,junction,0,0,0
n4083035587,n4083035587,,26.569188,93.540017,junction,0,0,0
n4083053074,n4083053074,,26.573296,93.562783,junction,0,0,0
n4095375229,n4095375229,,24.299431,92.024008,junction,0,0,0
n4103314522,n4103314522,,23.74198,91.157894,junction,0,0,0
n4116852802,n4116852802,,23.476077,91.268325,junction,0,0,0
n4116852820,n4116852820,,23.482499,91.258717,junction,0,0,0
n4116853120,n4116853120,,23.57267,91.20955,junction,0,0,0
n4116853379,n4116853379,,23.634994,91.21279,junction,0,0,0
n4116853408,n4116853408,,23.648765,91.233188,junction,0,0,0
n4116853409,n4116853409,,23.650087,91.234009,junction,0,0,0
n4116853426,n4116853426,,23.666405,91.247656,junction,0,0,0
n4117423783,n4117423783,,24.472966,92.442677,junction,0,0,0
n4117423790,n4117423790,,24.485193,92.434362,junction,0,0,0
n4117423821,n4117423821,,24.271435,92.389315,junction,0,0,0
n4117423861,n4117423861,,24.294677,92.395707,junction,0,0,0
n4117423872,n4117423872,,24.30687,92.397877,junction,0,0,0
n4117423929,n4117423929,,24.335327,92.394231,junction,0,0,0
n4117423943,n4117423943,,24.342197,92.394959,junction,0,0,0
n4117424091,n4117424091,,24.378003,92.400977,junction,0,0,0
n4117424109,n4117424109,,24.390711,92.412218,junction,0,0,0
n4117424138,n4117424138,,24.424794,92.430056,junction,0,0,0
n4117424177,n4117424177,,24.504863,92.430121,junction,0,0,0
n4117424290,n4117424290,,24.529804,92.424073,junction,0,0,0
n4117424295,n4117424295,,24.546752,92.420401,junction,0,0,0
n4117424312,n4117424312,,24.57687,92.403031,junction,0,0,0
n4117424318,n4117424318,,24.584756,92.400073,junction,0,0,0
n4117424319,n4117424319,,24.588234,92.408726,junction,0,0,0
n4117424325,n4117424325,,24.596603,92.398679,junction,0,0,0
n4117424328,n4117424328,,24.60372,92.391146,junction,0,0,0
n4117424377,n4117424377,,24.618632,92.367007,junction,0,0,0
n4117424495,n4117424495,,24.637428,92.337396,junction,0,0,0
n4117424510,n4117424510,,24.55502,92.45503,junction,0,0,0
n4117424516,n4117424516,,24.548173,92.431844,junction,0,0,0
n4123548024,n4123548024,,25.656464,90.199163,junction,0,0,0
n4123548812,n4123548812,,25.674573,90.195679,junction,0,0,0
n4123549547,n4123549547,,25.716953,90.120169,junction,0,0,0
n4123550077,n4123550077,,25.809551,90.060275,junction,0,0,0
n4123550331,n4123550331,,25.844307,90.042514,junction,0,0,0
n4153120129,n4153120129,,26.736539,94.452145,junction,0,0,0
n4153138223,n4153138223,,26.717554,94.445568,junction,0,0,0
n4153138265,n4153138265,,26.688478,94.400793,junction,0,0,0
n4193528565,n4193528565,,27.417937,95.978843,junction,0,0,0
n4193528572,n4193528572,,27.425757,95.973838,junction,0,0,0
n4193528577,n4193528577,,27.442376,95.948002,junction,0,0,0
n4194569439,n4194569439,,27.443202,95.940159,junction,0,0,0
n4194569457,n4194569457,,27.483899,95.910678,junction,0,0,0
n4194569459,n4194569459,,27.489102,95.909178,junction,0,0,0
n4199371099,n4199371099,,26.674457,88.471079,junction,0,0,0
n4204887347,n4204887347,,26.871728,88.870066,junction,0,0,0
n4233982229,n4233982229,,26.566658,93.537336,junction,0,0,0
n4233982473,n4233982473,,26.56674,93.531342,junction,0,0,0
n4233982492,n4233982492,,26.571854,93.530577,junction,0,0,0
n4233982501,n4233982501,,26.575279,93.528648,junction,0,0,0
n4233982748,n4233982748,,26.588026,93.465772,junction,0,0,0
n4233982821,n4233982821,,26.57893,93.457008,junction,0,0,0
n4233982884,n4233982884,,26.578223,93.428639,junction,0,0,0
n4233982951,n4233982951,,26.587574,93.415459,junction,0,0,0
n4234505444,n4234505444,,26.586254,93.619918,junction,0,0,0
n4234505624,n4234505624,,26.586958,93.629241,junction,0,0,0
n4234505655,n4234505655,,26.585051,93.639437,junction,0,0,0
n4234506067,n4234506067,,26.582882,93.608705,junction,0,0,0
n4234506117,n4234506117,,26.57499,93.594019,junction,0,0,0
n4234506128,n4234506128,,26.576575,93.589197,junction,0,0,0
n4234506347,n4234506347,,26.574249,93.568083,junction,0,0,0
n4234506351,n4234506351,,26.573062,93.565332,junction,0,0,0
n4234506367,n4234506367,,26.575937,93.573536,junction,0,0,0
n4242479076,n4242479076,,26.652651,91.714852,junction,0,0,0
n4242479081,n4242479081,,26.653026,91.713682,junction,0,0,0
n4242479794,n4242479794,,26.654546,91.711578,junction,0,0,0
n4253756329,n4253756329,,27.188253,93.291426,junction,0,0,0
n4253756356,n4253756356,,27.187462,93.287019,junction,0,0,0
n4254061707,n4254061707,,27.191107,93.288887,junction,0,0,0
n4260245049,n4260245049,,25.443131,93.36302,junction,0,0,0
n4273309772,n4273309772,,24.936612,92.638865,junction,0,0,0
n4273309782,n4273309782,,24.94666,92.626017,junction,0,0,0
n4273313597,n4273313597,,24.952276,92.617926,junction,0,0,0
n4273499654,n4273499654,,26.82399,94.807684,junction,0,0,0
n4273512624,n4273512624,,26.815542,94.810171,junction,0,0,0
n4273512900,n4273512900,,26.852241,94.799551,junction,0,0,0
n4279635428,n4279635428,,26.734218,88.686121,junction,0,0,0
n4279635430,n4279635430,,26.735445,88.68332,junction,0,0,0
n4279635437,n4279635437,,26.737214,88.647429,junction,0,0,0
n4279635445,n4279635445,,26.737598,88.654352,junction,0,0,0
n4279635450,n4279635450,,26.738367,88.660149,junction,0,0,0
n4279635456,n4279635456,,26.739095,88.665343,junction,0,0,0
n4279635464,n4279635464,,26.742311,88.641167,junction,0,0,0
n4281607793,n4281607793,,26.209267,89.392117,junction,0,0,0
n4281611810,n4281611810,,26.14036,89.359424,junction,0,0,0
n4281631125,n4281631125,,26.247315,89.596922,junction,0,0,0
n4281631128,n4281631128,,26.249431,89.608297,junction,0,0,0
n4281631143,n4281631143,,26.255023,89.614097,junction,0,0,0
n4281631406,n4281631406,,26.30573,89.61008,junction,0,0,0
n4281664855,n4281664855,,26.458711,91.395654,junction,0,0,0
n4281664856,n4281664856,,26.459081,91.394675,junction,0,0,0
n4281664938,n4281664938,,26.456321,91.403065,junction,0,0,0
n4281670501,n4281670501,,26.502087,91.366958,junction,0,0,0
n4281670906,n4281670906,,26.491023,91.369609,junction,0,0,0
n4281670922,n4281670922,,26.498511,91.368243,junction,0,0,0
n4283633753,n4283633753,,26.475972,89.540299,junction,0,0,0
n4283633755,n4283633755,,26.476582,89.539965,junction,0,0,0
n4301600004,n4301600004,,25.135231,91.749444,junction,0,0,0
n4301600028,n4301600028,,25.156512,91.746411,junction,0,0,0
n4323611983,n4323611983,,26.099767,92.975314,junction,0,0,0
n4323612707,n4323612707,,26.10323,92.999622,junction,0,0,0
n4323612734,n4323612734,,26.104833,92.991403,junction,0,0,0
n4323612737,n4323612737,,26.104964,92.868509,junction,0,0,0
n4323612752,n4323612752,,26.10964,92.867306,junction,0,0,0
n4323612755,n4323612755,,26.110622,92.865946,junction,0,0,0
n4323612757,n4323612757,,26.112329,92.864457,junction,0,0,0
n4323995054,n4323995054,,27.506779,95.184915,junction,0,0,0
n4323995069,n4323995069,,27.515586,95.181266,junction,0,0,0
n4323995076,n4323995076,,27.519953,95.357666,junction,0,0,0
n4323995223,n4323995223,,27.568794,95.291168,junction,0,0,0
n4323995230,n4323995230,,27.570286,95.323755,junction,0,0,0
n4324014409,n4324014409,,27.528571,95.355436,junction,0,0,0
n4324014457,n4324014457,,27.573354,95.341767,junction,0,0,0
n4324014459,n4324014459,,27.572157,95.368362,junction,0,0,0
n4324640180,n4324640180,,26.877565,95.53103,junction,0,0,0
n4324640181,n4324640181,,26.876175,95.525664,junction,0,0,0
n4324640609,n4324640609,,27.026244,95.200489,junction,0,0,0
n4324640625,n4324640625,,27.025293,95.182264,junction,0,0,0
n4324640639,n4324640639,,27.029011,95.181271,junction,0,0,0
n4324640661,n4324640661,,27.041751,95.183545,junction,0,0,0
n4324640773,n4324640773,,27.075627,95.179348,junction,0,0,0
n4324640774,n4324640774,,27.07605,95.251438,junction,0,0,0
n4324640817,n4324640817,,27.09131,95.196641,junction,0,0,0
n4324640830,n4324640830,,27.092834,95.168221,junction,0,0,0
n4324640859,n4324640859,,27.102958,95.226139,junction,0,0,0
n4324640874,n4324640874,,27.110063,95.241863,junction,0,0,0
n4324640922,n4324640922,,27.142102,95.36561,junction,0,0,0
n4324640934,n4324640934,,27.152527,95.371014,junction,0,0,0
n4324640954,n4324640954,,27.156937,95.316835,junction,0,0,0
n4332457059,n4332457059,,26.699845,94.892833,junction,0,0,0
n4332976460,n4332976460,,25.808618,93.612426,junction,0,0,0
n4332977319,n4332977319,,25.85507,93.710285,junction,0,0,0
n4424514108,n4424514108,,25.95673,90.099818,junction,0,0,0
n4424514135,n4424514135,,25.961852,90.084187,junction,0,0,0
n4424514170,n4424514170,,25.970886,90.150955,junction,0,0,0
n4424514182,n4424514182,,25.980579,90.144319,junction,0,0,0
n4424514188,n4424514188,,25.981698,90.144855,junction,0,0,0
n4436216520,n4436216520,,26.586821,94.179278,junction,0,0,0
n4486909234,n4486909234,,26.784857,94.348603,junction,0,0,0
n4486909279,n4486909279,,26.764959,94.376457,junction,0,0,0
n4486909433,n4486909433,,26.730658,94.424454,junction,0,0,0
n4487554713,n4487554713,,27.170738,88.444277,junction,0,0,0
n4539570144,n4539570144,,23.391748,93.376468,junction,0,0,0
n4552000699,n4552000699,,27.202423,93.146535,junction,0,0,0
n4552051627,n4552051627,,27.560016,94.667767,junction,0,0,0
n4559683107,n4559683107,,23.53428,93.188232,junction,0,0,0
n4570883770,n4570883770,,26.335547,89.214536,junction,0,0,0
n4571035213,n4571035213,,27.533162,88.507499,junction,0,0,0
n4571263580,n4571263580,,26.043696,90.645703,junction,0,0,0
n4571273951,n4571273951,,26.287773,90.795532,junction,0,0,0
n4571273955,n4571273955,,26.0477,90.788902,junction,0,0,0
n4571273962,n4571273962,,26.320474,90.808729,junction,0,0,0
n4571273968,n4571273968,,25.988002,90.785188,junction,0,0,0
n4571273975,n4571273975,,26.300754,90.807103,junction,0,0,0
n4571361791,n4571361791,,25.464568,91.885126,junction,0,0,0
n4571757469,n4571757469,,24.255601,92.301914,junction,0,0,0
n4571759015,n4571759015,,24.344362,92.302001,junction,0,0,0
n4571759019,n4571759019,,24.351197,92.301697,junction,0,0,0
n4571759020,n4571759020,,24.366425,92.300697,junction,0,0,0
n4571759029,n4571759029,,24.431524,92.310496,junction,0,0,0
n4571779629,n4571779629,,24.318699,91.999051,junction,0,0,0
n4571798411,n4571798411,,24.316445,91.992618,junction,0,0,0
n4571798416,n4571798416,,24.315961,91.993407,junction,0,0,0
n4571804123,n4571804123,,24.3125,91.989963,junction,0,0,0
n4571882367,n4571882367,,25.927499,92.693623,junction,0,0,0
n4571889985,n4571889985,,24.946101,92.67168,junction,0,0,0
n4571959085,n4571959085,,26.081599,92.976662,junction,0,0,0
n4571959290,n4571959290,,26.053053,93.001553,junction,0,0,0
n4571959301,n4571959301,,26.066006,92.982799,junction,0,0,0
n4571959303,n4571959303,,26.067006,92.977443,junction,0,0,0
n4571959305,n4571959305,,26.079628,92.976496,junction,0,0,0
n4571959313,n4571959313,,26.067283,92.959311,junction,0,0,0
n4580210248,n4580210248,,26.282338,90.607293,junction,0,0,0
n458985962,n458985962,,26.18448,91.666807,junction,0,0,0
n458986014,n458986014,,26.169828,91.672585,junction,0,0,0
n4605252024,n4605252024,,24.856578,92.273501,junction,0,0,0
n4605252033,n4605252033,,24.841434,92.262856,junction,0,0,0
n4605252076,n4605252076,,24.857388,92.273379,junction,0,0,0
n4605252080,n4605252080,,24.864297,92.28819,junction,0,0,0
n4607935100,n4607935100,,27.078012,88.627973,junction,0,0,0
n4607935150,n4607935150,,27.068135,88.621382,junction,0,0,0
n4611032148,n4611032148,,26.153055,88.180669,junction,0,0,0
n4611171500,n4611171500,,26.150588,88.174748,junction,0,0,0
n4613304872,n4613304872,,23.748877,91.201313,junction,0,0,0
n4621720043,n4621720043,,25.176896,90.507525,junction,0,0,0
n4622774243,n4622774243,,27.983119,94.688643,junction,0,0,0
n4622774589,n4622774589,,27.972316,94.686664,junction,0,0,0
n4631725203,n4631725203,,24.454107,92.531737,junction,0,0,0
n4633844641,n4633844641,,26.313184,88.373284,junction,0,0,0
n4636429203,n4636429203,,24.902512,92.297489,junction,0,0,0
n4636429244,n4636429244,,24.875247,92.253858,junction,0,0,0
n4636429246,n4636429246,,24.881835,92.250424,junction,0,0,0
n4636429253,n4636429253,,24.905662,92.261498,junction,0,0,0
n4636429282,n4636429282,,24.879232,92.330148,junction,0,0,0
n4636876445,n4636876445,,24.197532,91.834731,junction,0,0,0
n4640111847,n4640111847,,27.887507,96.044707,junction,0,0,0
n4643535018,n4643535018,,23.741771,91.160397,junction,0,0,0
n4643564541,n4643564541,,23.11609,91.526449,junction,0,0,0
n4643586739,n4643586739,,22.996648,91.649853,junction,0,0,0
n4643586757,n4643586757,,22.992503,91.653082,junction,0,0,0
n4643591869,n4643591869,,22.992441,91.653908,junction,0,0,0
n4643592131,n4643592131,,22.989306,91.703187,junction,0,0,0
n4643790795,n4643790795,,28.79886,94.272157,junction,0,0,0
n4646200593,n4646200593,,26.896874,95.577285,junction,0,0,0
n4658551922,n4658551922,,28.057915,96.978467,junction,0,0,0
n4668931738,n4668931738,,27.650966,94.889327,junction,0,0,0
n4668931739,n4668931739,,27.653904,94.890866,junction,0,0,0
n4685794748,n4685794748,,26.278933,93.894602,junction,0,0,0
n4685794970,n4685794970,,26.198964,93.905189,junction,0,0,0
n4685794991,n4685794991,,26.23995,93.978051,junction,0,0,0
n4685795045,n4685795045,,26.229131,94.033415,junction,0,0,0
n4685795047,n4685795047,,26.241684,93.976341,junction,0,0,0
n4685795139,n4685795139,,26.230482,93.908995,junction,0,0,0
n4722094948,n4722094948,,26.133981,91.792918,junction,0,0,0
n4723587838,n4723587838,,26.140324,91.796795,junction,0,0,0
n4724765016,n4724765016,,27.614833,94.767341,junction,0,0,0
n4724765017,n4724765017,,27.615779,94.768327,junction,0,0,0
n4724765290,n4724765290,,27.706526,94.856844,junction,0,0,0
n4724765291,n4724765291,,27.707327,94.858695,junction,0,0,0
n4726705267,n4726705267,,27.505063,94.583453,junction,0,0,0
n4726719180,n4726719180,,27.531937,94.688942,junction,0,0,0
n4726719491,n4726719491,,27.529378,94.682875,junction,0,0,0
n4726877279,n4726877279,,27.486729,94.710434,junction,0,0,0
n4726877288,n4726877288,,27.471133,94.702534,junction,0,0,0
n4726881983,n4726881983,,27.446862,94.720871,junction,0,0,0
n4726881985,n4726881985,,27.445792,94.721996,junction,0,0,0
n4726881987,n4726881987,,27.430343,94.738003,junction,0,0,0
n4726881993,n4726881993,,27.46932,94.70345,junction,0,0,0
n4726882191,n4726882191,,27.385715,94.783513,junction,0,0,0
n4726882223,n4726882223,,27.389567,94.864775,junction,0,0,0
n4729611297,n4729611297,,27.37381,94.795854,junction,0,0,0
n4738896123,n4738896123,,27.496393,95.24962,junction,0,0,0
n4738896160,n4738896160,,27.48263,95.251123,junction,0,0,0
n4738896809,n4738896809,,27.520006,95.355181,junction,0,0,0
n4740596435,n4740596435,,27.888086,96.021627,junction,0,0,0
n4740596570,n4740596570,,27.848864,95.887579,junction,0,0,0
n4750203025,n4750203025,,27.451636,94.958931,junction,0,0,0
n4750203032,n4750203032,,27.454167,94.962476,junction,0,0,0
n4750552829,n4750552829,,26.495374,88.317765,junction,0,0,0
n4750552837,n4750552837,,26.498277,88.318031,junction,0,0,0
n4750552842,n4750552842,,26.497526,88.325666,junction,0,0,0
n4750586280,n4750586280,,26.547055,88.33673,junction,0,0,0
n4750622991,n4750622991,,26.496411,88.263359,junction,0,0,0
n4750623179,n4750623179,,26.547005,88.334975,junction,0,0,0
n4750644205,n4750644205,,26.622669,88.438971,junction,0,0,0
n4750646404,n4750646404,,26.626009,88.44533,junction,0,0,0
n4756565874,n4756565874,,26.404092,89.465926,junction,0,0,0
n4758150132,n4758150132,,27.816392,96.03176,junction,0,0,0
n4758150231,n4758150231,,27.834266,96.012558,junction,0,0,0
n4758150273,n4758150273,,27.815538,96.031994,junction,0,0,0
n4867410009,n4867410009,,26.338213,92.733217,junction,0,0,0
n4871845630,n4871845630,,25.908494,91.877663,junction,0,0,0
n4871845636,n4871845636,,25.908624,91.880242,junction,0,0,0
n4875901084,n4875901084,,27.165964,88.635854,junction,0,0,0
n4875901100,n4875901100,,27.168798,88.637458,junction,0,0,0
n4875922980,n4875922980,,27.172062,88.664577,junction,0,0,0
n4885325314,n4885325314,,27.924044,95.764477,junction,0,0,0
n4885601044,n4885601044,,24.605929,92.319401,junction,0,0,0
n4890808105,n4890808105,,26.111255,91.765586,junction,0,0,0
n4898173042,n4898173042,,26.003659,90.327126,junction,0,0,0
n4900537515,n4900537515,,25.994657,90.186883,junction,0,0,0
n4900538724,n4900538724,,26.000019,90.193106,junction,0,0,0
n4900538760,n4900538760,,26.013658,90.213257,junction,0,0,0
n4900586532,n4900586532,,25.989285,90.181449,junction,0,0,0
n4904762626,n4904762626,,26.060007,90.786601,junction,0,0,0
n4904824358,n4904824358,,26.078164,90.754975,junction,0,0,0
n4904824362,n4904824362,,26.077378,90.755908,junction,0,0,0
n4904963307,n4904963307,,25.962477,90.639648,junction,0,0,0
n4904965640,n4904965640,,26.129378,90.681868,junction,0,0,0
n4904965665,n4904965665,,26.144163,90.665649,junction,0,0,0
n4904965898,n4904965898,,26.069676,90.599329,junction,0,0,0
n4904966532,n4904966532,,26.082726,90.665241,junction,0,0,0
n4904966553,n4904966553,,26.091336,90.661253,junction,0,0,0
n4907087562,n4907087562,,26.1603,92.65459,junction,0,0,0
n4907087575,n4907087575,,26.175058,92.682346,junction,0,0,0
n4907087626,n4907087626,,26.15944,92.66106,junction,0,0,0
n4907087666,n4907087666,,26.172073,92.67297,junction,0,0,0
n4907087676,n4907087676,,26.175155,92.683469,junction,0,0,0
n4907087679,n4907087679,,26.175025,92.695113,junction,0,0,0
n4910878498,n4910878498,,26.728556,89.333415,junction,0,0,0
n4911457378,n4911457378,,26.620059,91.001033,junction,0,0,0
n4911675737,n4911675737,,26.61762,88.39124,junction,0,0,0
n4911775027,n4911775027,,26.564458,88.328115,junction,0,0,0
n4911775098,n4911775098,,26.584362,88.331722,junction,0,0,0
n4911775100,n4911775100,,26.586706,88.332346,junction,0,0,0
n4914327178,n4914327178,,26.337974,90.10723,junction,0,0,0
n4914355323,n4914355323,,26.445307,89.972112,junction,0,0,0
n4914355421,n4914355421,,26.438409,89.979407,junction,0,0,0
n4927496119,n4927496119,,26.76329,88.606613,junction,0,0,0
n4928101390,n4928101390,,24.669808,92.879313,junction,0,0,0
n4928101490,n4928101490,,24.698494,92.872707,junction,0,0,0
n4928851407,n4928851407,,27.197437,88.612253,junction,0,0,0
n4929476154,n4929476154,,26.118117,87.979115,junction,0,0,0
n4929523961,n4929523961,,26.061698,87.907743,junction,0,0,0
n4936135088,n4936135088,,26.324891,88.281374,junction,0,0,0
n4936135213,n4936135213,,26.323174,88.279695,junction,0,0,0
n4937415625,n4937415625,,26.228901,88.147517,junction,0,0,0
n4937415636,n4937415636,,26.224636,88.142207,junction,0,0,0
n4941240185,n4941240185,,26.28488,88.208345,junction,0,0,0
n4946752370,n4946752370,,25.679791,90.634493,junction,0,0,0
n4946753143,n4946753143,,25.783677,90.627106,junction,0,0,0
n4946753428,n4946753428,,25.896508,90.635169,junction,0,0,0
n4946762696,n4946762696,,25.897044,90.617774,junction,0,0,0
n4946860488,n4946860488,,25.905455,90.608228,junction,0,0,0
n4946922010,n4946922010,,25.654061,90.612102,junction,0,0,0
n4951368114,n4951368114,,26.684381,88.57366,junction,0,0,0
n4951368116,n4951368116,,26.684204,88.572925,junction,0,0,0
n4951368280,n4951368280,,26.672577,88.502772,junction,0,0,0
n4951368296,n4951368296,,26.673078,88.525815,junction,0,0,0
n4951368299,n4951368299,,26.67328,88.526545,junction,0,0,0
n4951368301,n4951368301,,26.673821,88.528677,junction,0,0,0
n4951368314,n4951368314,,26.681983,88.56322,junction,0,0,0
n4951588311,n4951588311,,26.384975,88.758066,junction,0,0,0
n4951591603,n4951591603,,26.376554,88.765438,junction,0,0,0
n4951591616,n4951591616,,26.363488,88.770437,junction,0,0,0
n4951593151,n4951593151,,26.410063,88.730165,junction,0,0,0
n4951593160,n4951593160,,26.405698,88.738601,junction,0,0,0
n4951593177,n4951593177,,26.394905,88.747696,junction,0,0,0
n4951593181,n4951593181,,26.391598,88.751621,junction,0,0,0
n4951593191,n4951593191,,26.381695,88.761189,junction,0,0,0
n4951593197,n4951593197,,26.378577,88.764656,junction,0,0,0
n4951593322,n4951593322,,26.351714,88.775083,junction,0,0,0
n4951593329,n4951593329,,26.339068,88.779962,junction,0,0,0
n4962435724,n4962435724,,27.947923,94.942136,junction,0,0,0
n4962435774,n4962435774,,27.951138,94.941796,junction,0,0,0
n4962435919,n4962435919,,27.976345,94.95555,junction,0,0,0
n4962436007,n4962436007,,27.975407,94.973054,junction,0,0,0
n4962436012,n4962436012,,27.979614,94.976361,junction,0,0,0
n4962436249,n4962436249,,27.97679,94.997309,junction,0,0,0
n4962436988,n4962436988,,27.954468,95.070123,junction,0,0,0
n4962437412,n4962437412,,27.944488,95.126096,junction,0,0,0
n4962454088,n4962454088,,28.54532,94.391316,junction,0,0,0
n4962454112,n4962454112,,28.540013,94.391808,junction,0,0,0
n4962454482,n4962454482,,28.539585,94.391084,junction,0,0,0
n4964391723,n4964391723,,22.510278,92.95208,junction,0,0,0
n4971143055,n4971143055,,25.929717,87.84183,junction,0,0,0
n4972467639,n4972467639,,26.115743,91.714762,junction,0,0,0
n4972483169,n4972483169,,26.171979,91.748386,junction,0,0,0
n4976545951,n4976545951,,26.14638,91.789326,junction,0,0,0
n4977205811,n4977205811,,26.111201,91.776304,junction,0,0,0
n4977284625,n4977284625,,26.111393,91.758413,junction,0,0,0
n4977284642,n4977284642,,26.111439,91.754329,junction,0,0,0
n4979122155,n4979122155,,26.171826,91.761136,junction,0,0,0
n4992083933,n4992083933,,26.243412,91.527384,junction,0,0,0
n4996643446,n4996643446,,26.345855,91.704742,junction,0,0,0
n4996759946,n4996759946,,26.345858,91.673154,junction,0,0,0
n5001119092,n5001119092,,26.252731,91.662067,junction,0,0,0
n5001200742,n5001200742,,26.244216,91.653336,junction,0,0,0
n5001335685,n5001335685,,26.284055,91.663656,junction,0,0,0
n5045165955,n5045165955,,24.683493,94.045898,junction,0,0,0
n5049675202,n5049675202,,26.141472,91.675775,junction,0,0,0
n5053032230,n5053032230,,26.11266,91.708497,junction,0,0,0
n5053230206,n5053230206,,26.074201,91.580573,junction,0,0,0
n5053230211,n5053230211,,26.070587,91.580736,junction,0,0,0
n5053230218,n5053230218,,26.069432,91.580463,junction,0,0,0
n5053230371,n5053230371,,26.041232,91.5818,junction,0,0,0
n5054630093,n5054630093,,24.829759,92.344905,junction,0,0,0
n5054902777,n5054902777,,26.300629,91.024282,junction,0,0,0
n5054902785,n5054902785,,26.3025,91.019508,junction,0,0,0
n5058289377,n5058289377,,26.270211,90.963867,junction,0,0,0
n5058289596,n5058289596,,26.307278,90.74292,junction,0,0,0
n5058289605,n5058289605,,26.308127,90.749505,junction,0,0,0
n5058289949,n5058289949,,26.425301,90.971874,junction,0,0,0
n5058290041,n5058290041,,26.306728,90.753348,junction,0,0,0
n5058290134,n5058290134,,26.3137,90.722693,junction,0,0,0
n5058290139,n5058290139,,26.330851,90.891781,junction,0,0,0
n5058290140,n5058290140,,26.331737,90.86509,junction,0,0,0
n5058290143,n5058290143,,26.332423,90.866651,junction,0,0,0
n5058290144,n5058290144,,26.332589,90.884003,junction,0,0,0
n5067402322,n5067402322,,26.769617,88.330421,junction,0,0,0
n5067456932,n5067456932,,26.77832,88.30788,junction,0,0,0
n5067659202,n5067659202,,24.986672,92.864964,junction,0,0,0
n5067659220,n5067659220,,24.975506,92.865395,junction,0,0,0
n5067659277,n5067659277,,24.974473,92.874128,junction,0,0,0
n5067659279,n5067659279,,24.968114,92.880553,junction,0,0,0
n5067659461,n5067659461,,24.895176,92.890776,junction,0,0,0
n5067659462,n5067659462,,24.889016,92.886718,junction,0,0,0
n5067659471,n5067659471,,24.885269,92.884351,junction,0,0,0
n5067659472,n5067659472,,24.883743,92.883409,junction,0,0,0
n5067661978,n5067661978,,24.888596,92.616242,junction,0,0,0
n5070063190,n5070063190,,27.219183,94.076279,junction,0,0,0
n5076864949,n5076864949,,24.297955,93.875225,junction,0,0,0
n5113182678,n5113182678,,24.767543,92.985226,junction,0,0,0
n5113182703,n5113182703,,24.792126,92.988185,junction,0,0,0
n5120487741,n5120487741,,26.000851,92.840646,junction,0,0,0
n5120489840,n5120489840,,26.014581,92.865673,junction,0,0,0
n5128758633,n5128758633,,26.632268,88.383668,junction,0,0,0
n5128758642,n5128758642,,26.63496,88.391766,junction,0,0,0
n5131447487,n5131447487,,24.699071,92.520279,junction,0,0,0
n5131447861,n5131447861,,24.683384,92.519855,junction,0,0,0
n5131449293,n5131449293,,24.669221,92.500393,junction,0,0,0
n5134551213,n5134551213,,26.629785,88.401501,junction,0,0,0
n5134591263,n5134591263,,26.255283,88.302947,junction,0,0,0
n5134787041,n5134787041,,26.391878,88.503454,junction,0,0,0
n5134827165,n5134827165,,26.235619,88.296131,junction,0,0,0
n5134827186,n5134827186,,26.238377,88.286222,junction,0,0,0
n5135208054,n5135208054,,26.361661,88.510652,junction,0,0,0
n5135390025,n5135390025,,26.439674,88.331902,junction,0,0,0
n5135422137,n5135422137,,26.54926,88.576994,junction,0,0,0
n5135422139,n5135422139,,26.548265,88.577238,junction,0,0,0
n5135424982,n5135424982,,26.267293,88.307404,junction,0,0,0
n5135436713,n5135436713,,26.433985,88.329945,junction,0,0,0
n5136137955,n5136137955,,25.846295,88.03997,junction,0,0,0
n5136149903,n5136149903,,25.86713,87.944706,junction,0,0,0
n5151516824,n5151516824,,22.15435,93.003893,junction,0,0,0
n5162159268,n5162159268,,26.02239,89.527681,junction,0,0,0
n5164789276,n5164789276,,26.063401,89.498817,junction,0,0,0
n5164799262,n5164799262,,26.056231,89.504528,junction,0,0,0
n5164864064,n5164864064,,26.235065,89.687016,junction,0,0,0
n5176113720,n5176113720,,26.365447,89.915472,junction,0,0,0
n5177398773,n5177398773,,26.244815,88.264171,junction,0,0,0
n5181776476,n5181776476,,26.775554,88.299973,junction,0,0,0
n5181776940,n5181776940,,26.773811,88.308932,junction,0,0,0
n5208962955,n5208962955,,26.331091,92.660336,junction,0,0,0
n5208964276,n5208964276,,26.344433,92.661849,junction,0,0,0
n5218774099,n5218774099,,26.38972,88.461906,junction,0,0,0
n5218774100,n5218774100,,26.389653,88.460701,junction,0,0,0
n5218774105,n5218774105,,26.389537,88.456563,junction,0,0,0
n5219969005,n5219969005,,26.388337,88.472052,junction,0,0,0
n5219972170,n5219972170,,26.388354,88.475791,junction,0,0,0
n5219982260,n5219982260,,26.388479,88.484403,junction,0,0,0
n5219982280,n5219982280,,26.385789,88.500563,junction,0,0,0
n5221627684,n5221627684,,26.771074,88.60241,junction,0,0,0
n5221627788,n5221627788,,26.743144,88.6565,junction,0,0,0
n5221627807,n5221627807,,26.754223,88.624767,junction,0,0,0
n5221627878,n5221627878,,26.848646,88.621399,junction,0,0,0
n5221758903,n5221758903,,26.389393,88.50208,junction,0,0,0
n5223393561,n5223393561,,26.63339,88.407209,junction,0,0,0
n5223441437,n5223441437,,26.313207,88.338681,junction,0,0,0
n5223525121,n5223525121,,26.392056,88.431945,junction,0,0,0
n5223525126,n5223525126,,26.388258,88.436835,junction,0,0,0
n5223525136,n5223525136,,26.388907,88.44331,junction,0,0,0
n5223525142,n5223525142,,26.389466,88.451478,junction,0,0,0
n5228170554,n5228170554,,28.158319,95.846856,junction,0,0,0
n5228170996,n5228170996,,28.00718,96.207683,junction,0,0,0
n5228172041,n5228172041,,27.780515,96.349239,junction,0,0,0
n5228172245,n5228172245,,27.443183,95.94178,junction,0,0,0
n5228172254,n5228172254,,27.490248,96.213813,junction,0,0,0
n5232412628,n5232412628,,24.667989,92.499066,junction,0,0,0
n5232412630,n5232412630,,24.649963,92.480285,junction,0,0,0
n5232412638,n5232412638,,24.603005,92.472766,junction,0,0,0
n5232412663,n5232412663,,24.549014,92.598071,junction,0,0,0
n5232412693,n5232412693,,24.547595,92.598175,junction,0,0,0
n5232412715,n5232412715,,24.696379,92.549142,junction,0,0,0
n5232412832,n5232412832,,24.571237,92.463293,junction,0,0,0
n5232412833,n5232412833,,24.576761,92.454999,junction,0,0,0
n5232412834,n5232412834,,24.578501,92.465187,junction,0,0,0
n5232412835,n5232412835,,24.584954,92.467477,junction,0,0,0
n5232412838,n5232412838,,24.587048,92.476214,junction,0,0,0
n5232412848,n5232412848,,24.606021,92.530345,junction,0,0,0
n5232412905,n5232412905,,24.5911,92.640206,junction,0,0,0
n5232412906,n5232412906,,24.589478,92.638476,junction,0,0,0
n5232412909,n5232412909,,24.519616,92.728241,junction,0,0,0
n5232413038,n5232413038,,24.58399,92.642212,junction,0,0,0
n5232413085,n5232413085,,24.49657,92.719728,junction,0,0,0
n5232413088,n5232413088,,24.491498,92.709187,junction,0,0,0
n5232413125,n5232413125,,24.590372,92.73305,junction,0,0,0
n5232413129,n5232413129,,24.614026,92.717979,junction,0,0,0
n5232413130,n5232413130,,24.612354,92.720126,junction,0,0,0
n5232413137,n5232413137,,24.60294,92.72262,junction,0,0,0
n5237099382,n5237099382,,26.598866,88.490985,junction,0,0,0
n5237166940,n5237166940,,24.812954,92.862837,junction,0,0,0
n5237168288,n5237168288,,24.817334,92.940439,junction,0,0,0
n5251964202,n5251964202,,26.407307,88.734531,junction,0,0,0
n5252000803,n5252000803,,26.541232,88.632293,junction,0,0,0
n5252000823,n5252000823,,26.533431,88.657002,junction,0,0,0
n5252468209,n5252468209,,26.203655,88.248716,junction,0,0,0
n5252468210,n5252468210,,26.203892,88.247366,junction,0,0,0
n5254706296,n5254706296,,26.572087,88.563194,junction,0,0,0
n5254707395,n5254707395,,26.57213,88.564327,junction,0,0,0
n5277345693,n5277345693,,23.471648,91.248477,junction,0,0,0
n5281688544,n5281688544,,23.483912,91.261926,junction,0,0,0
n5291125110,n5291125110,,23.472808,91.208481,junction,0,0,0
n5298833847,n5298833847,,24.817558,92.758165,junction,0,0,0
n5298833849,n5298833849,,24.80875,92.761683,junction,0,0,0
n5298833851,n5298833851,,24.792825,92.773424,junction,0,0,0
n5298833899,n5298833899,,24.896966,92.896631,junction,0,0,0
n5301144644,n5301144644,,26.21706,88.328637,junction,0,0,0
n5301176731,n5301176731,,26.125354,88.132265,junction,0,0,0
n5301608623,n5301608623,,23.41376,91.280888,junction,0,0,0
n5301807204,n5301807204,,23.397668,91.290494,junction,0,0,0
n5308272573,n5308272573,,26.976905,94.262694,junction,0,0,0
n5329425998,n5329425998,,26.191137,88.101849,junction,0,0,0
n5329554258,n5329554258,,26.31004,88.355864,junction,0,0,0
n5380914648,n5380914648,,25.485657,91.918286,junction,0,0,0
n5383060135,n5383060135,,26.605738,88.484403,junction,0,0,0
n5383968351,n5383968351,,25.26363,92.202096,junction,0,0,0
n5383968748,n5383968748,,25.234522,92.14806,junction,0,0,0
n5383969334,n5383969334,,25.262773,92.199908,junction,0,0,0
n5414147655,n5414147655,,26.426849,88.736008,junction,0,0,0
n5416058127,n5416058127,,27.13075,94.738586,junction,0,0,0
n5416058129,n5416058129,,27.183295,94.752683,junction,0,0,0
n5421916691,n5421916691,,26.645489,88.396091,junction,0,0,0
n5434932042,n5434932042,,26.526947,88.601563,junction,0,0,0
n5440066040,n5440066040,,26.145603,91.790292,junction,0,0,0
n5443154921,n5443154921,,26.114422,91.807092,junction,0,0,0
n5443196340,n5443196340,,26.913221,95.364257,junction,0,0,0
n5443196345,n5443196345,,26.913283,95.365346,junction,0,0,0
n5443209880,n5443209880,,26.640951,88.505887,junction,0,0,0
n5443282743,n5443282743,,26.950767,95.275065,junction,0,0,0
n5443285339,n5443285339,,26.900731,95.287798,junction,0,0,0
n5443285696,n5443285696,,26.887881,95.303353,junction,0,0,0
n5443286009,n5443286009,,26.970146,95.275149,junction,0,0,0
n5443287335,n5443287335,,27.013344,95.220424,junction,0,0,0
n5443289005,n5443289005,,26.880293,95.343874,junction,0,0,0
n5443823873,n5443823873,,27.884756,96.891308,junction,0,0,0
n5443824131,n5443824131,,27.89299,96.924051,junction,0,0,0
n5443824383,n5443824383,,27.928894,96.955542,junction,0,0,0
n5443824637,n5443824637,,27.957759,96.964207,junction,0,0,0
n5443825607,n5443825607,,28.171616,97.029475,junction,0,0,0
n5443919977,n5443919977,,28.520971,95.172604,junction,0,0,0
n5444825524,n5444825524,,27.111983,92.545921,junction,0,0,0
n5444831232,n5444831232,,27.191577,92.702798,junction,0,0,0
n5444831555,n5444831555,,27.176426,92.699674,junction,0,0,0
n5444835331,n5444835331,,27.089951,92.594986,junction,0,0,0
n5451398224,n5451398224,,25.173625,93.070433,junction,0,0,0
n5451398233,n5451398233,,25.172408,93.06985,junction,0,0,0
n5451398255,n5451398255,,25.157631,93.068476,junction,0,0,0
n5451398320,n5451398320,,25.148813,93.054914,junction,0,0,0
n5451398327,n5451398327,,25.148252,93.051041,junction,0,0,0
n5451398382,n5451398382,,25.13666,93.044449,junction,0,0,0
n5451398716,n5451398716,,24.93723,92.753972,junction,0,0,0
n5451398932,n5451398932,,24.929879,92.755559,junction,0,0,0
n5451398985,n5451398985,,24.929642,92.764915,junction,0,0,0
n5451399005,n5451399005,,24.921861,92.779718,junction,0,0,0
n5452016292,n5452016292,,26.524259,91.345275,junction,0,0,0
n5452016336,n5452016336,,26.441495,91.574571,junction,0,0,0
n5452016351,n5452016351,,26.441135,91.577057,junction,0,0,0
n5452016786,n5452016786,,26.356877,91.66613,junction,0,0,0
n5452016791,n5452016791,,26.348895,91.682413,junction,0,0,0
n5452174996,n5452174996,,26.558103,90.293301,junction,0,0,0
n5452175013,n5452175013,,26.556644,90.311444,junction,0,0,0
n5452175014,n5452175014,,26.556529,90.312418,junction,0,0,0
n5452175022,n5452175022,,26.554846,90.329308,junction,0,0,0
n5452175174,n5452175174,,26.526071,90.474374,junction,0,0,0
n5452175239,n5452175239,,26.489601,90.590693,junction,0,0,0
n5452175243,n5452175243,,26.488367,90.597291,junction,0,0,0
n5463916909,n5463916909,,24.68027,92.335696,junction,0,0,0
n5467628256,n5467628256,,26.091472,89.469382,junction,0,0,0
n5467969002,n5467969002,,26.09412,89.520735,junction,0,0,0
n5470439947,n5470439947,,24.146372,93.461911,junction,0,0,0
n5470440689,n5470440689,,24.138582,93.475281,junction,0,0,0
n5470441691,n5470441691,,24.104004,93.488855,junction,0,0,0
n5470460553,n5470460553,,24.202205,93.420128,junction,0,0,0
n5473363558,n5473363558,,24.061351,91.583532,junction,0,0,0
n5473365530,n5473365530,,24.023317,91.559838,junction,0,0,0
n5473365597,n5473365597,,24.004741,91.458837,junction,0,0,0
n5473366012,n5473366012,,24.007024,91.451779,junction,0,0,0
n5473366018,n5473366018,,24.00738,91.445143,junction,0,0,0
n5473366077,n5473366077,,23.999513,91.422459,junction,0,0,0
n5473366085,n5473366085,,23.989987,91.411011,junction,0,0,0
n5473366110,n5473366110,,23.985628,91.394743,junction,0,0,0
n5473366133,n5473366133,,23.972323,91.373553,junction,0,0,0
n5473366199,n5473366199,,24.063161,91.594972,junction,0,0,0
n5473366208,n5473366208,,24.06523,91.596015,junction,0,0,0
n5473366345,n5473366345,,23.952941,91.346079,junction,0,0,0
n5473366367,n5473366367,,23.936734,91.342142,junction,0,0,0
n5473366405,n5473366405,,23.923199,91.323897,junction,0,0,0
n5478266110,n5478266110,,26.112959,92.060831,junction,0,0,0
n5478266111,n5478266111,,26.11223,92.064322,junction,0,0,0
n5478272322,n5478272322,,26.114811,92.073436,junction,0,0,0
n5478272337,n5478272337,,26.116207,92.087286,junction,0,0,0
n5478272349,n5478272349,,26.118013,92.09566,junction,0,0,0
n5478272414,n5478272414,,26.486671,89.617344,junction,0,0,0
n5478272552,n5478272552,,26.486822,89.609327,junction,0,0,0
n5481995103,n5481995103,,24.520029,93.941563,junction,0,0,0
n5483487311,n5483487311,,27.583186,95.544185,junction,0,0,0
n5483487337,n5483487337,,27.59564,95.50695,junction,0,0,0
n5483487370,n5483487370,,27.600783,95.485434,junction,0,0,0
n5483487405,n5483487405,,27.597896,95.460298,junction,0,0,0
n5496343073,n5496343073,,26.491205,91.539017,junction,0,0,0
n5497961561,n5497961561,,26.147112,91.972684,junction,0,0,0
n5498007748,n5498007748,,26.406489,91.357123,junction,0,0,0
n5501241611,n5501241611,,26.576649,88.968805,junction,0,0,0
n5501241612,n5501241612,,26.576722,88.970206,junction,0,0,0
n5501244822,n5501244822,,26.561301,88.744872,junction,0,0,0
n5501244827,n5501244827,,26.541623,88.699035,junction,0,0,0
n5501244828,n5501244828,,26.541153,88.698322,junction,0,0,0
n5501244833,n5501244833,,26.538262,88.642649,junction,0,0,0
n5501702812,n5501702812,,26.480438,90.967918,junction,0,0,0
n5501702896,n5501702896,,26.493165,90.64656,junction,0,0,0
n5501702956,n5501702956,,26.562493,90.263137,junction,0,0,0
n5501702969,n5501702969,,26.566011,90.187111,junction,0,0,0
n5501702971,n5501702971,,26.56544,90.186609,junction,0,0,0
n5501702981,n5501702981,,26.561217,90.081021,junction,0,0,0
n5501703001,n5501703001,,26.51472,90.026458,junction,0,0,0
n5501703103,n5501703103,,26.490239,89.703255,junction,0,0,0
n5501737281,n5501737281,,26.203141,92.399048,junction,0,0,0
n5501737282,n5501737282,,26.19766,92.403396,junction,0,0,0
n5541781845,n5541781845,,24.269708,93.878146,junction,0,0,0
n5541781882,n5541781882,,24.252833,93.875596,junction,0,0,0
n5554371786,n5554371786,,26.047168,89.587309,junction,0,0,0
n5556586309,n5556586309,,26.259119,89.717043,junction,0,0,0
n5582081663,n5582081663,,26.450749,91.467249,junction,0,0,0
n5629910706,n5629910706,,26.098191,90.392472,junction,0,0,0
n5629910720,n5629910720,,26.099378,90.416049,junction,0,0,0
n5630652317,n5630652317,,27.056771,88.530074,junction,0,0,0
n5631122669,n5631122669,,27.558374,95.261181,junction,0,0,0
n5641133107,n5641133107,,27.019274,88.565005,junction,0,0,0
n566642813,n566642813,,26.109299,91.663564,junction,0,0,0
n566643101,n566643101,,26.104359,91.707005,junction,0,0,0
n566647715,n566647715,,26.254996,91.692498,junction,0,0,0
n566647850,n566647850,,26.266167,91.699834,junction,0,0,0
n566650885,n566650885,,26.156833,91.841116,junction,0,0,0
n566651230,n566651230,,26.16796,91.830051,junction,0,0,0
n566651554,n566651554,,26.2043,91.858341,junction,0,0,0
n566652742,n566652742,,26.214704,91.876488,junction,0,0,0
n566653259,n566653259,,26.190963,91.845299,junction,0,0,0
n566653288,n566653288,,26.182376,91.837256,junction,0,0,0
n566653977,n566653977,,26.180335,91.832059,junction,0,0,0
n566665945,n566665945,,26.18602,91.656025,junction,0,0,0
n566683246,n566683246,,26.151599,91.654311,junction,0,0,0
n566685609,n566685609,,26.158754,91.688844,junction,0,0,0
n566686288,n566686288,,26.115965,91.708567,junction,0,0,0
n566686291,n566686291,,26.115709,91.719197,junction,0,0,0
n566686299,n566686299,,26.114401,91.725717,junction,0,0,0
n566687206,n566687206,,26.113823,91.728772,junction,0,0,0
n566687207,n566687207,,26.112732,91.734368,junction,0,0,0
n566687314,n566687314,,26.111693,91.749228,junction,0,0,0
n566687315,n566687315,,26.111825,91.741977,junction,0,0,0
n566687478,n566687478,,26.118724,91.818945,junction,0,0,0
n566687486,n566687486,,26.112372,91.798171,junction,0,0,0
n566687491,n566687491,,26.111671,91.79301,junction,0,0,0
n566687577,n566687577,,26.119201,91.822596,junction,0,0,0
n566693484,n566693484,,26.073159,91.874682,junction,0,0,0
n566696013,n566696013,,26.114272,91.798012,junction,0,0,0
n566697156,n566697156,,26.123378,91.798862,junction,0,0,0
n566697663,n566697663,,26.140624,91.786303,junction,0,0,0
n566698747,n566698747,,26.147691,91.787644,junction,0,0,0
n566698751,n566698751,,26.151826,91.78298,junction,0,0,0
n566698766,n566698766,,26.175217,91.757459,junction,0,0,0
n566698890,n566698890,,26.166707,91.766651,junction,0,0,0
n566708227,n566708227,,26.216464,91.736206,junction,0,0,0
n566708988,n566708988,,26.200784,91.730009,junction,0,0,0
n566712524,n566712524,,26.718131,88.374294,junction,0,0,0
n566712788,n566712788,,26.719375,88.376204,junction,0,0,0
n566714095,n566714095,,26.68693,88.405687,junction,0,0,0
n566714108,n566714108,,26.68942,88.409684,junction,0,0,0
n567356588,n567356588,,26.850522,94.493752,junction,0,0,0
n567356595,n567356595,,26.846593,94.491241,junction,0,0,0
n567356597,n567356597,,26.845305,94.488682,junction,0,0,0
n567356671,n567356671,,26.948503,94.53272,junction,0,0,0
n567356676,n567356676,,26.945832,94.52961,junction,0,0,0
n567356717,n567356717,,26.953411,94.572178,junction,0,0,0
n567356721,n567356721,,26.981714,94.580355,junction,0,0,0
n567356748,n567356748,,26.984139,94.579207,junction,0,0,0
n567356776,n567356776,,26.997403,94.619962,junction,0,0,0
n567356791,n567356791,,27.003444,94.650725,junction,0,0,0
n567356856,n567356856,,27.054163,94.678633,junction,0,0,0
n567356857,n567356857,,27.052932,94.678567,junction,0,0,0
n567356919,n567356919,,27.127469,94.739862,junction,0,0,0
n567356951,n567356951,,27.125657,94.785657,junction,0,0,0
n567357012,n567357012,,27.118147,94.853783,junction,0,0,0
n567357052,n567357052,,27.145656,94.876981,junction,0,0,0
n567357162,n567357162,,27.233394,94.887641,junction,0,0,0
n567357192,n567357192,,27.237568,94.887108,junction,0,0,0
n567357213,n567357213,,27.261609,94.897513,junction,0,0,0
n567357231,n567357231,,27.277248,94.905165,junction,0,0,0
n567357243,n567357243,,27.293566,94.903784,junction,0,0,0
n567357245,n567357245,,27.288402,94.904505,junction,0,0,0
n567357247,n567357247,,27.283328,94.905371,junction,0,0,0
n567357253,n567357253,,27.333334,94.865798,junction,0,0,0
n567357268,n567357268,,27.306199,94.898311,junction,0,0,0
n567357269,n567357269,,27.311171,94.884044,junction,0,0,0
n567357296,n567357296,,27.312338,94.881874,junction,0,0,0
n567357304,n567357304,,27.338818,94.862707,junction,0,0,0
n567357305,n567357305,,27.338075,94.863009,junction,0,0,0
n567357349,n567357349,,27.396905,94.878133,junction,0,0,0
n567357359,n567357359,,27.382596,94.870315,junction,0,0,0
n567357376,n567357376,,27.426343,94.894578,junction,0,0,0
n567357394,n567357394,,27.439136,94.895461,junction,0,0,0
n567371850,n567371850,,26.84018,94.481352,junction,0,0,0
n567377649,n567377649,,26.344827,92.741374,junction,0,0,0
n567377674,n567377674,,26.362679,92.766296,junction,0,0,0
n567377681,n567377681,,26.366043,92.787775,junction,0,0,0
n567377719,n567377719,,26.402374,92.807833,junction,0,0,0
n567377883,n567377883,,26.551182,92.934467,junction,0,0,0
n567377920,n567377920,,26.586549,92.975879,junction,0,0,0
n567378025,n567378025,,26.577222,93.082761,junction,0,0,0
n567378056,n567378056,,26.572666,93.115654,junction,0,0,0
n567378087,n567378087,,26.573987,93.17695,junction,0,0,0
n567378145,n567378145,,26.579029,93.260756,junction,0,0,0
n567378219,n567378219,,26.582243,93.301722,junction,0,0,0
n567378253,n567378253,,26.584556,93.337926,junction,0,0,0
n567378296,n567378296,,26.58964,93.401231,junction,0,0,0
n567378329,n567378329,,26.590418,93.429875,junction,0,0,0
n567378340,n567378340,,26.590712,93.434536,junction,0,0,0
n567378393,n567378393,,26.625696,93.533126,junction,0,0,0
n567378419,n567378419,,26.632773,93.5492,junction,0,0,0
n567378429,n567378429,,26.641352,93.573539,junction,0,0,0
n567378454,n567378454,,26.640608,93.600317,junction,0,0,0
n567378548,n567378548,,26.631092,93.731772,junction,0,0,0
n567378552,n567378552,,26.63091,93.729749,junction,0,0,0
n567378579,n567378579,,26.639242,93.760931,junction,0,0,0
n567378591,n567378591,,26.642153,93.776966,junction,0,0,0
n567378638,n567378638,,26.661262,93.837884,junction,0,0,0
n567378670,n567378670,,26.661688,93.848648,junction,0,0,0
n567378692,n567378692,,26.674107,93.909425,junction,0,0,0
n567378707,n567378707,,26.678033,93.921277,junction,0,0,0
n567378713,n567378713,,26.676258,93.915357,junction,0,0,0
n567378714,n567378714,,26.677475,93.919772,junction,0,0,0
n567378731,n567378731,,26.699899,93.949598,junction,0,0,0
n567378740,n567378740,,26.713518,93.970495,junction,0,0,0
n567378744,n567378744,,26.715946,93.974338,junction,0,0,0
n567378750,n567378750,,26.711744,93.967097,junction,0,0,0
n567378785,n567378785,,26.720277,93.982852,junction,0,0,0
n567378794,n567378794,,26.723498,94.005319,junction,0,0,0
n567378803,n567378803,,26.721677,94.015167,junction,0,0,0
n567378816,n567378816,,26.722874,94.029589,junction,0,0,0
n567378819,n567378819,,26.722651,94.02462,junction,0,0,0
n567378827,n567378827,,26.724818,94.046961,junction,0,0,0
n567381986,n567381986,,26.166255,92.353376,junction,0,0,0
n567382145,n567382145,,26.227743,92.512071,junction,0,0,0
n567382146,n567382146,,26.226899,92.511792,junction,0,0,0
n567382270,n567382270,,26.288375,92.615036,junction,0,0,0
n567382295,n567382295,,26.290774,92.615975,junction,0,0,0
n567382310,n567382310,,26.322558,92.654362,junction,0,0,0
n567382329,n567382329,,26.325056,92.656149,junction,0,0,0
n567382443,n567382443,,26.345819,92.718912,junction,0,0,0
n567382444,n567382444,,26.347164,92.716074,junction,0,0,0
n567387257,n567387257,,26.118939,92.099818,junction,0,0,0
n567387366,n567387366,,26.120021,92.197272,junction,0,0,0
n567389888,n567389888,,26.165153,92.353818,junction,0,0,0
n567393752,n567393752,,25.535351,91.824722,junction,0,0,0
n567393760,n567393760,,25.547487,91.840111,junction,0,0,0
n567484439,n567484439,,26.347211,91.753497,junction,0,0,0
n567484451,n567484451,,26.344396,91.727851,junction,0,0,0
n567484476,n567484476,,26.347212,91.779249,junction,0,0,0
n567484515,n567484515,,26.348549,91.817551,junction,0,0,0
n567484617,n567484617,,26.373151,91.878917,junction,0,0,0
n567484652,n567484652,,26.405067,91.926137,junction,0,0,0
n567484692,n567484692,,26.408568,91.938457,junction,0,0,0
n567484711,n567484711,,26.41175,91.977807,junction,0,0,0
n567484749,n567484749,,26.419749,91.993109,junction,0,0,0
n567484764,n567484764,,26.436048,92.026335,junction,0,0,0
n567484817,n567484817,,26.436328,92.027104,junction,0,0,0
n567484822,n567484822,,26.438121,92.035002,junction,0,0,0
n567484858,n567484858,,26.453892,92.04565,junction,0,0,0
n567484948,n567484948,,26.508258,92.116436,junction,0,0,0
n567485006,n567485006,,26.517181,92.147294,junction,0,0,0
n567485145,n567485145,,26.555779,92.199868,junction,0,0,0
n567485174,n567485174,,26.643385,92.170121,junction,0,0,0
n567485269,n567485269,,26.712082,92.205368,junction,0,0,0
n567485332,n567485332,,26.694762,92.255671,junction,0,0,0
n567485353,n567485353,,26.697039,92.269779,junction,0,0,0
n567485398,n567485398,,26.699939,92.335943,junction,0,0,0
n567485412,n567485412,,26.699685,92.334785,junction,0,0,0
n567485449,n567485449,,26.697801,92.39005,junction,0,0,0
n567485459,n567485459,,26.698739,92.405469,junction,0,0,0
n567485466,n567485466,,26.698286,92.398153,junction,0,0,0
n567485507,n567485507,,26.70351,92.449722,junction,0,0,0
n567485533,n567485533,,26.703578,92.469398,junction,0,0,0
n567485548,n567485548,,26.703761,92.483008,junction,0,0,0
n567485669,n567485669,,26.706551,92.543182,junction,0,0,0
n567485670,n567485670,,26.707016,92.541897,junction,0,0,0
n567485695,n567485695,,26.695162,92.575052,junction,0,0,0
n567485699,n567485699,,26.695714,92.568569,junction,0,0,0
n567485742,n567485742,,26.699797,92.55257,junction,0,0,0
n567485794,n567485794,,26.687614,92.627646,junction,0,0,0
n567485813,n567485813,,26.688513,92.626049,junction,0,0,0
n567485814,n567485814,,26.677143,92.723952,junction,0,0,0
n567485821,n567485821,,26.674067,92.697516,junction,0,0,0
n567485826,n567485826,,26.675028,92.686877,junction,0,0,0
n567485841,n567485841,,26.683684,92.647453,junction,0,0,0
n567485914,n567485914,,26.672187,92.730529,junction,0,0,0
n567485916,n567485916,,26.672189,92.728863,junction,0,0,0
n567485930,n567485930,,26.66329,92.748476,junction,0,0,0
n567485952,n567485952,,26.660859,92.75557,junction,0,0,0
n567485961,n567485961,,26.65395,92.775542,junction,0,0,0
n567486083,n567486083,,26.653343,92.795775,junction,0,0,0
n567486226,n567486226,,26.73574,92.770998,junction,0,0,0
n567486287,n567486287,,26.818886,92.780146,junction,0,0,0
n567486324,n567486324,,26.845114,92.773283,junction,0,0,0
n567486428,n567486428,,26.897966,92.809619,junction,0,0,0
n567486480,n567486480,,26.971352,92.76007,junction,0,0,0
n567511751,n567511751,,27.265199,92.415972,junction,0,0,0
n567511965,n567511965,,26.53897,92.921969,junction,0,0,0
n567511966,n567511966,,26.539574,92.919504,junction,0,0,0
n567511973,n567511973,,26.538276,92.928018,junction,0,0,0
n567511978,n567511978,,26.559126,92.87865,junction,0,0,0
n567511979,n567511979,,26.560584,92.874109,junction,0,0,0
n567511988,n567511988,,26.549635,92.896421,junction,0,0,0
n567511990,n567511990,,26.550317,92.88993,junction,0,0,0
n567512019,n567512019,,26.611736,92.853495,junction,0,0,0
n567512021,n567512021,,26.611856,92.852636,junction,0,0,0
n567512026,n567512026,,26.63246,92.841154,junction,0,0,0
n567512042,n567512042,,26.544084,92.914325,junction,0,0,0
n567512044,n567512044,,26.545952,92.912903,junction,0,0,0
n567512068,n567512068,,26.651701,92.823169,junction,0,0,0
n567513927,n567513927,,26.585838,92.863069,junction,0,0,0
n567770691,n567770691,,26.141417,91.79542,junction,0,0,0
n567770693,n567770693,,26.132481,91.811962,junction,0,0,0
n567774564,n567774564,,25.256185,91.734086,junction,0,0,0
n567774578,n567774578,,25.261314,91.73476,junction,0,0,0
n567774582,n567774582,,25.27037,91.732411,junction,0,0,0
n567775627,n567775627,,25.40379,91.773184,junction,0,0,0
n567775673,n567775673,,25.412502,91.781849,junction,0,0,0
n567775720,n567775720,,25.421775,91.791462,junction,0,0,0
n567775725,n567775725,,25.427987,91.794644,junction,0,0,0
n567775821,n567775821,,25.452753,91.82059,junction,0,0,0
n567777033,n567777033,,24.799418,92.792016,junction,0,0,0
n567777065,n567777065,,24.827861,92.799662,junction,0,0,0
n567778496,n567778496,,24.44357,92.252344,junction,0,0,0
n567778543,n567778543,,24.442401,92.26543,junction,0,0,0
n567778725,n567778725,,24.460279,92.313855,junction,0,0,0
n567778784,n567778784,,24.467424,92.31797,junction,0,0,0
n567778814,n567778814,,24.485839,92.320009,junction,0,0,0
n567778816,n567778816,,24.499732,92.322529,junction,0,0,0
n567778966,n567778966,,24.567857,92.305916,junction,0,0,0
n567778977,n567778977,,24.578088,92.315266,junction,0,0,0
n567778997,n567778997,,24.604315,92.319177,junction,0,0,0
n567779009,n567779009,,24.508501,92.770082,junction,0,0,0
n567779166,n567779166,,24.617282,92.323265,junction,0,0,0
n567779183,n567779183,,24.640814,92.325155,junction,0,0,0
n567779184,n567779184,,24.642776,92.324177,junction,0,0,0
n567779219,n567779219,,24.668957,92.339561,junction,0,0,0
n567779227,n567779227,,24.677377,92.342689,junction,0,0,0
n567779299,n567779299,,24.745899,92.351024,junction,0,0,0
n567779306,n567779306,,24.746687,92.353138,junction,0,0,0
n567779315,n567779315,,24.750745,92.363791,junction,0,0,0
n567779347,n567779347,,24.776612,92.373771,junction,0,0,0
n567779367,n567779367,,24.836078,92.36619,junction,0,0,0
n567779369,n567779369,,24.840153,92.366692,junction,0,0,0
n567779380,n567779380,,24.845024,92.367292,junction,0,0,0
n567779488,n567779488,,24.844973,92.391719,junction,0,0,0
n567779493,n567779493,,24.843447,92.395273,junction,0,0,0
n567779496,n567779496,,24.843964,92.394154,junction,0,0,0
n567779531,n567779531,,24.843247,92.403337,junction,0,0,0
n567779575,n567779575,,24.84821,92.417107,junction,0,0,0
n567779579,n567779579,,24.849303,92.421975,junction,0,0,0
n567779603,n567779603,,24.857488,92.490482,junction,0,0,0
n567779700,n567779700,,24.859039,92.494092,junction,0,0,0
n567779712,n567779712,,24.871176,92.511111,junction,0,0,0
n567779774,n567779774,,24.829342,92.634356,junction,0,0,0
n567779884,n567779884,,24.874495,92.583891,junction,0,0,0
n567779893,n567779893,,24.857296,92.606092,junction,0,0,0
n567779895,n567779895,,24.851779,92.623221,junction,0,0,0
n567779901,n567779901,,24.858043,92.604901,junction,0,0,0
n567780044,n567780044,,24.822835,92.655423,junction,0,0,0
n567780124,n567780124,,24.830936,92.691334,junction,0,0,0
n567780172,n567780172,,24.833344,92.727892,junction,0,0,0
n567780178,n567780178,,24.833431,92.728857,junction,0,0,0
n567780201,n567780201,,24.836328,92.724505,junction,0,0,0
n567780345,n567780345,,24.52842,92.821714,junction,0,0,0
n567780374,n567780374,,24.538632,92.83175,junction,0,0,0
n567780425,n567780425,,24.568318,92.842967,junction,0,0,0
n567780453,n567780453,,24.579816,92.837671,junction,0,0,0
n567780460,n567780460,,24.583816,92.839713,junction,0,0,0
n567780479,n567780479,,24.596967,92.840903,junction,0,0,0
n567780515,n567780515,,24.636444,92.84355,junction,0,0,0
n567780580,n567780580,,24.69105,92.840716,junction,0,0,0
n567780601,n567780601,,24.665803,92.861751,junction,0,0,0
n567780682,n567780682,,24.722396,92.829172,junction,0,0,0
n567780693,n567780693,,24.729763,92.828021,junction,0,0,0
n567780707,n567780707,,24.743593,92.827594,junction,0,0,0
n567780717,n567780717,,24.751133,92.830495,junction,0,0,0
n567780727,n567780727,,24.753221,92.831852,junction,0,0,0
n567780752,n567780752,,24.762052,92.829643,junction,0,0,0
n567785637,n567785637,,25.933899,93.732355,junction,0,0,0
n567785657,n567785657,,25.944459,93.727538,junction,0,0,0
n567785733,n567785733,,25.958775,93.745973,junction,0,0,0
n567785748,n567785748,,25.980853,93.758112,junction,0,0,0
n567785782,n567785782,,26.015136,93.765157,junction,0,0,0
n567785859,n567785859,,26.076009,93.778635,junction,0,0,0
n567785934,n567785934,,26.169637,93.795731,junction,0,0,0
n567786003,n567786003,,26.216961,93.816942,junction,0,0,0
n567786067,n567786067,,26.280002,93.852271,junction,0,0,0
n567786181,n567786181,,26.349304,93.858737,junction,0,0,0
n567786247,n567786247,,26.320843,93.871022,junction,0,0,0
n567786278,n567786278,,26.586205,93.752026,junction,0,0,0
n567786288,n567786288,,26.583144,93.755548,junction,0,0,0
n567786290,n567786290,,26.583833,93.754766,junction,0,0,0
n567786492,n567786492,,26.552307,93.82828,junction,0,0,0
n567786515,n567786515,,26.555593,93.839023,junction,0,0,0
n567786532,n567786532,,26.555657,93.839851,junction,0,0,0
n567786545,n567786545,,26.550473,93.863657,junction,0,0,0
n567786586,n567786586,,26.379987,93.873763,junction,0,0,0
n567786622,n567786622,,26.390895,93.879214,junction,0,0,0
n567786623,n567786623,,26.391649,93.879336,junction,0,0,0
n567786687,n567786687,,26.412768,93.896157,junction,0,0,0
n567786783,n567786783,,26.439567,93.910638,junction,0,0,0
n567786801,n567786801,,26.44533,93.910627,junction,0,0,0
n567786831,n567786831,,26.456453,93.924058,junction,0,0,0
n567786840,n567786840,,26.459604,93.925964,junction,0,0,0
n567786896,n567786896,,26.486469,93.924225,junction,0,0,0
n567786954,n567786954,,26.538327,93.878208,junction,0,0,0
n567786979,n567786979,,26.503232,93.918338,junction,0,0,0
n568501289,n568501289,,26.103714,87.951765,junction,0,0,0
n568501813,n568501813,,26.211415,88.125244,junction,0,0,0
n568502088,n568502088,,26.392573,88.301505,junction,0,0,0
n568502141,n568502141,,26.455674,88.244676,junction,0,0,0
n568502142,n568502142,,26.456613,88.242547,junction,0,0,0
n568502579,n568502579,,26.701009,88.329089,junction,0,0,0
n568502595,n568502595,,26.701876,88.334373,junction,0,0,0
n568502603,n568502603,,26.703795,88.34648,junction,0,0,0
n568502622,n568502622,,26.707533,88.35935,junction,0,0,0
n568554677,n568554677,,26.791128,88.450002,junction,0,0,0
n568554686,n568554686,,26.81576,88.45203,junction,0,0,0
n568554712,n568554712,,26.876962,88.470566,junction,0,0,0
n568554748,n568554748,,26.902621,88.472227,junction,0,0,0
n568554904,n568554904,,26.968399,88.418245,junction,0,0,0
n568554982,n568554982,,26.98443,88.414882,junction,0,0,0
n568555045,n568555045,,26.984694,88.416514,junction,0,0,0
n568555079,n568555079,,26.925104,88.453598,junction,0,0,0
n568555094,n568555094,,26.917452,88.461868,junction,0,0,0
n568558926,n568558926,,27.050721,88.426065,junction,0,0,0
n568559116,n568559116,,27.063586,88.428771,junction,0,0,0
n568559364,n568559364,,27.306939,88.198486,junction,0,0,0
n568559372,n568559372,,27.279752,88.275319,junction,0,0,0
n568559531,n568559531,,27.082301,88.426533,junction,0,0,0
n568559735,n568559735,,27.131522,88.283859,junction,0,0,0
n568559751,n568559751,,27.133245,88.278461,junction,0,0,0
n568563093,n568563093,,27.17906,88.307846,junction,0,0,0
n568563346,n568563346,,27.228839,88.300849,junction,0,0,0
n568563721,n568563721,,27.245286,88.300947,junction,0,0,0
n568563803,n568563803,,27.08462,88.443257,junction,0,0,0
n568564093,n568564093,,27.086085,88.451926,junction,0,0,0
n568564276,n568564276,,27.085494,88.453823,junction,0,0,0
n568597387,n568597387,,26.706135,89.065339,junction,0,0,0
n568597399,n568597399,,26.706025,89.066187,junction,0,0,0
n568597475,n568597475,,26.704244,89.098327,junction,0,0,0
n568597517,n568597517,,26.704106,89.129722,junction,0,0,0
n568597536,n568597536,,26.70358,89.145095,junction,0,0,0
n568597560,n568597560,,26.700705,89.160914,junction,0,0,0
n568597580,n568597580,,26.684607,89.199482,junction,0,0,0
n568597652,n568597652,,26.68974,89.278572,junction,0,0,0
n568597691,n568597691,,26.480822,89.526858,junction,0,0,0
n568597717,n568597717,,26.496896,89.526187,junction,0,0,0
n568597731,n568597731,,26.502788,89.528796,junction,0,0,0
n568597740,n568597740,,26.500328,89.527266,junction,0,0,0
n568597750,n568597750,,26.503952,89.528364,junction,0,0,0
n568597881,n568597881,,26.564931,89.458659,junction,0,0,0
n568598051,n568598051,,26.635991,89.40229,junction,0,0,0
n568598065,n568598065,,26.640179,89.401937,junction,0,0,0
n568598082,n568598082,,26.646144,89.395282,junction,0,0,0
n568598100,n568598100,,26.564858,89.496674,junction,0,0,0
n568598102,n568598102,,26.564813,89.498179,junction,0,0,0
n568598115,n568598115,,26.56338,89.505026,junction,0,0,0
n568598158,n568598158,,26.558787,89.53309,junction,0,0,0
n568598176,n568598176,,26.561228,89.532826,junction,0,0,0
n568598182,n568598182,,26.902915,88.474113,junction,0,0,0
n568598343,n568598343,,26.872873,88.527572,junction,0,0,0
n568598346,n568598346,,26.872384,88.5387,junction,0,0,0
n568598360,n568598360,,26.865606,88.563602,junction,0,0,0
n568598373,n568598373,,26.865431,88.565499,junction,0,0,0
n568598385,n568598385,,26.865704,88.570053,junction,0,0,0
n568598398,n568598398,,26.87069,88.589697,junction,0,0,0
n568598402,n568598402,,26.8718,88.592119,junction,0,0,0
n568598900,n568598900,,27.334776,88.219928,junction,0,0,0
n568599178,n568599178,,27.355204,88.213198,junction,0,0,0
n568601510,n568601510,,26.866917,88.622033,junction,0,0,0
n568601522,n568601522,,26.867487,88.621213,junction,0,0,0
n568601532,n568601532,,26.863761,88.634163,junction,0,0,0
n568601534,n568601534,,26.86364,88.635768,junction,0,0,0
n568601540,n568601540,,26.874144,88.597877,junction,0,0,0
n568601548,n568601548,,26.875637,88.60633,junction,0,0,0
n568601551,n568601551,,26.875107,88.609037,junction,0,0,0
n568601552,n568601552,,26.874601,88.61094,junction,0,0,0
n568601577,n568601577,,26.870306,88.666166,junction,0,0,0
n568601585,n568601585,,26.869688,88.670555,junction,0,0,0
n568601603,n568601603,,26.873928,88.645471,junction,0,0,0
n568601626,n568601626,,26.873964,88.650822,junction,0,0,0
n568601665,n568601665,,26.869152,88.712532,junction,0,0,0
n568601702,n568601702,,26.870411,88.728831,junction,0,0,0
n568601708,n568601708,,26.869461,88.734134,junction,0,0,0
n568601726,n568601726,,26.870387,88.749311,junction,0,0,0
n568601744,n568601744,,26.882021,88.750348,junction,0,0,0
n568601795,n568601795,,26.880163,88.771666,junction,0,0,0
n568601796,n568601796,,26.880082,88.773299,junction,0,0,0
n568601817,n568601817,,26.880853,88.80295,junction,0,0,0
n568601895,n568601895,,26.881208,88.821978,junction,0,0,0
n568601900,n568601900,,26.882352,88.828577,junction,0,0,0
n568601901,n568601901,,26.882591,88.82983,junction,0,0,0
n568601983,n568601983,,26.871346,88.883222,junction,0,0,0
n568602011,n568602011,,26.871595,88.891798,junction,0,0,0
n568602012,n568602012,,26.870217,88.89493,junction,0,0,0
n568602049,n568602049,,26.874643,88.916919,junction,0,0,0
n568602050,n568602050,,26.875234,88.918507,junction,0,0,0
n568602059,n568602059,,26.876134,88.920974,junction,0,0,0
n568602355,n568602355,,26.755797,89.040185,junction,0,0,0
n568602358,n568602358,,26.745613,89.051991,junction,0,0,0
n568602525,n568602525,,26.833957,89.013387,junction,0,0,0
n568602584,n568602584,,26.87572,88.950528,junction,0,0,0
n568602645,n568602645,,26.876055,88.976772,junction,0,0,0
n568602654,n568602654,,26.875811,88.977765,junction,0,0,0
n568602673,n568602673,,26.873303,88.985111,junction,0,0,0
n568602705,n568602705,,26.860412,89.002309,junction,0,0,0
n568602749,n568602749,,26.868497,88.993772,junction,0,0,0
n568602759,n568602759,,26.862946,88.999772,junction,0,0,0
n568602800,n568602800,,26.729332,89.297112,junction,0,0,0
n568602844,n568602844,,26.729231,89.319835,junction,0,0,0
n568602846,n568602846,,26.728936,89.325722,junction,0,0,0
n568602873,n568602873,,26.728362,89.337394,junction,0,0,0
n568602931,n568602931,,26.726569,89.345247,junction,0,0,0
n568985960,n568985960,,25.403961,91.872722,junction,0,0,0
n568986260,n568986260,,25.299071,91.926762,junction,0,0,0
n568986496,n568986496,,25.251956,91.949749,junction,0,0,0
n568987116,n568987116,,25.183854,92.032028,junction,0,0,0
n568987587,n568987587,,25.205194,92.040536,junction,0,0,0
n568987732,n568987732,,25.217761,92.085128,junction,0,0,0
n568988447,n568988447,,25.248803,92.095234,junction,0,0,0
n568988538,n568988538,,25.279947,92.103224,junction,0,0,0
n568988545,n568988545,,25.287304,92.108339,junction,0,0,0
n568988568,n568988568,,24.877623,92.583219,junction,0,0,0
n568988606,n568988606,,24.911162,92.591152,junction,0,0,0
n568988612,n568988612,,24.922612,92.591745,junction,0,0,0
n568988673,n568988673,,25.058896,92.38949,junction,0,0,0
n568988749,n568988749,,25.032995,92.438657,junction,0,0,0
n568988947,n568988947,,25.034271,92.460177,junction,0,0,0
n568988999,n568988999,,25.082317,92.354467,junction,0,0,0
n568989037,n568989037,,25.07375,92.365149,junction,0,0,0
n568989183,n568989183,,25.108465,92.361316,junction,0,0,0
n568989187,n568989187,,25.10788,92.362318,junction,0,0,0
n568989193,n568989193,,25.111469,92.362339,junction,0,0,0
n568989200,n568989200,,25.120269,92.382874,junction,0,0,0
n568989220,n568989220,,25.061764,92.384741,junction,0,0,0
n568989554,n568989554,,25.197207,92.372096,junction,0,0,0
n568989657,n568989657,,25.169499,92.393689,junction,0,0,0
n568989953,n568989953,,25.305631,92.382192,junction,0,0,0
n568989987,n568989987,,24.978548,92.519024,junction,0,0,0
n568990011,n568990011,,24.975074,92.540314,junction,0,0,0
n568990012,n568990012,,24.973929,92.547875,junction,0,0,0
n568990055,n568990055,,25.025057,92.464,junction,0,0,0
n568990065,n568990065,,25.021288,92.474139,junction,0,0,0
n568990079,n568990079,,25.009483,92.502212,junction,0,0,0
n568990106,n568990106,,25.016959,92.492155,junction,0,0,0
n568990124,n568990124,,25.034061,92.461014,junction,0,0,0
n568990141,n568990141,,24.972773,92.556053,junction,0,0,0
n568990151,n568990151,,24.967864,92.572276,junction,0,0,0
n568991390,n568991390,,25.316398,92.129164,junction,0,0,0
n568991448,n568991448,,25.34693,92.144024,junction,0,0,0
n568991508,n568991508,,25.388313,92.153896,junction,0,0,0
n568991523,n568991523,,25.387523,92.158888,junction,0,0,0
n568991599,n568991599,,25.423953,92.167128,junction,0,0,0
n568991679,n568991679,,25.434994,92.185096,junction,0,0,0
n568991695,n568991695,,25.435521,92.186553,junction,0,0,0
n568991812,n568991812,,25.466543,92.233783,junction,0,0,0
n568991820,n568991820,,25.468137,92.240779,junction,0,0,0
n568991835,n568991835,,25.466138,92.270441,junction,0,0,0
n568991919,n568991919,,25.338894,92.366769,junction,0,0,0
n568991986,n568991986,,25.369678,92.326466,junction,0,0,0
n568992002,n568992002,,25.384432,92.325729,junction,0,0,0
n568992048,n568992048,,25.368823,92.33059,junction,0,0,0
n568992230,n568992230,,25.477743,92.32611,junction,0,0,0
n569040825,n569040825,,24.495184,93.764237,junction,0,0,0
n569040865,n569040865,,24.501292,93.777095,junction,0,0,0
n569040920,n569040920,,24.472219,93.783237,junction,0,0,0
n569041437,n569041437,,24.595114,93.76615,junction,0,0,0
n569041489,n569041489,,24.566627,94.032864,junction,0,0,0
n569041528,n569041528,,24.584849,94.035598,junction,0,0,0
n569041531,n569041531,,24.598017,94.036374,junction,0,0,0
n569041570,n569041570,,24.623851,93.762067,junction,0,0,0
n569041577,n569041577,,24.632237,93.763132,junction,0,0,0
n569041691,n569041691,,24.716928,93.835334,junction,0,0,0
n569041716,n569041716,,24.682411,93.953866,junction,0,0,0
n569041746,n569041746,,24.646917,93.995109,junction,0,0,0
n569041777,n569041777,,24.652247,93.990916,junction,0,0,0
n569041845,n569041845,,24.62852,94.011764,junction,0,0,0
n569041851,n569041851,,24.635164,94.005132,junction,0,0,0
n569042345,n569042345,,24.773005,93.904857,junction,0,0,0
n569042369,n569042369,,24.758854,93.935333,junction,0,0,0
n569042398,n569042398,,24.781126,93.939839,junction,0,0,0
n569048545,n569048545,,24.825663,92.864441,junction,0,0,0
n569048558,n569048558,,24.812783,92.875845,junction,0,0,0
n569048603,n569048603,,24.840107,92.83344,junction,0,0,0
n569048604,n569048604,,24.839699,92.835647,junction,0,0,0
n569048648,n569048648,,24.819407,92.939323,junction,0,0,0
n569048661,n569048661,,24.816562,92.967494,junction,0,0,0
n569048675,n569048675,,24.818707,92.969015,junction,0,0,0
n569048682,n569048682,,24.829726,92.977888,junction,0,0,0
n569048707,n569048707,,24.830425,92.984118,junction,0,0,0
n569048716,n569048716,,24.790338,93.018214,junction,0,0,0
n569048743,n569048743,,24.794101,93.019435,junction,0,0,0
n569048813,n569048813,,24.792607,93.034122,junction,0,0,0
n569048874,n569048874,,24.802736,93.021618,junction,0,0,0
n569048947,n569048947,,24.832939,93.023149,junction,0,0,0
n569049638,n569049638,,24.80225,93.062869,junction,0,0,0
n569049736,n569049736,,24.807565,93.112498,junction,0,0,0
n569049747,n569049747,,24.809157,93.080613,junction,0,0,0
n569050169,n569050169,,24.807495,93.11166,junction,0,0,0
n569050220,n569050220,,24.78558,93.152048,junction,0,0,0
n569050246,n569050246,,24.789853,93.158793,junction,0,0,0
n569051365,n569051365,,24.759983,93.351398,junction,0,0,0
n569051370,n569051370,,24.745876,93.425627,junction,0,0,0
n569051529,n569051529,,24.777772,93.451241,junction,0,0,0
n569052193,n569052193,,24.803555,93.47048,junction,0,0,0
n569052341,n569052341,,24.838488,93.482328,junction,0,0,0
n569052467,n569052467,,24.848705,93.498926,junction,0,0,0
n569052538,n569052538,,24.783482,93.663679,junction,0,0,0
n569052549,n569052549,,24.788412,93.770445,junction,0,0,0
n569052750,n569052750,,24.772355,93.82776,junction,0,0,0
n569052753,n569052753,,24.772522,93.836339,junction,0,0,0
n569052756,n569052756,,24.775561,93.842881,junction,0,0,0
n569052866,n569052866,,24.813121,93.554234,junction,0,0,0
n569053145,n569053145,,24.862921,93.600831,junction,0,0,0
n569053406,n569053406,,24.862997,93.623219,junction,0,0,0
n569053407,n569053407,,24.860108,93.623666,junction,0,0,0
n569053462,n569053462,,24.785499,93.698004,junction,0,0,0
n569053565,n569053565,,24.791947,93.722939,junction,0,0,0
n569053861,n569053861,,24.788701,93.859845,junction,0,0,0
n569053870,n569053870,,24.800137,93.918489,junction,0,0,0
n569067215,n569067215,,24.882177,93.919521,junction,0,0,0
n569067235,n569067235,,24.901231,93.885048,junction,0,0,0
n569067293,n569067293,,24.975492,93.888661,junction,0,0,0
n569067389,n569067389,,25.081749,93.936913,junction,0,0,0
n569067433,n569067433,,25.145482,93.967882,junction,0,0,0
n569067442,n569067442,,25.15429,93.973435,junction,0,0,0
n569067515,n569067515,,25.19111,93.986563,junction,0,0,0
n569067646,n569067646,,25.274908,94.027309,junction,0,0,0
n569067665,n569067665,,25.284669,94.03554,junction,0,0,0
n569067667,n569067667,,25.285104,94.03621,junction,0,0,0
n569067702,n569067702,,25.301796,94.043116,junction,0,0,0
n569067716,n569067716,,25.307281,94.043475,junction,0,0,0
n569067820,n569067820,,25.340348,94.059435,junction,0,0,0
n569067976,n569067976,,25.387951,94.091745,junction,0,0,0
n569068034,n569068034,,25.41197,94.091898,junction,0,0,0
n569068065,n569068065,,25.421004,94.101658,junction,0,0,0
n569068144,n569068144,,25.438779,94.103608,junction,0,0,0
n569068248,n569068248,,25.440343,94.126183,junction,0,0,0
n569068270,n569068270,,25.452683,94.125757,junction,0,0,0
n569068450,n569068450,,25.480713,94.138926,junction,0,0,0
n569068497,n569068497,,25.516838,94.133453,junction,0,0,0
n569068599,n569068599,,25.50915,94.135965,junction,0,0,0
n569068827,n569068827,,25.601252,94.116416,junction,0,0,0
n569068855,n569068855,,25.602783,94.112031,junction,0,0,0
n569069155,n569069155,,25.806608,93.791025,junction,0,0,0
n569069164,n569069164,,25.75734,93.841245,junction,0,0,0
n569069267,n569069267,,25.756636,93.8456,junction,0,0,0
n569069335,n569069335,,25.804547,93.793105,junction,0,0,0
n569069375,n569069375,,25.857184,93.76924,junction,0,0,0
n569069381,n569069381,,25.863771,93.767329,junction,0,0,0
n569069388,n569069388,,25.879914,93.762265,junction,0,0,0
n569069510,n569069510,,25.734156,94.001598,junction,0,0,0
n569069644,n569069644,,25.728794,94.027934,junction,0,0,0
n569069685,n569069685,,25.733049,94.024118,junction,0,0,0
n569070151,n569070151,,25.683434,94.075182,junction,0,0,0
n569191987,n569191987,,26.473205,89.543839,junction,0,0,0
n569192003,n569192003,,26.473006,89.545481,junction,0,0,0
n569192030,n569192030,,26.472092,89.55718,junction,0,0,0
n569192059,n569192059,,26.471909,89.554095,junction,0,0,0
n569192146,n569192146,,26.480736,89.535679,junction,0,0,0
n569192269,n569192269,,26.487449,89.588725,junction,0,0,0
n569192352,n569192352,,26.492881,89.59504,junction,0,0,0
n569192397,n569192397,,26.493978,89.593646,junction,0,0,0
n569192406,n569192406,,26.487003,89.605484,junction,0,0,0
n569192525,n569192525,,26.486724,89.650484,junction,0,0,0
n569192529,n569192529,,26.487202,89.651324,junction,0,0,0
n569192731,n569192731,,26.494547,89.690622,junction,0,0,0
n569192765,n569192765,,26.492728,89.699001,junction,0,0,0
n569192767,n569192767,,26.491614,89.700879,junction,0,0,0
n569193106,n569193106,,26.474023,89.78424,junction,0,0,0
n569193132,n569193132,,26.473801,89.786575,junction,0,0,0
n569193256,n569193256,,26.44299,89.884509,junction,0,0,0
n569193344,n569193344,,26.437492,89.90139,junction,0,0,0
n569193404,n569193404,,26.445282,89.911785,junction,0,0,0
n569193525,n569193525,,26.444943,89.966919,junction,0,0,0
n569193543,n569193543,,26.445955,89.977729,junction,0,0,0
n569193565,n569193565,,26.451829,89.991166,junction,0,0,0
n569193843,n569193843,,25.981159,90.789159,junction,0,0,0
n569194205,n569194205,,25.962671,91.033701,junction,0,0,0
n569194332,n569194332,,25.94793,91.105016,junction,0,0,0
n569194369,n569194369,,25.940796,91.130862,junction,0,0,0
n569194419,n569194419,,25.943304,91.148556,junction,0,0,0
n569194422,n569194422,,25.943419,91.149468,junction,0,0,0
n569194498,n569194498,,25.956551,91.198644,junction,0,0,0
n569194516,n569194516,,25.960343,91.208115,junction,0,0,0
n569194589,n569194589,,25.977323,91.233538,junction,0,0,0
n569194737,n569194737,,26.085362,90.560877,junction,0,0,0
n569194879,n569194879,,26.069816,90.598513,junction,0,0,0
n569195050,n569195050,,26.026934,90.669742,junction,0,0,0
n569195095,n569195095,,26.027989,90.668436,junction,0,0,0
n569195146,n569195146,,26.127164,90.57019,junction,0,0,0
n569195209,n569195209,,26.143739,90.557233,junction,0,0,0
n569195224,n569195224,,26.139154,90.561282,junction,0,0,0
n569195257,n569195257,,26.115203,90.578202,junction,0,0,0
n569195305,n569195305,,26.122498,90.575936,junction,0,0,0
n569195340,n569195340,,26.157591,90.549573,junction,0,0,0
n569195342,n569195342,,26.155763,90.549596,junction,0,0,0
n569195438,n569195438,,26.192681,90.559359,junction,0,0,0
n569195458,n569195458,,26.181021,90.556241,junction,0,0,0
n569195513,n569195513,,26.198663,90.559803,junction,0,0,0
n569195736,n569195736,,26.268863,90.59326,junction,0,0,0
n569195790,n569195790,,26.308087,90.623659,junction,0,0,0
n569195792,n569195792,,26.301864,90.622081,junction,0,0,0
n569195835,n569195835,,26.328719,90.631695,junction,0,0,0
n569195917,n569195917,,26.346915,90.630544,junction,0,0,0
n569195922,n569195922,,26.362143,90.634962,junction,0,0,0
n569195940,n569195940,,26.356737,90.634015,junction,0,0,0
n569195951,n569195951,,26.364728,90.635072,junction,0,0,0
n569196181,n569196181,,26.515059,90.027129,junction,0,0,0
n569196218,n569196218,,26.518272,90.036236,junction,0,0,0
n569196221,n569196221,,26.518753,90.037519,junction,0,0,0
n569196341,n569196341,,26.541768,90.104762,junction,0,0,0
n569196342,n569196342,,26.540713,90.106408,junction,0,0,0
n569196873,n569196873,,26.553555,90.154234,junction,0,0,0
n569196884,n569196884,,26.550995,90.163201,junction,0,0,0
n569196907,n569196907,,26.551118,90.164111,junction,0,0,0
n569197027,n569197027,,26.568982,90.194995,junction,0,0,0
n569197030,n569197030,,26.568236,90.196971,junction,0,0,0
n569197037,n569197037,,26.567267,90.19894,junction,0,0,0
n569197055,n569197055,,26.56773,90.198166,junction,0,0,0
n569197077,n569197077,,26.568814,90.210265,junction,0,0,0
n569197078,n569197078,,26.568187,90.212447,junction,0,0,0
n569197189,n569197189,,26.562335,90.267686,junction,0,0,0
n569197201,n569197201,,26.560721,90.277271,junction,0,0,0
n569197248,n569197248,,26.55475,90.32829,junction,0,0,0
n569197272,n569197272,,26.552433,90.344321,junction,0,0,0
n569197303,n569197303,,26.539469,90.433359,junction,0,0,0
n569197337,n569197337,,26.533901,90.449531,junction,0,0,0
n569197350,n569197350,,26.533662,90.450573,junction,0,0,0
n569197421,n569197421,,26.51541,90.511649,junction,0,0,0
n569197426,n569197426,,26.514596,90.514337,junction,0,0,0
n569197693,n569197693,,26.374189,90.617079,junction,0,0,0
n569197771,n569197771,,26.459709,90.559305,junction,0,0,0
n569198068,n569198068,,26.545612,90.362149,junction,0,0,0
n569198092,n569198092,,26.547493,90.364277,junction,0,0,0
n569198199,n569198199,,26.019708,91.315337,junction,0,0,0
n569198218,n569198218,,26.031028,91.337643,junction,0,0,0
n569198250,n569198250,,26.038848,91.353486,junction,0,0,0
n569198279,n569198279,,26.048187,91.387841,junction,0,0,0
n569198283,n569198283,,26.048645,91.389638,junction,0,0,0
n569198354,n569198354,,26.073456,91.429486,junction,0,0,0
n569198364,n569198364,,26.073286,91.430946,junction,0,0,0
n569198415,n569198415,,26.076174,91.462152,junction,0,0,0
n569198478,n569198478,,26.103731,91.511999,junction,0,0,0
n569198534,n569198534,,26.091651,91.536521,junction,0,0,0
n569198536,n569198536,,26.083656,91.570728,junction,0,0,0
n569198556,n569198556,,26.089804,91.559895,junction,0,0,0
n569198659,n569198659,,26.099975,91.612136,junction,0,0,0
n569198749,n569198749,,26.116337,91.614349,junction,0,0,0
n569262396,n569262396,,27.066016,88.45669,junction,0,0,0
n569316645,n569316645,,26.51987,89.202042,junction,0,0,0
n569316654,n569316654,,26.538083,89.181608,junction,0,0,0
n569316661,n569316661,,26.538595,89.17933,junction,0,0,0
n569316712,n569316712,,26.511675,89.225184,junction,0,0,0
n569316715,n569316715,,26.5128,89.220693,junction,0,0,0
n569316722,n569316722,,26.51499,89.212183,junction,0,0,0
n569316729,n569316729,,26.507551,89.249961,junction,0,0,0
n569316771,n569316771,,26.511138,89.261546,junction,0,0,0
n569316774,n569316774,,26.511775,89.259439,junction,0,0,0
n569316835,n569316835,,26.551543,89.167302,junction,0,0,0
n569316847,n569316847,,26.556755,89.16055,junction,0,0,0
n569316848,n569316848,,26.556921,89.159256,junction,0,0,0
n569316885,n569316885,,26.550692,89.168022,junction,0,0,0
n569316921,n569316921,,26.612793,89.14776,junction,0,0,0
n569317018,n569317018,,26.343405,89.473494,junction,0,0,0
n569317022,n569317022,,26.343876,89.468936,junction,0,0,0
n569317106,n569317106,,26.313545,89.554004,junction,0,0,0
n569317108,n569317108,,26.314014,89.55323,junction,0,0,0
n569317125,n569317125,,26.311742,89.543574,junction,0,0,0
n569317128,n569317128,,26.324178,89.480708,junction,0,0,0
n569317140,n569317140,,26.340785,89.477013,junction,0,0,0
n569317206,n569317206,,26.302687,89.58379,junction,0,0,0
n569317219,n569317219,,26.302963,89.582026,junction,0,0,0
n569317243,n569317243,,26.300626,89.633861,junction,0,0,0
n569317249,n569317249,,26.300812,89.632968,junction,0,0,0
n569317366,n569317366,,26.089281,89.911335,junction,0,0,0
n569317383,n569317383,,26.096435,89.884535,junction,0,0,0
n569317389,n569317389,,26.100449,89.87764,junction,0,0,0
n569317407,n569317407,,26.078274,89.952103,junction,0,0,0
n569317414,n569317414,,26.079863,89.945719,junction,0,0,0
n569317428,n569317428,,26.085868,89.926292,junction,0,0,0
n569317429,n569317429,,26.086093,89.925441,junction,0,0,0
n569317441,n569317441,,26.078015,89.964419,junction,0,0,0
n569317448,n569317448,,26.079016,89.959492,junction,0,0,0
n569317454,n569317454,,26.089812,89.967908,junction,0,0,0
n569317499,n569317499,,26.096638,89.991622,junction,0,0,0
n569317502,n569317502,,26.095934,89.990237,junction,0,0,0
n569317522,n569317522,,26.105061,89.853879,junction,0,0,0
n569317528,n569317528,,26.106405,89.848809,junction,0,0,0
n569317535,n569317535,,26.109374,89.845993,junction,0,0,0
n569317560,n569317560,,26.135168,89.835596,junction,0,0,0
n569317573,n569317573,,26.198368,89.784832,junction,0,0,0
n569317671,n569317671,,26.309124,89.668571,junction,0,0,0
n569317683,n569317683,,26.308487,89.674838,junction,0,0,0
n569317699,n569317699,,26.310015,89.67833,junction,0,0,0
n569317700,n569317700,,26.308529,89.681348,junction,0,0,0
n569317733,n569317733,,26.306691,89.684025,junction,0,0,0
n569317739,n569317739,,26.310507,89.696902,junction,0,0,0
n569317758,n569317758,,26.314387,89.734424,junction,0,0,0
n569317820,n569317820,,26.312395,89.750823,junction,0,0,0
n569317975,n569317975,,26.493447,89.368419,junction,0,0,0
n569317979,n569317979,,26.494401,89.367189,junction,0,0,0
n569317989,n569317989,,26.500829,89.304253,junction,0,0,0
n569318018,n569318018,,26.501288,89.327611,junction,0,0,0
n569318023,n569318023,,26.503056,89.321831,junction,0,0,0
n569318037,n569318037,,26.499454,89.348938,junction,0,0,0
n569318151,n569318151,,26.175838,90.072688,junction,0,0,0
n569318213,n569318213,,26.210208,90.134603,junction,0,0,0
n569318229,n569318229,,26.21809,90.138641,junction,0,0,0
n569318231,n569318231,,26.217689,90.136283,junction,0,0,0
n569318271,n569318271,,26.229946,90.17196,junction,0,0,0
n569318341,n569318341,,26.248699,90.244462,junction,0,0,0
n569318438,n569318438,,26.205304,90.311176,junction,0,0,0
n569318459,n569318459,,26.222182,90.333662,junction,0,0,0
n569318492,n569318492,,26.252951,90.273535,junction,0,0,0
n569318575,n569318575,,26.241768,90.380662,junction,0,0,0
n569318597,n569318597,,26.246682,90.389261,junction,0,0,0
n569318672,n569318672,,26.293444,90.449941,junction,0,0,0
n569318712,n569318712,,26.31926,90.470558,junction,0,0,0
n569318714,n569318714,,26.318134,90.469021,junction,0,0,0
n569318717,n569318717,,26.316376,90.466747,junction,0,0,0
n569318753,n569318753,,26.325744,90.483974,junction,0,0,0
n569318758,n569318758,,26.33138,90.501221,junction,0,0,0
n569318865,n569318865,,26.373738,90.615366,junction,0,0,0
n569318875,n569318875,,26.372026,90.606858,junction,0,0,0
n569366497,n569366497,,26.148755,89.806225,junction,0,0,0
n569366499,n569366499,,26.149951,89.811607,junction,0,0,0
n569366507,n569366507,,26.308542,89.682503,junction,0,0,0
n569366513,n569366513,,26.252606,90.272133,junction,0,0,0
n569440002,n569440002,,26.003504,87.854591,junction,0,0,0
n569440948,n569440948,,25.816835,87.91937,junction,0,0,0
n569441069,n569441069,,25.865632,87.898999,junction,0,0,0
n569441146,n569441146,,25.853391,87.925025,junction,0,0,0
n569441151,n569441151,,25.851508,87.92788,junction,0,0,0
n569441163,n569441163,,25.853749,87.924226,junction,0,0,0
n569441172,n569441172,,25.866663,87.893153,junction,0,0,0
n5714069384,n5714069384,,25.900641,92.920467,junction,0,0,0
n5714069407,n5714069407,,25.918111,92.948247,junction,0,0,0
n5714069422,n5714069422,,25.91717,92.952546,junction,0,0,0
n5714069425,n5714069425,,25.916517,92.955087,junction,0,0,0
n5714069432,n5714069432,,25.918372,92.95949,junction,0,0,0
n5730492021,n5730492021,,25.825415,93.395915,junction,0,0,0
n5730778133,n5730778133,,26.106087,89.824246,junction,0,0,0
n5730778592,n5730778592,,26.114897,89.923063,junction,0,0,0
n5730778619,n5730778619,,26.088551,89.960995,junction,0,0,0
n5730779185,n5730779185,,26.313622,89.887229,junction,0,0,0
n5730779201,n5730779201,,26.347807,89.884757,junction,0,0,0
n5731137535,n5731137535,,26.577476,89.997546,junction,0,0,0
n5731137539,n5731137539,,26.578367,90.005354,junction,0,0,0
n5731137545,n5731137545,,26.57851,90.00662,junction,0,0,0
n5731293089,n5731293089,,26.650892,89.957921,junction,0,0,0
n5735513695,n5735513695,,26.234321,94.001191,junction,0,0,0
n5735514246,n5735514246,,26.292328,93.989625,junction,0,0,0
n5735514286,n5735514286,,26.245527,93.956081,junction,0,0,0
n5735514443,n5735514443,,26.275904,93.901262,junction,0,0,0
n5736469435,n5736469435,,27.381521,95.170622,junction,0,0,0
n5736469481,n5736469481,,27.362811,95.214221,junction,0,0,0
n5736469499,n5736469499,,27.36189,95.226186,junction,0,0,0
n5736469593,n5736469593,,27.336018,95.280357,junction,0,0,0
n5736784482,n5736784482,,27.366297,95.270757,junction,0,0,0
n5736784502,n5736784502,,27.363764,95.288109,junction,0,0,0
n5736785575,n5736785575,,27.375244,95.238791,junction,0,0,0
n5736802663,n5736802663,,27.375615,95.363338,junction,0,0,0
n5739565438,n5739565438,,26.805074,93.057836,junction,0,0,0
n5739565466,n5739565466,,26.793371,93.049896,junction,0,0,0
n5744150038,n5744150038,,25.97022,91.54929,junction,0,0,0
n5744150325,n5744150325,,26.03479,91.583081,junction,0,0,0
n5744150365,n5744150365,,25.873887,91.472233,junction,0,0,0
n5744865405,n5744865405,,26.349522,93.341807,junction,0,0,0
n5744868867,n5744868867,,26.338881,93.30306,junction,0,0,0
n5744869054,n5744869054,,26.306707,93.238698,junction,0,0,0
n5745787373,n5745787373,,26.539634,91.612238,junction,0,0,0
n5745787376,n5745787376,,26.537278,91.61388,junction,0,0,0
n5745787599,n5745787599,,26.541084,91.607029,junction,0,0,0
n5745787601,n5745787601,,26.541266,91.602175,junction,0,0,0
n5745789322,n5745789322,,26.815143,91.844853,junction,0,0,0
n5745789328,n5745789328,,26.814952,91.84412,junction,0,0,0
n5747361544,n5747361544,,26.785216,90.534001,junction,0,0,0
n5747361547,n5747361547,,26.785896,90.532713,junction,0,0,0
n5747361548,n5747361548,,26.787227,90.52979,junction,0,0,0
n5747361566,n5747361566,,26.821914,90.525997,junction,0,0,0
n5747361576,n5747361576,,26.827837,90.522184,junction,0,0,0
n5747733416,n5747733416,,27.806806,95.109866,junction,0,0,0
n5747736465,n5747736465,,27.834726,95.143592,junction,0,0,0
n5747736466,n5747736466,,27.835191,95.145244,junction,0,0,0
n5747736493,n5747736493,,27.850711,95.161922,junction,0,0,0
n5747736497,n5747736497,,27.851124,95.163499,junction,0,0,0
n5747807137,n5747807137,,27.780425,95.292983,junction,0,0,0
n5747807157,n5747807157,,27.790543,95.274306,junction,0,0,0
n5749813104,n5749813104,,25.736161,93.681482,junction,0,0,0
n5749813117,n5749813117,,25.737427,93.688268,junction,0,0,0
n5749813511,n5749813511,,25.758399,93.705736,junction,0,0,0
n5752464156,n5752464156,,26.869408,88.67972,junction,0,0,0
n5753920113,n5753920113,,27.068312,94.938231,junction,0,0,0
n5753921937,n5753921937,,27.087684,94.933698,junction,0,0,0
n5753921986,n5753921986,,27.068808,94.936128,junction,0,0,0
n5753922017,n5753922017,,27.061903,94.952736,junction,0,0,0
n5753922044,n5753922044,,27.072311,94.976175,junction,0,0,0
n5753939406,n5753939406,,27.030879,94.729306,junction,0,0,0
n5753939416,n5753939416,,27.031693,94.7304,junction,0,0,0
n5753939531,n5753939531,,27.068403,94.861724,junction,0,0,0
n5753939620,n5753939620,,27.054507,94.742593,junction,0,0,0
n5753939737,n5753939737,,27.054045,94.743315,junction,0,0,0
n5754174363,n5754174363,,26.915701,94.735728,junction,0,0,0
n5754176320,n5754176320,,26.788953,94.65234,junction,0,0,0
n5754176442,n5754176442,,26.78784,94.68526,junction,0,0,0
n5754176487,n5754176487,,26.908917,94.728847,junction,0,0,0
n5754189169,n5754189169,,26.860371,94.756522,junction,0,0,0
n575546495,n575546495,,26.967077,88.123749,junction,0,0,0
n575546641,n575546641,,27.008222,88.259549,junction,0,0,0
n575546743,n575546743,,27.060812,88.252385,junction,0,0,0
n575546779,n575546779,,27.041611,88.266352,junction,0,0,0
n5755880117,n5755880117,,26.786719,94.691008,junction,0,0,0
n5755880893,n5755880893,,26.788013,94.636888,junction,0,0,0
n5755880911,n5755880911,,26.786753,94.623664,junction,0,0,0
n5755880939,n5755880939,,26.784542,94.602743,junction,0,0,0
n5755880955,n5755880955,,26.784183,94.586171,junction,0,0,0
n5758970447,n5758970447,,26.963733,88.863851,junction,0,0,0
n5758970631,n5758970631,,26.899949,88.858786,junction,0,0,0
n5760651203,n5760651203,,26.024524,90.66963,junction,0,0,0
n5762002184,n5762002184,,26.872404,88.658039,junction,0,0,0
n5763172952,n5763172952,,25.742626,93.895464,junction,0,0,0
n5763173072,n5763173072,,25.738038,93.890923,junction,0,0,0
n5763173178,n5763173178,,25.696949,93.875065,junction,0,0,0
n5763173278,n5763173278,,25.691299,93.8705,junction,0,0,0
n5763173318,n5763173318,,25.680949,93.859414,junction,0,0,0
n5763228253,n5763228253,,26.892093,92.145214,junction,0,0,0
n5765860147,n5765860147,,25.894761,92.598081,junction,0,0,0
n5766110467,n5766110467,,25.178379,93.116751,junction,0,0,0
n5767174187,n5767174187,,25.668188,93.83534,junction,0,0,0
n5767174243,n5767174243,,25.655236,93.805365,junction,0,0,0
n5768935869,n5768935869,,26.802717,88.405259,junction,0,0,0
n5769923230,n5769923230,,25.878308,94.708901,junction,0,0,0
n5775206339,n5775206339,,26.039731,89.915741,junction,0,0,0
n5775206340,n5775206340,,26.039813,89.916959,junction,0,0,0
n5775206445,n5775206445,,26.06002,89.864066,junction,0,0,0
n5775206572,n5775206572,,26.066692,89.863756,junction,0,0,0
n5775206574,n5775206574,,26.064738,89.863553,junction,0,0,0
n5775206637,n5775206637,,26.053506,89.865965,junction,0,0,0
n5775206640,n5775206640,,26.054107,89.868989,junction,0,0,0
n5775206930,n5775206930,,26.022427,89.881124,junction,0,0,0
n5775206942,n5775206942,,26.052474,89.89357,junction,0,0,0
n5775207081,n5775207081,,26.078459,89.868625,junction,0,0,0
n5775207195,n5775207195,,26.118312,89.968404,junction,0,0,0
n5775207196,n5775207196,,26.117041,89.968092,junction,0,0,0
n5775207300,n5775207300,,26.115827,89.922699,junction,0,0,0
n5775285599,n5775285599,,27.202074,94.101001,junction,0,0,0
n5775677717,n5775677717,,26.365832,91.491709,junction,0,0,0
n5775677737,n5775677737,,26.350497,91.485619,junction,0,0,0
n5775677746,n5775677746,,26.349609,91.476589,junction,0,0,0
n5775677764,n5775677764,,26.34702,91.458226,junction,0,0,0
n5775678353,n5775678353,,26.641734,91.224764,junction,0,0,0
n5775678354,n5775678354,,26.641552,91.223881,junction,0,0,0
n5775866325,n5775866325,,26.313377,92.284212,junction,0,0,0
n5775866509,n5775866509,,26.283555,92.338611,junction,0,0,0
n5775866621,n5775866621,,26.408547,92.285397,junction,0,0,0
n5775866667,n5775866667,,26.313742,92.295468,junction,0,0,0
n5775866712,n5775866712,,26.245528,92.312898,junction,0,0,0
n5775867302,n5775867302,,26.36554,92.225355,junction,0,0,0
n5775867325,n5775867325,,26.315597,92.282157,junction,0,0,0
n5775867335,n5775867335,,26.295339,92.284448,junction,0,0,0
n5775867336,n5775867336,,26.29656,92.284631,junction,0,0,0
n5775867338,n5775867338,,26.299091,92.313865,junction,0,0,0
n5779798430,n5779798430,,26.162321,92.997741,junction,0,0,0
n5779799050,n5779799050,,26.131293,93.028584,junction,0,0,0
n5779799053,n5779799053,,26.129154,93.031368,junction,0,0,0
n5779959525,n5779959525,,26.608697,90.657844,junction,0,0,0
n5779959538,n5779959538,,26.612961,90.632891,junction,0,0,0
n5779959543,n5779959543,,26.615719,90.624968,junction,0,0,0
n5779960254,n5779960254,,26.627243,90.630448,junction,0,0,0
n5779960269,n5779960269,,26.643611,90.603374,junction,0,0,0
n5779960273,n5779960273,,26.645397,90.595786,junction,0,0,0
n5779960275,n5779960275,,26.64573,90.587943,junction,0,0,0
n5779960280,n5779960280,,26.64264,90.579853,junction,0,0,0
n5779960330,n5779960330,,26.485402,90.716901,junction,0,0,0
n5779960332,n5779960332,,26.484655,90.717034,junction,0,0,0
n5779960333,n5779960333,,26.483471,90.711831,junction,0,0,0
n5779960350,n5779960350,,26.475693,90.721112,junction,0,0,0
n5779960375,n5779960375,,26.555845,90.699121,junction,0,0,0
n5779960389,n5779960389,,26.55876,90.689768,junction,0,0,0
n5779960396,n5779960396,,26.561173,90.677617,junction,0,0,0
n5779960621,n5779960621,,26.532925,90.63651,junction,0,0,0
n5779960661,n5779960661,,26.498904,90.691312,junction,0,0,0
n5779960666,n5779960666,,26.49531,90.701435,junction,0,0,0
n5779960668,n5779960668,,26.496051,90.697996,junction,0,0,0
n5779960671,n5779960671,,26.496323,90.694966,junction,0,0,0
n5779960672,n5779960672,,26.496448,90.693694,junction,0,0,0
n5779960673,n5779960673,,26.496487,90.691162,junction,0,0,0
n5779960694,n5779960694,,26.486116,90.699048,junction,0,0,0
n5779960700,n5779960700,,26.48723,90.700046,junction,0,0,0
n5779960702,n5779960702,,26.495642,90.705298,junction,0,0,0
n5779960705,n5779960705,,26.495845,90.706455,junction,0,0,0
n5779960756,n5779960756,,26.49085,90.751043,junction,0,0,0
n5779960783,n5779960783,,26.497394,90.701744,junction,0,0,0
n5779960785,n5779960785,,26.58385,90.77054,junction,0,0,0
n5779960812,n5779960812,,26.542176,90.745077,junction,0,0,0
n5779960824,n5779960824,,26.534504,90.738589,junction,0,0,0
n5779960831,n5779960831,,26.51483,90.722246,junction,0,0,0
n5779960837,n5779960837,,26.502303,90.706787,junction,0,0,0
n5779960845,n5779960845,,26.500867,90.699193,junction,0,0,0
n5779960955,n5779960955,,26.502852,90.699391,junction,0,0,0
n5779961033,n5779961033,,26.572197,90.664002,junction,0,0,0
n5781761775,n5781761775,,26.520215,93.941452,junction,0,0,0
n5781761776,n5781761776,,26.517494,93.941179,junction,0,0,0
n5782148776,n5782148776,,25.819718,93.802678,junction,0,0,0
n5782148779,n5782148779,,25.840638,93.816159,junction,0,0,0
n5782252466,n5782252466,,26.237041,90.214018,junction,0,0,0
n5783966622,n5783966622,,26.812563,94.294615,junction,0,0,0
n5787589238,n5787589238,,26.518197,92.854093,junction,0,0,0
n5787589453,n5787589453,,26.517544,92.829183,junction,0,0,0
n5787589471,n5787589471,,26.534782,92.792526,junction,0,0,0
n5789241431,n5789241431,,26.449639,91.196512,junction,0,0,0
n5789241583,n5789241583,,26.402599,91.208456,junction,0,0,0
n5789241624,n5789241624,,26.425149,91.204518,junction,0,0,0
n5792354501,n5792354501,,26.481843,91.555037,junction,0,0,0
n5792354502,n5792354502,,26.48106,91.556545,junction,0,0,0
n5792829473,n5792829473,,26.50652,92.786381,junction,0,0,0
n5792829481,n5792829481,,26.480515,92.770258,junction,0,0,0
n5792829710,n5792829710,,26.406169,92.643993,junction,0,0,0
n5792861050,n5792861050,,26.259679,92.054391,junction,0,0,0
n5792961925,n5792961925,,26.277336,92.727394,junction,0,0,0
n5792961958,n5792961958,,26.291761,92.722727,junction,0,0,0
n5794106944,n5794106944,,26.521014,91.324515,junction,0,0,0
n5794288699,n5794288699,,26.666737,91.100339,junction,0,0,0
n5794288734,n5794288734,,26.663788,91.137892,junction,0,0,0
n5794288740,n5794288740,,26.662314,91.151765,junction,0,0,0
n5794288744,n5794288744,,26.6617,91.153154,junction,0,0,0
n5796144530,n5796144530,,27.412688,95.460426,junction,0,0,0
n5796144541,n5796144541,,27.4196,95.459465,junction,0,0,0
n5796144862,n5796144862,,27.435709,95.462899,junction,0,0,0
n5796145106,n5796145106,,27.456074,95.469454,junction,0,0,0
n5796145122,n5796145122,,27.467134,95.448727,junction,0,0,0
n5796561726,n5796561726,,26.774709,92.377167,junction,0,0,0
n5796562462,n5796562462,,26.839341,92.245122,junction,0,0,0
n5796562464,n5796562464,,26.875971,92.170165,junction,0,0,0
n5796562485,n5796562485,,26.875855,92.172586,junction,0,0,0
n5796562515,n5796562515,,26.86062,92.182331,junction,0,0,0
n5796562516,n5796562516,,26.860988,92.184509,junction,0,0,0
n5796562525,n5796562525,,26.864709,92.199538,junction,0,0,0
n5796562530,n5796562530,,26.864747,92.202595,junction,0,0,0
n5796562866,n5796562866,,26.850704,92.229356,junction,0,0,0
n5796562867,n5796562867,,26.850684,92.232236,junction,0,0,0
n5796653375,n5796653375,,26.598054,92.268634,junction,0,0,0
n5796653376,n5796653376,,26.599594,92.271,junction,0,0,0
n5796653769,n5796653769,,26.62661,92.290252,junction,0,0,0
n5796962406,n5796962406,,26.779287,91.968371,junction,0,0,0
n5796962423,n5796962423,,26.843143,91.95148,junction,0,0,0
n5796962861,n5796962861,,26.65926,91.906053,junction,0,0,0
n5796962990,n5796962990,,26.745424,91.892631,junction,0,0,0
n5796963625,n5796963625,,26.682344,92.042963,junction,0,0,0
n5796963626,n5796963626,,26.683964,92.044106,junction,0,0,0
n5796963821,n5796963821,,26.607767,91.995462,junction,0,0,0
n5796963895,n5796963895,,26.710793,91.991449,junction,0,0,0
n5796963915,n5796963915,,26.725386,91.988025,junction,0,0,0
n5796999444,n5796999444,,24.773163,92.483854,junction,0,0,0
n5797001304,n5797001304,,24.795581,92.483288,junction,0,0,0
n5797001321,n5797001321,,24.803799,92.479418,junction,0,0,0
n5797001388,n5797001388,,24.810819,92.452995,junction,0,0,0
n5797001437,n5797001437,,24.821839,92.419202,junction,0,0,0
n5797001438,n5797001438,,24.795868,92.412931,junction,0,0,0
n5797001515,n5797001515,,24.81553,92.480907,junction,0,0,0
n5797001557,n5797001557,,24.849552,92.493326,junction,0,0,0
n5798352435,n5798352435,,25.999322,92.599239,junction,0,0,0
n5800306875,n5800306875,,27.388834,95.168257,junction,0,0,0
n5800306889,n5800306889,,27.409631,95.173018,junction,0,0,0
n5800306921,n5800306921,,27.429495,95.1942,junction,0,0,0
n5800306967,n5800306967,,27.457447,95.199645,junction,0,0,0
n5800307023,n5800307023,,27.394407,95.474871,junction,0,0,0
n5800307138,n5800307138,,27.269827,95.158192,junction,0,0,0
n5800452521,n5800452521,,26.72407,94.000528,junction,0,0,0
n5800452899,n5800452899,,26.539352,94.007403,junction,0,0,0
n5801909444,n5801909444,,26.086439,92.994198,junction,0,0,0
n5801921723,n5801921723,,26.03697,93.010978,junction,0,0,0
n5802146035,n5802146035,,26.857586,94.780938,junction,0,0,0
n5802146056,n5802146056,,26.805993,94.762793,junction,0,0,0
n5803724428,n5803724428,,25.554793,93.667819,junction,0,0,0
n5804672083,n5804672083,,27.104763,95.094145,junction,0,0,0
n5804673294,n5804673294,,27.112958,94.891093,junction,0,0,0
n5807617241,n5807617241,,27.083005,94.950414,junction,0,0,0
n5809535848,n5809535848,,26.103209,92.147776,junction,0,0,0
n5809536270,n5809536270,,26.108226,92.166,junction,0,0,0
n5811990737,n5811990737,,26.44476,91.554773,junction,0,0,0
n5812660301,n5812660301,,26.323845,90.705399,junction,0,0,0
n5812660302,n5812660302,,26.323672,90.706196,junction,0,0,0
n5812888412,n5812888412,,26.42811,89.969825,junction,0,0,0
n5812888447,n5812888447,,26.428599,89.899708,junction,0,0,0
n5821327931,n5821327931,,26.470724,90.765155,junction,0,0,0
n5832181805,n5832181805,,22.813086,92.975282,junction,0,0,0
n5838434404,n5838434404,,26.43819,90.286968,junction,0,0,0
n5839998287,n5839998287,,26.42475,91.150037,junction,0,0,0
n5867268819,n5867268819,,27.505038,95.751293,junction,0,0,0
n5867494314,n5867494314,,27.226782,95.478521,junction,0,0,0
n5867508668,n5867508668,,27.244526,95.566475,junction,0,0,0
n5867509175,n5867509175,,27.257788,95.528396,junction,0,0,0
n5867538256,n5867538256,,27.385723,95.577876,junction,0,0,0
n5870320977,n5870320977,,25.666633,93.769572,junction,0,0,0
n5870460252,n5870460252,,25.664044,93.696736,junction,0,0,0
n5893508199,n5893508199,,26.142406,93.948421,junction,0,0,0
n5893508345,n5893508345,,26.16699,93.893059,junction,0,0,0
n5893508425,n5893508425,,26.195306,93.865329,junction,0,0,0
n5893508457,n5893508457,,26.141675,93.950964,junction,0,0,0
n5893508655,n5893508655,,26.031875,93.943851,junction,0,0,0
n5893508693,n5893508693,,26.144834,93.89188,junction,0,0,0
n5893508834,n5893508834,,26.009716,93.934117,junction,0,0,0
n5893508925,n5893508925,,26.06696,93.93339,junction,0,0,0
n5893508941,n5893508941,,26.142667,93.950406,junction,0,0,0
n5894647194,n5894647194,,25.886045,93.735781,junction,0,0,0
n5894647195,n5894647195,,25.886872,93.735153,junction,0,0,0
n5894916808,n5894916808,,25.710387,94.497289,junction,0,0,0
n5894917084,n5894917084,,25.734849,94.488545,junction,0,0,0
n5894959368,n5894959368,,25.746712,94.579678,junction,0,0,0
n5895090710,n5895090710,,25.888519,94.687238,junction,0,0,0
n5896060889,n5896060889,,26.706729,94.736352,junction,0,0,0
n5896060918,n5896060918,,26.67769,94.737567,junction,0,0,0
n5896140862,n5896140862,,26.693813,94.774354,junction,0,0,0
n5896476372,n5896476372,,25.869766,94.433498,junction,0,0,0
n5903313818,n5903313818,,25.712258,94.037746,junction,0,0,0
n5904499337,n5904499337,,26.597464,94.889844,junction,0,0,0
n5904499371,n5904499371,,26.596653,94.888508,junction,0,0,0
n5908439469,n5908439469,,25.701605,94.393834,junction,0,0,0
n5908454862,n5908454862,,25.690168,94.318104,junction,0,0,0
n5914129350,n5914129350,,26.934712,95.141722,junction,0,0,0
n5920789877,n5920789877,,26.179554,95.031494,junction,0,0,0
n5921311276,n5921311276,,26.258099,95.084544,junction,0,0,0
n5928686539,n5928686539,,25.627051,93.643355,junction,0,0,0
n5928695480,n5928695480,,25.532577,93.528038,junction,0,0,0
n5928696309,n5928696309,,25.539288,93.5362,junction,0,0,0
n5928696371,n5928696371,,25.542633,93.548863,junction,0,0,0
n5928696450,n5928696450,,25.544861,93.632677,junction,0,0,0
n5928763337,n5928763337,,25.84167,94.052888,junction,0,0,0
n5928764611,n5928764611,,25.828499,94.071081,junction,0,0,0
n5928765300,n5928765300,,25.859552,94.144501,junction,0,0,0
n5928877980,n5928877980,,25.731301,93.661214,junction,0,0,0
n5928882811,n5928882811,,25.724844,93.657431,junction,0,0,0
n5928882862,n5928882862,,25.728427,93.631991,junction,0,0,0
n5928949415,n5928949415,,25.83439,93.971887,junction,0,0,0
n5928951059,n5928951059,,25.837817,94.048376,junction,0,0,0
n5929094139,n5929094139,,25.618548,94.166436,junction,0,0,0
n5929523071,n5929523071,,26.935644,95.137664,junction,0,0,0
n5929526693,n5929526693,,26.948087,95.079876,junction,0,0,0
n5931603077,n5931603077,,26.584735,94.54613,junction,0,0,0
n5931603312,n5931603312,,26.57128,94.535809,junction,0,0,0
n5931723098,n5931723098,,26.641954,94.584652,junction,0,0,0
n5932355592,n5932355592,,25.745401,93.860162,junction,0,0,0
n5932357055,n5932357055,,25.741206,93.858621,junction,0,0,0
n5932357209,n5932357209,,25.714253,93.852007,junction,0,0,0
n5932357216,n5932357216,,25.706248,93.850244,junction,0,0,0
n5932357253,n5932357253,,25.689641,93.839775,junction,0,0,0
n5933478556,n5933478556,,26.922778,95.000335,junction,0,0,0
n5934119939,n5934119939,,26.719296,94.8302,junction,0,0,0
n5936564314,n5936564314,,24.838708,92.367251,junction,0,0,0
n5936564614,n5936564614,,24.829283,92.281436,junction,0,0,0
n5936564620,n5936564620,,24.824603,92.286825,junction,0,0,0
n5936564652,n5936564652,,24.810953,92.286117,junction,0,0,0
n5936564708,n5936564708,,24.78453,92.301056,junction,0,0,0
n5936564737,n5936564737,,24.771662,92.324868,junction,0,0,0
n5936564830,n5936564830,,24.764292,92.338332,junction,0,0,0
n5936564857,n5936564857,,24.747133,92.347909,junction,0,0,0
n5936564904,n5936564904,,24.704347,92.410092,junction,0,0,0
n5940219796,n5940219796,,25.933844,94.001636,junction,0,0,0
n5940220082,n5940220082,,25.918022,94.044618,junction,0,0,0
n5942582391,n5942582391,,28.136267,95.725233,junction,0,0,0
n5945042623,n5945042623,,25.849955,90.092515,junction,0,0,0
n5945042630,n5945042630,,25.853518,90.08641,junction,0,0,0
n5945042808,n5945042808,,25.430689,90.097332,junction,0,0,0
n5945042878,n5945042878,,25.43449,89.855558,junction,0,0,0
n5945043188,n5945043188,,25.287619,89.862182,junction,0,0,0
n5971389324,n5971389324,,26.780602,94.746422,junction,0,0,0
n5971389338,n5971389338,,26.781596,94.737937,junction,0,0,0
n6001383839,n6001383839,,24.182915,92.332827,junction,0,0,0
n6005632648,n6005632648,,27.845626,95.232842,junction,0,0,0
n6005632652,n6005632652,,27.691209,94.824553,junction,0,0,0
n6010389670,n6010389670,,26.871612,88.874325,junction,0,0,0
n6010389672,n6010389672,,26.625555,89.150553,junction,0,0,0
n6015351225,n6015351225,,26.190801,95.014519,junction,0,0,0
n6016305574,n6016305574,,26.1112,91.777382,junction,0,0,0
n6018098541,n6018098541,,25.646934,89.965113,junction,0,0,0
n6018118378,n6018118378,,26.653733,91.420541,junction,0,0,0
n6018333336,n6018333336,,25.931631,93.447569,junction,0,0,0
n6021550351,n6021550351,,24.556025,93.899295,junction,0,0,0
n603477323,n603477323,,27.514682,88.582801,junction,0,0,0
n603491523,n603491523,,27.410748,88.557099,junction,0,0,0
n603491630,n603491630,,27.422333,88.586547,junction,0,0,0
n603492184,n603492184,,27.433789,88.605511,junction,0,0,0
n603492316,n603492316,,27.475112,88.526996,junction,0,0,0
n603492323,n603492323,,27.478214,88.527145,junction,0,0,0
n603492910,n603492910,,27.368017,88.617093,junction,0,0,0
n603492984,n603492984,,27.370404,88.615109,junction,0,0,0
n603493214,n603493214,,27.412305,88.628202,junction,0,0,0
n603493986,n603493986,,27.418967,88.629906,junction,0,0,0
n603496097,n603496097,,27.099701,88.465759,junction,0,0,0
n603496351,n603496351,,27.121517,88.494655,junction,0,0,0
n603496687,n603496687,,27.146075,88.528854,junction,0,0,0
n603496707,n603496707,,27.1553,88.535098,junction,0,0,0
n603496800,n603496800,,27.188351,88.502579,junction,0,0,0
n603497219,n603497219,,27.231184,88.499075,junction,0,0,0
n603497232,n603497232,,27.233127,88.500059,junction,0,0,0
n603497295,n603497295,,27.17222,88.529855,junction,0,0,0
n603497501,n603497501,,27.172935,88.530465,junction,0,0,0
n603497712,n603497712,,27.242985,88.522779,junction,0,0,0
n603497779,n603497779,,27.250729,88.532032,junction,0,0,0
n603502290,n603502290,,27.049036,88.265337,junction,0,0,0
n603502571,n603502571,,27.089919,88.256734,junction,0,0,0
n603538938,n603538938,,27.307525,88.375322,junction,0,0,0
n6098467040,n6098467040,,26.373934,91.507666,junction,0,0,0
n6098501134,n6098501134,,26.439999,91.722067,junction,0,0,0
n6098501148,n6098501148,,26.439122,91.709005,junction,0,0,0
n6098501162,n6098501162,,26.444276,91.696022,junction,0,0,0
n6099312073,n6099312073,,26.376293,91.507076,junction,0,0,0
n6099312080,n6099312080,,26.390301,91.507474,junction,0,0,0
n6101924768,n6101924768,,26.497553,90.96831,junction,0,0,0
n6102015878,n6102015878,,26.495575,90.968277,junction,0,0,0
n6102273585,n6102273585,,26.427707,93.79745,junction,0,0,0
n6102273599,n6102273599,,26.423349,93.783157,junction,0,0,0
n6102273624,n6102273624,,26.435155,93.762061,junction,0,0,0
n6102286623,n6102286623,,26.435061,93.819573,junction,0,0,0
n6102286655,n6102286655,,26.450821,93.862365,junction,0,0,0
n6102286667,n6102286667,,26.455492,93.885781,junction,0,0,0
n6102322469,n6102322469,,26.676276,93.620065,junction,0,0,0
n6102323288,n6102323288,,26.648657,93.606922,junction,0,0,0
n6102553650,n6102553650,,26.390669,93.960965,junction,0,0,0
n6105115267,n6105115267,,26.333403,92.844131,junction,0,0,0
n6105146755,n6105146755,,26.086138,92.636214,junction,0,0,0
n6105146756,n6105146756,,26.096626,92.636115,junction,0,0,0
n6105171966,n6105171966,,26.068013,92.619126,junction,0,0,0
n6105171968,n6105171968,,26.066245,92.617707,junction,0,0,0
n6105481079,n6105481079,,24.720218,92.821389,junction,0,0,0
n6105509584,n6105509584,,26.568099,92.155112,junction,0,0,0
n6105527037,n6105527037,,26.523194,92.152582,junction,0,0,0
n6112240552,n6112240552,,26.658908,91.442127,junction,0,0,0
n6112240556,n6112240556,,26.654171,91.449988,junction,0,0,0
n6112257888,n6112257888,,26.365404,91.496031,junction,0,0,0
n6112553474,n6112553474,,24.848502,92.659921,junction,0,0,0
n6112553483,n6112553483,,24.848941,92.666969,junction,0,0,0
n6114679291,n6114679291,,26.498855,90.968351,junction,0,0,0
n6115571916,n6115571916,,26.811623,92.070907,junction,0,0,0
n6125469233,n6125469233,,26.517294,88.768661,junction,0,0,0
n6127804952,n6127804952,,26.351421,89.207354,junction,0,0,0
n6127804961,n6127804961,,26.340628,89.210218,junction,0,0,0
n6127804965,n6127804965,,26.336751,89.214795,junction,0,0,0
n6127804969,n6127804969,,26.340729,89.20873,junction,0,0,0
n6127804984,n6127804984,,26.340316,89.215561,junction,0,0,0
n6127805372,n6127805372,,26.378443,89.685237,junction,0,0,0
n6127805394,n6127805394,,26.352623,89.675764,junction,0,0,0
n6127805395,n6127805395,,26.351325,89.674777,junction,0,0,0
n6127805476,n6127805476,,26.462663,89.58531,junction,0,0,0
n6127805582,n6127805582,,26.36661,89.52836,junction,0,0,0
n6127805588,n6127805588,,26.366312,89.530924,junction,0,0,0
n6129018728,n6129018728,,26.696262,89.282486,junction,0,0,0
n6152587071,n6152587071,,23.028684,91.568915,junction,0,0,0
n6152587531,n6152587531,,23.03247,91.552269,junction,0,0,0
n6154014301,n6154014301,,24.852391,92.611377,junction,0,0,0
n6154014302,n6154014302,,24.841204,92.602924,junction,0,0,0
n6154014503,n6154014503,,24.871377,92.698703,junction,0,0,0
n6165382450,n6165382450,,24.801252,92.41125,junction,0,0,0
n6165382456,n6165382456,,24.770939,92.410597,junction,0,0,0
n6165382467,n6165382467,,24.782936,92.411928,junction,0,0,0
n6165382471,n6165382471,,24.789842,92.413108,junction,0,0,0
n6167932368,n6167932368,,26.535169,92.87273,junction,0,0,0
n6175031709,n6175031709,,26.514717,92.844542,junction,0,0,0
n6175283960,n6175283960,,26.753822,91.866691,junction,0,0,0
n6175283962,n6175283962,,26.753797,91.864561,junction,0,0,0
n6175369758,n6175369758,,26.650043,92.141494,junction,0,0,0
n6175513063,n6175513063,,25.461734,92.97626,junction,0,0,0
n6175514143,n6175514143,,25.546968,92.973359,junction,0,0,0
n6175514645,n6175514645,,25.623182,92.919314,junction,0,0,0
n6175559789,n6175559789,,26.448741,92.943264,junction,0,0,0
n6175560149,n6175560149,,26.325008,92.839681,junction,0,0,0
n6175560158,n6175560158,,26.310355,92.825434,junction,0,0,0
n6175560167,n6175560167,,26.300475,92.804856,junction,0,0,0
n6175560315,n6175560315,,26.192634,92.747353,junction,0,0,0
n6176123670,n6176123670,,26.161121,92.661408,junction,0,0,0
n6176124203,n6176124203,,26.19131,92.660904,junction,0,0,0
n6176124242,n6176124242,,26.220989,92.650551,junction,0,0,0
n6176237442,n6176237442,,26.117674,92.644988,junction,0,0,0
n6176237445,n6176237445,,26.121556,92.647026,junction,0,0,0
n6176237474,n6176237474,,26.135815,92.649411,junction,0,0,0
n6176237475,n6176237475,,26.136588,92.650006,junction,0,0,0
n6176237492,n6176237492,,26.152132,92.653547,junction,0,0,0
n6176237510,n6176237510,,26.153599,92.653475,junction,0,0,0
n6176656058,n6176656058,,26.344011,94.173649,junction,0,0,0
n6176656082,n6176656082,,26.35692,94.16318,junction,0,0,0
n6176656093,n6176656093,,26.376549,94.145295,junction,0,0,0
n6176656126,n6176656126,,26.426042,94.128067,junction,0,0,0
n6176656131,n6176656131,,26.438015,94.13632,junction,0,0,0
n6176656136,n6176656136,,26.44066,94.135333,junction,0,0,0
n6176771222,n6176771222,,26.569433,93.705643,junction,0,0,0
n6176771906,n6176771906,,26.529214,93.736052,junction,0,0,0
n6176772127,n6176772127,,26.491929,93.761998,junction,0,0,0
n6176772315,n6176772315,,26.461847,93.758478,junction,0,0,0
n6176772319,n6176772319,,26.460873,93.758762,junction,0,0,0
n6176772330,n6176772330,,26.456229,93.755752,junction,0,0,0
n6176986795,n6176986795,,25.001438,93.066299,junction,0,0,0
n6176986798,n6176986798,,24.993982,93.063225,junction,0,0,0
n6176986909,n6176986909,,24.977197,93.051973,junction,0,0,0
n6176987227,n6176987227,,24.971221,93.021012,junction,0,0,0
n6176987407,n6176987407,,24.949552,92.998258,junction,0,0,0
n6177045711,n6177045711,,24.455814,92.819812,junction,0,0,0
n6177045925,n6177045925,,24.524907,92.843956,junction,0,0,0
n6177045955,n6177045955,,24.531038,92.838712,junction,0,0,0
n6177045981,n6177045981,,24.538564,92.833309,junction,0,0,0
n6177103758,n6177103758,,26.771395,93.081027,junction,0,0,0
n6177103790,n6177103790,,26.782941,93.062611,junction,0,0,0
n6186665353,n6186665353,,23.212446,92.999773,junction,0,0,0
n6186667181,n6186667181,,23.223174,92.930197,junction,0,0,0
n6186709665,n6186709665,,23.128782,93.063775,junction,0,0,0
n6187771395,n6187771395,,23.185737,93.073117,junction,0,0,0
n6188029887,n6188029887,,23.354884,93.112218,junction,0,0,0
n6188032550,n6188032550,,23.448225,93.205447,junction,0,0,0
n6188301434,n6188301434,,23.004406,92.722669,junction,0,0,0
n6188499361,n6188499361,,22.707052,92.529315,junction,0,0,0
n6189803566,n6189803566,,22.32173,92.902732,junction,0,0,0
n6189804838,n6189804838,,22.335404,92.895783,junction,0,0,0
n6189805690,n6189805690,,22.354519,92.96296,junction,0,0,0
n6195177267,n6195177267,,23.352085,91.328035,junction,0,0,0
n6195177276,n6195177276,,23.351644,91.32863,junction,0,0,0
n6195178217,n6195178217,,23.298331,91.410685,junction,0,0,0
n6195603198,n6195603198,,23.559986,91.635765,junction,0,0,0
n6195694476,n6195694476,,23.72855,91.644143,junction,0,0,0
n6195695014,n6195695014,,23.677524,91.635667,junction,0,0,0
n6195695920,n6195695920,,23.619263,91.639996,junction,0,0,0
n6195752548,n6195752548,,23.496067,91.682764,junction,0,0,0
n6197810263,n6197810263,,23.42868,91.755342,junction,0,0,0
n6197811107,n6197811107,,23.429884,91.754411,junction,0,0,0
n6198678204,n6198678204,,24.80988,93.885231,junction,0,0,0
n6199271231,n6199271231,,23.353948,91.75292,junction,0,0,0
n6204134771,n6204134771,,23.552785,92.574285,junction,0,0,0
n6205687246,n6205687246,,23.666707,93.350551,junction,0,0,0
n6205687612,n6205687612,,23.645957,93.342077,junction,0,0,0
n6208067802,n6208067802,,24.242606,92.809611,junction,0,0,0
n6208108038,n6208108038,,24.129059,92.807368,junction,0,0,0
n6208108498,n6208108498,,24.177363,92.799271,junction,0,0,0
n6208156391,n6208156391,,24.056007,92.77702,junction,0,0,0
n6208776713,n6208776713,,23.29554,92.693045,junction,0,0,0
n6208827852,n6208827852,,23.277897,92.654323,junction,0,0,0
n6211475757,n6211475757,,22.608301,92.665665,junction,0,0,0
n6211786360,n6211786360,,22.620404,92.647737,junction,0,0,0
n6211786902,n6211786902,,22.666847,92.672858,junction,0,0,0
n6211787714,n6211787714,,22.685274,92.666858,junction,0,0,0
n6213054276,n6213054276,,22.219714,92.945197,junction,0,0,0
n6213158230,n6213158230,,22.268273,92.899747,junction,0,0,0
n6223526153,n6223526153,,24.832058,94.087048,junction,0,0,0
n6223527138,n6223527138,,24.806065,94.118132,junction,0,0,0
n6223527664,n6223527664,,24.731112,94.123207,junction,0,0,0
n6223527899,n6223527899,,24.7265,94.121788,junction,0,0,0
n6223527931,n6223527931,,24.704694,94.11881,junction,0,0,0
n6223528196,n6223528196,,24.693115,94.085994,junction,0,0,0
n6228259772,n6228259772,,24.839972,93.968609,junction,0,0,0
n6229199391,n6229199391,,24.813213,93.880176,junction,0,0,0
n6229200943,n6229200943,,24.86768,93.808729,junction,0,0,0
n6231259831,n6231259831,,24.594054,92.888946,junction,0,0,0
n6231259833,n6231259833,,24.592448,92.881434,junction,0,0,0
n6231259837,n6231259837,,24.592557,92.876223,junction,0,0,0
n6231259869,n6231259869,,24.593747,92.845915,junction,0,0,0
n6231259873,n6231259873,,24.594334,92.845429,junction,0,0,0
n6234442212,n6234442212,,24.750662,93.877777,junction,0,0,0
n6237090886,n6237090886,,24.736276,93.46341,junction,0,0,0
n6237091288,n6237091288,,24.717012,93.507525,junction,0,0,0
n6237092078,n6237092078,,24.683941,93.518483,junction,0,0,0
n6237093988,n6237093988,,24.660252,93.544174,junction,0,0,0
n6237756760,n6237756760,,24.449029,94.026934,junction,0,0,0
n6237756762,n6237756762,,24.451315,94.025288,junction,0,0,0
n6237756763,n6237756763,,24.452482,94.024118,junction,0,0,0
n6240163841,n6240163841,,23.779697,91.84823,junction,0,0,0
n6240165555,n6240165555,,23.8518,91.881972,junction,0,0,0
n6240253864,n6240253864,,25.766655,93.157224,junction,0,0,0
n6241313902,n6241313902,,24.653452,92.755165,junction,0,0,0
n6241313911,n6241313911,,24.663358,92.750418,junction,0,0,0
n6241719589,n6241719589,,24.741692,92.639063,junction,0,0,0
n6241719875,n6241719875,,24.742186,92.650498,junction,0,0,0
n6241720546,n6241720546,,24.743572,92.667705,junction,0,0,0
n6241720705,n6241720705,,24.741234,92.63792,junction,0,0,0
n6241720722,n6241720722,,24.743578,92.618009,junction,0,0,0
n6241720725,n6241720725,,24.747552,92.611142,junction,0,0,0
n6241720736,n6241720736,,24.750461,92.605943,junction,0,0,0
n6241720740,n6241720740,,24.751165,92.598746,junction,0,0,0
n6241721427,n6241721427,,24.838677,92.722117,junction,0,0,0
n6241721431,n6241721431,,24.859199,92.721978,junction,0,0,0
n6241721439,n6241721439,,24.853159,92.722015,junction,0,0,0
n6241721442,n6241721442,,24.850018,92.721159,junction,0,0,0
n6246892055,n6246892055,,24.86952,93.013961,junction,0,0,0
n6247256785,n6247256785,,25.184486,93.19737,junction,0,0,0
n6247256856,n6247256856,,25.196163,93.237882,junction,0,0,0
n6247256860,n6247256860,,25.198282,93.237716,junction,0,0,0
n6247259744,n6247259744,,24.710746,92.967025,junction,0,0,0
n6247259750,n6247259750,,24.708927,92.970517,junction,0,0,0
n6247259759,n6247259759,,24.711182,92.975011,junction,0,0,0
n6247259771,n6247259771,,24.727109,92.978851,junction,0,0,0
n6247259902,n6247259902,,24.740771,92.983013,junction,0,0,0
n6251241590,n6251241590,,25.370237,93.261244,junction,0,0,0
n6251241624,n6251241624,,25.380891,93.265826,junction,0,0,0
n6251457193,n6251457193,,25.424609,93.295845,junction,0,0,0
n6251457203,n6251457203,,25.420723,93.29478,junction,0,0,0
n6251457365,n6251457365,,25.41207,93.284083,junction,0,0,0
n6251457713,n6251457713,,25.354824,93.172001,junction,0,0,0
n6251457871,n6251457871,,25.367193,93.207852,junction,0,0,0
n6251548682,n6251548682,,25.214231,93.617055,junction,0,0,0
n6251548725,n6251548725,,25.208295,93.612946,junction,0,0,0
n6251824457,n6251824457,,25.322488,92.317221,junction,0,0,0
n6251827971,n6251827971,,25.316718,92.269288,junction,0,0,0
n6251828237,n6251828237,,25.317611,92.285371,junction,0,0,0
n6251832338,n6251832338,,25.530428,92.713655,junction,0,0,0
n6251832413,n6251832413,,25.520281,92.733086,junction,0,0,0
n6253840325,n6253840325,,25.520959,92.24944,junction,0,0,0
n6253840352,n6253840352,,25.506941,92.242276,junction,0,0,0
n6253840709,n6253840709,,25.510083,92.221194,junction,0,0,0
n6253840894,n6253840894,,25.498702,92.209864,junction,0,0,0
n6253842328,n6253842328,,25.522532,92.246862,junction,0,0,0
n6255618580,n6255618580,,25.501407,91.903786,junction,0,0,0
n6255618621,n6255618621,,25.499341,91.904619,junction,0,0,0
n6258351883,n6258351883,,24.602674,92.890981,junction,0,0,0
n6258651483,n6258651483,,24.667123,92.795677,junction,0,0,0
n6258654598,n6258654598,,24.685013,92.808033,junction,0,0,0
n6258654613,n6258654613,,24.688468,92.812008,junction,0,0,0
n6258654614,n6258654614,,24.695045,92.81638,junction,0,0,0
n6258654642,n6258654642,,24.706676,92.817814,junction,0,0,0
n6258772330,n6258772330,,24.207893,93.427425,junction,0,0,0
n6259489615,n6259489615,,24.636416,92.83947,junction,0,0,0
n6259491193,n6259491193,,24.655622,92.823728,junction,0,0,0
n6259491241,n6259491241,,24.664307,92.79497,junction,0,0,0
n6259491253,n6259491253,,24.665517,92.785458,junction,0,0,0
n6259491284,n6259491284,,24.65922,92.762762,junction,0,0,0
n6259491400,n6259491400,,24.648588,92.752382,junction,0,0,0
n6259491420,n6259491420,,24.635321,92.752134,junction,0,0,0
n6261453903,n6261453903,,24.514926,92.71166,junction,0,0,0
n6261453949,n6261453949,,24.510242,92.690359,junction,0,0,0
n6261454048,n6261454048,,24.507949,92.652796,junction,0,0,0
n6261454428,n6261454428,,24.519209,92.634771,junction,0,0,0
n6261454611,n6261454611,,24.555662,92.63696,junction,0,0,0
n6261454714,n6261454714,,24.53506,92.738186,junction,0,0,0
n6261454725,n6261454725,,24.546484,92.740076,junction,0,0,0
n6261454758,n6261454758,,24.549936,92.742404,junction,0,0,0
n6261456134,n6261456134,,24.619082,92.75191,junction,0,0,0
n6261456180,n6261456180,,24.613462,92.721063,junction,0,0,0
n6262212035,n6262212035,,24.91719,92.726538,junction,0,0,0
n6262442470,n6262442470,,24.712965,92.98445,junction,0,0,0
n6262443115,n6262443115,,24.683356,92.972085,junction,0,0,0
n6262443163,n6262443163,,24.695523,92.985039,junction,0,0,0
n6264794434,n6264794434,,26.133542,93.03426,junction,0,0,0
n6264794447,n6264794447,,26.148641,93.046718,junction,0,0,0
n6264794484,n6264794484,,26.180219,93.050796,junction,0,0,0
n6264797095,n6264797095,,26.194232,93.051595,junction,0,0,0
n6264797114,n6264797114,,26.211036,93.051917,junction,0,0,0
n6265478884,n6265478884,,26.082779,93.01999,junction,0,0,0
n6265479391,n6265479391,,26.093095,93.020157,junction,0,0,0
n6265479399,n6265479399,,26.08908,93.020485,junction,0,0,0
n6265479424,n6265479424,,26.071943,93.00342,junction,0,0,0
n6265479430,n6265479430,,26.067712,93.001456,junction,0,0,0
n6265479464,n6265479464,,26.058696,93.040254,junction,0,0,0
n6265480518,n6265480518,,25.988801,92.990692,junction,0,0,0
n6265606877,n6265606877,,26.211108,93.050814,junction,0,0,0
n6265606889,n6265606889,,26.273228,93.133383,junction,0,0,0
n6265607090,n6265607090,,26.296536,93.201506,junction,0,0,0
n6265607497,n6265607497,,26.293657,93.184559,junction,0,0,0
n6265607533,n6265607533,,26.298284,93.210627,junction,0,0,0
n6265607562,n6265607562,,26.300565,93.221184,junction,0,0,0
n6266422671,n6266422671,,26.047838,93.73783,junction,0,0,0
n6266423865,n6266423865,,26.027199,93.661733,junction,0,0,0
n6266423935,n6266423935,,26.004238,93.632442,junction,0,0,0
n6268439091,n6268439091,,27.674979,94.686613,junction,0,0,0
n6268439292,n6268439292,,27.690357,94.679511,junction,0,0,0
n6268439343,n6268439343,,27.698303,94.673022,junction,0,0,0
n6268439432,n6268439432,,27.713527,94.686028,junction,0,0,0
n6268439450,n6268439450,,27.717915,94.699716,junction,0,0,0
n6268439479,n6268439479,,27.717595,94.703844,junction,0,0,0
n6268439594,n6268439594,,27.731522,94.714716,junction,0,0,0
n6268439609,n6268439609,,27.737391,94.715924,junction,0,0,0
n6268439745,n6268439745,,27.747264,94.716729,junction,0,0,0
n6268439828,n6268439828,,27.758558,94.716254,junction,0,0,0
n6268440829,n6268440829,,27.821735,94.729984,junction,0,0,0
n6268441762,n6268441762,,27.8402,94.771781,junction,0,0,0
n6268442132,n6268442132,,27.8688,94.787102,junction,0,0,0
n6268442343,n6268442343,,27.884956,94.773529,junction,0,0,0
n6268442454,n6268442454,,27.903062,94.747424,junction,0,0,0
n6268442466,n6268442466,,27.90616,94.742862,junction,0,0,0
n6268442496,n6268442496,,27.914337,94.7364,junction,0,0,0
n6268443277,n6268443277,,27.973373,94.685768,junction,0,0,0
n6270119788,n6270119788,,26.955892,93.59097,junction,0,0,0
n6284459610,n6284459610,,27.561176,95.571224,junction,0,0,0
n6284459637,n6284459637,,27.617877,95.614087,junction,0,0,0
n6284459821,n6284459821,,27.501794,95.29396,junction,0,0,0
n6286331577,n6286331577,,25.753179,94.109085,junction,0,0,0
n6334186956,n6334186956,,25.17709,90.50867,junction,0,0,0
n6334186975,n6334186975,,25.175068,90.571273,junction,0,0,0
n6336366879,n6336366879,,24.698762,92.408162,junction,0,0,0
n6338287389,n6338287389,,24.462779,92.551142,junction,0,0,0
n6338287410,n6338287410,,24.461369,92.551443,junction,0,0,0
n6338287411,n6338287411,,24.454807,92.552058,junction,0,0,0
n6338287418,n6338287418,,24.45956,92.463612,junction,0,0,0
n6338287421,n6338287421,,24.460409,92.490191,junction,0,0,0
n6338287648,n6338287648,,24.459535,92.507812,junction,0,0,0
n6338287867,n6338287867,,24.458025,92.548926,junction,0,0,0
n6338287878,n6338287878,,24.458029,92.544349,junction,0,0,0
n6338319273,n6338319273,,24.646491,92.484572,junction,0,0,0
n6338319560,n6338319560,,24.575535,92.453738,junction,0,0,0
n6338319732,n6338319732,,24.596566,92.469118,junction,0,0,0
n6338320177,n6338320177,,24.588559,92.55104,junction,0,0,0
n6341037283,n6341037283,,24.331541,93.704802,junction,0,0,0
n6352911443,n6352911443,,25.341753,94.531133,junction,0,0,0
n6359239941,n6359239941,,25.402795,94.54466,junction,0,0,0
n6365307898,n6365307898,,26.813516,94.525168,junction,0,0,0
n6376196468,n6376196468,,26.193033,89.188734,junction,0,0,0
n6430946458,n6430946458,,26.481185,89.73075,junction,0,0,0
n6431000943,n6431000943,,26.57592,89.298828,junction,0,0,0
n6431000970,n6431000970,,26.502187,89.31639,junction,0,0,0
n6514649794,n6514649794,,26.713843,88.369971,junction,0,0,0
n653096746,n653096746,,26.184049,91.77076,junction,0,0,0
n653096764,n653096764,,26.149748,91.785242,junction,0,0,0
n653096771,n653096771,,26.157993,91.78241,junction,0,0,0
n653096774,n653096774,,26.160193,91.781556,junction,0,0,0
n653096816,n653096816,,26.179229,91.817943,junction,0,0,0
n653096822,n653096822,,26.180352,91.815396,junction,0,0,0
n653096879,n653096879,,26.178311,91.804307,junction,0,0,0
n653096938,n653096938,,26.178486,91.829351,junction,0,0,0
n653096955,n653096955,,26.18462,91.756822,junction,0,0,0
n653096968,n653096968,,26.181179,91.756251,junction,0,0,0
n653096999,n653096999,,26.182057,91.802929,junction,0,0,0
n653097008,n653097008,,26.182674,91.797495,junction,0,0,0
n653097024,n653097024,,26.183548,91.781506,junction,0,0,0
n653097048,n653097048,,26.184687,91.766191,junction,0,0,0
n653097058,n653097058,,26.185132,91.758197,junction,0,0,0
n653097079,n653097079,,26.1813,91.745785,junction,0,0,0
n653097300,n653097300,,26.164277,91.715845,junction,0,0,0
n653097329,n653097329,,26.166435,91.718835,junction,0,0,0
n653097342,n653097342,,26.170589,91.724165,junction,0,0,0
n653097352,n653097352,,26.173402,91.730768,junction,0,0,0
n653097355,n653097355,,26.174786,91.730758,junction,0,0,0
n653097365,n653097365,,26.179189,91.735032,junction,0,0,0
n653097383,n653097383,,26.187454,91.741468,junction,0,0,0
n653097391,n653097391,,26.188637,91.744442,junction,0,0,0
n653097400,n653097400,,26.18908,91.750126,junction,0,0,0
n653107305,n653107305,,26.180548,91.747645,junction,0,0,0
n653107307,n653107307,,26.18059,91.745766,junction,0,0,0
n653107330,n653107330,,26.163393,91.746098,junction,0,0,0
n653107335,n653107335,,26.168661,91.747124,junction,0,0,0
n653107358,n653107358,,26.188385,91.750233,junction,0,0,0
n653109436,n653109436,,26.169291,91.754545,junction,0,0,0
n653109503,n653109503,,26.16724,91.736631,junction,0,0,0
n653996522,n653996522,,26.123241,91.748466,junction,0,0,0
n653996627,n653996627,,26.145468,91.811789,junction,0,0,0
n653996640,n653996640,,26.14949,91.811697,junction,0,0,0
n653997343,n653997343,,26.111397,91.788188,junction,0,0,0
n653997349,n653997349,,26.116718,91.786712,junction,0,0,0
n653997350,n653997350,,26.121471,91.787103,junction,0,0,0
n653997362,n653997362,,26.144377,91.768388,junction,0,0,0
n653997443,n653997443,,26.1416,91.757104,junction,0,0,0
n653997449,n653997449,,26.162663,91.771104,junction,0,0,0
n653997467,n653997467,,26.12455,91.786815,junction,0,0,0
n6591581026,n6591581026,,22.393115,93.122205,junction,0,0,0
n6619010979,n6619010979,,26.605062,88.585979,junction,0,0,0
n6627260177,n6627260177,,26.502766,90.702525,junction,0,0,0
n6627298091,n6627298091,,26.486212,90.7057,junction,0,0,0
n6627298094,n6627298094,,26.49301,90.709572,junction,0,0,0
n6627298098,n6627298098,,26.489502,90.701423,junction,0,0,0
n6627298099,n6627298099,,26.491654,90.702713,junction,0,0,0
n6627298103,n6627298103,,26.490173,90.699182,junction,0,0,0
n6627298104,n6627298104,,26.491205,90.699595,junction,0,0,0
n6627298106,n6627298106,,26.497116,90.698095,junction,0,0,0
n6627298112,n6627298112,,26.494141,90.701016,junction,0,0,0
n6627298113,n6627298113,,26.493054,90.703553,junction,0,0,0
n6627298115,n6627298115,,26.495127,90.703108,junction,0,0,0
n664137361,n664137361,,25.721011,91.891346,junction,0,0,0
n664138037,n664138037,,25.735036,91.884701,junction,0,0,0
n664138101,n664138101,,25.743662,91.888538,junction,0,0,0
n664138171,n664138171,,25.750758,91.887155,junction,0,0,0
n664140218,n664140218,,25.896451,91.883424,junction,0,0,0
n6705466905,n6705466905,,27.249965,95.108355,junction,0,0,0
n6705507864,n6705507864,,27.248941,95.109148,junction,0,0,0
n6707510009,n6707510009,,26.111706,91.747368,junction,0,0,0
n6707665147,n6707665147,,27.254014,95.087294,junction,0,0,0
n6708332985,n6708332985,,27.286239,95.325801,junction,0,0,0
n6708418097,n6708418097,,27.284502,95.023119,junction,0,0,0
n6708418118,n6708418118,,27.300894,95.015397,junction,0,0,0
n6708422959,n6708422959,,27.214867,95.106882,junction,0,0,0
n6708423121,n6708423121,,27.204322,95.107323,junction,0,0,0
n6709371815,n6709371815,,27.506228,95.225971,junction,0,0,0
n6709612061,n6709612061,,27.281308,95.033781,junction,0,0,0
n6709634381,n6709634381,,27.265491,95.054487,junction,0,0,0
n6709853383,n6709853383,,27.258018,95.07573,junction,0,0,0
n6709975095,n6709975095,,27.234552,95.108224,junction,0,0,0
n6709975105,n6709975105,,27.225675,95.105171,junction,0,0,0
n6710116229,n6710116229,,27.255355,95.093978,junction,0,0,0
n6710132440,n6710132440,,27.188047,95.105185,junction,0,0,0
n6710132444,n6710132444,,27.181671,95.100451,junction,0,0,0
n6710132448,n6710132448,,27.177599,95.100025,junction,0,0,0
n6712175062,n6712175062,,27.294553,94.918683,junction,0,0,0
n6715092280,n6715092280,,27.273082,94.894328,junction,0,0,0
n6715107844,n6715107844,,27.271496,94.891422,junction,0,0,0
n6718610776,n6718610776,,27.391726,94.935624,junction,0,0,0
n6718610778,n6718610778,,27.393005,94.932006,junction,0,0,0
n6718610781,n6718610781,,27.393192,94.92075,junction,0,0,0
n6721538844,n6721538844,,27.370229,94.823633,junction,0,0,0
n6721538845,n6721538845,,27.369241,94.821935,junction,0,0,0
n6723554454,n6723554454,,23.957959,91.319669,junction,0,0,0
n6723554614,n6723554614,,23.954625,91.284333,junction,0,0,0
n6726354274,n6726354274,,27.169407,95.105714,junction,0,0,0
n6728189225,n6728189225,,27.526583,94.726951,junction,0,0,0
n6728629916,n6728629916,,27.472185,95.077642,junction,0,0,0
n6735182096,n6735182096,,27.213551,94.773366,junction,0,0,0
n673551333,n673551333,,26.1233,92.03754,junction,0,0,0
n673551341,n673551341,,26.125781,92.004616,junction,0,0,0
n673551351,n673551351,,26.131444,92.005874,junction,0,0,0
n673551369,n673551369,,26.137936,92.012408,junction,0,0,0
n673551464,n673551464,,26.201862,92.021368,junction,0,0,0
n673551499,n673551499,,26.200663,92.021694,junction,0,0,0
n673551549,n673551549,,26.220706,92.032639,junction,0,0,0
n673551771,n673551771,,26.23191,92.105969,junction,0,0,0
n673551785,n673551785,,26.241819,92.078103,junction,0,0,0
n673551805,n673551805,,26.178514,92.217935,junction,0,0,0
n673552359,n673552359,,26.230214,92.113672,junction,0,0,0
n673552396,n673552396,,26.229646,92.129784,junction,0,0,0
n673552447,n673552447,,26.216311,92.171758,junction,0,0,0
n673552453,n673552453,,26.216485,92.169995,junction,0,0,0
n673552588,n673552588,,26.207895,92.342646,junction,0,0,0
n6736634107,n6736634107,,27.345077,95.711067,junction,0,0,0
n6736634121,n6736634121,,27.33609,95.701497,junction,0,0,0
n6736634124,n6736634124,,27.328917,95.699858,junction,0,0,0
n6737201205,n6737201205,,27.581121,95.635522,junction,0,0,0
n6737201419,n6737201419,,27.57278,95.611503,junction,0,0,0
n6737805892,n6737805892,,27.413174,95.254545,junction,0,0,0
n6737806266,n6737806266,,27.388512,95.254246,junction,0,0,0
n6737836897,n6737836897,,27.404465,95.256449,junction,0,0,0
n6738011701,n6738011701,,27.21606,94.88443,junction,0,0,0
n6738475717,n6738475717,,27.33326,95.414294,junction,0,0,0
n6742707500,n6742707500,,27.595088,95.427977,junction,0,0,0
n6742707513,n6742707513,,27.595602,95.381163,junction,0,0,0
n6742707528,n6742707528,,27.601458,95.385053,junction,0,0,0
n6742707532,n6742707532,,27.611865,95.400864,junction,0,0,0
n6742707533,n6742707533,,27.607243,95.393659,junction,0,0,0
n6742707554,n6742707554,,27.592548,95.431683,junction,0,0,0
n6746431635,n6746431635,,27.337617,94.946843,junction,0,0,0
n6746431636,n6746431636,,27.335095,94.947225,junction,0,0,0
n6746431638,n6746431638,,27.331636,94.950509,junction,0,0,0
n6749238701,n6749238701,,27.170335,94.861232,junction,0,0,0
n6749239189,n6749239189,,27.180467,94.854391,junction,0,0,0
n6750024081,n6750024081,,27.343312,95.38737,junction,0,0,0
n6750072391,n6750072391,,27.351724,95.367387,junction,0,0,0
n6750527900,n6750527900,,27.335039,95.392828,junction,0,0,0
n6750527918,n6750527918,,27.324698,95.394619,junction,0,0,0
n6759087412,n6759087412,,27.125715,94.860192,junction,0,0,0
n6760377610,n6760377610,,27.372363,94.941095,junction,0,0,0
n6768597590,n6768597590,,26.491246,89.540656,junction,0,0,0
n6768947857,n6768947857,,27.391847,94.896559,junction,0,0,0
n6768947861,n6768947861,,27.389833,94.907323,junction,0,0,0
n6768947863,n6768947863,,27.389967,94.911762,junction,0,0,0
n6773981405,n6773981405,,27.392006,94.888045,junction,0,0,0
n6774123491,n6774123491,,27.391383,94.90021,junction,0,0,0
n6780474636,n6780474636,,27.201464,95.300462,junction,0,0,0
n6782612242,n6782612242,,27.390224,94.912822,junction,0,0,0
n6787321084,n6787321084,,25.479289,94.348986,junction,0,0,0
n6787335619,n6787335619,,25.486154,94.363675,junction,0,0,0
n6800141481,n6800141481,,26.892055,95.239526,junction,0,0,0
n6800267244,n6800267244,,27.041001,95.18348,junction,0,0,0
n6822155537,n6822155537,,27.50561,95.212184,junction,0,0,0
n6867526200,n6867526200,,25.481239,92.200873,junction,0,0,0
n6867526202,n6867526202,,25.480738,92.203124,junction,0,0,0
n6867526222,n6867526222,,25.47791,92.221687,junction,0,0,0
n6867526223,n6867526223,,25.477639,92.222376,junction,0,0,0
n692800692,n692800692,,26.786234,88.365945,junction,0,0,0
n692800696,n692800696,,26.788588,88.363954,junction,0,0,0
n692800829,n692800829,,26.882701,88.277536,junction,0,0,0
n692801337,n692801337,,26.858268,88.333565,junction,0,0,0
n692801451,n692801451,,26.873905,88.304503,junction,0,0,0
n692803740,n692803740,,26.909986,88.289842,junction,0,0,0
n692803974,n692803974,,26.924023,88.296426,junction,0,0,0
n692804079,n692804079,,26.937217,88.291304,junction,0,0,0
n692804124,n692804124,,26.950733,88.291522,junction,0,0,0
n692804645,n692804645,,26.995515,88.261092,junction,0,0,0
n692865815,n692865815,,26.67231,88.369927,junction,0,0,0
n6964247569,n6964247569,,27.390212,94.905175,junction,0,0,0
n697258431,n697258431,,26.988911,88.313152,junction,0,0,0
n697258466,n697258466,,26.977882,88.32156,junction,0,0,0
n697258497,n697258497,,26.980164,88.399449,junction,0,0,0
n697273377,n697273377,,26.723394,89.348064,junction,0,0,0
n697273393,n697273393,,26.727073,89.354443,junction,0,0,0
n697273409,n697273409,,26.736716,89.364844,junction,0,0,0
n697273422,n697273422,,26.750111,89.36073,junction,0,0,0
n697273439,n697273439,,26.791125,89.363758,junction,0,0,0
n697273455,n697273455,,26.817083,89.37534,junction,0,0,0
n697273473,n697273473,,26.825842,89.3784,junction,0,0,0
n697273490,n697273490,,26.851731,89.382795,junction,0,0,0
n697273496,n697273496,,26.856465,89.381504,junction,0,0,0
n697273497,n697273497,,26.857779,89.380119,junction,0,0,0
n697273563,n697273563,,26.825339,89.388704,junction,0,0,0
n6975454272,n6975454272,,26.117401,91.703207,junction,0,0,0
n7020083189,n7020083189,,23.140691,91.743211,junction,0,0,0
n7020083331,n7020083331,,23.121584,91.718797,junction,0,0,0
n7021077587,n7021077587,,23.96594,91.295499,junction,0,0,0
n7021077811,n7021077811,,23.922701,91.2839,junction,0,0,0
n7023629745,n7023629745,,26.791502,91.534131,junction,0,0,0
n703557544,n703557544,,27.255841,88.60469,junction,0,0,0
n703559484,n703559484,,27.287456,88.594344,junction,0,0,0
n703560792,n703560792,,27.116104,88.378101,junction,0,0,0
n703561197,n703561197,,27.11773,88.381058,junction,0,0,0
n7045996651,n7045996651,,22.571426,92.956904,junction,0,0,0
n7047092683,n7047092683,,22.104683,92.954951,junction,0,0,0
n7129320261,n7129320261,,26.068237,91.421343,junction,0,0,0
n7149855098,n7149855098,,25.95813,91.058424,junction,0,0,0
n715137671,n715137671,,27.482628,95.172954,junction,0,0,0
n7157252896,n7157252896,,26.037217,90.659271,junction,0,0,0
n7157454053,n7157454053,,26.660036,91.09953,junction,0,0,0
n7157454054,n7157454054,,26.051138,90.441828,junction,0,0,0
n7157553193,n7157553193,,25.947066,91.108444,junction,0,0,0
n7158912817,n7158912817,,26.513063,90.519789,junction,0,0,0
n7160576571,n7160576571,,24.71563,94.555772,junction,0,0,0
n7160576579,n7160576579,,24.71128,94.549794,junction,0,0,0
n7160577316,n7160577316,,24.84224,94.514579,junction,0,0,0
n7160990048,n7160990048,,24.055154,91.830704,junction,0,0,0
n7160990194,n7160990194,,24.177892,91.820013,junction,0,0,0
n7206704689,n7206704689,,27.372501,93.038366,junction,0,0,0
n7206704704,n7206704704,,27.479783,93.031987,junction,0,0,0
n7206705199,n7206705199,,27.482353,93.031494,junction,0,0,0
n7206705209,n7206705209,,27.424089,93.011702,junction,0,0,0
n7216824088,n7216824088,,23.925446,92.653854,junction,0,0,0
n7216824344,n7216824344,,23.899349,92.652069,junction,0,0,0
n7400452912,n7400452912,,26.708722,92.476988,junction,0,0,0
n746931679,n746931679,,28.107541,95.305809,junction,0,0,0
n746931696,n746931696,,28.095427,95.30371,junction,0,0,0
n746931794,n746931794,,27.887855,96.011983,junction,0,0,0
n746931800,n746931800,,28.102731,95.304936,junction,0,0,0
n746951021,n746951021,,27.598789,95.556767,junction,0,0,0
n7596494192,n7596494192,,24.205971,93.904212,junction,0,0,0
n7654258307,n7654258307,,22.148244,92.775044,junction,0,0,0
n7677540658,n7677540658,,25.938868,88.085263,junction,0,0,0
n7692786254,n7692786254,,26.629899,92.766587,junction,0,0,0
n7707589417,n7707589417,,24.030179,93.237686,junction,0,0,0
n774477557,n774477557,,27.10322,88.642592,junction,0,0,0
n774477560,n774477560,,27.106155,88.595236,junction,0,0,0
n774477581,n774477581,,27.075585,88.512958,junction,0,0,0
n7781216150,n7781216150,,26.734733,91.785042,junction,0,0,0
n7781216151,n7781216151,,26.735015,91.786707,junction,0,0,0
n7781820611,n7781820611,,27.12379,93.86212,junction,0,0,0
n7781820612,n7781820612,,27.121541,93.869089,junction,0,0,0
n7781843317,n7781843317,,26.750017,93.171157,junction,0,0,0
n7848250588,n7848250588,,26.544178,88.71108,junction,0,0,0
n7868916812,n7868916812,,26.455371,89.867551,junction,0,0,0
n7868916815,n7868916815,,26.336884,88.287624,junction,0,0,0
n7869251189,n7869251189,,26.580398,88.514957,junction,0,0,0
n7869251213,n7869251213,,26.594396,88.496882,junction,0,0,0
n7869311140,n7869311140,,25.690019,93.123766,junction,0,0,0
n7869322449,n7869322449,,25.74267,93.139386,junction,0,0,0
n7869322450,n7869322450,,25.743559,93.139976,junction,0,0,0
n7869322595,n7869322595,,25.772852,93.162756,junction,0,0,0
n7869361463,n7869361463,,25.48044,93.142524,junction,0,0,0
n7869361842,n7869361842,,25.500343,93.108134,junction,0,0,0
n7869367345,n7869367345,,25.552568,93.103348,junction,0,0,0
n7869377918,n7869377918,,25.49781,93.119979,junction,0,0,0
n7869398431,n7869398431,,25.468346,93.141356,junction,0,0,0
n7869398456,n7869398456,,25.417782,93.129538,junction,0,0,0
n7869398461,n7869398461,,25.419465,93.132956,junction,0,0,0
n7869403304,n7869403304,,25.333396,93.129463,junction,0,0,0
n7869403311,n7869403311,,25.339357,93.131487,junction,0,0,0
n7869403375,n7869403375,,25.340998,93.133008,junction,0,0,0
n7869411146,n7869411146,,25.366959,93.143698,junction,0,0,0
n7869411154,n7869411154,,25.369956,93.133091,junction,0,0,0
n7869411208,n7869411208,,25.374027,93.127906,junction,0,0,0
n7869411239,n7869411239,,25.380442,93.124137,junction,0,0,0
n7869411257,n7869411257,,25.381116,93.122727,junction,0,0,0
n7869411538,n7869411538,,25.40359,93.1322,junction,0,0,0
n7869411668,n7869411668,,25.414007,93.133341,junction,0,0,0
n7869434217,n7869434217,,25.182242,93.08117,junction,0,0,0
n7869434234,n7869434234,,25.186969,93.088425,junction,0,0,0
n7869434264,n7869434264,,25.186966,93.104531,junction,0,0,0
n7878341682,n7878341682,,27.888972,96.029171,junction,0,0,0
n7903778167,n7903778167,,25.806083,88.020685,junction,0,0,0
n7905971575,n7905971575,,25.951421,93.73355,junction,0,0,0
n7905971609,n7905971609,,25.809411,93.798941,junction,0,0,0
n7905971623,n7905971623,,25.941934,93.741684,junction,0,0,0
n7905971626,n7905971626,,25.942177,93.753418,junction,0,0,0
n7905971627,n7905971627,,25.942368,93.754925,junction,0,0,0
n7905971634,n7905971634,,25.938791,93.782896,junction,0,0,0
n7905971636,n7905971636,,25.938897,93.787212,junction,0,0,0
n7905971661,n7905971661,,25.858007,93.816536,junction,0,0,0
n7905971662,n7905971662,,25.85472,93.817563,junction,0,0,0
n7908344688,n7908344688,,26.729176,89.320753,junction,0,0,0
n7939996539,n7939996539,,25.498379,93.760929,junction,0,0,0
n7947044322,n7947044322,,27.663679,95.577788,junction,0,0,0
n7947044348,n7947044348,,27.566997,95.588887,junction,0,0,0
n7947044365,n7947044365,,27.53775,95.563835,junction,0,0,0
n7947044583,n7947044583,,27.462762,94.977496,junction,0,0,0
n7947044712,n7947044712,,27.503953,95.256078,junction,0,0,0
n7954380575,n7954380575,,26.437491,88.756194,junction,0,0,0
n8006179437,n8006179437,,26.6062,88.599714,junction,0,0,0
n8007236790,n8007236790,,26.548085,88.604051,junction,0,0,0
n8021477701,n8021477701,,26.605212,88.579459,junction,0,0,0
n8021477816,n8021477816,,26.606116,88.597633,junction,0,0,0
n8021477848,n8021477848,,26.610211,88.609788,junction,0,0,0
n8021477958,n8021477958,,26.608245,88.641371,junction,0,0,0
n8021477959,n8021477959,,26.608059,88.642154,junction,0,0,0
n8021477976,n8021477976,,26.608453,88.653769,junction,0,0,0
n8021477994,n8021477994,,26.609719,88.658866,junction,0,0,0
n8021478004,n8021478004,,26.613778,88.668258,junction,0,0,0
n8021478050,n8021478050,,26.599511,88.688018,junction,0,0,0
n8047444780,n8047444780,,26.599639,88.353719,junction,0,0,0
n8047444791,n8047444791,,26.593833,88.350885,junction,0,0,0
n8058453695,n8058453695,,26.986977,95.058916,junction,0,0,0
n8058479669,n8058479669,,26.998696,95.050562,junction,0,0,0
n8058479671,n8058479671,,26.997119,95.051221,junction,0,0,0
n8058479673,n8058479673,,26.996144,95.051669,junction,0,0,0
n8058485818,n8058485818,,26.993651,95.060936,junction,0,0,0
n8058485832,n8058485832,,26.994958,95.063927,junction,0,0,0
n8058494590,n8058494590,,26.990709,95.052965,junction,0,0,0
n8058494625,n8058494625,,26.99347,95.047834,junction,0,0,0
n8058494649,n8058494649,,26.993154,95.044516,junction,0,0,0
n8065678941,n8065678941,,28.185315,95.515534,junction,0,0,0
n8180669245,n8180669245,,27.181378,88.515151,junction,0,0,0
n8211834970,n8211834970,,28.101,96.581417,junction,0,0,0
n8224210858,n8224210858,,28.60266,95.85315,junction,0,0,0
n8224210888,n8224210888,,28.604105,95.863641,junction,0,0,0
n829889197,n829889197,,26.547718,88.708113,junction,0,0,0
n829889203,n829889203,,26.524642,88.71987,junction,0,0,0
n829980096,n829980096,,26.200944,89.778498,junction,0,0,0
n831395789,n831395789,,27.39184,94.777491,junction,0,0,0
n831395795,n831395795,,27.528852,94.685306,junction,0,0,0
n831395831,n831395831,,27.5431,94.617506,junction,0,0,0
n831395834,n831395834,,27.424791,94.743233,junction,0,0,0
n831395848,n831395848,,28.117225,95.822274,junction,0,0,0
n831395861,n831395861,,27.376909,94.792618,junction,0,0,0
n8318501260,n8318501260,,28.55181,94.39098,junction,0,0,0
n8318501431,n8318501431,,28.53626,94.374838,junction,0,0,0
n8318501539,n8318501539,,28.540167,94.387632,junction,0,0,0
n8318501649,n8318501649,,28.555198,94.389655,junction,0,0,0
n8318501651,n8318501651,,28.563586,94.394553,junction,0,0,0
n8318501682,n8318501682,,28.574855,94.397809,junction,0,0,0
n8318501683,n8318501683,,28.574733,94.396822,junction,0,0,0
n8318501764,n8318501764,,28.57633,94.394526,junction,0,0,0
n8318501901,n8318501901,,28.587526,94.407137,junction,0,0,0
n8318501908,n8318501908,,28.588987,94.40386,junction,0,0,0
n8318502060,n8318502060,,28.604246,94.399333,junction,0,0,0
n8318502124,n8318502124,,28.613493,94.398769,junction,0,0,0
n8318502139,n8318502139,,28.613968,94.408184,junction,0,0,0
n8318502178,n8318502178,,28.616341,94.401221,junction,0,0,0
n8318502220,n8318502220,,28.615517,94.392697,junction,0,0,0
n8318502455,n8318502455,,28.622646,94.377274,junction,0,0,0
n8318502581,n8318502581,,28.640843,94.354352,junction,0,0,0
n8318502697,n8318502697,,28.653033,94.343044,junction,0,0,0
n8318502775,n8318502775,,28.663543,94.333699,junction,0,0,0
n8318502801,n8318502801,,28.66856,94.327932,junction,0,0,0
n8318502825,n8318502825,,28.673088,94.326253,junction,0,0,0
n8318560682,n8318560682,,28.705402,94.319453,junction,0,0,0
n8318560687,n8318560687,,28.711675,94.315079,junction,0,0,0
n8318562872,n8318562872,,28.713557,94.311463,junction,0,0,0
n8318563333,n8318563333,,28.764621,94.290815,junction,0,0,0
n8318563341,n8318563341,,28.765524,94.294592,junction,0,0,0
n8318563540,n8318563540,,28.767683,94.283391,junction,0,0,0
n8318564632,n8318564632,,28.844705,94.246348,junction,0,0,0
n832590787,n832590787,,26.601547,92.926084,junction,0,0,0
n8344614438,n8344614438,,28.603399,95.072433,junction,0,0,0
n8344614472,n8344614472,,28.5764,95.063125,junction,0,0,0
n8345262449,n8345262449,,28.6438,95.023138,junction,0,0,0
n8345262475,n8345262475,,28.652035,95.017587,junction,0,0,0
n8345262852,n8345262852,,28.656149,95.0124,junction,0,0,0
n8345276409,n8345276409,,28.676472,95.019867,junction,0,0,0
n8345276442,n8345276442,,28.681593,95.014926,junction,0,0,0
n835158848,n835158848,,27.632996,95.850099,junction,0,0,0
n835158853,n835158853,,26.571512,88.543926,junction,0,0,0
n835158871,n835158871,,26.544364,88.703119,junction,0,0,0
n835158895,n835158895,,26.558145,88.778981,junction,0,0,0
n835158927,n835158927,,26.564281,88.556282,junction,0,0,0
n835158982,n835158982,,26.555056,88.583102,junction,0,0,0
n835158995,n835158995,,27.677056,95.897671,junction,0,0,0
n835159011,n835159011,,27.805724,96.032671,junction,0,0,0
n835159024,n835159024,,26.531228,88.674117,junction,0,0,0
n835159031,n835159031,,26.548401,88.804336,junction,0,0,0
n835159042,n835159042,,26.563503,88.760973,junction,0,0,0
n835159073,n835159073,,26.542634,88.711432,junction,0,0,0
n835159099,n835159099,,27.769448,96.35535,junction,0,0,0
n835159102,n835159102,,26.561852,88.77396,junction,0,0,0
n835159127,n835159127,,26.543586,88.616358,junction,0,0,0
n835159373,n835159373,,27.879658,96.363543,junction,0,0,0
n835159442,n835159442,,27.80668,96.032699,junction,0,0,0
n835159502,n835159502,,26.560309,88.736958,junction,0,0,0
n835159533,n835159533,,26.56288,88.818656,junction,0,0,0
n835159567,n835159567,,27.876872,96.360501,junction,0,0,0
n835159569,n835159569,,26.545954,88.70641,junction,0,0,0
n835159733,n835159733,,26.540456,88.63627,junction,0,0,0
n835159753,n835159753,,27.755891,96.358467,junction,0,0,0
n835159816,n835159816,,26.534184,88.681426,junction,0,0,0
n835159834,n835159834,,27.791759,96.142466,junction,0,0,0
n835159892,n835159892,,27.785976,96.346963,junction,0,0,0
n835159997,n835159997,,27.634977,95.847563,junction,0,0,0
n835160279,n835160279,,26.565523,88.838162,junction,0,0,0
n835160408,n835160408,,27.80797,96.033577,junction,0,0,0
n835160429,n835160429,,27.773353,95.975113,junction,0,0,0
n835160444,n835160444,,27.756868,96.359189,junction,0,0,0
n835160466,n835160466,,26.530953,88.671883,junction,0,0,0
n835188809,n835188809,,28.249379,97.024249,junction,0,0,0
n835188839,n835188839,,28.265016,97.019193,junction,0,0,0
n835188872,n835188872,,28.232379,97.028919,junction,0,0,0
n835188905,n835188905,,28.106221,97.003942,junction,0,0,0
n835188922,n835188922,,28.036782,96.96985,junction,0,0,0
n835188929,n835188929,,28.008132,96.963402,junction,0,0,0
n835188949,n835188949,,27.892655,96.8297,junction,0,0,0
n835188967,n835188967,,28.233166,97.029513,junction,0,0,0
n835188995,n835188995,,28.138485,97.0202,junction,0,0,0
n835189027,n835189027,,27.998719,96.965466,junction,0,0,0
n835189050,n835189050,,28.048443,96.974278,junction,0,0,0
n835189122,n835189122,,28.212667,97.019295,junction,0,0,0
n835189739,n835189739,,28.105175,97.003993,junction,0,0,0
n835189741,n835189741,,27.997596,96.966725,junction,0,0,0
n835189752,n835189752,,28.28185,97.01801,junction,0,0,0
n835190522,n835190522,,28.094037,96.994649,junction,0,0,0
n835196251,n835196251,,27.619702,94.772352,junction,0,0,0
n835196268,n835196268,,27.38612,94.798589,junction,0,0,0
n835196291,n835196291,,27.555728,94.736996,junction,0,0,0
n835196299,n835196299,,27.612855,94.765016,junction,0,0,0
n835196300,n835196300,,27.398268,94.815076,junction,0,0,0
n835196345,n835196345,,27.588316,94.725236,junction,0,0,0
n835235785,n835235785,,27.981966,94.215949,junction,0,0,0
n835236272,n835236272,,27.75504,95.107278,junction,0,0,0
n835236359,n835236359,,28.173632,95.02205,junction,0,0,0
n835236429,n835236429,,27.875884,95.311113,junction,0,0,0
n835236474,n835236474,,27.841944,95.221254,junction,0,0,0
n835236532,n835236532,,27.88464,95.314849,junction,0,0,0
n835236757,n835236757,,28.152729,95.057999,junction,0,0,0
n835236798,n835236798,,28.168754,94.794923,junction,0,0,0
n835236800,n835236800,,28.010705,94.201117,junction,0,0,0
n835237044,n835237044,,27.874653,95.310807,junction,0,0,0
n835237088,n835237088,,28.098758,94.798575,junction,0,0,0
n835237136,n835237136,,27.750452,95.052587,junction,0,0,0
n835237573,n835237573,,28.010585,94.202559,junction,0,0,0
n835238882,n835238882,,27.907447,94.2528,junction,0,0,0
n835239014,n835239014,,28.090243,95.302853,junction,0,0,0
n835239080,n835239080,,27.795296,95.183734,junction,0,0,0
n835239098,n835239098,,27.678448,94.796977,junction,0,0,0
n835239702,n835239702,,27.75181,95.096771,junction,0,0,0
n835239767,n835239767,,27.678529,94.795083,junction,0,0,0
n835239831,n835239831,,27.868665,95.307389,junction,0,0,0
n835240693,n835240693,,27.751076,95.051583,junction,0,0,0
n835241083,n835241083,,27.828585,95.225949,junction,0,0,0
n835242226,n835242226,,27.798994,95.209417,junction,0,0,0
n835242397,n835242397,,27.745665,95.088233,junction,0,0,0
n835331777,n835331777,,27.150581,93.755656,junction,0,0,0
n835331778,n835331778,,27.143384,93.749348,junction,0,0,0
n835331861,n835331861,,27.239696,93.806276,junction,0,0,0
n835331862,n835331862,,27.121896,93.718848,junction,0,0,0
n835331873,n835331873,,27.214861,93.796395,junction,0,0,0
n835331973,n835331973,,27.162455,93.746041,junction,0,0,0
n835332094,n835332094,,27.136433,93.750521,junction,0,0,0
n835332110,n835332110,,27.102487,93.632107,junction,0,0,0
n835332163,n835332163,,27.178372,93.773285,junction,0,0,0
n835332183,n835332183,,27.101902,93.629271,junction,0,0,0
n835332216,n835332216,,27.254804,93.800282,junction,0,0,0
n835332260,n835332260,,27.174422,93.770263,junction,0,0,0
n835332288,n835332288,,27.192539,93.782088,junction,0,0,0
n835332668,n835332668,,26.920345,93.611525,junction,0,0,0
n835332771,n835332771,,26.920079,93.613107,junction,0,0,0
n835333164,n835333164,,27.129063,93.735147,junction,0,0,0
n835353480,n835353480,,27.583092,93.827492,junction,0,0,0
n835357900,n835357900,,26.827731,93.277653,junction,0,0,0
n835357903,n835357903,,26.865676,93.428232,junction,0,0,0
n835357904,n835357904,,26.844279,93.369094,junction,0,0,0
n835357905,n835357905,,26.831151,93.280674,junction,0,0,0
n835357911,n835357911,,26.851132,93.461117,junction,0,0,0
n835357914,n835357914,,26.848683,93.381467,junction,0,0,0
n835357921,n835357921,,26.833588,93.281683,junction,0,0,0
n835357928,n835357928,,26.85811,93.455307,junction,0,0,0
n835357929,n835357929,,26.861467,93.405942,junction,0,0,0
n835357930,n835357930,,26.830168,93.298641,junction,0,0,0
n835357953,n835357953,,26.832035,93.354289,junction,0,0,0
n835357958,n835357958,,26.858733,93.447217,junction,0,0,0
n835357963,n835357963,,26.80743,93.257971,junction,0,0,0
n835357965,n835357965,,26.801606,93.25662,junction,0,0,0
n835357986,n835357986,,26.829808,93.280028,junction,0,0,0
n835357999,n835357999,,26.863133,93.409043,junction,0,0,0
n8407841320,n8407841320,,24.603845,94.031792,junction,0,0,0
n8419776872,n8419776872,,23.562873,91.425249,junction,0,0,0
n8426656750,n8426656750,,27.261123,93.786386,junction,0,0,0
n8426669367,n8426669367,,27.236285,93.711599,junction,0,0,0
n8426669383,n8426669383,,27.238981,93.719461,junction,0,0,0
n8426671146,n8426671146,,27.216986,93.685134,junction,0,0,0
n8426671183,n8426671183,,27.227645,93.70386,junction,0,0,0
n8427511599,n8427511599,,27.221586,93.321648,junction,0,0,0
n8430726636,n8430726636,,24.851117,92.610347,junction,0,0,0
n8432198299,n8432198299,,24.973122,92.518274,junction,0,0,0
n8450405084,n8450405084,,26.349201,88.893539,junction,0,0,0
n8450405088,n8450405088,,26.328694,88.856234,junction,0,0,0
n8450405099,n8450405099,,26.351558,88.903113,junction,0,0,0
n8458502847,n8458502847,,26.68556,88.207453,junction,0,0,0
n8465365763,n8465365763,,26.830865,90.524021,junction,0,0,0
n8565508746,n8565508746,,26.200798,89.480252,junction,0,0,0
n856798332,n856798332,,27.785261,94.073829,junction,0,0,0
n856798386,n856798386,,27.825321,94.110306,junction,0,0,0
n856798627,n856798627,,27.764244,94.040171,junction,0,0,0
n856798757,n856798757,,27.765461,94.037781,junction,0,0,0
n8677138884,n8677138884,,27.185311,93.289804,junction,0,0,0
n8677138889,n8677138889,,27.184397,93.288081,junction,0,0,0
n8677138905,n8677138905,,27.182403,93.281625,junction,0,0,0
n8677138909,n8677138909,,27.183652,93.277163,junction,0,0,0
n8677138910,n8677138910,,27.184644,93.271121,junction,0,0,0
n8677149264,n8677149264,,27.166742,93.234219,junction,0,0,0
n8677149274,n8677149274,,27.165405,93.230189,junction,0,0,0
n8677149298,n8677149298,,27.159608,93.221029,junction,0,0,0
n8711264347,n8711264347,,28.063891,95.979577,junction,0,0,0
n8754578311,n8754578311,,25.533881,94.428601,junction,0,0,0
n8797643316,n8797643316,,26.545906,88.789142,junction,0,0,0
n8808448101,n8808448101,,26.626465,88.443915,junction,0,0,0
n8866653636,n8866653636,,26.644436,88.398744,junction,0,0,0
n8866763163,n8866763163,,26.589567,88.28656,junction,0,0,0
n8890517300,n8890517300,,27.888345,96.027554,junction,0,0,0
n8890657875,n8890657875,,27.955994,95.204472,junction,0,0,0
n8890830341,n8890830341,,27.426613,94.481915,junction,0,0,0
n8890830459,n8890830459,,27.435572,94.514049,junction,0,0,0
n8891072814,n8891072814,,26.839689,94.477978,junction,0,0,0
n8891192083,n8891192083,,27.392077,94.893351,junction,0,0,0
n8907338817,n8907338817,,25.581239,91.641954,junction,0,0,0
n8912759121,n8912759121,,27.514804,95.382319,junction,0,0,0
n8912759140,n8912759140,,27.50933,95.391755,junction,0,0,0
n8912759153,n8912759153,,27.499549,95.396656,junction,0,0,0
n8928116930,n8928116930,,26.980217,94.261116,junction,0,0,0
n8928118126,n8928118126,,27.467623,94.704234,junction,0,0,0
n8928118224,n8928118224,,27.542791,94.61601,junction,0,0,0
n8939984141,n8939984141,,26.915076,92.128027,junction,0,0,0
n8939994998,n8939994998,,26.75376,91.862492,junction,0,0,0
n8940020708,n8940020708,,26.714653,91.684545,junction,0,0,0
n8940020712,n8940020712,,26.715138,91.687211,junction,0,0,0
n8940020713,n8940020713,,26.715504,91.689234,junction,0,0,0
n8940020721,n8940020721,,26.716189,91.692761,junction,0,0,0
n8940020722,n8940020722,,26.716564,91.694817,junction,0,0,0
n8940040729,n8940040729,,26.446405,91.681868,junction,0,0,0
n8940040735,n8940040735,,26.444983,91.685535,junction,0,0,0
n8958969471,n8958969471,,26.406832,92.281964,junction,0,0,0
n8958975124,n8958975124,,26.454914,92.422807,junction,0,0,0
n8959584200,n8959584200,,26.345581,92.507788,junction,0,0,0
n8962856434,n8962856434,,26.410848,92.290853,junction,0,0,0
n8971999687,n8971999687,,26.259976,92.053662,junction,0,0,0
n8972252273,n8972252273,,26.276745,92.513536,junction,0,0,0
n8973496264,n8973496264,,26.368489,92.224962,junction,0,0,0
n8986234962,n8986234962,,26.694805,89.27667,junction,0,0,0
n8986234964,n8986234964,,26.695122,89.278846,junction,0,0,0
n9001450604,n9001450604,,26.697906,89.274879,junction,0,0,0
n9007936863,n9007936863,,26.668927,88.488125,junction,0,0,0
n9009799189,n9009799189,,26.760602,89.229317,junction,0,0,0
n9009799192,n9009799192,,26.760577,89.231334,junction,0,0,0
n9009805591,n9009805591,,26.755951,89.215135,junction,0,0,0
n9009805595,n9009805595,,26.755993,89.21424,junction,0,0,0
n9026877289,n9026877289,,27.87762,95.746445,junction,0,0,0
n9027007127,n9027007127,,27.409705,95.98621,junction,0,0,0
n9032249068,n9032249068,,23.305282,91.565459,junction,0,0,0
n904866536,n904866536,,27.241127,88.394999,junction,0,0,0
n904866651,n904866651,,27.250793,88.432617,junction,0,0,0
n904876725,n904876725,,26.542465,91.596758,junction,0,0,0
n904876879,n904876879,,26.60858,91.587839,junction,0,0,0
n904876906,n904876906,,26.450754,91.615441,junction,0,0,0
n904876997,n904876997,,26.620585,91.572091,junction,0,0,0
n904877091,n904877091,,26.791329,91.533261,junction,0,0,0
n904877128,n904877128,,26.433794,91.620367,junction,0,0,0
n904877247,n904877247,,26.588768,91.587989,junction,0,0,0
n904877610,n904877610,,26.346266,91.690537,junction,0,0,0
n904878222,n904878222,,26.792622,91.502293,junction,0,0,0
n904878767,n904878767,,26.438969,91.620937,junction,0,0,0
n904880601,n904880601,,26.784178,91.515355,junction,0,0,0
n904880997,n904880997,,26.554621,91.594632,junction,0,0,0
n904881351,n904881351,,26.791893,91.536253,junction,0,0,0
n904881445,n904881445,,26.783902,91.514059,junction,0,0,0
n904881602,n904881602,,26.367252,91.652183,junction,0,0,0
n904881649,n904881649,,26.356619,91.663869,junction,0,0,0
n904882190,n904882190,,26.38379,91.64237,junction,0,0,0
n9049119916,n9049119916,,25.870877,91.880914,junction,0,0,0
n9049141712,n9049141712,,26.004577,91.864194,junction,0,0,0
n904954773,n904954773,,26.861124,89.380492,junction,0,0,0
n9051873265,n9051873265,,27.216307,94.063361,junction,0,0,0
n9051873328,n9051873328,,27.21908,94.064819,junction,0,0,0
n9088531398,n9088531398,,26.104591,90.335669,junction,0,0,0
n9088571524,n9088571524,,26.111197,90.360801,junction,0,0,0
n9088571536,n9088571536,,26.107424,90.369087,junction,0,0,0
n9088571540,n9088571540,,26.105365,90.370544,junction,0,0,0
n9088571583,n9088571583,,26.096308,90.3637,junction,0,0,0
n9088571588,n9088571588,,26.1034,90.373991,junction,0,0,0
n9088571706,n9088571706,,26.096243,90.382801,junction,0,0,0
n9088571774,n9088571774,,26.075371,90.387509,junction,0,0,0
n9088571805,n9088571805,,26.091659,90.405706,junction,0,0,0
n9090095187,n9090095187,,22.996333,91.724092,junction,0,0,0
n9122971053,n9122971053,,26.12008,89.35396,junction,0,0,0
n9122971069,n9122971069,,26.131615,89.35969,junction,0,0,0
n9122971085,n9122971085,,26.140238,89.362041,junction,0,0,0
n9127382063,n9127382063,,26.453477,92.028732,junction,0,0,0
n9143740280,n9143740280,,24.862142,92.821492,junction,0,0,0
n9195888914,n9195888914,,24.799214,94.150544,junction,0,0,0
n9195889006,n9195889006,,24.811487,94.136111,junction,0,0,0
n9200209043,n9200209043,,26.893567,88.571531,junction,0,0,0
n9200209063,n9200209063,,26.868147,88.642652,junction,0,0,0
n9200209065,n9200209065,,26.8643,88.641622,junction,0,0,0
n9200209066,n9200209066,,26.862242,88.638613,junction,0,0,0
n9212884877,n9212884877,,27.900501,95.499412,junction,0,0,0
n9225777702,n9225777702,,28.663271,95.010677,junction,0,0,0
n9225808254,n9225808254,,28.655584,95.002506,junction,0,0,0
n9235294584,n9235294584,,26.344833,88.907575,junction,0,0,0
n9277435606,n9277435606,,27.897993,96.379269,junction,0,0,0
n9280365404,n9280365404,,27.925153,96.163505,junction,0,0,0
n9293909126,n9293909126,,23.685132,91.287113,junction,0,0,0
n9317325899,n9317325899,,27.254845,95.103259,junction,0,0,0
n9317325914,n9317325914,,27.256258,95.099867,junction,0,0,0
n9317365228,n9317365228,,27.255978,95.096788,junction,0,0,0
n9317365230,n9317365230,,27.255781,95.095895,junction,0,0,0
n9317365232,n9317365232,,27.255582,95.094981,junction,0,0,0
n9317365310,n9317365310,,27.254636,95.082364,junction,0,0,0
n9317365319,n9317365319,,27.256131,95.07939,junction,0,0,0
n9317365334,n9317365334,,27.257233,95.077277,junction,0,0,0
n9317365336,n9317365336,,27.257632,95.076475,junction,0,0,0
n9317365377,n9317365377,,27.260714,95.067027,junction,0,0,0
n9317365385,n9317365385,,27.261049,95.064553,junction,0,0,0
n9317365395,n9317365395,,27.26232,95.060561,junction,0,0,0
n9317365440,n9317365440,,27.27121,95.04393,junction,0,0,0
n9317365493,n9317365493,,27.283515,95.027062,junction,0,0,0
n9317365518,n9317365518,,27.253964,95.104781,junction,0,0,0
n9317365529,n9317365529,,27.251919,95.10677,junction,0,0,0
n9317365580,n9317365580,,27.24333,95.109269,junction,0,0,0
n9317365737,n9317365737,,27.201858,95.107356,junction,0,0,0
n9317365750,n9317365750,,27.197665,95.107551,junction,0,0,0
n9317365831,n9317365831,,27.173314,95.103089,junction,0,0,0
n9317365849,n9317365849,,27.172629,95.103769,junction,0,0,0
n9317365892,n9317365892,,27.165783,95.108536,junction,0,0,0
n9320265610,n9320265610,,24.863692,93.810807,junction,0,0,0
n9360311189,n9360311189,,25.801816,87.916256,junction,0,0,0
n9372001278,n9372001278,,25.803285,87.914106,junction,0,0,0
n9372182157,n9372182157,,25.799772,87.920063,junction,0,0,0
n9372182165,n9372182165,,25.796195,87.923571,junction,0,0,0
n9372751535,n9372751535,,25.833824,87.91735,junction,0,0,0
n9375472488,n9375472488,,25.844817,87.917909,junction,0,0,0
n9393177813,n9393177813,,26.636468,90.991236,junction,0,0,0
n9394272349,n9394272349,,25.84102,88.097899,junction,0,0,0
n9396858783,n9396858783,,27.236709,93.338827,junction,0,0,0
n9396859374,n9396859374,,27.22936,93.331691,junction,0,0,0
n9396862470,n9396862470,,27.297728,93.09766,junction,0,0,0
n9396873796,n9396873796,,27.215676,93.395261,junction,0,0,0
n9396878651,n9396878651,,27.234152,93.342714,junction,0,0,0
n9404074280,n9404074280,,27.29153,93.100828,junction,0,0,0
n9404087007,n9404087007,,27.290851,93.100192,junction,0,0,0
n9435697389,n9435697389,,26.689797,88.315239,junction,0,0,0
n9436788495,n9436788495,,26.272701,88.218046,junction,0,0,0
n9436788496,n9436788496,,26.274651,88.217921,junction,0,0,0
n9436791502,n9436791502,,26.236451,88.166333,junction,0,0,0
n9436791505,n9436791505,,26.234934,88.174269,junction,0,0,0
n9436791512,n9436791512,,26.234487,88.184603,junction,0,0,0
n9436795777,n9436795777,,26.264476,88.218159,junction,0,0,0
n9436838641,n9436838641,,26.25102,88.207627,junction,0,0,0
n9436838649,n9436838649,,26.251873,88.207934,junction,0,0,0
n9436886001,n9436886001,,26.235696,88.170061,junction,0,0,0
n9441806906,n9441806906,,26.532684,88.659073,junction,0,0,0
n9514996937,n9514996937,,27.47638,94.562962,junction,0,0,0
n9531980731,n9531980731,,26.875761,88.604985,junction,0,0,0
n9531980737,n9531980737,,26.874516,88.599778,junction,0,0,0
n9532110567,n9532110567,,26.875718,88.919845,junction,0,0,0
n9532110569,n9532110569,,26.874172,88.9156,junction,0,0,0
n9532110582,n9532110582,,26.872834,88.912023,junction,0,0,0
n9544736050,n9544736050,,26.562225,88.882401,junction,0,0,0
n9551046620,n9551046620,,26.595384,89.001776,junction,0,0,0
n9566681076,n9566681076,,27.638657,95.788347,junction,0,0,0
n9566681104,n9566681104,,27.641927,95.776426,junction,0,0,0
n9566681110,n9566681110,,27.631457,95.772645,junction,0,0,0
n9566699517,n9566699517,,27.626433,95.773321,junction,0,0,0
n9566699526,n9566699526,,27.621134,95.769024,junction,0,0,0
n9566699539,n9566699539,,27.620409,95.77371,junction,0,0,0
n9566699565,n9566699565,,27.616027,95.77795,junction,0,0,0
n958034647,n958034647,,27.533234,95.494007,junction,0,0,0
n958034784,n958034784,,27.61702,95.604233,junction,0,0,0
n958034853,n958034853,,27.488241,95.442797,junction,0,0,0
n958034891,n958034891,,27.571594,95.555964,junction,0,0,0
n958034928,n958034928,,27.486849,95.42963,junction,0,0,0
n958034962,n958034962,,27.651523,95.677233,junction,0,0,0
n958034970,n958034970,,27.639389,95.796867,junction,0,0,0
n958035017,n958035017,,28.100135,95.891626,junction,0,0,0
n958035121,n958035121,,27.593112,95.556708,junction,0,0,0
n958035154,n958035154,,27.944911,95.995261,junction,0,0,0
n958035333,n958035333,,27.650624,95.676389,junction,0,0,0
n958035675,n958035675,,27.629786,95.822234,junction,0,0,0
n958035704,n958035704,,28.134144,95.729738,junction,0,0,0
n958035959,n958035959,,28.063239,95.973609,junction,0,0,0
n958036046,n958036046,,28.063978,95.980365,junction,0,0,0
n958036050,n958036050,,28.050188,96.000314,junction,0,0,0
n958036159,n958036159,,27.481928,95.438929,junction,0,0,0
n958036241,n958036241,,27.486415,95.375816,junction,0,0,0
n958143621,n958143621,,27.460142,94.971006,junction,0,0,0
n958143666,n958143666,,27.481565,95.2882,junction,0,0,0
n958143733,n958143733,,27.495471,95.197463,junction,0,0,0
n958143746,n958143746,,27.460194,95.07091,junction,0,0,0
n958143785,n958143785,,27.452074,95.00079,junction,0,0,0
n958144178,n958144178,,27.495076,95.256675,junction,0,0,0
n9602451390,n9602451390,,24.881666,94.086232,junction,0,0,0
n9602558638,n9602558638,,24.869934,94.042918,junction,0,0,0
n9603015276,n9603015276,,24.842905,93.94011,junction,0,0,0
n9604765406,n9604765406,,24.705489,93.945673,junction,0,0,0
n9612333644,n9612333644,,23.928172,91.331238,junction,0,0,0
n9612624340,n9612624340,,23.684106,91.288308,junction,0,0,0
n9626329045,n9626329045,,27.133225,94.86653,junction,0,0,0
n9627980425,n9627980425,,26.405086,88.782736,junction,0,0,0
n9628772871,n9628772871,,26.520512,88.857423,junction,0,0,0
n9642475373,n9642475373,,26.715376,88.907099,junction,0,0,0
n9642482971,n9642482971,,26.635294,88.958309,junction,0,0,0
n9642563380,n9642563380,,26.716301,88.923326,junction,0,0,0
n9642747511,n9642747511,,26.523143,88.788298,junction,0,0,0
n9642844437,n9642844437,,26.706959,89.019927,junction,0,0,0
n9643240714,n9643240714,,26.531691,88.787196,junction,0,0,0
n9643308846,n9643308846,,26.526555,88.781906,junction,0,0,0
n9644619494,n9644619494,,26.536749,88.792462,junction,0,0,0
n9644790306,n9644790306,,26.500599,88.873088,junction,0,0,0
n9644941968,n9644941968,,26.488784,88.855617,junction,0,0,0
n9644984235,n9644984235,,26.531035,88.786512,junction,0,0,0
n9645388039,n9645388039,,26.470202,88.887927,junction,0,0,0
n9647538210,n9647538210,,26.718967,88.95756,junction,0,0,0
n9647538212,n9647538212,,26.720928,88.967724,junction,0,0,0
n9648300760,n9648300760,,26.654076,88.762189,junction,0,0,0
n9648380850,n9648380850,,26.718582,88.994279,junction,0,0,0
n9648392192,n9648392192,,26.721189,88.749716,junction,0,0,0
n9648453439,n9648453439,,26.722225,88.746894,junction,0,0,0
n9651727318,n9651727318,,26.737788,88.655853,junction,0,0,0
n9667487837,n9667487837,,25.751947,93.972028,junction,0,0,0
n9667977875,n9667977875,,25.838383,93.81474,junction,0,0,0
n9669878460,n9669878460,,25.928112,93.792507,junction,0,0,0
n9673522012,n9673522012,,24.856605,93.973066,junction,0,0,0
n9673980884,n9673980884,,24.904577,93.985793,junction,0,0,0
n9674080676,n9674080676,,24.8815,93.979644,junction,0,0,0
n9676352343,n9676352343,,24.971259,92.560085,junction,0,0,0
n9676355975,n9676355975,,24.926693,92.590881,junction,0,0,0
n9676443258,n9676443258,,24.90202,92.590602,junction,0,0,0
n9676443261,n9676443261,,24.905686,92.591058,junction,0,0,0
n9676510459,n9676510459,,24.84766,92.607719,junction,0,0,0
n9676681276,n9676681276,,23.94694,91.355208,junction,0,0,0
n9676785237,n9676785237,,23.956683,91.374782,junction,0,0,0
n9678994299,n9678994299,,23.951418,91.36129,junction,0,0,0
n9679706394,n9679706394,,23.973016,91.38317,junction,0,0,0
n9682587993,n9682587993,,23.930465,91.337061,junction,0,0,0
n9684536581,n9684536581,,23.77243,91.232046,junction,0,0,0
n9685298748,n9685298748,,23.716899,91.239016,junction,0,0,0
n9691272768,n9691272768,,23.840574,91.309932,junction,0,0,0
n9691473612,n9691473612,,24.928002,92.771473,junction,0,0,0
n9694223150,n9694223150,,27.504081,95.173121,junction,0,0,0
n9697194369,n9697194369,,27.158997,95.216326,junction,0,0,0
n9697450907,n9697450907,,27.295699,95.016742,junction,0,0,0
n9699656425,n9699656425,,27.272697,94.891245,junction,0,0,0
n9702012914,n9702012914,,27.367595,94.942795,junction,0,0,0
n9708535891,n9708535891,,27.192204,95.329457,junction,0,0,0
n9708535893,n9708535893,,27.192788,95.327019,junction,0,0,0
n9708704034,n9708704034,,27.464095,94.705861,junction,0,0,0
n9709059744,n9709059744,,24.964051,92.504581,junction,0,0,0
n9712876629,n9712876629,,24.958021,92.500156,junction,0,0,0
n9712880134,n9712880134,,24.953999,92.491454,junction,0,0,0
n9712880189,n9712880189,,24.936719,92.495047,junction,0,0,0
n9712901123,n9712901123,,24.910506,92.500934,junction,0,0,0
n9712901162,n9712901162,,24.893652,92.506229,junction,0,0,0
n9713063992,n9713063992,,24.793737,92.772436,junction,0,0,0
n9713242622,n9713242622,,24.876976,92.516349,junction,0,0,0
n9713749504,n9713749504,,24.885278,92.511776,junction,0,0,0
n9713790883,n9713790883,,24.874963,92.726751,junction,0,0,0
n9717007692,n9717007692,,24.91551,92.731344,junction,0,0,0
n9717742375,n9717742375,,24.920643,92.999966,junction,0,0,0
n9717749972,n9717749972,,24.910433,92.931038,junction,0,0,0
n9719739535,n9719739535,,24.726401,92.9176,junction,0,0,0
n9719997408,n9719997408,,24.694436,92.854174,junction,0,0,0
n9719997419,n9719997419,,24.697285,92.860337,junction,0,0,0
n9720293884,n9720293884,,24.700141,92.966852,junction,0,0,0
n9721852060,n9721852060,,24.669957,92.886037,junction,0,0,0
n9721968665,n9721968665,,24.670689,92.934675,junction,0,0,0
n9721974647,n9721974647,,24.63144,92.889604,junction,0,0,0
n9722064371,n9722064371,,24.618386,92.888559,junction,0,0,0
n9722339713,n9722339713,,24.667838,92.892596,junction,0,0,0
n9726067714,n9726067714,,24.672245,92.916563,junction,0,0,0
n9726664499,n9726664499,,24.539703,93.080448,junction,0,0,0
n974476728,n974476728,,27.314219,88.186386,junction,0,0,0
n974476824,n974476824,,27.318574,88.216245,junction,0,0,0
n974648649,n974648649,,27.229643,88.389054,junction,0,0,0
n974649366,n974649366,,27.225023,88.413345,junction,0,0,0
n974680569,n974680569,,27.243055,88.477112,junction,0,0,0
n974680615,n974680615,,27.242847,88.478212,junction,0,0,0
n974741264,n974741264,,27.463542,88.524974,junction,0,0,0
n974750727,n974750727,,27.493221,88.529425,junction,0,0,0
n974756814,n974756814,,27.424846,88.514679,junction,0,0,0
n974758476,n974758476,,27.403,88.520539,junction,0,0,0
n974758518,n974758518,,27.401993,88.521354,junction,0,0,0
n974762520,n974762520,,27.348544,88.485998,junction,0,0,0
n974762583,n974762583,,27.339896,88.493732,junction,0,0,0
n974762604,n974762604,,27.329958,88.491996,junction,0,0,0
n974773719,n974773719,,27.250264,88.469819,junction,0,0,0
n974862524,n974862524,,27.299222,88.569792,junction,0,0,0
n975632561,n975632561,,27.354769,95.31514,junction,0,0,0
n975632584,n975632584,,27.355826,95.319561,junction,0,0,0
n975649155,n975649155,,27.357239,95.335867,junction,0,0,0
n9761005422,n9761005422,,24.667178,92.386434,junction,0,0,0
n9761018128,n9761018128,,24.838137,92.722851,junction,0,0,0
n976342814,n976342814,,27.366222,95.310366,junction,0,0,0
n977278706,n977278706,,27.343411,95.319166,junction,0,0,0
n977423743,n977423743,,27.333679,95.328691,junction,0,0,0
n978142414,n978142414,,27.321918,95.388778,junction,0,0,0
n978142419,n978142419,,27.323398,95.38181,junction,0,0,0
n9828322686,n9828322686,,26.575181,93.198211,junction,0,0,0
n983114377,n983114377,,27.260017,88.550912,junction,0,0,0
n983114398,n983114398,,27.26225,88.564946,junction,0,0,0
n983118529,n983118529,,27.274876,88.583949,junction,0,0,0
n983120116,n983120116,,27.28878,88.591306,junction,0,0,0
n983258876,n983258876,,26.137666,91.79095,junction,0,0,0
n9834404366,n9834404366,,26.208186,90.134545,junction,0,0,0
n9834406627,n9834406627,,26.23668,90.215243,junction,0,0,0
n9848949448,n9848949448,,25.884436,93.810292,junction,0,0,0
n9848961852,n9848961852,,25.941407,93.745928,junction,0,0,0
n9848961856,n9848961856,,25.941758,93.749242,junction,0,0,0
n9848961857,n9848961857,,25.941651,93.748237,junction,0,0,0
n9848961859,n9848961859,,25.942112,93.752592,junction,0,0,0
n985073112,n985073112,,27.193991,88.391412,junction,0,0,0
n985073226,n985073226,,27.169477,88.367604,junction,0,0,0
n985073281,n985073281,,27.156256,88.390426,junction,0,0,0
n985076183,n985076183,,27.166591,88.364304,junction,0,0,0
n985087827,n985087827,,27.116591,88.351737,junction,0,0,0
n9857950026,n9857950026,,28.700034,95.86267,junction,0,0,0
n986498387,n986498387,,27.38665,95.332447,junction,0,0,0
n986498396,n986498396,,27.412286,95.296222,junction,0,0,0
n9884220986,n9884220986,,25.819832,87.909801,junction,0,0,0
n9901730160,n9901730160,,27.192271,94.371736,junction,0,0,0
n9901730172,n9901730172,,27.218664,94.323968,junction,0,0,0
n9909087694,n9909087694,,24.753245,93.880927,junction,0,0,0
n9911452685,n9911452685,,27.33098,94.343855,junction,0,0,0
n9926237071,n9926237071,,27.539784,94.601369,junction,0,0,0
n9931251887,n9931251887,,24.900458,92.254852,junction,0,0,0
n9933292694,n9933292694,,27.29013,95.666293,junction,0,0,0
n9945415080,n9945415080,,24.8745,92.24406,junction,0,0,0
n9969290618,n9969290618,,27.443059,94.594912,junction,0,0,0
n9969362260,n9969362260,,27.460777,94.585684,junction,0,0,0
n9969368125,n9969368125,,27.451705,94.589474,junction,0,0,0
n9969738079,n9969738079,,27.408709,94.578712,junction,0,0,0
n9971533199,n9971533199,,27.436801,94.597037,junction,0,0,0
n9971533200,n9971533200,,27.435868,94.59685,junction,0,0,0
n9972039772,n9972039772,,27.42854,94.490101,junction,0,0,0
n9974327941,n9974327941,,27.431582,94.500924,junction,0,0,0
n9976325400,n9976325400,,27.295951,95.668634,junction,0,0,0
n9978986789,n9978986789,,27.501554,92.075683,junction,0,0,0
n9987213276,n9987213276,,27.22387,94.066637,junction,0,0,0
n9989489383,n9989489383,,27.32906,94.083983,junction,0,0,0
n9989489384,n9989489384,,27.329142,94.085094,junction,0,0,0
