u,v,mode,distance_km,terrain,route_ref,lanes,highway,bridge,tunnel,surface,osm_way_id
AGT,n1296647009,road,0.32,plain,primary,2,primary,0,0,,361146852
AGT,n1296647052,road,0.11,plain,primary,2,primary,0,0,asphalt,1321470720
AGT,n1296647826,road,1.14,plain,primary,2,primary,0,0,,114464766
AGT,n1296647863,road,1.38,plain,secondary,2,secondary,0,0,,114464810
AGT,n2519982799,road,2.68,plain,NH8,2,trunk,0,0,,244710730
AGT,n2519982861,road,2.34,plain,NH8,2,trunk,0,0,,244710730
AGT,n3657296463,road,13.15,mountain,secondary,2,secondary,0,0,,244710717
AGT,n9691272768,road,0.57,plain,primary,2,primary,0,0,,1054609092
AZL,n1683573369,road,15.34,mountain,NH6,2,trunk,0,0,,1058852502
AZL,n2018049269,road,14.47,mountain,NH108,2,trunk,0,0,asphalt,192353760
AZL,n2491563762,road,12.03,mountain,NH6,2,trunk,0,0,,241548750
AZL,n3887834640,road,11.38,mountain,primary,2,primary,0,0,,385437464
BNG,n1346380525,road,0.98,plain,NH27,2,trunk,0,0,,289052047
BNG,n1355674113,road,0.61,plain,MDR1,2,secondary,0,0,,759971844
BNG,n2399678417,road,0.39,plain,SH2,2,primary,0,0,,1194186907
BNG,n569197771,road,0.84,plain,SH2,2,primary,0,0,,363593104
BPT,n1364843641,road,1.64,plain,SH2,2,primary,0,0,,122066546
BPT,n2364711646,road,9.54,plain,NH427,2,trunk,0,0,,227831387
BPT,n2364711962,road,17.17,plain,SH8,2,primary,0,0,,227891039
BPT,n5054902785,road,0.86,plain,secondary,2,secondary,0,0,,518128391
BPT,n5058289377,road,5.73,plain,secondary,2,secondary,0,0,,518128365
BPT,n5058289949,road,10.09,plain,NH427,2,trunk,0,0,,227831379
BYR,n566693484,road,1.9,plain,NH6,2,trunk,0,0,,611197747
BYR,n9049141712,road,1.94,plain,NH6,2,trunk,0,0,,977963755
CCP,n2084597038,road,18.54,mountain,NH2,2,trunk,0,0,,237684205
CCP,n245721623,road,0.26,plain,NH102B,2,trunk,0,0,,676861475
CCP,n2501001558,road,2.25,plain,NH102B,2,trunk,0,0,,667742648
CCP,n6341037283,road,0.26,plain,secondary,2,secondary,0,0,paved,677203930
CHP,n245712869,road,3.09,mountain,NH6,2,trunk,0,0,,281833608
CHP,n2917220465,road,15.7,mountain,NH6,2,trunk,0,0,,288173837
DBG,n1133640064,road,1.01,plain,secondary,2,secondary,0,0,,97945343
DBG,n1380569336,road,2.69,plain,secondary,2,secondary,0,0,,229193381
DBG,n567357394,road,3.53,hilly,primary,2,primary,0,0,,434004792
DBG,n958143621,road,3.22,plain,primary,2,primary,0,0,,851963468
DBR,n569317441,road,4.83,plain,NH127B,2,trunk,0,0,asphalt,120947421
DBR,n5775206340,road,4.28,plain,secondary,2,secondary,0,0,,609751740
DMN,n1118544396,road,5.34,plain,primary,2,primary,0,0,asphalt,69259916
DMN,n1118585624,road,0.38,plain,primary,2,primary,0,0,,496910374
DMN,n1472751040,road,12.25,hilly,NH208A,2,trunk,0,0,,133808247
DMN,n3701304166,road,0.13,plain,secondary,2,secondary,0,0,asphalt,366140074
DMP,n2084877918,road,2.43,plain,secondary,2,secondary,0,0,,198347354
DMP,n2469894339,road,4.27,hilly,AH1,2,secondary,0,0,,198347318
DMP,n3880251374,road,0.14,plain,NH129A,2,trunk,1,0,,384669798
DMP,n4332977319,road,1.44,plain,NH329A,2,trunk,0,0,,435384143
DMP,n567785637,road,1.25,plain,NH129,2,trunk,0,0,,389832024
DMP,n569069388,road,2.47,plain,AH1,2,primary,0,0,,198347332
DMP,n5894647195,road,0.36,plain,secondary,2,secondary,0,0,,198347367
DPU,n4332976460,road,20.16,hilly,NH329A,2,trunk,0,0,,435384144
DPU,n5730492021,road,2.47,plain,NH329,2,trunk,0,0,,289248396
DPU,n6018333336,road,9.67,plain,NH329,2,trunk,0,0,asphalt,22826880
GAU,n566686288,road,2.82,plain,secondary,2,secondary,0,0,,51188917
GAU,n653107330,road,0.47,plain,secondary,2,secondary,0,0,,51188922
GAU,n653109503,road,0.66,plain,secondary,2,secondary,0,0,,51189498
GAU,n653996522,road,0.97,plain,secondary,2,secondary,0,0,,44644633
GAU,n653997443,road,0.24,plain,secondary,2,secondary,0,0,asphalt,122031554
GLG,n2309538098,road,0.32,plain,SH1,2,primary,0,0,asphalt,1305554335
GLG,n2316320952,road,1.22,plain,SH34,2,primary,0,0,asphalt,1090897009
GLG,n2316321086,road,1.4,plain,secondary,2,secondary,0,0,asphalt,610533324
GLG,n2328371875,road,3.48,plain,SH1,2,primary,0,0,asphalt,22832982
GLG,n2362861882,road,3.93,plain,secondary,2,secondary,0,0,,227632585
GLG,n2362861928,road,5.11,plain,SH34,2,primary,0,0,asphalt,227632582
GLG,n5781761776,road,0.14,plain,secondary,2,secondary,0,0,asphalt,610533324
GLP,n1133639868,road,6.06,hilly,SH46,2,primary,0,0,,363595961
GLP,n1133640141,road,2.77,plain,SH46,2,primary,0,0,,97945349
GLP,n569195257,road,5.58,plain,SH12A,2,primary,0,0,,97945300
GTK,n1428989853,road,1.16,plain,NH310,2,trunk,0,0,,156016655
GTK,n1431067708,road,3.59,mountain,NH310,2,trunk,0,0,,129776811
GTK,n1431863146,road,0.08,plain,SH2,2,primary,1,0,,349119629
GTK,n603492910,road,0.94,plain,primary,2,primary,0,0,,232178412
GTK,n703559484,road,1.32,plain,NH 717A,2,trunk,0,0,,129846022
GTK,n974862524,road,4.7,mountain,SH1,2,primary,0,0,asphalt,742390371
GTK,n983120116,road,0.68,plain,NH10,2,trunk,0,0,,695987648
HFL,n2926094680,road,1.28,plain,NH27,2,trunk,0,0,,1316530146
HFL,n3173578975,road,4.14,mountain,NH627,2,trunk,0,0,,384550870
HFL,n5451398382,road,1.92,plain,NH27,2,trunk,0,0,,1379309757
IMP,n1118584496,road,2.33,plain,primary,1,primary,0,0,asphalt,385538849
IMP,n1118584542,road,0.48,plain,primary,2,primary,0,0,,1043707732
IMP,n1118584562,road,0.84,plain,NH202,2,trunk,0,0,,258107994
IMP,n1118584799,road,0.53,plain,secondary,2,secondary,0,0,,1043702731
IMP,n1425144213,road,5.55,plain,NH137A,2,trunk,0,0,,339014307
IMP,n3462002941,road,3.47,plain,NH2,2,trunk,0,0,,664829187
IMP,n3927939822,road,6.36,plain,NH2,2,trunk,0,0,,1043418009
IMP,n569042398,road,2.39,plain,NH102,2,trunk,0,0,,69260685
IMP,n569053870,road,0.7,plain,NH37,2,trunk,0,0,,1043687817
IMP,n569067215,road,6.0,plain,NH2,2,trunk,0,0,,1043412130
IMP,n9603015276,road,1.16,plain,NH2,2,trunk,0,0,,1053277388
ITN,n1431589497,road,3.59,hilly,secondary,2,secondary,0,0,,1127721162
ITN,n2465117885,road,6.3,hilly,NH415,2,trunk,0,0,,1122020468
ITN,n835332183,road,0.42,plain,NH415,4,trunk,0,0,,238707426
JGP,n12590293904,road,0.77,plain,trunk,2,trunk,1,0,,1362575360
JGP,n12590294098,road,0.43,plain,trunk,2,trunk,0,0,,1360101046
JGP,n1355673979,road,2.38,plain,secondary,2,secondary,0,0,,121039875
JGP,n2466195264,road,1.29,plain,NH17,2,trunk,0,0,,238820998
JGP,n569195513,road,2.31,plain,NH17,2,trunk,1,0,,44892515
JRT,n10029435603,road,5.76,plain,NH715,2,trunk,0,0,asphalt,359656499
JRT,n1938599991,road,4.45,plain,NH702D,2,trunk,0,0,asphalt,358944926
JRT,n1939470857,road,2.17,plain,secondary,2,secondary,0,0,,358944867
JRT,n1987687456,road,0.61,plain,SH33,2,primary,0,0,asphalt,358944941
JRT,n1987718922,road,3.76,plain,NH715,2,trunk,0,0,,375444666
JRT,n1987938102,road,7.95,plain,SH32,2,primary,0,0,asphalt,358944988
JRT,n3861818209,road,1.75,plain,secondary,2,secondary,0,0,asphalt,188177026
JWI,n2882121008,road,4.6,hilly,NH206,2,trunk,0,0,,284469038
JWI,n568991695,road,0.23,plain,NH206,2,trunk,0,0,,288178190
JWI,n568991812,road,2.1,plain,secondary,2,secondary,0,0,,1092780812
KHM,n2164879904,road,6.31,mountain,NH2,2,trunk,0,0,,129815384
KHM,n2469698539,road,27.41,mountain,NH29,2,trunk,0,0,,129815376
KHM,n3884004623,road,10.33,mountain,primary,2,primary,0,0,,385045690
KHM,n3888209854,road,28.11,mountain,secondary,2,secondary,0,0,,385475510
KHM,n569068855,road,5.04,mountain,NH2,2,trunk,0,0,,44886105
KHM,n569070151,road,3.14,hilly,NH29,2,trunk,0,0,,44886115
KHM,n5903313818,road,3.79,hilly,NH29,2,trunk,0,0,,1353575337
KHM,n5929094139,road,2.97,plain,primary,2,primary,0,0,,751071340
KHM,n6286331577,road,5.18,hilly,primary,2,primary,0,0,,129815395
KLB,n2491833905,road,2.88,plain,NH6,2,trunk,0,0,,678567494
KLB,n2491838646,road,13.16,mountain,NH6,2,trunk,0,0,,241573447
KLB,n2492599802,road,16.79,mountain,NH306,2,trunk,0,0,,241573450
KRJ,n2051081415,road,0.11,plain,Kj-M-6,2,secondary,1,0,concrete,628793511
KRJ,n4605252080,road,5.75,plain,NH37,2,trunk,0,0,,242787379
KRJ,n4636429282,road,1.23,plain,Kj-M-14,2,secondary,0,0,asphalt,469272285
KRJ,n567779380,road,1.21,plain,primary,2,primary,0,0,asphalt,44769327
KRJ,n567779496,road,2.72,plain,NH37,2,trunk,0,0,,194605369
LGL,n2454472096,road,28.12,mountain,NH2,2,trunk,0,0,,284308755
LGL,n2454560369,road,25.52,mountain,NH2,2,trunk,0,0,,636098182
LGL,n3881589158,road,11.01,mountain,NH302,2,trunk,0,0,,238085917
LGL,n6188301434,road,0.11,plain,primary,2,primary,1,0,,660983623
LMD,n6240253864,road,0.19,plain,secondary,2,secondary,0,0,,666511131
LMD,n7869322450,road,1.08,plain,NH27,2,trunk,0,0,,843621723
MKG,n2453831034,road,6.49,hilly,NH2,2,trunk,0,0,,237490856
MKG,n2453869882,road,3.74,mountain,NH2,2,trunk,0,0,asphalt,266488533
MKG,n2459411796,road,7.89,mountain,NH202,2,trunk,0,0,asphalt,266793056
MKG,n2682279843,road,2.65,plain,secondary,2,secondary,0,0,,376267081
MKG,n2717174489,road,1.76,plain,primary,2,primary,0,0,,266137710
MKG,n3179658554,road,27.47,mountain,NH202,2,trunk,0,0,asphalt,263220714
NGN,n10613663276,road,1.25,plain,SH3,2,primary,0,0,,1138602979
NGN,n1133672936,road,1.15,plain,SH47,2,primary,0,0,,97947848
NGN,n1274292906,road,2.64,plain,SH18,2,primary,0,0,,146351046
NGN,n1668477077,road,2.5,plain,primary,2,primary,0,0,,97947840
NGN,n5208962955,road,0.94,plain,primary,2,primary,0,0,,1201742747
NGN,n5208964276,road,0.29,plain,SH3,2,primary,0,0,,1138597501
NGN,n567382329,road,1.83,plain,primary,2,primary,0,0,,1320439865
NGN,n567382443,road,1.92,plain,secondary,2,secondary,0,0,asphalt,1192916936
NGN,n567382444,road,1.71,plain,secondary,2,secondary,0,0,asphalt,1111058013
NGN,n5792829710,road,5.95,plain,secondary,2,secondary,0,0,,146351050
NHL,n1696836896,road,0.87,plain,NH713A,2,trunk,0,0,,1127471946
NHL,n835331862,road,1.64,plain,NH415,2,trunk,0,0,,238707432
NHL,n835332110,road,0.67,plain,NH415,2,trunk,0,0,,636948692
NLB,n12503857426,road,0.23,plain,SH9,2,primary,0,0,,253663164
NLB,n1346434831,road,1.16,plain,NH27,2,trunk,0,0,,572687682
NLB,n2365493065,road,0.17,plain,secondary,2,secondary,1,0,,227920654
NLB,n2365493248,road,0.3,plain,secondary,2,secondary,0,0,,363593128
NLB,n2595623178,road,5.02,plain,SH9,2,primary,0,0,,1254970098
NLB,n4281664938,road,2.97,plain,NH27,2,trunk,0,0,,572687681
NLB,n5498007748,road,7.72,plain,SH9,2,primary,0,0,,488369731
NLK,n1698435691,road,0.48,plain,SH21,2,primary,0,0,,1092487157
NLK,n5070063190,road,0.78,plain,secondary,2,secondary,0,0,,1120287738
NLK,n5775285599,road,1.77,plain,SH21,2,primary,0,0,,225365514
NMS,n245761083,road,2.73,plain,NH15,2,trunk,0,0,,294737955
NMS,n835158995,road,1.69,plain,NH15,2,trunk,0,0,,294737955
PDU,n10855708561,road,3.46,hilly,primary,3,primary,1,0,asphalt,1303639550
PDU,n458985962,road,0.9,plain,secondary,2,secondary,0,0,,44641120
PDU,n566708988,road,1.66,plain,secondary,2,secondary,0,0,,588791117
PDU,n653097355,road,1.75,plain,primary,3,primary,1,0,asphalt,1303639550
PSG,n1699637756,road,2.4,plain,secondary,2,secondary,0,0,,157708587
PSG,n2335379379,road,7.83,plain,NH515,2,trunk,0,0,,169984537
PSG,n835239014,road,2.42,plain,NH515,2,trunk,0,0,,222332168
PSG,n8890657875,road,21.84,mountain,primary,2,primary,0,0,,157708619
SCR,n2035724347,road,8.73,plain,SH38,2,primary,0,0,,193042608
SCR,n2035724540,road,0.17,plain,secondary,2,secondary,0,0,,388095730
SCR,n2051087475,road,0.47,plain,NH37,2,trunk,1,0,,197997723
SCR,n2081914509,road,0.21,plain,secondary,2,secondary,0,0,,388096214
SCR,n3158879343,road,1.52,plain,CA-M-016,2,secondary,0,0,asphalt,1328432545
SCR,n3158879810,road,5.07,hilly,CA-M-016,2,secondary,0,0,asphalt,1266645998
SCR,n3158888700,road,0.37,plain,secondary,2,secondary,0,0,,310464288
SCR,n5298833847,road,1.52,plain,secondary,2,secondary,0,0,asphalt,1341950977
SCR,n567777065,road,0.39,plain,primary,2,primary,0,0,,197997730
SCR,n567780178,road,2.44,plain,NH37,2,trunk,0,0,asphalt,862826096
SHL,n2035724376,road,5.98,mountain,trunk,2,trunk,0,0,asphalt,329075052
SHL,n2766374227,road,18.52,mountain,trunk,2,trunk,0,0,asphalt,332367223
SHL,n567393760,road,5.5,mountain,NH106,2,trunk,0,0,,345009374
SHL,n6255618580,road,3.42,hilly,secondary,2,secondary,0,0,asphalt,668046957
SHL,n664137361,road,0.42,plain,NH6,2,trunk,0,0,,271722751
SLG,n1315480175,road,0.46,plain,SH12A,2,primary,0,0,asphalt,1450730767
SLG,n1315564198,road,0.6,plain,NH10,2,trunk,0,0,paved,116768722
SLG,n1323791747,road,1.15,plain,secondary,2,secondary,0,0,paved,609959098
SLG,n1324370307,road,5.96,plain,SH12,2,primary,0,0,paved,119546657
SLG,n566712788,road,0.18,plain,NH10,2,trunk,1,0,paved,57626057
SLG,n692800692,road,5.65,plain,NH110,2,trunk,0,0,,116637502
SVS,n1676939173,road,2.14,plain,secondary,2,secondary,0,0,,155294099
SVS,n2308253319,road,8.5,plain,NH702C,2,trunk,0,0,asphalt,155294101
SVS,n567356776,road,0.87,plain,secondary,2,secondary,0,0,,526598525
SVS,n567356791,road,0.38,plain,NH2,2,trunk,0,0,,44719353
TSK,n1015933192,road,0.98,plain,NH315A,2,trunk,0,0,,132967569
TSK,n2885143592,road,1.04,plain,NH315A,2,trunk,0,0,paved,374407665
TSK,n4323995076,road,1.77,plain,SH-005,2,primary,0,0,asphalt,434027851
TSK,n958036241,road,0.95,plain,primary,2,primary,0,0,,82262517
TSK,n958143666,road,4.36,plain,primary,2,primary,0,0,,851963451
TUR,n2466235249,road,6.19,mountain,NH217,2,trunk,0,0,asphalt,238824593
TUR,n2466235899,road,3.86,hilly,NH217,2,trunk,0,0,asphalt,238824555
TUR,n3898034432,road,5.64,mountain,primary,2,primary,0,0,,1223720894
TWG,n1463091034,road,4.46,mountain,secondary,2,secondary,0,0,,972663000
TWG,n1463092405,road,15.56,mountain,NH13,2,secondary,0,0,,300906038
TWG,n2463170723,road,3.06,hilly,NH13,2,trunk,0,0,,540412989
TWG,n2519160722,road,1.16,plain,secondary,2,secondary,0,0,,972662955
TZP,n567485961,road,1.73,plain,primary,2,primary,0,0,,44736737
TZP,n567486083,road,0.21,plain,secondary,2,secondary,0,0,,130149151
TZP,n567512068,road,1.59,plain,primary,2,primary,0,0,asphalt,1305429502
TZP,n7692786254,road,1.7,plain,secondary,2,secondary,0,0,,168275000
UDP,n2461654208,road,13.01,plain,NH-8,2,trunk,0,0,asphalt,976012200
UDP,n2461654590,road,0.84,plain,NH8,2,trunk,0,0,,1127451319
UDP,n2520369985,road,10.51,hilly,NH8,2,trunk,0,0,,311664419
UDP,n3885879576,road,22.84,mountain,primary,2,primary,0,0,,385233101
WKH,n2084974003,road,9.6,hilly,secondary,2,secondary,0,0,,198357881
WKH,n2455740106,road,5.3,mountain,NH2,2,trunk,0,0,,857949603
WKH,n2455767779,road,6.27,hilly,NH2,2,trunk,0,0,,854830658
WKH,n245746382,road,15.1,mountain,SH 4,2,primary,0,0,,426766209
ZRO,n2463770993,road,1.47,plain,NH13,2,trunk,0,0,,1483888556
ZRO,n2463771438,road,4.21,mountain,NH13,2,trunk,0,0,,565001715
n10029435603,n3637671395,road,1.97,plain,NH715,2,trunk,0,0,asphalt,359656499
n10045466628,n12328420095,road,0.1,plain,NH37,2,trunk,0,0,concrete,1332586367
n10045466628,n567779531,road,0.1,plain,NH37,2,trunk,0,0,concrete,1332586368
n10083647515,n10083658519,road,0.35,plain,secondary,2,secondary,0,0,,1101933633
n10106865512,n12335661636,road,1.1,plain,Kj-M-6,2,secondary,0,0,,1345170612
n10106865512,n12398775095,road,0.73,plain,Kj-M-11,2,secondary,0,0,,1340391904
n10106865512,n12398783654,road,0.4,plain,Kj-M-6,2,secondary,0,0,paved,1345201646
n10106865512,n12398800971,road,0.85,plain,Kj-M-11,2,secondary,0,0,paved,1340395690
n10106865512,n12398805010,road,0.99,plain,Kj-M-4,2,secondary,0,0,,1340395694
n1013084171,n2328052983,road,1.58,plain,secondary,2,secondary,0,0,,87141154
n1013084171,n975649155,road,0.23,plain,secondary,2,secondary,0,0,,87141156
n10133380464,n2455739363,road,8.14,mountain,primary,2,primary,0,0,,785287149
n10155070562,n10155070585,road,1.28,plain,SH-007,2,primary,0,0,paved,1306789184
n10155070562,n9566699565,road,2.6,plain,SH-007,2,primary,0,0,paved,1306789188
n10155070585,n12102220275,road,3.57,plain,SH-007,2,primary,0,0,asphalt,1306789186
n10158835784,n12466572286,road,0.95,plain,secondary,2,secondary,0,0,asphalt,1347732051
n1015933190,n1015933192,road,1.04,plain,NH315A,2,trunk,0,0,,1127395430
n1015933190,n1015933220,road,0.96,plain,NH315A,2,trunk,0,0,,480754517
n1015933220,n986498396,road,8.18,plain,NH315A,2,trunk,0,0,,83804440
n10213828706,n10292560834,road,0.13,plain,trunk,2,trunk,1,0,,1125539194
n10213828706,n1516328028,road,1.6,plain,trunk,2,trunk,0,0,,1116771460
n10214421941,n5473366110,road,2.21,plain,NH108B,2,trunk,0,0,,1116861112
n10214421941,n9676785237,road,1.65,plain,NH108B,2,trunk,0,0,,1353679524
n10216581821,n1516328028,road,0.58,plain,trunk,2,trunk,0,0,,1349164232
n10216581821,n5473365530,road,2.48,plain,trunk,2,trunk,0,0,,1117083364
n10246471099,n2305919524,road,0.64,plain,NH315,2,trunk,0,0,,1125787958
n10246471099,n2305919562,road,5.12,plain,NH315,2,trunk,0,0,asphalt,97949904
n10248662682,n6284459821,road,2.26,plain,NH15,2,trunk,0,0,,1120537204
n10248662682,n7947044712,road,1.13,plain,NH15,2,trunk,0,0,,1054669186
n10250450247,n10250450248,road,0.1,plain,SH43,2,primary,1,0,asphalt,1120732758
n10250450247,n2389849093,road,3.62,plain,SH43,2,primary,0,0,asphalt,69412780
n10250450248,n2316322976,road,0.51,plain,SH43,2,primary,0,0,asphalt,1120732759
n10250451041,n4324014459,road,0.17,plain,SH-005,2,primary,1,0,asphalt,1120734043
n10250451041,n6742707513,road,3.16,plain,SH-005,2,primary,0,0,asphalt,717953811
n10255327242,n1692786226,road,1.12,plain,NH15,2,trunk,0,0,,1121188676
n10255327242,n1692786240,road,0.68,plain,NH15,2,trunk,0,0,,1121188679
n10262279665,n10262284811,road,3.38,plain,NH2,2,trunk,0,0,,1122027801
n10262279665,n6234442212,road,0.34,plain,NH2,2,trunk,0,0,,1122027799
n10262284811,n569041691,road,1.89,plain,NH2,2,trunk,0,0,,665958288
n10264865634,n1425144163,road,4.15,plain,NH102,2,trunk,0,0,,198312321
n10264865634,n2342017833,road,0.94,plain,NH102,2,trunk,0,0,,1122285283
n10265667796,n569041716,road,1.15,plain,NH102,2,trunk,0,0,,1122439077
n10265667796,n569041777,road,0.31,plain,NH102,2,trunk,0,0,,1122439076
n10265688213,n569041845,road,1.05,plain,NH102,2,trunk,0,0,,662336239
n10265688213,n8407841320,road,1.4,plain,NH102,2,trunk,0,0,,1122424620
n10265749517,n569041845,road,0.45,plain,NH102,2,trunk,0,0,,237996486
n10265749517,n569041851,road,0.59,plain,NH102,2,trunk,0,0,,1122432924
n10266912010,n1516327707,road,12.82,hilly,secondary,2,secondary,0,0,,138303256
n10266912010,n1516327959,road,0.12,plain,secondary,2,secondary,1,0,,1122568989
n10272701331,n4636876445,road,0.36,plain,primary,2,primary,0,0,,1123280630
n10272701331,n7160990194,road,2.36,plain,primary,2,primary,0,0,,1123275987
n10272734400,n4636876445,road,1.11,plain,primary,2,primary,0,0,,1123280679
n10275531092,n2081914644,road,0.98,plain,NH6,2,trunk,0,0,,1123598753
n10275531092,n2491879775,road,0.35,plain,NH6,2,trunk,0,0,,1123598751
n10277702327,n2491876737,road,2.01,plain,NH6,2,trunk,0,0,asphalt,540997668
n10277702327,n5232412663,road,0.43,plain,NH6,2,trunk,0,0,asphalt,1326365000
n10290751771,n2885143613,road,0.82,plain,SH-005,2,primary,0,0,asphalt,1125324407
n10290751771,n6737201419,road,2.07,plain,SH-005,2,primary,0,0,asphalt,1125324408
n10290865162,n746951021,road,3.34,plain,primary,2,primary,0,0,,238668528
n10290865162,n958034784,road,1.29,plain,primary,2,primary,0,0,,1125542602
n10292560834,n2917752108,road,1.82,plain,trunk,2,trunk,0,0,,1125539192
n10300198982,n2461992757,road,10.54,mountain,NH108,2,trunk,0,0,,1126443698
n10300198982,n2462047096,road,4.89,mountain,NH108,2,trunk,0,0,,238358436
n10302235707,n245756196,road,5.49,plain,NH15,2,trunk,0,0,,155248829
n10302235707,n7781820612,road,0.97,plain,NH15,2,trunk,0,0,,1126664291
n10304096999,n567378670,road,1.67,plain,NH715,2,trunk,0,0,asphalt,44721415
n10304096999,n567378692,road,5.05,plain,NH715,2,trunk,0,0,asphalt,44721415
n10304104605,n567378740,road,1.12,plain,NH715,2,trunk,0,0,,1305376873
n10304104605,n567378785,road,0.3,plain,NH715,2,trunk,0,0,,228977890
n10308074904,n13301574171,road,1.84,plain,secondary,2,secondary,0,0,,1450268323
n10308074904,n6240163841,road,1.07,plain,secondary,2,secondary,0,0,,1127423080
n10308421462,n10548663503,road,1.62,plain,secondary,2,secondary,0,0,,1131557777
n10308421462,n1858242071,road,5.42,hilly,secondary,2,secondary,0,0,,1127461235
n10308693457,n10578768507,road,4.66,hilly,secondary,2,secondary,0,0,,1136963075
n10308693457,n4116853379,road,2.13,plain,secondary,2,secondary,0,0,,1127494659
n10310636689,n245724018,road,0.52,plain,Kj-M-8,2,secondary,0,0,asphalt,1127729078
n10310636689,n4117424516,road,1.3,plain,Kj-M-8,2,secondary,0,0,asphalt,1127729074
n10316090575,n12522839890,road,1.85,plain,NH29,2,trunk,0,0,,1353386499
n10316090575,n2469894339,road,0.87,plain,NH29,2,trunk,0,0,,1353386499
n10316091548,n11601635471,road,1.24,plain,NH208,2,trunk,0,0,,1248038141
n10316091548,n1516328312,road,1.69,plain,NH208,2,trunk,0,0,,1205152332
n10316679681,n10316737913,road,0.8,plain,secondary,2,secondary,0,0,,1128440555
n10316679681,n10316796037,road,0.51,plain,secondary,2,secondary,0,0,,1128447797
n10316737913,n10538897392,road,0.66,plain,secondary,2,secondary,0,0,,1130860115
n10316796037,n10536274640,road,0.97,plain,secondary,2,secondary,0,0,,1130548552
n10536208468,n10536208503,road,0.55,plain,Kj-M-1,2,secondary,0,0,,1133049368
n10536208503,n10536208527,road,0.68,plain,KJ-M-003,2,secondary,0,0,paved,659763959
n10536208503,n10564333948,road,1.02,plain,KJ-M-003,2,secondary,0,0,paved,1334735436
n10536208527,n10536208542,road,1.05,plain,KJ-M-003,2,secondary,0,0,asphalt,1330410772
n10536208542,n10536208546,road,0.29,plain,KJ-M-003,2,secondary,0,0,,1330475673
n10536208546,n10564426749,road,1.35,plain,Kj-M-1,2,secondary,0,0,,1330373711
n10536208546,n6165382456,road,1.51,plain,KJ-M-003,2,secondary,0,0,,1330410773
n10536274640,n10536274675,road,1.21,plain,secondary,2,secondary,0,0,,1130548551
n10536274675,n10610870946,road,1.35,plain,secondary,2,secondary,0,0,,1138299685
n10536337108,n10536341847,road,1.67,plain,secondary,2,secondary,0,0,,1130558225
n10536337108,n6195752548,road,1.27,plain,secondary,2,secondary,0,0,,1130557422
n10536341847,n10542401530,road,1.97,plain,secondary,2,secondary,0,0,,1131093628
n10538897392,n13449554481,road,1.65,plain,secondary,2,secondary,0,0,,1466392807
n10542401530,n10542636435,road,1.76,plain,secondary,2,secondary,0,0,,1131120830
n10542441849,n12423408702,road,1.36,plain,Kj-M-9,2,secondary,0,0,,1342750982
n10542441849,n4117424319,road,2.63,plain,Kj-M-9,2,secondary,0,0,,1131096269
n10542636435,n10548372060,road,1.12,plain,secondary,2,secondary,0,0,,1131522880
n10542793530,n10561388917,road,2.63,plain,Kj-M-9,2,secondary,0,0,asphalt,1352089564
n10542793530,n5232412838,road,1.43,plain,Kj-M-9,2,secondary,0,0,asphalt,1131140725
n10548372060,n10559317282,road,2.52,plain,secondary,2,secondary,0,0,,1132445586
n10548518804,n10548518805,road,0.08,plain,secondary,2,secondary,1,0,,1131538320
n10548518804,n1118544718,road,6.1,hilly,secondary,2,secondary,0,0,,1131538319
n10548518805,n3884089936,road,2.1,plain,secondary,2,secondary,0,0,,1232120507
n10548663503,n10548664908,road,1.59,plain,secondary,2,secondary,0,0,,1131558557
n10548664908,n3657296463,road,2.61,plain,secondary,2,secondary,0,0,,1132371483
n10557043312,n5797001388,road,3.4,hilly,Kj-M-10,2,secondary,0,0,,1132407003
n10557043312,n5797001437,road,0.68,plain,Kj-M-10,2,secondary,0,0,,1132207509
n10558774212,n10559072671,road,2.92,plain,Kj-M-10,2,secondary,0,0,asphalt,1332648397
n10558774212,n5797001515,road,2.67,plain,Kj-M-10,2,secondary,0,0,asphalt,1132399482
n10559072671,n2081914769,road,3.52,plain,Kj-M-10,2,secondary,0,0,asphalt,197997742
n10559317282,n10570122495,road,1.96,plain,secondary,2,secondary,0,0,,1133760604
n10561388917,n5232412848,road,3.51,mountain,secondary,2,secondary,0,0,asphalt,540997678
n10564333948,n5936564904,road,1.85,plain,KJ-M-003,2,secondary,0,0,paved,1334735437
n10564426749,n10564426780,road,1.1,plain,Kj-M-1,2,secondary,0,0,,1133065753
n10564426780,n567779315,road,1.6,plain,Kj-M-1,2,secondary,0,0,,1133066287
n10570122495,n10570159520,road,1.15,plain,secondary,2,secondary,0,0,,1133764999
n10570159520,n10610496691,road,1.53,plain,secondary,2,secondary,0,0,,1138257013
n10570246873,n2885039373,road,2.22,plain,SH41,2,primary,0,0,,1133773958
n10570246873,n4992083933,road,1.34,plain,SH41,2,primary,0,0,,284799032
n10570506815,n2595623141,road,0.18,plain,SH9,2,primary,0,0,,1133805923
n10570506815,n2595623151,road,2.22,plain,SH9,2,primary,0,0,,253663165
n10572259747,n567485174,road,0.87,plain,NH15,2,trunk,0,0,,1133985723
n10572259747,n567485269,road,7.57,plain,NH15,2,trunk,0,0,,44734381
n10577981170,n10577985180,road,0.11,plain,secondary,2,secondary,0,0,,1134678354
n10577985180,n2316322797,road,11.98,hilly,secondary,2,secondary,0,0,,230015248
n10577985180,n2385461483,road,0.73,plain,secondary,2,secondary,0,0,,230015248
n10578437654,n566686291,road,0.82,plain,NH27,2,trunk,0,0,,657782634
n10578437654,n566686299,road,0.1,plain,NH27,2,trunk,0,0,,44643275
n10578437654,n566687206,road,0.26,plain,NH27,2,trunk,0,0,,44643275
n10578437654,n566687315,road,1.47,plain,NH27,2,trunk,0,0,,657782634
n10578768507,n4643535018,road,9.82,mountain,secondary,2,secondary,0,0,,1136964665
n10581509677,n3897089085,road,1.32,plain,NH27,2,trunk,0,0,,386390140
n10581509677,n566687577,road,3.74,plain,NH27,2,trunk,0,0,,386390140
n10581564137,n3897086883,road,0.47,plain,NH27,2,trunk,0,0,,1135139793
n10581564137,n3897086929,road,0.63,plain,NH27,2,trunk,0,0,,1135139793
n10581564149,n3897086929,road,0.41,plain,NH27,2,trunk,0,0,,1135139794
n10581564149,n3897088115,road,1.22,plain,NH27,2,trunk,0,0,,1135139793
n10594321234,n10594321235,road,0.11,plain,NH127,2,trunk,1,0,,1136477570
n10594321234,n4867410009,road,0.33,plain,NH127,2,trunk,0,0,,1136477565
n10594321235,n1668477077,road,1.52,plain,NH127,2,trunk,0,0,,154288713
n10596043928,n12095105668,road,0.11,plain,trunk,2,trunk,0,0,asphalt,1341827548
n10596043928,n2920796066,road,0.76,plain,NH715,2,trunk,0,0,,1136680767
n10596583265,n4907087676,road,0.45,plain,SH17,2,primary,0,0,,1136747565
n10596583265,n4907087679,road,0.87,plain,SH17,2,primary,0,0,,499433240
n10606194690,n10606226017,road,15.48,mountain,NH 13,2,trunk,0,0,asphalt,1137844469
n10606194690,n8677149298,road,1.8,plain,NH 13,2,trunk,0,0,asphalt,1137843109
n10606226017,n4552000699,road,3.59,mountain,NH 13,2,trunk,0,0,asphalt,1137845212
n10610496691,n10614310730,road,2.33,plain,secondary,2,secondary,0,0,,1138687221
n10610870946,n10611382649,road,1.78,plain,secondary,2,secondary,0,0,,1138309970
n10611382649,n10613533046,road,2.07,plain,secondary,2,secondary,0,0,,1138586747
n10613533046,n10614310730,road,2.73,plain,secondary,2,secondary,0,0,,1138688366
n10613588570,n1811322247,road,0.37,plain,SH3,2,primary,0,0,,1138595201
n10613588570,n8972252273,road,4.07,plain,SH3,2,primary,0,0,,1138595203
n10613663276,n1133672628,road,2.7,plain,SH3,2,primary,0,0,,1138604884
n10614233733,n1380567851,road,4.38,hilly,secondary,2,secondary,0,0,,1138655104
n10614233733,n5497961561,road,0.61,plain,secondary,2,secondary,0,0,,1139102828
n10617300685,n2351398529,road,2.38,plain,secondary,2,secondary,0,0,,1140769272
n10617300685,n567484476,road,4.96,plain,secondary,2,secondary,0,0,,1139120410
n10618573290,n2337340110,road,2.78,plain,secondary,2,secondary,0,0,,170002966
n10618573290,n567484451,road,8.0,plain,secondary,2,secondary,0,0,,1139275744
n10628379934,n2337340110,road,1.28,plain,secondary,2,secondary,0,0,,1140696512
n10628379934,n2337340111,road,0.26,plain,secondary,2,secondary,0,0,,1140698370
n10635491184,n2337340116,road,2.28,plain,secondary,2,secondary,0,0,,224890801
n10635491184,n2381336674,road,1.62,plain,secondary,2,secondary,0,0,,1141869084
n10635540964,n6098467040,road,0.96,plain,secondary,2,secondary,0,0,,1141876746
n10635540964,n6112257888,road,1.09,plain,secondary,2,secondary,0,0,,651862333
n10636819503,n4996759946,road,0.44,plain,secondary,2,secondary,0,0,,1142033681
n10636819503,n904881649,road,1.16,plain,secondary,2,secondary,0,0,,221491269
n10637217892,n5478272322,road,0.54,plain,NH27,2,trunk,0,0,,1142114917
n10637217892,n5478272337,road,0.67,plain,NH27,2,trunk,1,0,,1142114920
n10637620377,n6098501162,road,0.29,plain,secondary,2,secondary,0,0,,1142182424
n10637620377,n8940040735,road,0.67,plain,secondary,2,secondary,0,0,,966319002
n10747768694,n1848136983,road,2.75,plain,primary_link,2,primary_link,0,0,paved,1155714811
n10845972370,n10845972441,road,3.22,mountain,NH913,2,trunk,0,0,,1166099592
n10845972441,n10867319160,road,6.27,mountain,NH913,2,trunk,0,0,,1168518208
n10846735171,n2463838086,road,7.5,mountain,trunk,2,trunk,0,0,,1166186895
n10846735171,n2463838578,road,2.97,plain,NH13,2,trunk,0,0,,1166198351
n10862154825,n2463838258,road,0.49,plain,trunk,2,trunk,0,0,,1167937770
n10862154825,n2463838404,road,2.67,plain,NH13,2,trunk,0,0,,1367623057
n10862189351,n2463838917,road,0.09,plain,trunk,2,trunk,0,0,,1167941331
n10862338650,n2463836987,road,4.26,mountain,13,2,trunk,0,0,asphalt,1185667921
n10862338650,n9404087007,road,8.77,mountain,NH13,2,trunk,0,0,asphalt,1019629573
n10867319160,n10867319165,road,0.36,plain,NH913,2,trunk,0,0,,1168518207
n10867319160,n1698495676,road,1.9,plain,NH913,2,trunk,0,0,,1168518207
n10867319165,n10870214475,road,6.08,mountain,secondary,2,secondary,0,0,,1168912554
n10880761766,n1698495570,road,2.61,plain,secondary,2,secondary,0,0,,1170528260
n10891484467,n11845352312,road,0.08,plain,SH12A,2,primary,0,0,asphalt,1275830066
n10891484467,n1880368273,road,3.58,plain,SH12A,2,primary,0,0,,120108643
n10892870737,n2464680624,road,0.47,plain,NH415,2,trunk,0,0,,1172370326
n10892870737,n3115199378,road,0.2,plain,NH15,2,trunk,0,0,,1172363593
n10892870784,n2464680609,road,5.19,plain,NH15,2,trunk,0,0,,1353123524
n10892870784,n2464680617,road,2.91,plain,NH15,2,trunk,0,0,,1353123502
n10892870784,n2464680624,road,1.08,plain,NH15,2,trunk,0,0,,1172363595
n10892870784,n3115199378,road,0.55,plain,NH15,2,trunk,0,0,,1172363596
n10892943818,n10892943849,road,0.16,plain,NH415,2,trunk,1,0,,1172370330
n10892943818,n835332668,road,3.68,hilly,NH415,2,trunk,0,0,,1172370332
n10892943818,n835332771,road,3.39,hilly,NH415,2,trunk,0,0,,1172370331
n10892943849,n2464680624,road,0.62,plain,NH415,2,trunk,0,0,,1172370329
n10893051924,n3736878493,road,2.08,plain,NH715,2,trunk,0,0,asphalt,1172386104
n10893051924,n567512021,road,3.07,plain,NH715,2,trunk,1,0,asphalt,1136680763
n10895342956,n10895342958,road,1.53,plain,NH15,4,trunk,1,0,asphalt,1172642756
n10895342956,n1359961181,road,7.61,plain,NH15,2,trunk,0,0,asphalt,1172642707
n10895342958,n1795588545,road,1.46,plain,NH15,2,trunk,0,0,asphalt,1305429480
n10895342969,n10895342973,road,0.9,plain,NH15,2,trunk,0,0,asphalt,1172642708
n10895342969,n1795588535,road,0.96,plain,NH15,2,trunk,0,0,asphalt,1305429498
n10895342973,n10895342978,road,0.1,plain,trunk,2,trunk,1,0,asphalt,1305429505
n10895342978,n10895342984,road,1.06,plain,trunk,2,trunk,0,0,asphalt,1305429506
n10895342978,n567512068,road,3.76,plain,trunk,2,trunk,0,0,asphalt,1305429500
n10895342984,n567512068,road,2.48,plain,NH15,2,trunk,0,0,asphalt,1305429499
n10972380780,n5928765300,road,9.06,mountain,secondary,2,secondary,0,0,,1181519374
n11014001237,n12786069631,road,1.97,plain,secondary,2,secondary,0,0,,1381156915
n11014001237,n1495483855,road,0.93,plain,secondary,2,secondary,0,0,,136316001
n11014001237,n1495483883,road,2.72,plain,secondary,2,secondary,0,0,,136316001
n11032046977,n11174400350,road,2.88,plain,secondary,2,secondary,0,0,,1205847224
n11032046977,n6199271231,road,0.88,plain,trunk,2,trunk,0,0,,1188046090
n11156251127,n1810911451,road,1.11,plain,secondary,2,secondary,0,0,,1203521285
n11169091093,n2520017702,road,0.51,plain,secondary,2,secondary,0,0,,1205153125
n11171299524,n12776237385,road,0.35,plain,secondary,2,secondary,0,0,,1379983543
n11171299524,n5787589238,road,0.14,plain,secondary,2,secondary,0,0,paved,1205415061
n11173813320,n2671616539,road,15.13,hilly,secondary,2,secondary,0,0,,261561732
n11173813320,n2671616561,road,7.47,mountain,secondary,2,secondary,0,0,,1320408484
n11174400350,n11182692438,road,1.18,plain,secondary,2,secondary,0,0,,1206803930
n11182692438,n11258626192,road,10.02,hilly,secondary,2,secondary,0,0,,1207107703
n11184926047,n5054902777,road,4.39,hilly,secondary,2,secondary,0,0,,1207067559
n1118544354,n1118544427,road,3.73,hilly,NH8,2,trunk,0,0,asphalt,105021197
n1118544354,n1118544577,road,2.13,plain,NH8,2,trunk,0,0,,978242944
n1118544396,n245721193,road,14.94,mountain,NH-8,2,trunk,0,0,asphalt,44769328
n1118544396,n2461543712,road,9.15,plain,NH-8,2,trunk,0,0,asphalt,44769328
n1118544423,n1118544427,road,0.1,plain,NH8,2,trunk,1,0,concrete,105021195
n1118544423,n1118544718,road,0.32,plain,NH8,2,trunk,0,0,asphalt,105020923
n1118544577,n1118544750,road,8.58,hilly,NH-8,2,trunk,0,0,asphalt,44769328
n1118544718,n1210734360,road,1.07,plain,NH-8,2,trunk,0,0,asphalt,238307885
n1118544750,n1118558118,road,2.0,plain,NH108,2,trunk,0,0,,496910370
n1118544750,n245721193,road,2.59,plain,NH-8,2,trunk,0,0,asphalt,44769328
n1118558118,n245721193,road,2.66,plain,primary,2,primary,0,0,,311663077
n1118558118,n3173660337,road,18.24,mountain,NH108,2,trunk,0,0,,311663041
n1118584496,n1118584901,road,4.19,plain,primary,2,primary,0,0,,664891714
n1118584542,n6198678204,road,3.1,plain,primary,2,primary,0,0,,339014306
n1118584562,n1118584799,road,0.11,plain,secondary,2,secondary,0,0,,665435624
n1118584562,n245726723,road,1.94,plain,NH202,2,trunk,0,0,,258107994
n1118584562,n3431633207,road,0.96,plain,secondary,2,secondary,0,0,,665383051
n1118584799,n6228259772,road,2.09,plain,secondary,2,secondary,0,0,,665435620
n1118584901,n3888828354,road,0.08,plain,primary,2,primary,1,0,,385538848
n1118585624,n12451734982,road,1.09,plain,primary,2,primary,0,0,,1346237500
n1118729593,n1118730474,road,0.23,plain,NH13,2,trunk,1,0,,96583776
n1118729593,n1118730586,road,4.5,plain,NH13,2,trunk,0,0,,96583766
n1118729701,n1118730586,road,0.17,plain,NH13,2,trunk,1,0,,96583785
n1118729701,n9280365404,road,1.77,plain,NH13,2,trunk,0,0,,96583773
n1118730037,n1118730474,road,3.02,plain,NH13,2,trunk,0,0,,96583813
n1118730037,n1118732540,road,0.19,plain,NH13,2,trunk,1,0,,96583824
n1118730148,n1118730654,road,3.0,plain,NH13,2,trunk,0,0,,96583774
n1118730148,n9280365404,road,0.31,plain,NH13,2,trunk,0,0,,1005840354
n1118730654,n1118730702,road,4.74,plain,NH13,2,trunk,0,0,,96583774
n1118730654,n5228170996,road,11.21,plain,secondary,2,secondary,0,0,,96583830
n1118730702,n245763040,road,1.45,plain,NH13,2,trunk,0,0,,238533368
n1118731621,n1118732509,road,4.12,mountain,NH13,2,trunk,0,0,,96583801
n1118731621,n2463577546,road,3.35,mountain,NH13,2,trunk,0,0,,242372562
n1118732509,n1118732540,road,2.85,plain,NH13,2,trunk,0,0,,988956319
n11187346928,n1811823832,road,1.15,plain,MDR,2,secondary,0,0,,1207369441
n11187346928,n8450405088,road,1.72,plain,MDR,2,secondary,0,0,,170026563
n11209695200,n12526512333,road,2.99,plain,NH208A,2,trunk,0,0,,1353683197
n11209695200,n3701321458,road,3.58,plain,NH208A,2,trunk,0,0,,1353683196
n11209695203,n12526512333,road,1.58,plain,NH208A,2,trunk,0,0,,1353683198
n11209921873,n12086690139,road,2.32,plain,primary,2,primary,0,0,,1304984100
n11209921873,n3701352908,road,1.21,plain,primary,2,primary,0,0,,1210005139
n11219439286,n2084597071,road,1.67,plain,primary,2,primary,0,0,,1210940937
n11219439302,n2084597075,road,0.75,plain,primary,2,primary,0,0,,1210940936
n11240835978,n569317125,road,6.08,plain,NH17,2,trunk,0,0,asphalt,238820993
n11240835978,n569317128,road,0.21,plain,NH17,2,trunk,0,0,asphalt,1213266736
n11267250378,n2084663001,road,5.73,plain,secondary,2,secondary,0,0,,198322648
n1131436822,n5501244822,road,0.61,plain,NH27,2,trunk,0,0,asphalt,842065591
n1131436822,n835159042,road,1.02,plain,NH27,2,trunk,1,0,,97735918
n1132259624,n1349326314,road,1.35,plain,SH12A,2,primary,0,0,,97816468
n1132259624,n1349349595,road,2.29,plain,SH12A,2,primary,0,0,,97816468
n1132259624,n1465486306,road,0.49,plain,secondary,2,secondary,0,0,,133176369
n1132259624,n1465486574,road,0.35,plain,secondary,2,secondary,0,0,,133176385
n1132259670,n1132259743,road,0.46,plain,primary,2,primary,1,0,asphalt,97816473
n1132259670,n11870034547,road,9.56,hilly,primary,2,primary,0,0,asphalt,363609996
n1132259743,n1445002386,road,2.75,plain,primary,2,primary,0,0,asphalt,97816469
n1132259798,n1347057443,road,0.17,plain,primary,2,primary,0,0,,131255827
n1132259798,n1349066151,road,10.54,plain,NH17,2,trunk,0,0,asphalt,130207761
n1132259798,n1445002220,road,0.7,plain,NH17,2,trunk,0,0,asphalt,130207761
n1132259819,n1132413584,road,1.41,plain,SH12A,2,primary,0,0,,97833864
n1132259819,n1349326438,road,0.76,plain,primary,2,primary,0,0,,238021922
n1132259819,n1435201689,road,0.49,plain,SH12A,2,primary,0,0,,238021921
n1132310026,n1132310570,road,0.94,plain,secondary,2,secondary,1,0,,505107186
n1132310026,n4927496119,road,1.51,plain,secondary,2,secondary,0,0,asphalt,505107180
n1132310042,n1132377575,road,3.16,plain,MDR,2,secondary,0,0,,97821827
n1132310042,n829889203,road,1.87,plain,MDR,2,secondary,0,0,asphalt,851508448
n1132310055,n829889203,road,0.56,plain,MDR,2,secondary,0,0,asphalt,22833150
n1132310055,n835159073,road,0.96,plain,MDR,2,secondary,0,0,asphalt,1190019599
n1132310563,n8021478004,road,2.08,plain,MDR,2,secondary,0,0,,97821836
n1132310563,n8021478050,road,0.46,plain,MDR,2,secondary,0,0,asphalt,1204116085
n1132310570,n4951368114,road,8.61,plain,secondary,2,secondary,0,0,,505107189
n1132321938,n1347487501,road,2.43,plain,SH12A,2,primary,0,0,,129562347
n1132321938,n1347487698,road,4.66,plain,SH12A,2,primary,0,0,,1276578865
n1132322488,n1347487691,road,3.88,plain,NH317,2,trunk,0,0,,44851357
n1132322488,n568602931,road,0.88,plain,NH317,2,trunk,0,0,,44851357
n1132322488,n697273377,road,0.41,plain,secondary,2,secondary,0,0,,97822969
n1132346982,n1313569900,road,1.89,plain,NH27,2,trunk,0,0,asphalt,119883468
n1132346982,n1313570156,road,0.22,plain,NH27,2,trunk,1,0,asphalt,116541213
n1132346982,n1313571066,road,1.31,plain,primary,2,primary,0,0,paved,842582566
n1132346982,n1313571285,road,0.87,plain,SH12A,2,primary,0,0,,842398617
n1132346982,n1323790772,road,1.22,plain,N5,2,trunk,0,0,,116541248
n1132346982,n566714108,road,1.49,plain,SH12A,2,primary,0,0,asphalt,842416099
n1132346982,n8866653636,road,0.33,plain,NH27,2,trunk,1,0,asphalt,958272911
n1132376135,n1132376484,road,0.43,plain,SH12,2,primary,0,0,,545837298
n1132376135,n1132376793,road,1.05,plain,SH12,2,primary,0,0,,1385914845
n1132376303,n1132378037,road,1.13,plain,SH12,2,primary,0,0,paved,117581434
n1132376303,n1324370369,road,1.84,plain,SH12,2,primary,0,0,paved,117581434
n1132376446,n1132377210,road,1.0,plain,SH12,2,primary,0,0,asphalt,98377815
n1132376446,n1132378037,road,1.62,plain,SH12,2,primary,0,0,asphalt,98377815
n1132376446,n692800829,road,4.5,plain,primary,2,primary,0,0,asphalt,98377966
n1132376475,n3493019887,road,3.43,plain,primary,2,primary,0,0,,342279921
n1132376475,n692800696,road,0.27,plain,primary,2,primary,0,0,,342277898
n1132376482,n1132378037,road,0.99,plain,primary,2,primary,0,0,,97828419
n1132376482,n3493019887,road,0.09,plain,primary,2,primary,1,0,,342279920
n1132376484,n1132378633,road,0.13,plain,SH12,2,primary,0,0,,500542999
n1132376793,n1132377210,road,0.09,plain,SH12,2,primary,1,0,,98377965
n1132377575,n3723078942,road,0.95,plain,MDR,2,secondary,0,0,,505139411
n1132378633,n1344231363,road,0.59,plain,secondary,2,secondary,0,0,,958314287
n1132378633,n1345435465,road,5.65,mountain,SH12,2,primary,0,0,,286403020
n1132379103,n1314633577,road,5.13,plain,primary,2,primary,0,0,paved,116660498
n1132379103,n1315232229,road,1.51,plain,NH327,2,trunk,0,0,paved,327732042
n1132379103,n245751501,road,0.47,plain,trunk_link,2,trunk_link,0,0,,1427085053
n1132379103,n568502579,road,1.59,plain,NH327,3,trunk,1,0,paved,902255681
n1132413484,n1132413550,road,1.76,plain,secondary,2,secondary,0,0,,97833863
n1132413484,n1810090732,road,3.53,plain,secondary,2,secondary,0,0,,169849863
n1132413484,n1810090791,road,2.47,plain,secondary,2,secondary,0,0,,169849863
n1132413540,n1132413760,road,0.99,plain,NH717,2,trunk,0,0,asphalt,261218572
n1132413550,n1810090769,road,1.49,plain,secondary,2,secondary,0,0,,169849868
n1132413584,n1132413679,road,0.47,plain,SH12A,2,primary,0,0,,97833876
n1132413584,n1435201982,road,0.23,plain,secondary,2,secondary,0,0,,169849880
n1132413679,n1132413773,road,0.29,plain,SH12A,2,primary,0,0,,97833876
n1132413679,n1349326438,road,1.82,plain,secondary,2,secondary,0,0,,130385205
n1132413760,n1810090705,road,1.44,plain,secondary,2,secondary,0,0,,1204031805
n1132413760,n3722630808,road,1.76,plain,NH717,2,trunk,0,0,asphalt,1278134140
n1132413773,n1349066151,road,1.8,plain,SH12A,2,primary,0,0,,235207156
n1132413980,n1349326150,road,2.92,plain,NH717,2,trunk,0,0,,1035126823
n1132413980,n1349326376,road,3.11,plain,NH717,2,trunk,0,0,,1035126823
n1132413980,n1810090769,road,1.44,plain,secondary,2,secondary,0,0,,169849868
n1132414018,n1435201618,road,0.52,plain,secondary,2,secondary,0,0,,130228317
n1132414018,n1435201982,road,0.3,plain,secondary,2,secondary,0,0,,130228327
n1133013607,n1133013618,road,0.51,plain,NH327,2,primary,0,0,,97889687
n1133013607,n1133013855,road,2.26,plain,NH327,2,primary,0,0,,97889687
n1133013607,n3636144173,road,9.16,mountain,secondary,2,secondary,0,0,,348081896
n1133013618,n1596351004,road,1.83,plain,NH327,2,primary,0,0,,348081881
n1133013855,n1359840552,road,0.94,plain,NH327,2,trunk,0,0,paved,389832664
n1133013855,n2468990212,road,3.9,plain,NH327,2,trunk,0,0,,97889684
n11332450380,n1349349595,road,3.05,plain,SH12A,2,primary,0,0,,97816468
n11332450380,n1465121719,road,2.67,plain,SH12A,2,primary,0,0,,1221924649
n1133639868,n569195340,road,1.05,plain,SH46,2,primary,0,0,,1074157114
n1133639875,n1133640104,road,0.86,plain,secondary,2,secondary,0,0,,851963469
n1133639875,n958143746,road,5.39,plain,primary,2,primary,0,0,,480530398
n1133639875,n958143785,road,2.0,plain,primary,2,primary,0,0,,851963468
n1133640064,n1133640550,road,9.1,hilly,secondary,2,secondary,0,0,,97945338
n1133640104,n1133640550,road,6.1,mountain,secondary,2,secondary,0,0,,851963469
n1133640104,n6728629916,road,5.86,plain,NH15,2,trunk,0,0,,1056179697
n1133640104,n7947044583,road,4.31,plain,NH15,2,trunk,0,0,,851963470
n1133640141,n4904965665,road,2.65,plain,SH46,2,primary,0,0,,97945349
n1133640141,n4904966553,road,6.47,plain,secondary,2,secondary,0,0,,363595962
n1133640592,n4904966532,road,0.64,plain,secondary,2,secondary,0,0,,499188051
n1133640592,n7157252896,road,4.52,plain,secondary,2,secondary,0,0,,1291355512
n1133672628,n1668477290,road,1.72,plain,SH3,2,primary,0,0,,538069758
n1133672936,n1884960226,road,1.09,plain,SH47,2,primary,0,0,,611882061
n1133695009,n1133695888,road,4.44,plain,NH315,2,trunk,0,0,,384662601
n1133695009,n1802870485,road,2.45,plain,NH315,2,trunk,0,0,,169119588
n1133695888,n3880129271,road,0.73,plain,NH315,2,trunk,0,0,,961145711
n11345580667,n12786069631,road,0.96,plain,secondary,2,secondary,0,0,,1381156912
n11345580667,n1495483883,road,0.19,plain,secondary,2,secondary,0,0,,1223110857
n11357444667,n2309750032,road,0.7,plain,SH19,2,primary,0,0,,1313328011
n11357444667,n245742786,road,10.95,plain,SH19,2,primary,0,0,asphalt,659674219
n11357444667,n5779799053,road,1.94,plain,SH-017,2,primary,0,0,,1313330363
n11357607107,n569198415,road,1.03,plain,primary,2,primary,0,0,,1224696309
n11508722833,n2491876424,road,2.92,plain,NH6,2,trunk,0,0,asphalt,241577682
n11508722833,n2491876513,road,0.08,plain,NH6,2,trunk,0,0,asphalt,1326364986
n11510712718,n12458835060,road,4.22,plain,NH15,2,trunk,0,0,,1239087315
n11510712718,n1359961574,road,1.33,plain,NH15,2,trunk,0,0,,69884123
n11510712718,n835357965,road,8.21,hilly,NH15,2,trunk,0,0,,69884123
n11511548232,n2463851509,road,0.11,plain,NH13,2,trunk,1,0,,1239155688
n11511548232,n2463852172,road,0.28,plain,NH13,2,trunk,0,0,,1239155689
n11515932609,n1722857719,road,6.52,plain,secondary,2,secondary,0,0,,160224944
n11515932609,n1722857757,road,1.84,plain,secondary,2,secondary,0,0,,1312695499
n11601635471,n11601635472,road,0.08,plain,trunk,2,trunk,1,0,,1248038142
n11601635472,n1516328089,road,0.18,plain,NH208,2,trunk,0,0,,1128377279
n11601646224,n11601646256,road,3.54,plain,NH-108,2,trunk,0,0,,1248042695
n11601646224,n3884084074,road,7.32,mountain,NH-108,2,trunk,0,0,,1248044092
n11601646256,n3885892152,road,0.96,plain,NH-108,2,trunk,0,0,,1285872867
n11634841520,n5744150365,road,2.79,plain,secondary,2,secondary,0,0,,1329376074
n1165274315,n1165274367,road,0.16,plain,NH317,2,trunk,1,0,,100823919
n1165274315,n568597881,road,6.75,hilly,NH317,2,trunk,0,0,,100823925
n1165274367,n2466417668,road,2.08,plain,NH317,2,trunk,0,0,,238842136
n11665421808,n11665421894,road,6.44,plain,secondary,2,secondary,0,0,,1254899185
n11665421808,n1676970400,road,6.82,hilly,secondary,2,secondary,0,0,,155296409
n11717021281,n11717021298,road,0.94,plain,NH13,2,trunk,0,1,,1260641177
n11717021281,n2883872635,road,6.85,mountain,NH13,2,trunk,0,0,,1260641175
n11717021298,n9978986789,road,1.19,plain,NH13,2,trunk,0,0,,1260641176
n11764392028,n11764392064,road,0.1,plain,NH8,2,trunk,0,0,asphalt,1346237573
n11764392028,n567778977,road,1.38,plain,NH8,1,trunk,0,0,asphalt,1372464716
n11764392058,n4117424495,road,2.06,plain,NH8,2,trunk,0,0,asphalt,1266579124
n11764392058,n567779184,road,1.04,plain,NH8,1,secondary,0,0,asphalt,1338096248
n11764392058,n567779219,road,2.18,plain,NH8,1,trunk,0,0,asphalt,1372464717
n11764392064,n12451844913,road,2.72,plain,NH8,2,trunk,0,0,asphalt,1346237573
n11764392064,n567778997,road,1.51,plain,NH8,1,secondary,0,0,asphalt,44769567
n11765014004,n11920760339,road,0.25,plain,SH6,2,primary,1,0,,1266648190
n11765014004,n2364712076,road,0.34,plain,SH6,2,primary,1,0,,1284988968
n11809768200,n11809810081,road,2.99,plain,secondary,2,secondary,0,0,,1271757591
n11809768200,n11809854207,road,0.95,plain,secondary,2,secondary,0,0,,1271759746
n11809810081,n2319239264,road,8.17,plain,NH127B,2,trunk,0,0,,193281893
n11809810081,n5812888447,road,3.92,plain,NH127B,2,trunk,0,0,,193281893
n11809854207,n11809854219,road,0.51,plain,secondary,2,secondary,0,0,,1271759748
n11809854219,n2319239275,road,1.56,plain,MDR45-0120,2,secondary,0,0,,1271751757
n11809854219,n5176113720,road,0.53,plain,MDR45-0120,2,secondary,0,0,,1271751757
n11825693990,n3515196343,road,5.35,plain,secondary,2,secondary,0,0,asphalt,344780537
n11825693990,n569193565,road,2.18,plain,secondary,2,secondary,0,0,asphalt,1273472543
n11829398739,n12497721349,road,0.99,plain,trunk,2,trunk,0,0,,1350861694
n11829398739,n9200209043,road,2.16,plain,trunk,2,trunk,0,0,,1350861695
n11831908535,n9532110569,road,0.16,plain,NH17,2,trunk,0,0,concrete,1274289900
n11831908535,n9532110582,road,0.08,plain,NH17,2,trunk,0,0,asphalt,1274287372
n11845352299,n568597731,road,0.13,plain,SH12A,2,primary,0,0,asphalt,1275830059
n11845352299,n568597750,road,0.24,plain,SH12A,2,primary,1,0,asphalt,1275830067
n11845352312,n568597750,road,0.23,plain,SH12A,2,primary,1,0,asphalt,1275830062
n11845395712,n1880368273,road,2.88,plain,secondary,2,secondary,0,0,,1275835337
n11845395712,n568597740,road,1.86,plain,secondary,2,secondary,0,0,,177618210
n11851453958,n2365447064,road,0.19,plain,NH317,2,trunk,0,0,asphalt,1276578882
n11851453958,n568598176,road,1.02,plain,NH317,2,trunk,0,0,asphalt,1276578855
n11851455153,n2365447093,road,1.76,plain,NH317,2,trunk,0,0,,1276578877
n11851455153,n568598100,road,1.91,plain,NH317,2,trunk,0,0,asphalt,227915796
n1185176909,n1185176969,road,0.81,plain,NH13,2,trunk,0,0,,238561752
n1185176909,n1185178063,road,0.12,plain,NH13,2,trunk,1,0,,102627764
n1185176969,n2463825218,road,17.2,mountain,NH13,2,trunk,0,0,,565001721
n1185178063,n2463837758,road,12.02,mountain,NH13,2,trunk,0,0,,1219688818
n11870034547,n3677007094,road,3.68,plain,primary,2,primary,0,0,asphalt,1278631989
n11870079664,n11870079665,road,0.11,plain,NH17,2,trunk,1,0,asphalt,1278631924
n11870079664,n569316722,road,0.41,plain,NH17,2,trunk,0,0,asphalt,1278631925
n11870079665,n569316715,road,0.37,plain,NH17,2,trunk,0,0,asphalt,1278631940
n11871412310,n2365446798,road,2.9,plain,secondary,2,secondary,0,0,,177574363
n11871412310,n245749159,road,1.98,plain,secondary,2,secondary,0,0,,1278744897
n11887138344,n12853494958,road,2.05,plain,SH5,2,primary,0,0,,1280641212
n11887138344,n2373755163,road,0.28,plain,SH5,2,primary,0,0,,1280641214
n11902051012,n5478272552,road,0.2,plain,NH27,2,trunk,0,0,,1282589272
n11902051012,n569192406,road,0.1,plain,NH27,2,trunk,1,0,,1282589273
n11917706361,n2399678417,road,3.23,plain,NH27,2,trunk,0,0,,289052047
n11917706361,n7158912817,road,0.32,plain,NH27,2,trunk,0,0,,1284624273
n11920760339,n6114679291,road,0.1,plain,SH6,2,primary,1,0,,1284988971
n11926973525,n11926973527,road,1.02,plain,NH27,2,trunk,0,0,,289052187
n11926973525,n1346388764,road,2.64,plain,NH27,2,trunk,0,0,,289052187
n11926973527,n1346388174,road,0.17,plain,NH27,2,trunk,0,0,,289052187
n11926973527,n2365493471,road,3.94,plain,NH27,2,trunk,0,0,,566210463
n11926973545,n11926973561,road,1.34,plain,MDR5,2,secondary,0,0,,1285775366
n11926973561,n2391090256,road,2.71,plain,MDR5,2,secondary,0,0,,1285775367
n11926976110,n11931554258,road,1.63,plain,MDR05,2,secondary,0,0,,1286396956
n11926976110,n2391090266,road,3.93,hilly,MDR05,2,secondary,0,0,,1285775375
n11926976685,n5779960375,road,4.43,plain,MDR03,2,secondary,0,0,,1285775386
n11926976685,n5779960785,road,3.77,plain,MDR03,2,secondary,0,0,,1285775384
n11927115270,n2516678971,road,0.25,plain,MDR2,2,secondary,0,0,,1285794490
n11927115270,n2516679303,road,2.52,plain,MDR2,2,secondary,0,0,,1285794492
n11935315896,n2399678607,road,2.87,plain,NH127C,2,trunk,0,0,,1286863026
n11935315896,n2399679074,road,0.5,plain,NH127C,2,trunk,0,0,,1286863022
n11982693536,n5452016292,road,1.29,plain,NH27,2,trunk,0,0,,289052158
n11982693536,n5794106944,road,0.87,plain,NH27,2,trunk,0,0,,289052158
n11982707862,n458986014,road,0.99,plain,NH27,2,trunk,0,0,asphalt,1118012912
n11982707862,n5049675202,road,0.6,plain,NH27,2,trunk,0,0,asphalt,1118012912
n12035912363,n12035912470,road,1.0,plain,primary,2,primary,0,0,asphalt,1299284253
n12042507706,n2885091559,road,1.35,plain,NH715A,2,trunk,0,0,,1300107420
n12042507706,n567387366,road,5.43,plain,NH715A,2,trunk,0,0,,901170038
n12051472955,n2885039421,road,3.47,hilly,SH6,2,primary,0,0,,284799036
n12051472955,n3677614508,road,3.66,plain,SH6,2,primary,0,0,,1301138870
n12066034887,n12066034908,road,1.28,plain,secondary,2,secondary,0,0,,1302829764
n12072966690,n4890808105,road,0.17,plain,NH27,2,trunk,0,0,,1316335719
n12072966690,n4977205811,road,0.9,plain,NH27,2,trunk,1,0,,1303632308
n12083846937,n6736634124,road,1.7,plain,SH-002,2,primary,0,0,paved,1304708651
n12083846937,n9976325400,road,3.48,plain,SH-002,2,primary,0,0,asphalt,1088982346
n12083857079,n2967220343,road,11.35,mountain,SH-002,2,primary,0,0,asphalt,621083910
n12083857079,n6736634107,road,4.46,hilly,SH-002,2,primary,0,0,paved,717303431
n12084959797,n3884089615,road,1.86,plain,secondary,2,secondary,0,0,,1304812673
n12084998550,n2462048708,road,4.62,plain,secondary,2,secondary,0,0,,1304821148
n12086064850,n2465029054,road,4.61,plain,SH48,2,primary,0,0,paved,496878738
n12086064850,n2465029122,road,0.29,plain,SH48,2,primary,0,0,paved,496878738
n12086064850,n9026877289,road,0.34,plain,SH48,2,primary,0,0,paved,1304919368
n12086070092,n12089656745,road,3.94,plain,NH115,2,trunk,0,0,asphalt,402883816
n12086070092,n1740057032,road,3.01,plain,NH115,2,trunk,0,0,asphalt,1305321038
n12086238930,n12102204594,road,3.21,mountain,SH-007,2,primary,0,0,,1306789171
n12086238930,n3880129884,road,5.44,hilly,SH-007,2,primary,0,0,asphalt,1306789206
n12086690139,n12709048529,road,5.21,hilly,primary,2,primary,0,0,,1304985496
n12089656745,n2168187718,road,0.8,plain,NH115,2,trunk,0,0,asphalt,1305321037
n12090190084,n12090190090,road,1.78,plain,NH715,2,trunk,0,0,,1305376854
n12090190084,n1939485065,road,1.93,plain,NH715,2,trunk,0,0,,1305376857
n12090190090,n12090190092,road,0.66,plain,NH715,2,trunk,0,0,,1305376856
n12090190092,n1939470828,road,3.71,plain,NH715,2,trunk,0,0,,358944976
n12090192261,n567378707,road,1.93,plain,NH715,2,trunk,0,0,asphalt,1305376889
n12090192261,n567378731,road,1.8,plain,NH715,2,trunk,0,0,asphalt,1305471284
n12090677122,n567485269,road,0.54,plain,NH15,2,trunk,0,0,asphalt,1305429627
n12090677122,n567485332,road,5.08,plain,NH15,2,trunk,0,0,asphalt,238668524
n12091039166,n567511988,road,0.97,plain,NH715,2,trunk,0,0,asphalt,1305471330
n12091039166,n567512044,road,0.31,plain,NH715,2,trunk,0,0,asphalt,44736736
n12091082694,n567511978,road,0.95,plain,NH715,2,trunk,0,0,asphalt,1305471329
n12091082694,n567511988,road,1.15,plain,NH715,2,trunk,0,0,asphalt,1305471308
n12091082694,n567511990,road,0.66,plain,NH715,2,trunk,0,0,asphalt,1305471310
n12091833832,n2309538098,road,6.28,plain,SH1,2,primary,0,0,asphalt,1305554335
n12091833832,n2309538309,road,6.43,plain,SH1,2,primary,0,0,asphalt,1305554336
n12095105668,n2920796066,road,0.86,plain,NH715,2,trunk,0,0,,1136680756
n12095105668,n567512068,road,0.35,plain,NH715,2,trunk,0,0,,1341827549
n12097804860,n1698582202,road,0.58,plain,NH215,2,trunk,0,0,asphalt,1306248884
n12097804860,n4052837592,road,0.4,plain,NH215,2,trunk,0,0,asphalt,1306248879
n12097814911,n1676938852,road,3.14,plain,NH702C,2,trunk,0,0,asphalt,1306249780
n12097814911,n1676939158,road,0.25,plain,NH702C,2,trunk,0,0,asphalt,1306687819
n12101473848,n1380567808,road,8.31,plain,SH-007,2,primary,0,0,asphalt,123935230
n12101473848,n3179713363,road,0.7,plain,SH-007,2,primary,0,0,paved,1306687820
n12102204594,n12102224708,road,0.87,plain,SH-007,2,primary,0,0,asphalt,1306789181
n12102220244,n12102220275,road,2.1,plain,SH-007,2,primary,0,0,,1306789185
n12102220244,n12102224718,road,0.39,plain,SH-007,2,primary,0,0,asphalt,1306789174
n12102224708,n12102224718,road,0.74,plain,SH-007,2,primary,0,0,paved,1306789180
n12104042598,n2579670796,road,4.11,plain,secondary,2,secondary,0,0,,251891597
n12104042598,n2580492512,road,1.53,plain,secondary,2,secondary,0,0,,1366245249
n1210734360,n2461543337,road,6.34,hilly,NH-8,2,trunk,0,0,asphalt,238307887
n12118121182,n2375286688,road,1.39,plain,SH32,2,primary,0,0,asphalt,1308563673
n12118121182,n2375286801,road,2.76,plain,SH32,2,primary,0,0,asphalt,155251687
n12128291383,n2375287134,road,2.94,plain,SH33,2,primary,0,0,asphalt,1309923420
n12128291383,n2375287606,road,2.46,plain,SH33,2,primary,0,0,asphalt,228865972
n12128302701,n12128302717,road,2.6,plain,SH33,2,primary,0,0,paved,1309920442
n12128302701,n1987687546,road,3.14,plain,SH33,2,primary,0,0,paved,1309920443
n12128302717,n3637671405,road,2.05,plain,SH33,2,primary,0,0,asphalt,382999191
n12128327487,n6176656093,road,1.35,plain,SH33,2,primary,0,0,asphalt,1309925282
n12128327487,n6176656126,road,5.49,plain,SH33,2,primary,0,0,asphalt,1159896704
n12133486634,n1740057032,road,0.5,plain,SH48,2,primary,0,0,,1310804639
n12133486634,n3179749350,road,2.04,plain,SH48,2,primary,0,0,,402883811
n12133486640,n3179749350,road,0.41,plain,SH48,2,primary,0,0,,1310804641
n12133486640,n4740596570,road,10.05,plain,SH48,2,primary,0,0,,22832949
n12144936298,n12144952913,road,1.06,plain,SH-015,2,primary,0,0,asphalt,1312097978
n12144936298,n5971389338,road,2.21,plain,SH-015,2,primary,0,0,asphalt,1312097976
n12144952913,n5755880117,road,0.77,plain,SH-015,2,primary,0,0,asphalt,1312097979
n12144953505,n5754176320,road,0.62,plain,SH-015,2,primary,0,0,asphalt,1312097994
n12144953505,n5754176442,road,2.52,plain,SH-015,2,primary,0,0,asphalt,1312097996
n12148183321,n13737355467,road,0.19,plain,primary,2,primary,0,0,,1500222990
n12148183321,n5802146056,road,1.49,plain,primary,2,primary,0,0,,1312475256
n12148183321,n5971389324,road,2.62,plain,primary,2,primary,0,0,,1312097983
n12150302845,n3684327566,road,2.84,plain,SH19,2,primary,0,0,asphalt,1314693791
n12150302845,n3701172837,road,2.83,plain,SH19,2,primary,0,0,asphalt,1312660292
n12151055816,n3701352920,road,13.91,plain,NH208A,2,trunk,0,0,asphalt,138303255
n12151055816,n4095375229,road,2.23,plain,NH208A,2,trunk,0,0,,1312745397
n12156186810,n2468783604,road,0.21,plain,NH27,2,trunk,0,0,,1313324034
n12156186810,n2468783608,road,0.42,plain,NH27,2,trunk,0,0,,1313324034
n12162651114,n12162651135,road,0.95,plain,secondary,2,secondary,0,0,,1314065904
n12168558903,n4571959303,road,0.47,plain,SH19,2,primary,0,0,asphalt,1313328014
n12168558903,n4571959305,road,0.94,plain,SH19,2,primary,0,0,asphalt,1314689567
n12168590761,n4571959290,road,1.61,plain,secondary,2,secondary,0,0,asphalt,1315754977
n12168590761,n4571959301,road,0.73,plain,secondary,2,secondary,0,0,asphalt,1314693802
n12168637865,n12168646101,road,0.54,plain,SH-018,2,primary,0,0,unpaved,1315729863
n12168637865,n2376217264,road,4.27,plain,SH-018,2,primary,0,0,unpaved,1315729864
n12168645142,n5730492021,road,7.8,hilly,SH-018,2,primary,0,0,unpaved,1314699384
n12168645556,n12168646101,road,8.53,hilly,SH-018,2,primary,0,0,unpaved,1314699381
n12178545755,n4571959085,road,0.26,plain,SH19,2,primary,0,0,asphalt,1315724522
n12178545755,n5801909444,road,2.03,plain,SH19,2,primary,0,0,asphalt,1315724540
n12188885953,n3173560387,road,0.09,plain,primary,1,primary,1,0,,1317004592
n12188885953,n3173560410,road,0.09,plain,SH-021,1,primary,1,0,,1316999790
n12193152862,n13304544410,road,0.98,plain,NH127B,2,trunk,0,0,,1317434205
n12193152862,n13304544412,road,0.11,plain,NH127B,2,trunk,1,0,,1450659617
n12193152869,n13304544410,road,0.45,plain,NH127B,2,trunk,0,0,,1450659614
n12193152869,n2319239248,road,14.24,plain,NH127B,2,trunk,0,0,,222979995
n12195743656,n12195811774,road,6.92,mountain,SH37,1,primary,0,0,unpaved,1317723906
n12195743656,n5766110467,road,10.24,mountain,SH37,2,primary,0,0,,1317723911
n12198712182,n5714069422,road,0.14,plain,secondary,2,secondary,0,0,,1318071777
n12198712182,n5714069425,road,0.09,plain,secondary,2,secondary,0,0,,1318071776
n12202303594,n2051081361,road,0.7,plain,NH8,2,trunk,0,0,asphalt,194605361
n12202303594,n567779488,road,0.58,plain,NH8,2,trunk,0,0,asphalt,1318479989
n12216993186,n2468740362,road,1.2,plain,NH27,2,trunk,0,0,asphalt,1320188178
n12216993186,n3897171387,road,0.73,plain,NH27,2,trunk,0,0,asphalt,1320188180
n12222989996,n12223051904,road,1.53,plain,secondary,2,secondary,0,0,asphalt,1320816281
n12222989996,n3158896421,road,0.15,plain,secondary,2,secondary,0,0,asphalt,1320810094
n12223051904,n9713063992,road,0.16,plain,secondary,2,secondary,0,0,asphalt,1320816279
n12247857903,n567778725,road,1.22,plain,NH8,2,trunk,0,0,asphalt,1323572289
n12247857903,n567778814,road,2.0,plain,NH8,2,trunk,0,0,asphalt,1330252420
n12269691195,n12269716950,road,2.35,plain,CA-M-009,2,secondary,0,0,asphalt,1326129307
n12269691195,n12269717037,road,1.49,plain,CA-M-009,2,secondary,0,0,asphalt,1326129308
n12269696748,n12269700074,road,1.25,plain,CA-M-009,2,secondary,0,0,asphalt,1326129295
n12269700074,n12269700094,road,0.55,plain,CA-M-009,2,secondary,0,0,asphalt,1326129301
n12269700094,n12269716944,road,1.1,plain,CA-M-009,2,secondary,0,0,asphalt,1326129303
n12269716944,n12269716950,road,0.43,plain,CA-M-009,2,secondary,0,0,asphalt,1326129305
n12269717037,n5232413088,road,1.42,plain,CA-M-009,2,secondary,0,0,paved,1326129309
n12296248629,n12296248636,road,0.6,plain,primary,2,primary,0,0,,1467052554
n12296248629,n3901026699,road,10.79,hilly,primary,2,primary,0,0,,1467052556
n12296248636,n12296272662,road,16.73,mountain,primary,2,primary,0,0,,1329033052
n12299451329,n12299451330,road,0.27,plain,secondary,2,secondary,0,0,,1329376094
n12299451329,n569198534,road,21.5,plain,secondary,2,secondary,0,0,,22827116
n12299451330,n12299451335,road,0.57,plain,secondary,2,secondary,0,0,,1329376091
n12299451335,n5744150365,road,4.9,plain,secondary,2,secondary,0,0,,1329114020
n12302763205,n12335680310,road,5.87,plain,Kj-M-11,2,secondary,0,0,asphalt,1333326326
n12302763205,n4885601044,road,0.3,plain,Kj-M-11,1,secondary,0,0,paving_stones,496910443
n12308500558,n2083680192,road,9.42,hilly,Kj-M-7,2,secondary,0,0,asphalt,1329766750
n12308500558,n4571759015,road,1.05,plain,Kj-M-7,2,secondary,0,0,asphalt,1330308768
n12323398497,n12323398605,road,2.95,plain,trunk_link,2,trunk_link,0,0,,1331917337
n12323398497,n12481628212,road,2.09,plain,trunk,2,trunk,0,0,,1349323098
n12323398605,n4559683107,road,1.82,plain,trunk,2,trunk,0,0,,1359705441
n12328420095,n567779575,road,1.19,plain,NH37,2,trunk,0,0,asphalt,628779844
n12335661636,n12335670765,road,2.02,plain,Kj-M-6,2,secondary,0,0,,1333326334
n12335666191,n12335671076,road,2.58,plain,MDR11,2,secondary,0,0,,1333326317
n12335666191,n12398775095,road,0.23,plain,MDR11,2,secondary,0,0,,1340391906
n12335670765,n5936564737,road,2.16,plain,Kj-M-6,2,secondary,0,0,asphalt,1340387658
n12335671076,n5936564857,road,1.92,plain,MDR11,2,secondary,0,0,,1340383098
n12335680308,n12335680310,road,0.22,plain,Kj-M-11,2,secondary,0,0,,1346218123
n12335680308,n12398800971,road,1.43,plain,Kj-M-11,2,secondary,0,0,paved,1340396261
n12346997142,n4117424377,road,6.5,plain,KJ-M-003,2,secondary,0,0,paved,1335956655
n12346997142,n9761005422,road,0.2,plain,KJ-M-003,2,secondary,0,0,paved,1335956656
n12377117626,n12398784267,road,2.35,plain,Kj-M-4,2,secondary,0,0,paved,1340395677
n12377117626,n567779184,road,0.78,plain,Kj-M-4,2,secondary,0,0,asphalt,1346168996
n12386967799,n4636429244,road,0.16,plain,Kj-M-14,2,secondary,0,0,paved,1339116716
n12386967799,n4636429246,road,0.54,plain,Kj-M-14,2,secondary,0,0,paved,1339116717
n12398783654,n12398816121,road,0.08,plain,Kj-M-6,2,secondary,1,0,paved,1340395682
n12398784267,n12398805010,road,1.1,plain,Kj-M-4,2,secondary,0,0,paved,1340395681
n12398816121,n5463916909,road,0.63,plain,Kj-M-6,2,secondary,0,0,paved,1345201645
n12398876999,n12398911818,road,0.45,plain,primary,2,primary,0,0,,1340409740
n12398911818,n12398949452,road,0.28,plain,primary,2,primary,0,0,,1340411472
n12423408702,n6338319560,road,0.38,plain,Kj-M-9,2,secondary,0,0,,1352089565
n12434556965,n4117423821,road,0.86,plain,secondary,2,secondary,0,0,,1343894508
n12451734982,n245721193,road,6.47,plain,primary,2,primary,0,0,,69259911
n12451844913,n4117424495,road,3.28,plain,NH8,2,trunk,0,0,asphalt,1266579124
n12458835060,n12458835061,road,0.08,plain,NH15,2,trunk,1,0,,1346871342
n12458835060,n1359961574,road,2.9,plain,NH15,2,trunk,0,0,,1239087314
n12458835061,n1359960829,road,0.7,plain,NH15,2,trunk,0,0,,1353087358
n12458835876,n1810912357,road,14.97,mountain,secondary,2,secondary,0,0,,169939293
n12458835876,n2316322854,road,0.08,plain,secondary,2,secondary,1,0,,1346871355
n12466572286,n12466572632,road,1.74,plain,secondary,2,secondary,0,0,asphalt,1347732063
n12466572632,n12466572652,road,1.08,plain,secondary,2,secondary,0,0,asphalt,1347732085
n12466572652,n12466591367,road,2.01,plain,NH415,2,trunk,0,0,asphalt,1368290018
n12466572652,n2465117885,road,5.41,hilly,NH415,2,trunk,0,0,asphalt,1347732091
n12466591367,n6270119788,road,0.11,plain,NH415,2,trunk,0,0,asphalt,1368290018
n12466597220,n12466597264,road,0.83,plain,NH415,2,trunk,0,0,asphalt,1347732101
n12466597220,n6270119788,road,0.56,plain,NH415,2,trunk,0,0,asphalt,1347732101
n12466597264,n12466597346,road,1.29,plain,NH415,2,trunk,0,0,asphalt,1347732101
n12466597264,n6270119788,road,1.69,plain,NH415,2,trunk,0,0,asphalt,1347732103
n12466597264,n835332668,road,2.25,plain,NH415,2,trunk,0,0,asphalt,1347732103
n12466597346,n835332668,road,0.54,plain,NH415,2,trunk,0,0,asphalt,1347732101
n12496296489,n2520321311,road,0.56,plain,trunk,2,trunk,0,0,,1350708090
n12496296489,n2520321344,road,0.19,plain,trunk,2,trunk,1,0,,1350708088
n12497721265,n12497721349,road,0.28,plain,trunk,2,trunk,0,0,,1350861685
n12497721406,n5641133107,road,14.91,mountain,trunk,2,trunk,0,0,,1350861698
n12497721406,n9200209043,road,0.5,plain,trunk,2,trunk,0,0,,1350861683
n12503857426,n2365493073,road,0.11,plain,SH9,2,primary,1,0,,1351497421
n12519988985,n12519988986,road,0.37,plain,secondary,2,secondary,0,0,,1353080491
n12519988985,n5775207081,road,0.62,plain,secondary,2,secondary,0,0,,1353080489
n12519988986,n569317383,road,1.07,plain,secondary,2,secondary,0,0,,609751749
n12520286039,n12520286271,road,1.39,plain,trunk,2,trunk,0,0,,1353112860
n12520286039,n835357904,road,0.97,plain,NH15,2,trunk,0,0,,1353112880
n12520286039,n835357953,road,1.43,plain,trunk,2,trunk,0,0,,1353112878
n12520286271,n835357904,road,0.41,plain,NH15,2,trunk,0,0,,1353112884
n12520286271,n835357914,road,0.51,plain,NH15,2,trunk,0,0,,1353112861
n12522839890,n12522842607,road,1.74,plain,NH29,2,trunk,0,0,,1353386499
n12522842607,n12522904745,road,2.1,plain,trunk,2,trunk,0,0,,1353378381
n12522904745,n12522908719,road,3.67,hilly,NH29,2,trunk,0,0,,1353378382
n12522908719,n12522908720,road,0.16,plain,trunk,2,trunk,0,0,,1386458053
n12522908720,n567785657,road,0.77,plain,trunk,2,trunk,0,0,,1353386470
n12522908951,n7905971661,road,0.3,plain,trunk,2,trunk,1,0,,1353386493
n12522908951,n7905971662,road,0.62,plain,trunk,2,trunk,1,0,,1353386492
n12522908951,n9848949448,road,2.75,plain,trunk,2,trunk,0,0,,1073679106
n12522923327,n569069164,road,1.56,plain,NH29,2,trunk,0,0,,1038173685
n12522923327,n569069335,road,2.76,plain,NH29,2,trunk,0,0,,1353388495
n12527860812,n4260245049,road,15.77,mountain,Nc-M-1,2,secondary,0,0,,1353799882
n12538569032,n12538578828,road,13.31,plain,NH29,2,trunk,0,0,,1354867094
n12538569032,n245742786,road,0.47,plain,NH29,2,trunk,0,0,,1354869548
n12538569048,n12538578779,road,2.43,plain,NH29,2,trunk,0,0,,1354867102
n12538569048,n6264797114,road,1.88,plain,NH29,2,trunk,0,0,asphalt,386520066
n12538569083,n12538569091,road,1.34,plain,NH29,2,trunk,0,0,,1354867113
n12538569083,n12538578779,road,1.06,plain,NH29,2,trunk,0,0,,1354867101
n12538569091,n12538578822,road,0.09,plain,NH29,2,trunk,1,0,,1354867103
n12538569092,n12538578760,road,0.2,plain,NH29,2,trunk,0,0,,1354867108
n12538569092,n12538578822,road,0.39,plain,NH29,2,trunk,0,0,,1354867107
n12538569092,n12538578828,road,0.32,plain,NH29,2,trunk,0,0,,1354867107
n12538578760,n12538578828,road,0.12,plain,NH29,2,trunk,0,0,,1354867108
n12538608327,n12538608359,road,3.74,plain,NH29,2,trunk,0,0,,1354869549
n12538608327,n2309749995,road,2.91,plain,NH29,2,trunk,0,0,,1354869549
n12538608359,n12538608361,road,0.75,plain,NH29,2,trunk,0,0,,1354869549
n12538608361,n12538608508,road,1.76,plain,NH29,2,trunk,0,0,,1354869549
n12538608361,n245742040,road,1.23,plain,AH1,2,primary,0,0,,1354869550
n12538608393,n2309749995,road,1.07,plain,NH29,2,trunk,0,0,,1354869553
n12538608393,n2309749997,road,0.69,plain,NH29,2,trunk,0,0,,1354869549
n12538608508,n12538608522,road,1.05,plain,NH29,2,trunk,0,0,,1354869553
n12538608522,n12538641283,road,2.01,plain,NH29,2,trunk,0,0,,1354869549
n12538641283,n12538682818,road,0.74,plain,NH29,2,trunk,0,0,,1354869549
n12538682818,n12538682833,road,0.72,plain,NH29,2,trunk,0,0,,1354869553
n12538682833,n2469894610,road,5.23,plain,NH29,2,trunk,0,0,,1354869549
n12538979455,n12538979458,road,0.75,plain,NH29,2,trunk,0,0,,136295994
n12538979455,n2469900731,road,0.61,plain,NH29,2,trunk,0,0,,136295994
n12538979458,n2469900718,road,2.18,plain,NH29,2,trunk,0,0,,136295994
n12590289887,n12590293951,road,0.11,plain,trunk,2,trunk,0,0,,1362575354
n12590289887,n4580210248,road,0.44,plain,trunk,2,trunk,0,0,,1362575334
n12590289896,n12590289899,road,0.21,plain,trunk,2,trunk,1,0,,1362575341
n12590289896,n12615579260,road,0.73,plain,trunk,2,trunk,0,0,,1362575344
n12590289899,n12590293904,road,1.17,plain,trunk,2,trunk,0,0,,1362575340
n12590293951,n12615579264,road,0.28,plain,trunk,2,trunk,0,0,,1362575350
n12593445472,n1786435260,road,1.22,plain,NH8,2,trunk,0,0,,1360405194
n12615579260,n12615579264,road,1.06,plain,trunk,2,trunk,0,0,,1362562512
n12615630656,n4580210248,road,1.89,plain,NH17,2,trunk,0,0,,1362582070
n12615630656,n569195792,road,0.86,plain,NH17,2,trunk,0,0,,1362582063
n1262013870,n3897087373,road,0.96,plain,NH27,2,trunk,0,0,,1024796520
n1262013870,n5809535848,road,1.21,plain,NH27,2,trunk,0,0,,1024796519
n1262013870,n5809536270,road,0.73,plain,NH27,2,trunk,0,0,,1024796519
n1262013870,n664138101,road,6.52,mountain,secondary,2,secondary,0,0,,611071964
n1262084378,n2373380475,road,0.91,plain,NH217,2,trunk,0,0,asphalt,850959522
n1262084378,n2373380517,road,1.44,plain,NH217,2,trunk,0,0,asphalt,850959522
n1262084378,n4946860488,road,10.88,hilly,primary,2,primary,0,0,,504526578
n1262084701,n1811387339,road,0.1,plain,NH217,2,trunk,1,0,,169992157
n1262084701,n1811387541,road,0.99,plain,NH127B,2,trunk,0,0,,242744371
n1262084701,n2884024177,road,0.08,plain,NH217,2,trunk,1,0,concrete,683774380
n1262084753,n1262085303,road,7.5,hilly,SH12,2,primary,0,0,,110534251
n1262084753,n4023356622,road,4.79,plain,SH12,2,primary,0,0,,399617041
n1262084753,n4023358809,road,11.8,mountain,secondary,2,secondary,0,0,,399616964
n1262084922,n1262085079,road,3.88,mountain,primary,2,primary,0,0,,353105410
n1262084922,n2884021291,road,0.42,plain,primary,2,primary,1,0,,353095639
n1262084969,n2397498524,road,8.35,plain,secondary,2,secondary,0,0,,131754623
n1262084969,n4904963307,road,4.81,plain,primary,2,primary,0,0,,131754632
n1262084969,n4946753428,road,3.23,hilly,primary,2,primary,0,0,,504525104
n1262085016,n3703063357,road,7.86,hilly,secondary,2,secondary,0,0,,110534260
n1262085016,n4023351497,road,14.86,hilly,SH12,2,primary,0,0,,399617043
n1262085016,n4023356410,road,1.05,plain,SH12,2,primary,0,0,,399617076
n1262085031,n3933174579,road,0.91,plain,SH11,2,primary,0,0,,390157800
n1262085031,n4123550331,road,2.28,plain,SH11,2,primary,0,0,,410544590
n1262085079,n3588844508,road,8.36,mountain,primary,2,primary,0,0,,353105406
n1262085124,n4946753143,road,17.8,mountain,primary,2,primary,0,0,,110534269
n1262085124,n4946753428,road,0.33,plain,primary,2,primary,0,0,,110534269
n1262085124,n4946762696,road,1.53,plain,primary,2,primary,0,0,,131754630
n1262085154,n1262085303,road,2.52,plain,SH12,2,primary,0,0,,1474732573
n1262085154,n4023361163,road,0.29,plain,SH6,2,primary,0,0,,399617048
n1262085154,n4023361344,road,3.4,plain,SH6,2,primary,0,0,,399617048
n1262085269,n2659531107,road,0.99,plain,SH12,2,primary,0,0,,629633259
n1262085269,n2659534096,road,0.61,plain,SH12,2,primary,0,0,,505658101
n1262085299,n2037923584,road,1.8,plain,NH 127B,2,trunk,0,0,,334680475
n1262085299,n2037923612,road,2.65,plain,NH 127B,2,trunk,0,0,,334680475
n1262085299,n2365446141,road,21.18,plain,primary,2,primary,0,0,,227915799
n12682293648,n7869251189,road,1.2,plain,NH27,2,trunk,0,0,paved,864655073
n12682293648,n835158853,road,0.25,plain,NH27,2,trunk,0,0,paved,858984481
n12702202444,n567786954,road,0.44,plain,secondary,2,secondary,0,0,,1459270420
n12708095503,n12925429809,road,0.08,plain,NH 208A,2,trunk,1,0,,1396533448
n12708095503,n2461543337,road,0.31,plain,NH 208A,2,trunk,0,0,,1396533447
n12709048517,n12709048522,road,0.82,plain,primary,2,primary,0,0,,1452569002
n12709048517,n13321533927,road,0.12,plain,primary,2,primary,1,0,,1452569003
n12709048522,n12709048529,road,5.75,plain,primary,2,primary,0,0,,1372567702
n1274292906,n3897173307,road,3.39,plain,SH18,2,primary,0,0,,1116077422
n12776237385,n12776237488,road,0.29,plain,secondary,2,secondary,0,0,,1379983544
n12776237488,n12776237489,road,0.08,plain,secondary,2,secondary,0,0,,1379983546
n12776237489,n12776237592,road,0.35,plain,secondary,2,secondary,0,0,,1379983545
n12776237592,n12776237695,road,0.36,plain,secondary,2,secondary,0,0,,1379983547
n12776237695,n12776237798,road,0.57,plain,secondary,2,secondary,0,0,,1379983548
n12776237798,n6167932368,road,0.36,plain,secondary,2,secondary,0,0,,1379983549
n12784879794,n2498768470,road,0.55,plain,NH37,2,trunk,0,0,,1381008131
n12784879794,n2498770217,road,0.15,plain,NH37,2,trunk,1,0,,1381008130
n12787421551,n2084597051,road,10.56,plain,primary,2,primary,0,0,,569902896
n12787421551,n5481995103,road,7.95,plain,primary,2,primary,0,0,,1381303739
n12828592232,n2468742473,road,0.27,plain,NH27,2,trunk,0,0,,978242753
n12828592232,n7869434217,road,0.91,plain,trunk,2,trunk,0,0,,1116222118
n12828592232,n7869434234,road,1.97,plain,NH27,2,trunk,0,0,,978242753
n12853494958,n2373755114,road,1.21,plain,SH5,2,primary,0,0,,1388562447
n12862260950,n13780340168,road,2.51,plain,NH317A,2,trunk,0,0,,1506774541
n12862260950,n568602873,road,0.08,plain,NH317A,2,trunk,1,0,,1389490419
n12886678648,n2306471738,road,3.42,plain,NH127,2,trunk,0,0,,1136496480
n12886678648,n567377719,road,7.72,plain,NH127,2,trunk,0,0,,1136497451
n12923502847,n1692786097,road,11.26,hilly,NH15,2,trunk,0,0,,158014336
n12923502847,n1692786121,road,0.09,plain,NH15,2,trunk,1,0,,1396251811
n12925429809,n3701352920,road,0.97,plain,NH 208A,2,trunk,0,0,,1372464712
n1296526044,n1296578971,road,7.2,hilly,NH49,2,trunk,0,0,unpaved,206095887
n1296526044,n1296578977,road,9.92,mountain,NH315,2,trunk,0,0,,114457203
n1296578977,n1296579156,road,0.69,plain,NH315,2,trunk,0,0,,980804472
n1296578981,n1296578988,road,6.1,mountain,NH315,2,trunk,0,0,,565144275
n1296578981,n1296579040,road,4.06,hilly,NH315,2,trunk,0,0,,157609830
n1296578981,n3878170990,road,22.06,mountain,NH215,2,trunk,0,0,,114457230
n1296578988,n1296579156,road,3.29,hilly,NH315,2,trunk,0,0,,288519286
n1296579040,n1296579337,road,1.68,plain,NH315,2,trunk,0,0,asphalt,1307341258
n1296579040,n1296579735,road,1.85,plain,secondary,2,secondary,0,0,asphalt,1307341259
n1296579094,n1296579735,road,2.83,plain,secondary,2,secondary,0,0,,114457247
n1296579094,n2465087612,road,0.37,plain,secondary,2,secondary,0,0,,22833070
n1296579130,n1296579624,road,1.09,plain,NH315,2,trunk,0,0,,1099358073
n1296579130,n9027007127,road,8.0,mountain,NH315,2,trunk,0,0,,114457214
n1296579337,n1296579624,road,2.06,plain,NH315,2,trunk,0,0,asphalt,1099358076
n1296596611,n2465087558,road,1.44,plain,NH315,2,trunk,0,0,,315155225
n1296596611,n2465087563,road,2.72,plain,NH315,2,trunk,0,0,,482282466
n1296596616,n2465087563,road,0.87,plain,NH315,2,trunk,0,0,,482282475
n1296596616,n2465087567,road,0.08,plain,NH315,2,trunk,0,0,,482282473
n1296646659,n1296647052,road,0.12,plain,primary,2,primary,0,0,asphalt,1321470719
n1296646659,n1296647104,road,0.55,plain,primary,2,primary,0,0,,1152695791
n1296646810,n1296647009,road,0.5,plain,primary,2,primary,0,0,,361139509
n1296646810,n1296647367,road,0.71,plain,primary,2,primary,0,0,,133807008
n1296647104,n1431034045,road,1.48,plain,primary,2,primary,0,0,,129773687
n1296647367,n1472728728,road,0.7,plain,primary,2,primary,0,0,,1007433212
n1296647826,n1431034252,road,0.3,plain,primary,2,primary,0,0,,129773717
n1299581254,n1299581255,road,5.38,mountain,primary,2,primary,0,0,,114812761
n1299581254,n1299581257,road,6.29,mountain,primary,2,primary,0,0,,114812774
n1299581255,n1299581256,road,0.11,plain,primary,2,primary,1,0,,114812767
n1299581256,n4021624528,road,3.06,mountain,primary,2,primary,0,0,,399525637
n1299581257,n1299581376,road,3.11,mountain,primary,2,primary,0,0,,114812760
n1299581260,n566698766,road,0.21,plain,primary,2,primary,0,0,,739795311
n1299581260,n653107305,road,0.32,plain,primary,2,primary,0,0,,51188447
n1299581316,n1299581376,road,0.15,plain,primary,2,primary,1,0,,114812785
n1299581316,n4021776642,road,2.32,plain,primary,2,primary,0,0,,114812779
n1299590364,n566650885,road,2.71,plain,secondary,2,secondary,0,0,asphalt,421591810
n1299590364,n567770693,road,2.19,plain,secondary,2,secondary,0,0,asphalt,44639607
n13002309297,n4323611983,road,1.65,plain,secondary,2,secondary,0,0,,1415193635
n13002309297,n4323612734,road,0.34,plain,secondary,2,secondary,0,0,,1415193634
n13119221945,n245751501,road,0.39,plain,NH27,2,trunk,1,0,paved,1427085050
n13119221945,n9435697389,road,0.5,plain,NH27,2,trunk,0,0,,1427085055
n1313341143,n1313341215,road,4.92,plain,MDR,2,secondary,0,0,paved,116521148
n1313341143,n4611171500,road,19.13,mountain,secondary,2,secondary,0,0,,466228054
n1313341143,n9394272349,road,29.03,mountain,secondary,2,secondary,0,0,,1075017461
n1313341215,n1313341337,road,5.92,plain,MDR,2,secondary,0,0,paved,116521148
n1313341215,n5301176731,road,7.93,plain,secondary,2,secondary,0,0,paved,116521242
n1313341314,n1313341354,road,0.87,plain,NH27,2,trunk,0,0,paved,116521215
n1313341314,n2468512457,road,1.11,plain,NH27,2,trunk,0,0,paved,843577250
n1313341314,n2468512460,road,0.85,plain,NH27,2,trunk,0,0,paved,843577251
n1313341337,n1313341345,road,0.58,plain,MDR,2,secondary,0,0,paved,116521148
n1313341337,n5329425998,road,12.29,plain,secondary,2,secondary,0,0,asphalt,1304021366
n1313341337,n7677540658,road,18.72,plain,secondary,2,secondary,0,0,asphalt,1304021366
n1313341345,n568501289,road,12.55,plain,MDR,2,secondary,0,0,paved,116521149
n1313341693,n1313341720,road,0.47,plain,NH27,2,trunk,0,0,paved,1392062156
n1313341720,n4929476154,road,0.35,plain,NH27,2,trunk,0,0,paved,503428752
n1313341850,n1313341864,road,1.03,plain,NH27,2,trunk,0,0,paved,116521207
n1313341850,n4929476154,road,5.55,plain,NH27,2,trunk,0,0,paved,503428751
n1313341864,n1313342221,road,8.37,plain,NH27,2,trunk,0,0,paved,116521207
n1313342221,n5329425998,road,0.6,plain,secondary,2,secondary,0,0,asphalt,847022857
n1313342221,n568501813,road,2.99,plain,NH27,2,trunk,0,0,paved,116521214
n1313342222,n1313342838,road,5.68,hilly,secondary,2,secondary,0,0,,466277886
n1313342222,n5301176731,road,5.02,plain,secondary,2,secondary,0,0,,1064815499
n1313342838,n1313342908,road,0.62,plain,secondary,2,secondary,0,0,,1074798745
n1313342908,n1313388957,road,0.36,plain,secondary,2,secondary,0,0,,683100012
n1313342998,n1313343204,road,1.61,plain,secondary,2,secondary,0,0,paved,116521242
n1313342998,n4611171500,road,9.91,plain,secondary,2,secondary,0,0,paved,116521242
n1313342998,n9436791512,road,0.61,plain,NH27,2,trunk,0,0,asphalt,1023301265
n1313342998,n9436838641,road,0.89,plain,trunk_link,2,trunk_link,0,0,,1071575664
n1313343204,n1313343280,road,1.33,plain,secondary,2,secondary,0,0,,1062357485
n1313343219,n1313343221,road,0.08,plain,secondary,2,secondary,1,0,,533702807
n1313343219,n5177398773,road,1.48,plain,secondary,2,secondary,0,0,,533702809
n1313343221,n1313343282,road,3.51,plain,secondary,2,secondary,0,0,,116521229
n1313343280,n1313343290,road,1.11,plain,secondary,2,secondary,0,0,,1063796074
n1313343280,n1313343361,road,0.56,plain,secondary,2,secondary,0,0,,1062357485
n1313343282,n1313343290,road,1.26,plain,secondary,2,secondary,0,0,,116521229
n1313343282,n9436795777,road,0.93,plain,NH27,2,trunk,0,0,asphalt,1023305195
n1313343282,n9436838649,road,1.06,plain,NH27,2,trunk,0,0,asphalt,1062808510
n1313343361,n1313388993,road,4.3,plain,NH27,2,primary,0,0,asphalt,1308572855
n1313343361,n1313389013,road,1.94,plain,NH27,2,primary,0,0,asphalt,1308572855
n1313388957,n4937415636,road,0.95,plain,NH27,2,trunk,0,0,paved,116521207
n1313388957,n568501813,road,1.29,plain,NH27,2,trunk,0,0,paved,116521207
n1313388981,n1313388993,road,0.23,plain,NH27,2,primary,0,0,asphalt,116526759
n1313388981,n4937415625,road,1.19,plain,NH27,2,trunk,0,0,paved,503428744
n1313388981,n9436791502,road,0.4,plain,NH27,2,trunk,0,0,asphalt,1023301093
n1313389013,n1313389015,road,1.06,plain,NH27,2,primary,0,0,asphalt,1308572855
n1313389013,n4941240185,road,1.14,plain,secondary,2,secondary,0,0,paved,503876190
n1313389015,n1313389025,road,0.79,plain,NH27,2,trunk,0,0,paved,503272051
n1313389015,n9436788496,road,0.51,plain,NH27,2,trunk,0,0,asphalt,1023301034
n1313389025,n1313389031,road,0.24,plain,NH27,2,trunk,1,0,paved,843577245
n1313389031,n1313389033,road,0.39,plain,NH27,2,trunk,1,0,paved,503272052
n1313389033,n1313389047,road,1.06,plain,NH27,2,trunk,0,0,paved,503272066
n1313389047,n1313389180,road,4.82,plain,NH27,2,trunk,0,0,paved,503272066
n1313389180,n4936135213,road,0.21,plain,NH27,2,trunk,0,0,paved,503272061
n1313389184,n1313389243,road,0.33,plain,secondary,2,secondary,0,0,,116526788
n1313389184,n5223441437,road,5.61,plain,secondary,2,secondary,0,0,,1072045363
n1313389384,n3826804069,road,3.01,plain,NH27,2,trunk,0,0,paved,379377398
n1313389384,n7868916815,road,1.36,plain,NH27,2,trunk,0,0,paved,1079355337
n1313389707,n3826804071,road,1.48,plain,NH27,2,trunk,0,0,paved,116526766
n1313389707,n5135436713,road,5.91,plain,secondary,2,secondary,0,0,,499356988
n1313389707,n568502088,road,1.6,plain,NH27,2,trunk,0,0,paved,116526766
n1313568663,n1313568683,road,0.11,plain,NH27,2,trunk,1,0,paved,116541214
n1313568663,n1313568860,road,0.63,plain,NH27,2,trunk,0,0,,958284695
n1313568683,n4911775100,road,0.34,plain,NH27,2,trunk,0,0,,958280238
n1313568706,n1313569066,road,3.21,hilly,SH12,2,primary,0,0,paved,116541247
n1313568706,n4911775100,road,0.32,plain,NH27,2,trunk,0,0,,958280227
n1313568706,n8047444791,road,0.58,plain,NH27,2,trunk,0,0,,1237159597
n1313568860,n1313569011,road,0.73,plain,NH27,2,trunk,0,0,paved,116541211
n1313568860,n3345443404,road,2.15,plain,NH327C,2,trunk,0,0,,327729871
n1313568860,n8866763163,road,0.19,plain,NH27,2,trunk,0,0,,958284718
n1313569011,n1314562098,road,6.69,plain,NH27,2,trunk,0,0,paved,1216317589
n1313569066,n1313569495,road,2.52,plain,SH12,2,primary,0,0,paved,116541247
n1313569066,n4911675737,road,2.26,plain,secondary,2,secondary,0,0,,958314233
n1313569273,n1313569368,road,0.46,plain,NH27,2,trunk,0,0,paved,582517756
n1313569273,n5383060135,road,0.67,plain,NH27,2,trunk,0,0,paved,843614131
n1313569368,n1313569445,road,0.98,plain,NH27,2,trunk,0,0,paved,117565129
n1313569445,n1313569507,road,0.89,plain,NH27,2,trunk,0,0,paved,289052039
n1313569445,n1313571201,road,4.58,plain,primary,2,primary,0,0,paved,116759422
n1313569495,n1313569694,road,0.93,plain,SH12,2,primary,0,0,paved,958314221
n1313569507,n1313569513,road,0.09,plain,NH27,2,trunk,1,0,paved,289052028
n1313569513,n4750646404,road,1.26,plain,NH27,2,trunk,0,0,paved,951646742
n1313569513,n8808448101,road,1.39,plain,NH27,2,trunk,0,0,paved,951646739
n1313569652,n1313569900,road,1.02,plain,NH27,2,trunk,0,0,asphalt,119883468
n1313569652,n8808448101,road,0.35,plain,NH27,2,trunk,0,0,paved,951646739
n1313569694,n1313569919,road,1.38,plain,SH12,2,primary,0,0,paved,528351290
n1313569694,n5128758633,road,0.75,plain,secondary,2,secondary,0,0,,581896218
n1313569788,n1313569868,road,0.16,plain,N5,2,trunk,0,0,,116541248
n1313569868,n1323790772,road,0.16,plain,N5,2,trunk,0,0,,116541248
n1313569900,n1324185512,road,0.64,plain,secondary,2,secondary,0,0,paved,548836990
n1313569905,n1313569919,road,0.63,plain,NH27,2,trunk,0,0,asphalt,958272952
n1313569905,n8047444780,road,4.58,plain,NH27,2,trunk,0,0,paved,327729888
n1313569905,n8047444791,road,5.47,plain,NH27,2,trunk,0,0,,863799332
n1313569919,n1313570087,road,0.08,plain,NH27,2,trunk,1,0,asphalt,116541228
n1313569919,n1313570228,road,0.17,plain,NH27,2,trunk,0,0,paved,579905314
n1313570087,n1313598160,road,1.01,plain,AH2,2,trunk,0,0,asphalt,567336984
n1313570156,n1313570212,road,0.54,plain,NH27,2,trunk,0,0,asphalt,560552389
n1313570158,n1313570263,road,0.11,plain,MDR,2,secondary,1,0,asphalt,505125721
n1313570158,n5443209880,road,0.91,plain,MDR,2,secondary,0,0,asphalt,1321872427
n1313570212,n1313570270,road,0.38,plain,NH27,2,trunk,0,0,asphalt,958272918
n1313570212,n5421916691,road,0.25,plain,NH27,2,trunk,0,0,asphalt,975398546
n1313570228,n1313570270,road,0.43,plain,NH27,2,trunk,0,0,asphalt,386379761
n1313570263,n1313571292,road,2.82,plain,MDR,2,secondary,0,0,asphalt,1044691024
n1313571066,n1313571184,road,3.47,plain,primary,2,primary,0,0,paved,117565307
n1313571184,n1313571185,road,0.08,plain,primary,2,primary,1,0,paved,505107201
n1313571185,n1313571201,road,0.55,plain,primary,2,primary,0,0,paved,1036769592
n1313571201,n1313571277,road,1.08,plain,secondary,2,secondary,0,0,paved,973253818
n1313571201,n1313571409,road,1.32,plain,primary,2,primary,0,0,asphalt,419951180
n1313571277,n1313571292,road,0.4,plain,secondary,2,secondary,0,0,asphalt,1295977102
n1313571277,n9007936863,road,0.73,plain,secondary,2,secondary,1,0,paved,973253817
n1313571285,n566714108,road,0.46,plain,SH12A,2,primary,0,0,asphalt,1449585256
n1313571292,n1313571409,road,1.49,plain,MDR,2,secondary,0,0,asphalt,116541224
n1313571409,n4199371099,road,0.1,plain,primary,2,primary,0,0,asphalt,419951180
n1313571518,n1313598282,road,1.47,plain,secondary,2,secondary,0,0,paved,116759147
n1313571518,n1315306215,road,2.45,plain,secondary,2,secondary,0,0,paved,116759351
n1313598160,n692865815,road,2.26,plain,AH2,2,trunk,0,0,asphalt,116541230
n1313598282,n1315478249,road,1.28,plain,primary,2,primary,0,0,asphalt,1036765181
n1313598282,n4199371099,road,0.93,plain,primary,2,primary,0,0,asphalt,116544027
n1314431804,n1314432919,road,3.14,mountain,NH110,2,trunk,0,0,,116637487
n1314431804,n692800696,road,8.83,mountain,NH110,2,trunk,0,0,,116637490
n1314432919,n692801337,road,5.54,mountain,NH110,2,trunk,0,0,,116637485
n1314562098,n9435697389,road,1.26,plain,NH27,2,trunk,1,0,,1427085057
n1314633577,n1314633589,road,0.49,plain,primary,2,primary,0,0,paved,363489487
n1314633589,n3345462703,road,8.4,mountain,primary,2,primary,0,0,,327732043
n1315232055,n1315232068,road,0.73,plain,primary,2,primary,0,0,asphalt,864161886
n1315232055,n566714095,road,2.96,plain,primary,2,primary,0,0,asphalt,864161886
n1315232068,n1315233598,road,1.18,plain,AH2,2,trunk,0,0,asphalt,693872466
n1315232068,n692865815,road,1.98,plain,AH2,2,trunk,0,0,asphalt,116727710
n1315232229,n2469004538,road,1.37,plain,NH327,2,trunk,0,0,paved,500544478
n1315233404,n1315233598,road,0.14,plain,AH2,2,trunk,0,0,asphalt,693872466
n1315233404,n6514649794,road,0.82,plain,AH2,2,trunk,1,0,asphalt,693872467
n1315234259,n566712524,road,0.95,plain,NH10,2,trunk,1,0,asphalt,693872458
n1315234259,n568502622,road,0.16,plain,NH27,2,trunk,1,0,paved,1089607310
n1315234259,n6514649794,road,0.53,plain,NH27,2,trunk_link,0,0,asphalt,693872456
n1315306215,n1315478169,road,1.3,plain,secondary,2,secondary,0,0,asphalt,116737146
n1315306215,n566714108,road,1.4,plain,secondary,2,secondary,0,0,asphalt,116737157
n1315306356,n1315479485,road,0.69,plain,SH12A,2,primary,0,0,asphalt,116759166
n1315306356,n566714108,road,0.4,plain,SH12A,2,primary,0,0,asphalt,116759166
n1315462753,n1315478973,road,0.36,plain,secondary,2,secondary,0,0,asphalt,116759339
n1315462753,n1325725742,road,1.46,plain,secondary,2,secondary,0,0,asphalt,117732748
n1315463447,n1315478973,road,0.67,plain,secondary,2,secondary,1,0,asphalt,1299054525
n1315463447,n1315563762,road,0.58,plain,secondary,1,secondary,0,0,asphalt,1299054529
n1315463447,n1315563843,road,0.99,plain,secondary,2,secondary,0,0,asphalt,116768739
n1315478169,n1325725742,road,0.27,plain,secondary,2,secondary,0,0,asphalt,117732773
n1315478249,n1315479820,road,0.26,plain,primary,2,primary,0,0,asphalt,1036764366
n1315479485,n1315479819,road,0.38,plain,SH12A,2,primary,1,0,paved,116759329
n1315479819,n1315480175,road,0.24,plain,SH12A,2,primary,1,0,paved,116759246
n1315479819,n1315563762,road,0.4,plain,secondary,1,secondary,0,0,asphalt,1299054529
n1315479820,n1315564343,road,4.08,mountain,primary,2,primary,0,0,paved,1036762509
n1315563762,n1315563843,road,0.63,plain,secondary,1,secondary,0,0,asphalt,116768876
n1315563843,n1315564155,road,1.62,plain,secondary,2,secondary,0,0,asphalt,214276519
n1315564155,n1315564180,road,0.63,plain,secondary,2,secondary,0,0,paved,117505834
n1315564155,n1323668557,road,0.44,plain,secondary,2,secondary,0,0,paved,1462331217
n1315564180,n1315564343,road,1.07,plain,secondary,2,secondary,0,0,paved,116768875
n1315564180,n1323668557,road,0.19,plain,secondary,2,secondary,0,0,paved,116768875
n1315564198,n1315564200,road,0.24,plain,NH10,2,trunk,1,0,paved,116768723
n1315564200,n1315564242,road,0.09,plain,trunk,2,trunk,0,0,,1465081258
n1315564200,n1315564343,road,1.75,plain,NH10,2,trunk,0,0,paved,1040250461
n1315564242,n1315564272,road,0.51,plain,trunk,2,trunk,0,0,,1465081263
n1315564272,n1315564343,road,0.31,plain,trunk,2,trunk,0,0,,1465081264
n1315564343,n1315564481,road,1.37,plain,trunk,2,trunk,0,0,,1324601678
n1315564481,n568554677,road,2.86,plain,NH10,2,trunk,0,0,paved,116759124
n13190470287,n4726882223,road,3.99,plain,NH15,2,trunk,0,0,,174078199
n13190470287,n6721538844,road,0.7,plain,NH15,2,trunk,0,0,,1435074283
n1323791747,n1323791775,road,0.92,plain,secondary,2,secondary,0,0,paved,1212451147
n1323791775,n5768935869,road,5.63,plain,secondary,2,secondary,0,0,paved,117516858
n1324087231,n1324185512,road,0.75,plain,secondary,2,secondary,0,0,paved,545764259
n1324087231,n4750644205,road,1.09,plain,secondary,2,secondary,0,0,paved,117554151
n1324370307,n1324370340,road,0.08,plain,SH12,2,primary,1,0,paved,117581420
n1324370340,n1324370369,road,0.56,plain,SH12,2,primary,0,0,paved,117581434
n1324370369,n5067402322,road,0.1,plain,secondary,2,secondary,1,0,,534262393
n1324370369,n5067456932,road,2.83,plain,secondary,2,secondary,0,0,,519748226
n1329752313,n1329752575,road,0.95,plain,NH217,2,trunk,0,0,paved,978050715
n1329752313,n2884024177,road,0.67,plain,NH217,2,trunk,0,0,paved,978050716
n1329752575,n1329755394,road,9.72,hilly,NH217,2,trunk,0,0,,118192602
n1329753265,n1329753295,road,7.02,mountain,NH127B,2,trunk,0,0,paved,118192527
n1329753265,n1329754174,road,12.82,hilly,NH127B,2,trunk,0,0,paved,118192526
n1329753295,n1329753316,road,0.08,plain,NH127B,2,trunk,1,0,paved,118192504
n1329753316,n1329754933,road,12.93,mountain,NH127B,2,trunk,0,0,paved,118192529
n1329754174,n2502011971,road,13.97,mountain,NH127B,2,trunk,0,0,paved,507898511
n1329754933,n1329756252,road,8.61,hilly,NH127B,2,trunk,0,0,paved,118192506
n1329755394,n1329755609,road,3.31,plain,NH217,2,trunk,0,0,paved,978050714
n1329755609,n1329755858,road,2.01,plain,NH217,2,trunk,0,0,paved,507907371
n1329755609,n1329755928,road,6.59,hilly,secondary,2,secondary,0,0,paved,118192620
n1329755858,n1329755950,road,0.65,plain,NH217,2,trunk,0,0,paved,978050713
n1329755928,n1811461160,road,3.27,hilly,secondary,2,secondary,0,0,,118192650
n1329755950,n1329756251,road,4.44,plain,NH217,2,trunk,0,0,paved,118192580
n1329756251,n1329756252,road,0.29,plain,NH127B,2,trunk,0,0,asphalt,118192649
n1329756251,n1329757554,road,3.26,plain,NH217,2,trunk,0,0,paved,118192606
n1329757554,n1329757610,road,1.45,plain,NH217,2,trunk,0,0,paved,118192598
n1329757610,n1329758386,road,11.44,hilly,NH217,2,trunk,0,0,paved,1013828689
n1329758386,n1329758859,road,11.45,mountain,NH217,2,trunk,0,0,paved,118192607
n1329758859,n1329758863,road,0.14,plain,NH217,2,trunk,1,0,paved,118192573
n1329758863,n1329758945,road,5.45,plain,NH217,2,trunk,0,0,paved,566127728
n1329758945,n1329767694,road,3.15,plain,NH217,2,trunk,0,0,paved,683772836
n1329759680,n1329767721,road,5.81,plain,NH217,2,trunk,0,0,paved,118192550
n1329759680,n4571273968,road,0.59,plain,SH46,2,primary,0,0,paved,1315712277
n1329759680,n569193843,road,0.86,plain,NH17,2,trunk,0,0,,44892446
n1329759680,n5760651203,road,12.06,plain,NH17,2,trunk,0,0,,499187980
n1329767694,n1329767721,road,2.77,plain,NH217,2,trunk,0,0,paved,118192550
n1329767721,n2397498524,road,8.75,hilly,secondary,2,secondary,0,0,,499187966
n13301574171,n13465490135,road,0.58,plain,secondary,2,secondary,0,0,,1468149893
n13304383329,n13304383347,road,1.36,plain,trunk,2,trunk,0,0,,1450639915
n13304383329,n2469894595,road,1.56,plain,trunk,2,trunk,0,0,,1450639920
n13304383347,n13304383352,road,0.34,plain,trunk,2,trunk,0,0,,1450639917
n13304383352,n2469894510,road,1.92,plain,trunk,2,trunk,0,0,,1450639919
n13304544412,n2319238973,road,0.22,plain,NH127B,2,trunk,0,0,,1450659616
n13310753697,n569195224,road,1.96,plain,NH17,2,trunk,0,0,,1451325178
n13310753697,n569195305,road,0.47,plain,NH17,2,trunk,0,0,,1451325176
n13321533927,n245721374,road,2.42,plain,primary,2,primary,0,0,,138303235
n13382943608,n13382943613,road,2.39,plain,primary,2,primary,0,0,,1459233995
n13382969841,n13382969859,road,1.48,plain,secondary,2,secondary,0,0,,1459237655
n13382969841,n2376218325,road,1.41,plain,secondary,2,secondary,0,0,,1459237654
n13382969859,n5800452899,road,2.16,plain,secondary,2,secondary,0,0,,1459237656
n1340875555,n568555045,road,16.72,mountain,SH12,2,primary,0,0,asphalt,55484491
n1340875555,n568558926,road,1.99,plain,SH12,2,primary,0,0,asphalt,119294037
n1344230878,n1344231055,road,8.77,mountain,secondary,2,secondary,0,0,,524683592
n1344230878,n1344231363,road,3.6,hilly,secondary,2,secondary,0,0,,534953100
n1344231055,n692800829,road,1.6,plain,secondary,2,secondary,0,0,,119725955
n1344373928,n1345435418,road,1.98,plain,SH12,2,primary,0,0,,286402940
n1344373928,n575546495,road,6.32,mountain,SH12,2,primary,0,0,,146368898
n13449554481,n13449566351,road,1.88,plain,secondary,2,secondary,0,0,,1466394311
n13449566351,n13449593998,road,1.93,plain,secondary,2,secondary,0,0,,1466396421
n13449593998,n13503257412,road,1.2,plain,secondary,2,secondary,0,0,,1471537361
n13449985848,n4273512624,road,0.82,plain,secondary,2,secondary,0,0,,784980698
n1345435418,n1345435465,road,0.21,plain,SH12,2,primary,1,0,,286402939
n1345697438,n1345697449,road,0.1,plain,primary,2,primary,1,0,,1035040368
n1345697438,n835160279,road,1.15,plain,primary,2,primary,0,0,,288681469
n1345697449,n1345697529,road,0.57,plain,primary,2,primary,0,0,,1035035466
n1345697449,n835159533,road,0.3,plain,secondary,2,secondary,0,0,,1321604166
n1345697453,n835160279,road,1.52,plain,NH27,2,trunk,0,0,asphalt,1035948951
n1345697453,n9544736050,road,0.65,plain,NH27,2,trunk,1,0,asphalt,1471618865
n1345697473,n1345697825,road,0.34,plain,NH27,2,trunk,0,0,asphalt,1035962413
n1345697473,n1345698162,road,0.3,plain,NH27,2,trunk,0,0,asphalt,244260612
n1345697483,n1345697552,road,0.3,plain,NH27,2,trunk,0,0,,1035961249
n1345697483,n9544736050,road,0.94,plain,NH27,2,trunk,0,0,asphalt,119907839
n1345697491,n1345697602,road,0.11,plain,NH27,2,trunk,1,0,,363606741
n1345697491,n1345697613,road,2.19,plain,NH27,2,trunk,0,0,,363606740
n1345697493,n1345697602,road,4.46,plain,NH27,2,trunk,0,0,,1035965895
n1345697493,n1345697825,road,2.4,plain,NH27,2,trunk,0,0,,1035965896
n1345697529,n1345697591,road,0.85,plain,primary,2,primary,0,0,,1035035466
n1345697529,n835159533,road,0.52,plain,secondary,2,secondary,0,0,,177620274
n1345697552,n1345697594,road,1.18,plain,NH27,2,trunk,0,0,,1035961255
n1345697585,n1345697632,road,0.94,plain,NH27,2,trunk,0,0,asphalt,1035961260
n1345697585,n1345697884,road,0.44,plain,NH27,2,trunk,1,0,,274143548
n1345697589,n1345697730,road,1.85,plain,NH717,2,trunk,0,0,,1186155280
n1345697589,n1345697812,road,0.25,plain,NH717,2,trunk,0,0,,1049206045
n1345697591,n1345697756,road,8.79,plain,NH717,2,trunk,0,0,,1035033162
n1345697591,n835159031,road,2.6,plain,NH717,2,trunk,0,0,,177620261
n1345697594,n1345698043,road,0.1,plain,NH27,2,trunk,1,0,,363604929
n1345697599,n1345698610,road,2.67,plain,NH27,2,trunk,0,0,,329469863
n1345697599,n569316645,road,1.02,plain,NH17,2,trunk,0,0,,363609978
n1345697599,n569316654,road,1.99,plain,NH17,2,trunk,0,0,,288675899
n1345697613,n1345697619,road,0.1,plain,NH27,2,trunk,1,0,,244260620
n1345697619,n1345697728,road,2.04,plain,NH27,2,trunk,0,0,,244260623
n1345697621,n1345698610,road,0.13,plain,NH27,2,trunk,1,0,,329469862
n1345697621,n1345699165,road,6.59,plain,NH27,2,trunk,0,0,,244260628
n1345697632,n5501241611,road,1.88,plain,NH27,2,trunk,0,0,asphalt,274143549
n1345697697,n1345698762,road,4.57,plain,NH717,2,trunk,0,0,,1518328320
n1345697697,n1345698832,road,3.68,plain,NH717,2,trunk,0,0,,1518328319
n1345697728,n1345699165,road,0.18,plain,NH27,2,trunk,1,0,,244260625
n1345697730,n1345698762,road,1.48,plain,NH717,2,trunk,1,0,,1186155281
n1345697730,n1880382261,road,0.5,plain,secondary,2,secondary,0,0,,1049251095
n1345697756,n9648300760,road,1.54,plain,NH717,2,trunk,1,0,,1296813686
n1345697812,n1345698373,road,0.72,plain,NH717,2,trunk,0,0,,1049206045
n1345697812,n3679412263,road,0.7,plain,secondary,2,secondary,0,0,,363813936
n1345697825,n1345733551,road,1.13,plain,NH517,2,trunk,0,0,,638318099
n1345697825,n9551046620,road,0.88,plain,secondary,2,secondary,0,0,,1035965892
n1345697855,n1345699105,road,0.11,plain,primary,2,primary,1,0,,369835042
n1345697855,n569316645,road,1.42,plain,primary,2,primary,0,0,,369834722
n1345697884,n1345698043,road,1.26,plain,NH27,2,trunk,0,0,,363604928
n1345698162,n1345698311,road,1.24,plain,NH27,2,trunk,0,0,asphalt,244260612
n1345698311,n1345698980,road,0.12,plain,NH27,2,trunk,1,0,asphalt,244260609
n1345698373,n9648300760,road,4.75,plain,NH717,2,trunk,0,0,,363813932
n1345698832,n568601817,road,9.76,plain,NH717,2,trunk,0,0,,119907838
n1345698980,n5501241612,road,0.98,plain,NH27,2,trunk,0,0,asphalt,572633937
n1345699105,n568597652,road,20.18,plain,primary,2,primary,0,0,,369835041
n1345733537,n1345733543,road,2.41,plain,NH517,2,trunk,0,0,,363579797
n1345733537,n1345733698,road,2.6,plain,NH517,2,trunk,0,0,,119911099
n1345733537,n9642844437,road,0.85,plain,secondary,2,secondary,0,0,,1049262666
n1345733540,n1345733565,road,0.1,plain,NH517,2,trunk,1,0,,363829879
n1345733540,n1345733613,road,1.58,plain,NH517,2,trunk,0,0,,329471109
n1345733542,n1345733551,road,1.19,plain,NH517,2,trunk,0,0,,363829878
n1345733542,n1345733565,road,0.81,plain,NH517,2,trunk,0,0,,975331016
n1345733543,n1345733544,road,0.39,plain,NH517,2,trunk,0,0,,1049261160
n1345733544,n1345733613,road,0.61,plain,NH517,2,trunk,0,0,,975331019
n1345733698,n568597387,road,0.8,plain,NH517,2,trunk,0,0,,1035388594
n1346380525,n5452175239,road,0.74,plain,NH27,2,trunk,0,0,,766502244
n1346380533,n1346380535,road,3.95,plain,NH27,2,trunk,0,0,,289052043
n1346380533,n1346388251,road,0.58,plain,NH117,2,trunk,0,0,,615622961
n1346380533,n5501702896,road,0.65,plain,NH27,2,trunk,0,0,,572687707
n1346380535,n5452175243,road,0.54,plain,NH27,2,trunk,0,0,,766502240
n1346388174,n1880368236,road,3.06,plain,MDR5,2,secondary,0,0,,177618221
n1346388174,n2365493471,road,3.79,plain,NH27,2,trunk,0,0,,289052187
n1346388187,n1346388268,road,0.35,plain,NH27,2,trunk,1,0,,289052030
n1346388187,n5501702896,road,0.74,plain,NH27,2,trunk,0,0,,572687709
n1346388199,n1346388230,road,0.64,plain,NH17,2,trunk,0,0,,238820994
n1346388199,n1346388251,road,13.29,plain,NH117,2,trunk,0,0,,238818940
n1346388199,n569195951,road,1.16,plain,NH17,2,trunk,0,0,asphalt,44892494
n1346388224,n1346388655,road,4.73,plain,NH27,2,trunk,0,0,,126713907
n1346388224,n1346435008,road,6.19,plain,NH27,2,trunk,0,0,,566201636
n1346388224,n5501702812,road,0.83,plain,NH27,2,trunk,0,0,,126713907
n1346388224,n6102015878,road,0.96,plain,SH6,1,primary,0,0,,499973858
n1346388226,n1346388268,road,2.82,plain,NH27,2,trunk,0,0,,566210461
n1346388226,n1346388743,road,2.63,plain,NH27,2,trunk,0,0,,566210459
n1346388226,n5779960673,road,3.02,plain,primary,2,primary,0,0,,610288904
n1346388230,n569197693,road,1.12,plain,NH17,2,trunk,0,0,,238820965
n1346388429,n1346388581,road,0.25,plain,NH27,2,trunk,1,0,,566210458
n1346388429,n5821327931,road,1.56,plain,NH27,2,trunk,0,0,,289052187
n1346388581,n1346388743,road,5.55,plain,NH27,2,trunk,0,0,,566210461
n1346388581,n5779960350,road,2.99,plain,NH27,2,trunk,0,0,,566210459
n1346388588,n1346388743,road,0.5,plain,NH27,2,trunk,0,0,,566210459
n1346388588,n5779960333,road,1.11,plain,secondary,2,secondary,0,0,,932807190
n1346388588,n5779960350,road,2.06,plain,NH27,2,trunk,0,0,,566210459
n1346388627,n1346388794,road,9.49,hilly,NH27,2,trunk,0,0,,566201629
n1346388627,n2365493471,road,0.22,plain,NH27,2,trunk,1,0,,227920641
n1346388655,n1346388794,road,0.42,plain,NH27,2,trunk,1,0,,126713906
n1346388743,n5779960694,road,0.94,plain,primary,2,primary,0,0,,610288907
n1346388764,n5821327931,road,1.64,plain,NH27,2,trunk,0,0,,566210463
n1346434725,n1346434970,road,2.06,plain,NH27,2,trunk,0,0,,566199085
n1346434725,n1346435068,road,0.12,plain,NH27,2,trunk,1,0,,227831367
n1346434725,n5839998287,road,8.09,plain,secondary,2,secondary,0,0,,617832498
n1346434743,n1346435031,road,0.33,plain,NH27,2,trunk,0,0,,566199094
n1346434743,n1346435134,road,5.08,plain,NH27,2,trunk,0,0,,289052063
n1346434759,n1346434820,road,0.14,plain,NH27,2,trunk,1,0,,227920642
n1346434759,n1346434898,road,2.1,plain,NH27,2,trunk,0,0,,227920640
n1346434759,n1346435125,road,8.82,plain,NH27,2,trunk,0,0,,566199103
n1346434772,n2364711962,road,7.98,plain,NH27,2,trunk,0,0,,566201641
n1346434772,n2365492820,road,0.09,plain,NH27,2,trunk,1,0,,227920643
n1346434778,n1346435032,road,0.49,plain,NH27,2,trunk,0,0,,566199090
n1346434778,n1346435134,road,0.08,plain,NH27,2,trunk,1,0,,975646070
n1346434819,n1351660075,road,12.26,plain,SH10,2,primary,0,0,,126713924
n1346434819,n3677615137,road,0.45,plain,NH127E,2,trunk,0,0,,614118490
n1346434819,n4281670501,road,2.59,plain,NH27,2,trunk,0,0,,429040212
n1346434819,n5452016292,road,0.32,plain,trunk_link,2,trunk_link,0,0,,975663093
n1346434820,n2365493248,road,0.33,plain,NH27,2,trunk,0,0,,566199102
n1346434831,n2365493073,road,0.08,plain,SH9,2,primary,1,0,,1351497420
n1346434831,n4281664938,road,1.33,plain,NH27,2,trunk,0,0,,572687682
n1346434848,n1346434917,road,2.7,plain,NH27,2,trunk,0,0,,572687687
n1346434848,n1346435031,road,2.89,plain,NH27,2,trunk,0,0,,572687688
n1346434848,n1346435237,road,3.4,plain,NH27,2,trunk,0,0,,566199095
n1346434890,n5058289949,road,0.49,plain,secondary,2,secondary,0,0,,122066550
n1346434898,n1346435125,road,6.68,plain,NH27,2,trunk,0,0,,227920640
n1346434898,n5582081663,road,0.75,plain,secondary,2,secondary,0,0,,583905421
n1346434911,n1346434991,road,1.58,plain,NH27,2,trunk,0,0,,566199087
n1346434911,n1346435032,road,2.49,plain,NH27,2,trunk,0,0,,566199090
n1346434917,n1346435031,road,0.18,plain,NH27,2,trunk,0,0,,975646069
n1346434968,n1346435040,road,0.67,plain,NH27,2,trunk,1,0,,256352520
n1346434968,n904877128,road,0.09,plain,NH27,2,trunk,1,0,,228042855
n1346434970,n1346434991,road,0.44,plain,NH27,2,trunk,1,0,,566199084
n1346435008,n2365492820,road,5.09,hilly,NH27,2,trunk,0,0,,126713907
n1346435008,n5058289949,road,0.69,plain,NH427,2,trunk,0,0,,227831379
n1346435008,n5501702812,road,5.36,plain,NH27,2,trunk,0,0,,126713907
n1346435031,n1346435134,road,5.46,plain,NH27,2,trunk,0,0,,566199093
n1346435032,n2926154982,road,16.21,plain,NH127A,2,trunk,0,0,,126713920
n1346435040,n5452016351,road,3.17,plain,NH27,2,trunk,0,0,,572687675
n1346435068,n2364711962,road,4.81,plain,NH27,2,trunk,0,0,,566201641
n1346435125,n2365493082,road,1.04,plain,secondary,2,secondary,0,0,,572687676
n1346435125,n5811990737,road,1.12,plain,NH27,2,trunk,0,0,,566199111
n1346435237,n5794106944,road,2.61,plain,NH27,2,trunk,0,0,,289052158
n13465490135,n13465499314,road,2.42,plain,secondary,2,secondary,0,0,,1468150560
n13465499314,n13475750270,road,1.47,plain,secondary,2,secondary,0,0,,1469387432
n1347032648,n1347032657,road,1.95,plain,SH14,2,primary,0,0,,178549041
n1347032648,n1347032802,road,2.78,plain,SH14,2,primary,0,0,,178549041
n1347032648,n3525742732,road,1.04,plain,secondary,2,secondary,0,0,asphalt,1042891128
n1347032651,n1347032919,road,12.3,plain,SH14,2,primary,0,0,,120054001
n1347032651,n1347033903,road,0.12,plain,SH14,2,primary,0,0,,659570909
n1347032651,n1355673956,road,11.45,hilly,primary,2,primary,0,0,,121039448
n1347032657,n1347033323,road,0.33,plain,NH117A,2,trunk,1,0,,227892685
n1347032657,n1354934729,road,8.73,plain,NH117A,2,trunk,0,0,,177618211
n1347032802,n1347033903,road,0.08,plain,SH14,2,primary,1,0,,659570908
n1347032919,n569318717,road,6.82,plain,SH14,2,primary,0,0,,120054008
n1347032958,n1347033094,road,1.38,plain,NH117A,2,trunk,0,0,,227892684
n1347032958,n1355287594,road,0.4,plain,secondary,2,secondary,0,0,,1255992679
n1347032958,n5838434404,road,2.53,plain,NH117A,2,trunk,0,0,,227892684
n1347033094,n1347033323,road,0.46,plain,NH117A,2,trunk,0,0,,227892684
n1347033094,n2380444077,road,1.07,plain,secondary,2,secondary,0,0,,610776561
n1347057443,n1445002378,road,1.98,plain,primary,2,primary,0,0,asphalt,131255862
n1347080859,n3677007094,road,1.15,plain,primary,2,primary,0,0,asphalt,1278631983
n1347080859,n569316722,road,5.69,hilly,primary,2,primary,0,0,asphalt,1278631985
n1347487112,n1347487512,road,1.68,plain,primary,2,primary,0,0,,1279445630
n1347487112,n1347487691,road,22.85,hilly,primary,2,primary,0,0,,120108382
n1347487114,n1347487533,road,0.23,plain,NH27,2,trunk,0,0,,134410487
n1347487114,n1347487660,road,0.24,plain,NH27,2,trunk,0,0,,134410487
n1347487114,n568597691,road,1.16,plain,secondary,2,secondary,0,0,,177618207
n1347487174,n1347487316,road,2.01,plain,SH12A,2,primary,0,0,,129562351
n1347487174,n1347487743,road,0.23,plain,SH12A,2,primary,0,0,,129562351
n1347487174,n1495329090,road,1.22,plain,secondary,2,secondary,0,0,,136296921
n1347487244,n2365446802,road,1.99,plain,secondary,2,secondary,0,0,,227915800
n1347487261,n1347487421,road,3.18,plain,SH12A,2,primary,0,0,,653449016
n1347487261,n1347487530,road,0.7,plain,SH12A,2,primary,0,0,,1276578861
n1347487264,n1349065959,road,9.62,hilly,NH27,2,trunk,0,0,,327755377
n1347487264,n569317975,road,6.68,plain,NH27,2,trunk,0,0,,1275817666
n1347487316,n1429300319,road,0.08,plain,SH12A,2,primary,1,0,,129562356
n1347487420,n1347487463,road,0.93,plain,SH12A,2,primary,0,0,,1276578896
n1347487420,n568598158,road,6.24,plain,SH12A,2,primary,0,0,,120108643
n1347487421,n1347487958,road,0.23,plain,SH12A,2,primary,1,0,,653449017
n1347487463,n1347487530,road,0.29,plain,SH12A,2,primary,0,0,,1276587378
n1347487463,n1347487570,road,9.63,plain,secondary,2,secondary,0,0,asphalt,129119292
n1347487501,n1429300117,road,0.3,plain,SH12A,2,primary,0,0,,656067863
n1347487512,n1347487794,road,0.08,plain,primary,2,primary,1,0,asphalt,1279445639
n1347487533,n568597691,road,0.59,plain,NH27,2,trunk,0,0,,134410487
n1347487533,n568597717,road,2.08,plain,secondary,2,secondary,0,0,,845411264
n1347487570,n1347704812,road,1.0,plain,secondary,2,secondary,0,0,asphalt,1276585981
n1347487660,n1477920637,road,0.12,plain,NH27,2,trunk,1,0,,134410488
n1347487691,n568598082,road,7.08,plain,NH317,2,trunk,0,0,,44851357
n1347487698,n1347487958,road,5.02,plain,SH12A,2,primary,0,0,,129562340
n1347487718,n1429300319,road,0.97,plain,SH12A,2,primary,0,0,,129562376
n1347487718,n697273409,road,3.83,plain,SH12A,2,primary,0,0,,120108381
n1347487743,n1429300117,road,0.16,plain,SH12A,2,primary,1,0,,129562357
n1347487794,n569317975,road,0.75,plain,primary,2,primary,0,0,,1279445640
n13475750270,n13503241973,road,1.08,plain,secondary,2,secondary,0,0,,1471536828
n1347704620,n1347704729,road,1.42,plain,secondary,2,secondary,0,0,,690804394
n1347704620,n1347704902,road,0.35,plain,secondary,2,secondary,0,0,,1276585977
n1347704633,n1347704884,road,0.27,plain,secondary,2,secondary,0,0,,1276585979
n1347704633,n1347704900,road,0.44,plain,secondary,2,secondary,0,0,ground,656067871
n1347704713,n1347704800,road,4.14,plain,secondary,2,secondary,0,0,asphalt,120133047
n1347704713,n1347704812,road,0.08,plain,secondary,2,secondary,1,0,,1276585980
n1347704729,n1347704860,road,5.77,plain,secondary,2,secondary,0,0,,656067872
n1347704731,n1347704763,road,0.15,plain,secondary,2,secondary,1,0,,363536833
n1347704731,n1347704845,road,12.16,plain,secondary,2,secondary,0,0,,120133048
n1347704763,n1347704817,road,13.87,plain,secondary,2,secondary,0,0,,363536832
n1347704779,n1347704817,road,3.1,plain,secondary,2,secondary,0,0,,120141542
n1347704779,n1347704902,road,0.19,plain,secondary,2,secondary,0,0,,1276585978
n1347704800,n1347704900,road,0.23,plain,secondary,2,secondary,0,0,,656067870
n1347704817,n245751172,road,3.05,plain,secondary,2,secondary,0,0,,22833123
n1347704845,n569192352,road,0.3,plain,NH27,2,trunk,0,0,,177618204
n1347704845,n569192406,road,1.01,plain,NH27,2,trunk,0,0,,177618204
n1347704860,n1347704884,road,0.23,plain,secondary,2,secondary,0,0,,1221694733
n1347750860,n1347750879,road,2.92,plain,SH12,2,primary,0,0,,120137604
n1347750860,n1347750931,road,4.64,plain,secondary,2,secondary,0,0,,327732045
n1347750860,n1349065870,road,5.08,plain,SH12,2,primary,0,0,,120284678
n1347750879,n1347779392,road,0.54,plain,SH12,2,primary,0,0,,1279194687
n1347750931,n569317739,road,13.38,plain,secondary,2,secondary,0,0,,120141863
n1347751300,n1347751405,road,4.46,plain,secondary,2,secondary,0,0,,692842052
n1347751300,n1347779394,road,18.8,plain,secondary,2,secondary,0,0,,120141535
n1347779392,n3897033282,road,0.31,plain,NH27,2,trunk,0,0,,1279194666
n1347779392,n6430946458,road,1.03,plain,NH27,2,trunk,0,0,,1279194664
n1347779394,n3897033221,road,1.89,plain,NH27,2,trunk,0,0,,97836527
n1347779394,n569193132,road,1.81,plain,NH27,2,trunk,0,0,,97836527
n1348237413,n1348237428,road,4.11,mountain,NH717A,2,trunk,0,0,asphalt,606828331
n1348237413,n1348237595,road,10.16,hilly,NH717A,2,trunk,0,0,asphalt,606807183
n1348237428,n774477557,road,6.61,mountain,NH717A,2,trunk,0,0,asphalt,606828330
n1348237444,n1348237707,road,0.08,plain,secondary,2,secondary,1,0,,462386056
n1348237595,n568601585,road,5.0,plain,NH717A,2,trunk,0,0,asphalt,505920463
n1348237707,n5758970447,road,6.59,hilly,secondary,2,secondary,0,0,,1311946485
n1349065754,n1349065775,road,2.64,plain,SH12A,2,primary,0,0,asphalt,1275813358
n1349065754,n1349065995,road,5.9,plain,SH12A,2,primary,0,0,asphalt,120284677
n1349065775,n1349065957,road,0.72,plain,SH12A,2,primary,0,0,asphalt,1275813358
n1349065775,n4756565874,road,2.74,plain,secondary,2,secondary,0,0,,1275805878
n1349065783,n1349065986,road,0.1,plain,SH12A,2,primary,1,0,,130395055
n1349065783,n1349066151,road,1.19,plain,SH12A,2,primary,0,0,,130395053
n1349065791,n1349065873,road,4.96,plain,SH12A,2,primary,0,0,asphalt,1275805897
n1349065791,n1349065986,road,0.71,plain,SH12A,2,primary,0,0,,216547824
n1349065816,n1349065868,road,3.27,plain,SH12,2,primary,0,0,,363537329
n1349065816,n1349066030,road,0.23,plain,SH12,2,primary,1,0,,363537330
n1349065842,n1349065868,road,3.28,plain,SH12,2,primary,0,0,,363537329
n1349065842,n1349066140,road,0.12,plain,SH12,2,primary,1,0,,1282589261
n1349065868,n3677048141,road,6.14,plain,secondary,2,secondary,0,0,,363537332
n1349065870,n1349066030,road,1.73,plain,SH12,2,primary,0,0,,120284678
n1349065870,n3677048121,road,4.63,plain,secondary,2,secondary,0,0,,170018577
n1349065873,n1349065957,road,0.09,plain,SH12A,2,primary,1,0,asphalt,1275805896
n1349065959,n1349065995,road,2.46,plain,SH12A,2,primary,0,0,asphalt,1275830085
n1349065959,n1477920637,road,0.69,plain,NH27,2,trunk,0,0,,134410490
n1349065998,n1349066140,road,1.03,plain,SH12,2,primary,0,0,,1282589262
n1349065998,n569192030,road,2.97,plain,SH12,2,primary,0,0,,1282589262
n1349065998,n6127805476,road,0.14,plain,secondary,2,secondary,0,0,,1282589259
n1349066151,n569317022,road,1.98,plain,NH17,2,trunk,0,0,asphalt,130207761
n1349326123,n1349326708,road,0.08,plain,primary,2,primary,1,0,,130207763
n1349326123,n1435959078,road,0.58,plain,primary,2,primary,0,0,,130207770
n1349326134,n1349326197,road,1.7,plain,SH12A,2,primary,0,0,,1278633769
n1349326134,n1349326564,road,0.63,plain,SH12A,2,primary,1,0,,342401984
n1349326150,n835159533,road,6.19,plain,NH717,2,trunk,0,0,,120316336
n1349326197,n1349326666,road,0.09,plain,SH12A,2,primary,1,0,,1278633768
n1349326206,n1349326329,road,8.14,plain,SH12A,2,primary,0,0,,169849875
n1349326206,n1349326392,road,1.16,plain,SH12A,2,primary,0,0,,169849875
n1349326206,n6127804969,road,0.21,plain,secondary,2,secondary,0,0,,653894627
n1349326232,n1349326296,road,2.94,plain,SH12A,2,primary,0,0,asphalt,1278169661
n1349326232,n1349326329,road,2.84,plain,SH12A,2,primary,0,0,asphalt,363531741
n1349326258,n1349326392,road,1.03,plain,SH12A,2,primary,0,0,,169849875
n1349326258,n1349326564,road,2.91,plain,SH12A,2,primary,0,0,,133155476
n1349326258,n3676944167,road,5.4,plain,secondary,2,secondary,0,0,,363530433
n1349326293,n1349326312,road,0.75,plain,SH12A,2,primary,0,0,,169849895
n1349326293,n1464962513,road,0.19,plain,SH12A,2,primary,1,0,,133137379
n1349326296,n1465123449,road,19.21,hilly,SH12A,2,primary,0,0,asphalt,133155482
n1349326300,n1349326794,road,2.95,plain,SH12A,2,primary,0,0,,505689983
n1349326300,n1465121719,road,0.08,plain,SH12A,2,primary,1,0,,133155477
n1349326312,n1349326376,road,4.72,plain,NH717,2,trunk,0,0,,1035129027
n1349326312,n3722630808,road,0.36,plain,NH717,2,trunk,0,0,asphalt,1278134139
n1349326314,n1349326658,road,5.09,mountain,SH12A,2,primary,0,0,,120316337
n1349326387,n1349326666,road,2.41,plain,SH12A,2,primary,0,0,,342401985
n1349326387,n1349326790,road,7.52,plain,SH12A,2,primary,0,0,,133176376
n1349326392,n4570883770,road,0.28,plain,secondary,2,secondary,0,0,asphalt,653894625
n1349326409,n1349326618,road,0.47,plain,SH12A,2,primary,1,0,,130207764
n1349326409,n1349326658,road,0.21,plain,SH12A,2,primary,0,0,,130207765
n1349326438,n1349326708,road,0.83,plain,primary,2,primary,0,0,,238021922
n1349326618,n1435201689,road,3.25,plain,SH12A,2,primary,0,0,,130207768
n1349326658,n1435009101,road,2.79,plain,primary,2,primary,0,0,,130754562
n1349326790,n1349326794,road,0.11,plain,SH12A,2,primary,1,0,,505689982
n1349349595,n1465486628,road,2.12,plain,secondary,2,secondary,0,0,,133176344
n13502805292,n13502805318,road,0.98,plain,secondary,2,secondary,0,0,,1493513250
n13502805292,n245730234,road,2.05,plain,secondary,2,secondary,0,0,,1471484575
n13502805318,n245730154,road,2.89,plain,secondary,2,secondary,0,0,,1471484582
n13503241973,n13527809952,road,0.98,plain,secondary,2,secondary,0,0,,1474600613
n13503257412,n13527847053,road,1.71,plain,secondary,2,secondary,0,0,,1474600614
n1351480860,n1351480932,road,8.14,plain,secondary,2,secondary,0,0,,170002966
n1351480860,n1351480961,road,4.08,plain,secondary,2,secondary,0,0,,170002966
n1351480860,n245750491,road,12.13,hilly,secondary,2,secondary,0,0,,611829478
n1351480932,n2381337322,road,0.64,plain,secondary,2,secondary,0,0,,170002966
n1351480932,n2381337680,road,8.87,plain,secondary,2,secondary,0,0,,260950917
n1351480961,n4242479076,road,2.11,plain,secondary,2,secondary,0,0,,228534812
n1351659972,n2595623133,road,0.88,plain,SH9,2,primary,0,0,,227894212
n1351659972,n2595623137,road,0.28,plain,SH9,2,primary,0,0,,1133805919
n1351659975,n2595623155,road,3.4,plain,SH9,2,primary,0,0,,1133805926
n1351659975,n2595623178,road,4.5,plain,SH9,2,primary,0,0,,1133805926
n1351659975,n5775677764,road,0.46,plain,secondary,2,secondary,0,0,,1139120252
n1351660075,n2365493248,road,10.69,plain,secondary,2,secondary,0,0,,363593128
n1351660075,n245749553,road,1.51,plain,SH10,2,primary,0,0,,120570672
n1351660134,n2595623137,road,0.83,plain,SH9,2,primary,0,0,,1133805921
n1351660134,n2595623141,road,0.87,plain,SH9,2,primary,0,0,,1133805924
n1351700373,n2364712178,road,3.1,plain,SH10,2,primary,0,0,,227831370
n1351700373,n245749553,road,1.79,plain,SH10,2,primary,0,0,,227831370
n1351700373,n6112240556,road,10.89,plain,SH6,2,primary,0,0,,363593112
n13525786506,n6258772330,road,7.88,mountain,primary,2,primary,0,0,,1474345639
n13527809952,n13605176372,road,1.74,plain,secondary,2,secondary,0,0,,1483771214
n13527847053,n13529038792,road,0.23,plain,secondary,2,secondary,0,0,,1474740230
n13529038792,n13529053205,road,0.47,plain,secondary,2,secondary,0,0,,1474740229
n13529053205,n13605176372,road,1.35,plain,secondary,2,secondary,0,0,,1483768478
n13532754898,n13532754911,road,0.59,plain,secondary,2,secondary,0,0,,1475098372
n13532754898,n6018098541,road,1.68,plain,secondary,2,secondary,0,0,,1475098373
n13532754911,n13532754975,road,0.66,plain,secondary,2,secondary,0,0,,1475098379
n13532754975,n13532754980,road,0.56,plain,secondary,2,secondary,0,0,,1475098383
n13532754980,n13532754982,road,0.19,plain,secondary,2,secondary,0,0,,1475098381
n13532754982,n13532754992,road,1.3,plain,secondary,2,secondary,0,0,,1475098385
n13532754992,n4023360797,road,5.54,plain,secondary,2,secondary,0,0,,1475098387
n1354934695,n1354934707,road,1.26,plain,secondary,2,secondary,0,0,asphalt,120948314
n1354934695,n569318341,road,2.94,plain,secondary,2,secondary,0,0,,610586988
n1354934707,n9834406627,road,1.61,plain,secondary,2,secondary,0,0,asphalt,1071730933
n1354934729,n2922060442,road,0.14,plain,NH117A,2,trunk,1,0,,288653352
n1354934773,n2380443940,road,3.5,plain,SH5,2,primary,0,0,,22833202
n1354934773,n2922060442,road,1.72,plain,NH117A,2,trunk,0,0,,178549036
n1354934773,n569318341,road,10.08,plain,NH117A,2,trunk,0,0,,120951498
n1354982536,n2380443940,road,14.08,plain,secondary,2,secondary,0,0,,229447501
n1354982536,n569318271,road,3.74,plain,NH17,2,trunk,0,0,asphalt,44902935
n1354982536,n569318341,road,3.96,plain,NH17,2,trunk,0,0,asphalt,44902935
n1354982536,n5782252466,road,1.04,plain,secondary,2,secondary,0,0,asphalt,1071730935
n1355287542,n1355288689,road,0.08,plain,SH5,2,primary,1,0,,228711064
n1355287542,n2373755070,road,0.26,plain,SH5,2,primary,0,0,,1283382804
n1355287594,n1355287756,road,1.03,plain,secondary,2,secondary,0,0,,120984336
n1355287594,n2380444077,road,2.07,plain,secondary,2,secondary,0,0,,229447487
n1355287719,n1355288038,road,0.37,plain,SH5,2,primary,0,0,,228711060
n1355287719,n2373755114,road,6.03,plain,SH5,2,primary,0,0,,121040203
n1355287756,n1355288819,road,0.18,plain,secondary,2,secondary,1,0,,229447493
n1355288038,n1355288689,road,0.59,plain,SH5,2,primary,0,0,,228711060
n1355288038,n3517621333,road,5.33,hilly,secondary,2,secondary,0,0,asphalt,345070448
n1355288215,n1355288356,road,0.21,plain,SH5,2,primary,0,0,,363593109
n1355288215,n2373755070,road,0.22,plain,SH5,2,primary,0,0,,1283382804
n1355288356,n1355288575,road,1.36,plain,secondary,2,secondary,0,0,,1257135445
n1355288356,n245748259,road,1.77,plain,SH5,2,primary,0,0,,228711067
n1355288432,n1355288575,road,2.48,plain,secondary,2,secondary,0,0,,1282210854
n1355288432,n1355288596,road,3.51,mountain,secondary,2,secondary,0,0,,1272823510
n1355288596,n1355288819,road,6.11,plain,secondary,2,secondary,0,0,,229447484
n13552964533,n5945042630,road,3.35,hilly,ODR6,2,secondary,0,0,,629633240
n1355673956,n1355674130,road,1.7,plain,primary,2,primary,0,0,,766782987
n1355673979,n1355674023,road,14.75,mountain,secondary,2,secondary,0,0,,121038913
n1355674021,n1355674040,road,5.54,plain,secondary,2,secondary,0,0,,227891036
n1355674021,n1355674512,road,2.27,plain,MDR1,2,secondary,0,0,,121039447
n1355674021,n1355674606,road,0.31,plain,MDR1,2,secondary,0,0,asphalt,766782952
n1355674023,n569318758,road,0.33,plain,secondary,2,secondary,0,0,,759971860
n1355674040,n1355674674,road,0.26,plain,secondary,2,secondary,0,0,,766782979
n1355674040,n1355674749,road,0.97,plain,secondary,2,secondary,0,0,,766782979
n1355674079,n1355674130,road,0.17,plain,primary,2,primary,1,0,,136316002
n1355674079,n1355674266,road,0.75,plain,primary,2,primary,0,0,,766782986
n1355674113,n1355674645,road,2.38,plain,MDR1,2,secondary,0,0,,231621911
n1355674134,n1355674266,road,1.52,plain,primary,2,primary,0,0,,136316008
n1355674134,n1355674324,road,5.38,plain,secondary,2,secondary,0,0,,1296706881
n1355674134,n1355674512,road,1.29,plain,MDR1,2,secondary,0,0,,766782931
n1355674134,n569197303,road,9.46,plain,secondary,2,secondary,0,0,,178549034
n1355674180,n1355674246,road,3.56,hilly,secondary,2,secondary,0,0,,759971820
n1355674180,n569197771,road,1.8,plain,secondary,2,secondary,0,0,,759971856
n1355674246,n569318758,road,11.53,plain,secondary,2,secondary,0,0,,121038918
n1355674324,n1355674749,road,0.09,plain,secondary,2,secondary,1,0,,766782978
n1355674341,n1355674606,road,0.9,plain,MDR1,2,secondary,0,0,asphalt,418710510
n1355674341,n1355674787,road,0.55,plain,MDR1,2,secondary,0,0,asphalt,418710513
n1355674484,n1355674645,road,2.48,plain,MDR1,2,secondary,0,0,,231621931
n1355674484,n1355674909,road,0.28,plain,MDR1,2,secondary,0,0,,231621949
n1355674674,n2365222507,road,0.09,plain,secondary,2,secondary,1,0,,227891035
n1355674787,n1355674909,road,1.07,plain,MDR1,2,secondary,0,0,asphalt,766782947
n1356726182,n3695032423,road,12.89,plain,NH46,2,trunk,0,0,,758844290
n1356726436,n1811241427,road,0.75,plain,trunk,2,trunk,0,0,,169977251
n1359194785,n566697156,road,0.72,plain,secondary,2,secondary,0,0,,565346101
n1359194785,n983258876,road,1.05,plain,secondary,2,secondary,0,0,,565346114
n1359960829,n1359961074,road,3.06,plain,secondary,2,secondary,0,0,,136316000
n1359960829,n1359961215,road,2.99,plain,NH15,2,trunk,0,0,,1353087359
n1359960829,n7781843317,road,1.16,plain,NH15,2,trunk,0,0,,1353087366
n1359960831,n1359960948,road,0.83,plain,NH15,2,trunk,0,0,,1353087361
n1359960831,n1359961345,road,0.4,plain,NH15,2,trunk,0,0,,1353087361
n1359960839,n1359960944,road,0.81,plain,NH15,2,trunk,0,0,,1353089372
n1359960839,n1359961176,road,1.0,plain,NH15,2,trunk,0,0,,1353091042
n1359960842,n1359960874,road,0.7,plain,NH15,2,trunk,0,0,,1353087363
n1359960842,n1359960905,road,1.25,plain,NH15,2,trunk,0,0,,1353091052
n1359960842,n1359961362,road,0.99,plain,NH15,2,trunk,0,0,,1353087363
n1359960849,n1359960874,road,0.13,plain,NH15,2,trunk,1,0,,242372491
n1359960849,n1359961048,road,4.84,plain,NH15,2,trunk,0,0,,242372492
n1359960849,n1359961486,road,5.38,plain,NH15,2,trunk,0,0,,1353087360
n1359960858,n1359961402,road,1.67,plain,NH15,2,primary,0,0,,1084999676
n1359960858,n342099620,road,1.1,plain,primary,2,primary,0,0,,121499149
n1359960887,n1359961181,road,6.51,plain,primary,2,primary,0,0,,238668512
n1359960887,n1359961283,road,5.43,hilly,primary,2,primary,0,0,,238668512
n1359960887,n2346856985,road,3.12,plain,SH45,2,primary,0,0,,225875114
n1359960894,n1359960968,road,0.6,plain,NH15,2,trunk,0,0,,1353089372
n1359960894,n1359961260,road,0.51,plain,NH15,2,trunk,0,0,,1353089371
n1359960905,n1359960948,road,0.6,plain,NH15,2,trunk,0,0,,1353091052
n1359960905,n1359961362,road,0.25,plain,NH15,2,trunk,0,0,,1353091054
n1359960908,n1359960920,road,5.43,plain,primary,2,primary,0,0,,238668527
n1359960908,n1359960955,road,3.2,plain,NH15,2,primary,0,0,,168274949
n1359960908,n1795588579,road,2.3,plain,primary,2,primary,0,0,,826599928
n1359960919,n1359960931,road,0.26,plain,NH15,2,trunk,0,0,,136315997
n1359960919,n1359961106,road,0.54,plain,NH15,2,trunk,0,0,,136315997
n1359960920,n1359961402,road,0.1,plain,NH15,2,primary,1,0,,1084999677
n1359960931,n1359961163,road,0.53,plain,NH15,2,trunk,0,0,,136315997
n1359960931,n1359961345,road,1.28,plain,NH15,2,trunk,0,0,,1353087361
n1359960944,n1359960968,road,1.05,plain,NH15,2,trunk,0,0,,1353089371
n1359960955,n1359961545,road,0.65,plain,NH15,2,primary,1,0,,238668526
n1359960956,n1359961181,road,0.86,plain,NH15,2,trunk,0,0,asphalt,1305429476
n1359960956,n1359961260,road,0.53,plain,NH15,2,trunk,0,0,,1353091033
n1359960996,n1359961048,road,1.3,plain,NH15,2,trunk,0,0,,1353087359
n1359960996,n1359961074,road,2.14,plain,secondary,2,secondary,0,0,,1353087365
n1359960996,n1359961215,road,3.64,hilly,NH15,2,trunk,0,0,,833618375
n1359960996,n1359961486,road,0.78,plain,NH15,2,trunk,0,0,,1353087360
n1359961074,n1359961215,road,1.63,plain,primary,2,primary,0,0,,136316009
n1359961074,n1359961281,road,5.02,plain,primary,2,primary,0,0,,121499147
n1359961099,n1359961106,road,1.02,plain,NH15,2,trunk,0,0,,136315997
n1359961099,n1359961176,road,0.55,plain,NH15,2,trunk,0,0,,1353091042
n1359961163,n1359961345,road,0.75,plain,NH15,2,trunk,0,0,,1353087362
n1359961215,n1810911949,road,1.51,plain,primary,2,primary,0,0,,136316009
n1359961215,n7781843317,road,1.87,plain,NH15,2,trunk,0,0,,833618375
n1359961281,n1359961486,road,5.42,plain,secondary,2,secondary,0,0,,136316005
n1359961281,n1810911611,road,5.08,plain,primary,2,primary,0,0,,121499147
n1359961283,n1359961545,road,1.57,plain,NH15,2,primary,0,0,,1305429463
n1359961472,n1810912274,road,3.9,plain,SH45,2,primary,0,0,,659772198
n1359961472,n6177103758,road,5.73,plain,SH45,2,primary,0,0,,659772200
n1364340219,n1364340436,road,0.82,plain,secondary,2,secondary,0,0,,1124976974
n1364340219,n653107330,road,1.54,plain,secondary,2,secondary,0,0,,543640152
n1364340436,n653997449,road,0.38,plain,secondary,2,secondary,0,0,,734642752
n1364534620,n653096955,road,0.45,plain,primary,2,primary,0,0,,144357674
n1364534620,n653097400,road,0.15,plain,primary,2,primary,0,0,,1054721875
n1364588635,n567770691,road,0.38,plain,primary,2,primary,0,0,,1105224532
n1364588635,n567770693,road,0.84,plain,primary,2,primary,0,0,,564697255
n1364608047,n653096774,road,3.91,hilly,secondary,2,secondary,0,0,,543653045
n1364608047,n653096938,road,2.98,plain,secondary,2,secondary,0,0,,44639845
n1364608047,n653996627,road,0.98,plain,secondary,2,secondary,0,0,,405840604
n1364608047,n653996640,road,0.26,plain,secondary,2,secondary,0,0,,44639845
n1364843574,n1364843641,road,0.16,plain,SH2,2,primary,1,0,,227831372
n1364843574,n5058290139,road,8.03,plain,SH2,2,primary,0,0,,227831378
n1364843657,n1676970400,road,0.11,plain,secondary,2,secondary,0,0,,1254899179
n1364843657,n5058289377,road,0.12,plain,secondary,2,secondary,1,0,,518577600
n13703617340,n13703617350,road,0.58,plain,secondary,2,secondary,0,0,,1495852508
n13703617350,n1676938852,road,2.2,plain,SH-015,2,primary,0,0,,656740907
n13703617350,n1676939136,road,3.59,plain,SH-015,2,primary,0,0,,656740907
n13780340168,n697273422,road,0.31,plain,NH317A,2,trunk,0,0,,499900542
n13785414965,n13785414968,road,0.4,plain,motorway,4,motorway,0,0,,1507534166
n1380068429,n566708227,road,1.33,plain,secondary,2,secondary,0,0,,461940997
n1380068429,n566708988,road,1.46,plain,secondary,2,secondary,0,0,,123891706
n1380068473,n1380069734,road,6.93,plain,secondary,2,secondary,0,0,,123891708
n1380068473,n569198478,road,3.52,plain,secondary,2,secondary,0,0,,1144676563
n1380069193,n1380069516,road,1.85,plain,primary,2,primary,0,0,,659766551
n1380069193,n566665945,road,7.28,plain,SH41,2,primary,0,0,,44641140
n1380069516,n2885039372,road,0.18,plain,SH41,2,primary,0,0,,1133773954
n1380069525,n5049675202,road,2.39,plain,NH27,2,trunk,0,0,,224011416
n1380069525,n6975454272,road,2.18,plain,NH27,2,trunk,0,0,,224011410
n1380069734,n566683246,road,2.11,plain,secondary,2,secondary,0,0,asphalt,158014341
n1380567765,n4052836693,road,4.06,plain,SH27,2,primary,0,0,asphalt,1047015424
n1380567765,n6710132444,road,4.33,plain,SH27,2,primary,0,0,asphalt,402883015
n1380567808,n1380569253,road,0.25,plain,SH-007,2,primary,0,0,,1055885449
n1380567851,n566650885,road,9.93,plain,secondary,2,secondary,0,0,,44639622
n1380567916,n1380569253,road,1.98,plain,NH215,2,trunk,0,0,,714410126
n1380567916,n4052837712,road,0.94,plain,NH215,2,trunk,0,0,,402882997
n1380568068,n6708422959,road,0.3,plain,secondary,2,secondary,0,0,,1009831923
n1380568068,n6709975105,road,0.73,plain,secondary,2,secondary,0,0,,1009831921
n1380568123,n1380568144,road,0.08,plain,SH23,2,primary,1,0,,725033086
n1380568123,n958143785,road,2.81,plain,SH23,2,primary,0,0,,725033085
n1380568144,n5736469435,road,16.01,plain,SH23,2,primary,0,0,,174078207
n1380568577,n5800307138,road,10.8,plain,SH-013,2,primary,0,0,asphalt,402883006
n1380568577,n6709612061,road,3.72,plain,SH-013,2,primary,0,0,asphalt,1009831889
n1380569139,n1380569818,road,0.08,plain,secondary,2,secondary,1,0,,229193379
n1380569139,n6718610778,road,2.02,plain,secondary,2,secondary,0,0,,132972180
n1380569253,n4052837690,road,0.44,plain,NH215,2,trunk,0,0,,1046756226
n1380569253,n6710132444,road,5.12,plain,SH27,2,primary,0,0,asphalt,402883015
n1380569336,n1380569818,road,2.55,plain,secondary,2,secondary,0,0,,1502387105
n1380569336,n4750203025,road,4.06,plain,NH15,2,trunk,0,0,,1502387103
n1380569336,n567357349,road,6.43,plain,NH15,2,trunk,0,0,,671096057
n13831284781,n13831324822,road,1.32,plain,secondary,2,secondary,0,0,,1514040251
n1403967946,n5789241431,road,8.71,mountain,SH9A,2,primary,0,0,,611487722
n1404298037,n1404298038,road,0.74,plain,secondary,2,secondary,0,0,,540413032
n1404298037,n5228172254,road,0.57,plain,secondary,2,secondary,0,0,,995859395
n1404298038,n3179739570,road,11.53,plain,secondary,2,secondary,0,0,,312138597
n1412091730,n2520369985,road,0.13,plain,NH8,2,trunk,1,0,,244763055
n1412091730,n3173676986,road,7.28,hilly,NH8,2,trunk,0,0,,127625849
n1412092843,n1412092858,road,1.62,plain,secondary,2,secondary,0,0,,499356982
n1412092843,n5135390025,road,1.37,plain,secondary,2,secondary,0,0,,528452874
n1412092858,n1412092943,road,3.93,hilly,secondary,2,secondary,0,0,,127625855
n1412092943,n4750552829,road,0.67,plain,secondary,2,secondary,0,0,,500544492
n1425144163,n1425144171,road,3.63,hilly,NH137A,2,trunk,0,0,,638982297
n1425144163,n2084597158,road,5.0,plain,NH102,2,trunk,0,0,,198312321
n1425144171,n5481995103,road,4.61,plain,NH137A,2,trunk,0,0,,638982293
n1425144183,n5481995103,road,3.95,plain,NH137A,2,trunk,0,0,,638982293
n1425144183,n6021550351,road,1.62,plain,NH137A,2,trunk,0,0,,638982295
n1425144196,n1425144199,road,2.2,plain,NH137A,2,trunk,0,0,,1122280364
n1425144196,n6021550351,road,0.09,plain,NH137A,2,trunk,1,0,,638982296
n1425144199,n1425144202,road,5.41,plain,NH137A,2,trunk,0,0,,1122275004
n1425144202,n1425144212,road,10.47,plain,NH137A,2,trunk,0,0,,664814666
n1425144212,n1425144213,road,0.73,plain,NH137A,2,trunk,0,0,,1130789884
n1428989853,n1428989928,road,1.25,plain,NH310,2,trunk,0,0,,349041289
n1428989928,n603492984,road,1.26,plain,NH310,2,trunk,0,0,,349041290
n1431033878,n1431033931,road,1.55,plain,secondary,2,secondary,0,0,,1136904615
n1431033878,n4613304872,road,2.39,plain,secondary,2,secondary,0,0,,466555496
n1431033931,n1431033963,road,2.3,plain,secondary,2,secondary,0,0,,1053821802
n1431033963,n9684536581,road,0.73,plain,secondary,2,secondary,0,0,,1053826377
n1431033972,n1431034000,road,1.11,plain,secondary,2,secondary,0,0,,129773715
n1431033972,n9684536581,road,0.74,plain,secondary,2,secondary,0,0,,1054639827
n1431034045,n245716339,road,0.74,plain,primary,2,primary,0,0,,434319100
n1431034252,n1431034264,road,0.3,plain,Z1202,2,secondary,0,0,asphalt,160915830
n1431067708,n3553869741,road,8.22,mountain,NH310,2,trunk,0,0,,349173294
n1431589497,n835332110,road,1.57,plain,secondary,2,secondary,0,0,,1126829680
n1431862376,n1431862651,road,6.54,mountain,SH2,2,primary,0,0,,349113447
n1431862376,n703557544,road,1.63,plain,SH2,2,primary,0,0,,349106343
n1431862651,n1431863146,road,10.1,mountain,SH2,2,primary,0,0,,129842079
n1431909487,n703557544,road,3.29,mountain,NH 717A,2,trunk,0,0,,349127278
n1431909487,n703559484,road,1.29,plain,NH 717A,2,trunk,0,0,,349083381
n1434424680,n1676939173,road,13.64,plain,secondary,2,secondary,0,0,,155294102
n1434424680,n2308253295,road,0.51,plain,SH1,2,primary,0,0,asphalt,22832998
n1434424680,n5754174363,road,0.3,plain,SH1,2,primary,0,0,asphalt,22832998
n1434424754,n567356671,road,9.61,plain,secondary,2,secondary,0,0,,130149153
n1435009101,n1439258718,road,6.55,plain,primary,2,primary,0,0,,130754554
n1435009101,n245746222,road,0.77,plain,primary,2,primary,0,0,,130754562
n1435009173,n1435959078,road,1.23,plain,secondary,2,secondary,0,0,,130385221
n1435009173,n1439610572,road,6.11,plain,secondary,2,secondary,0,0,,130385221
n1435009173,n569317128,road,1.25,plain,NH17,2,trunk,0,0,asphalt,902631385
n1435009173,n569317140,road,0.59,plain,NH17,2,trunk,0,0,asphalt,902631385
n1435225985,n2164275398,road,4.72,plain,NH515,2,trunk,0,0,asphalt,69870158
n1435225985,n2328235624,road,2.66,plain,NH515,2,trunk,0,0,asphalt,965275210
n1435440729,n1435440730,road,0.97,plain,NH15,2,trunk,0,0,,1359705148
n1435440729,n245756851,road,0.54,plain,NH15,2,trunk,0,0,,1092488536
n1435440730,n5070063190,road,1.7,plain,secondary,2,secondary,0,0,,157598098
n1435440730,n9051873265,road,0.59,plain,NH15,2,trunk,0,0,,978242922
n1435440731,n2313104887,road,3.16,plain,NH15,2,trunk,0,0,,479599258
n1435440731,n4726719491,road,0.24,plain,NH15,2,trunk,0,0,,479599250
n1435440734,n6268439091,road,3.28,hilly,primary,2,primary,0,0,,669395712
n1435440734,n835196345,road,8.08,plain,primary,2,primary,0,0,,130286616
n1435959078,n569317128,road,0.53,plain,primary,2,primary,0,0,,130207770
n1437215876,n9972039772,road,0.89,plain,NH15,2,trunk,0,0,,1088739341
n1437215876,n9974327941,road,0.11,plain,NH15,2,trunk,0,0,,1088739343
n1437215877,n2164274664,road,5.7,plain,SH22,2,primary,0,0,,206421906
n1437215877,n2317301716,road,2.89,plain,NH15,2,trunk,0,0,,1088350231
n1437215877,n2317301859,road,0.48,plain,NH15,2,trunk,0,0,,1088350231
n1437215901,n2164274878,road,1.21,plain,NH15,2,trunk,0,0,,1084643070
n1437215901,n2313104768,road,0.66,plain,NH15,2,trunk,0,0,,1084648670
n1437215902,n4726719180,road,0.24,plain,NH15,2,trunk,0,0,,479599246
n1437215902,n6728189225,road,4.16,plain,NH15,2,trunk,0,0,,130511891
n1437215913,n1437215915,road,0.24,plain,NH15,2,trunk,1,0,,130511890
n1437215913,n4552051627,road,0.18,plain,NH15,2,trunk,0,0,,479597458
n1437215915,n1437215919,road,0.79,plain,NH15,2,trunk,0,0,,479597457
n1437215919,n831395831,road,6.18,hilly,NH15,2,trunk,0,0,,472564303
n1437215961,n1437216069,road,3.59,plain,primary,2,primary,0,0,,130511894
n1437215961,n4622774243,road,0.87,plain,primary,2,primary,0,0,,669395932
n1437216069,n2463618261,road,9.23,mountain,NH13,2,trunk,0,0,,1239185805
n1437216069,n2463629447,road,23.78,mountain,NH13,2,trunk,0,0,,238537466
n1439258659,n1439258681,road,1.52,plain,secondary,2,secondary,0,0,,130754540
n1439258659,n8565508746,road,4.57,plain,secondary,1,secondary,0,0,paved,22827149
n1439258681,n245746222,road,1.98,plain,secondary,2,secondary,0,0,,130754537
n1439258718,n4281631125,road,5.88,plain,primary,2,primary,0,0,,580442503
n1439610572,n6127805582,road,0.16,plain,secondary,2,secondary,0,0,,653894650
n1444166173,n1444166468,road,1.04,plain,secondary,2,secondary,0,0,,130790612
n1444166173,n6127805588,road,0.32,plain,secondary,2,secondary,0,0,,653894654
n1445002220,n1811700263,road,1.85,plain,secondary,2,secondary,0,0,,1274713036
n1445002220,n2259020059,road,1.32,plain,NH17,2,trunk,0,0,asphalt,130207761
n1445002378,n1445002386,road,0.08,plain,primary,2,primary,1,0,asphalt,131255824
n1449640961,n245716339,road,5.51,plain,NH8,2,trunk,0,0,,636389752
n1449640961,n2461655226,road,1.27,plain,NH8,2,trunk,0,0,,1044704604
n1449670766,n1449670767,road,0.62,plain,NH37,2,trunk,0,0,,1339116715
n1449670766,n9945415080,road,0.53,plain,primary,2,primary,0,0,asphalt,1085378883
n1449670767,n4605252080,road,3.66,plain,NH37,2,trunk,0,0,,242787379
n1449670767,n4636429244,road,0.17,plain,Kj-M-14,2,secondary,0,0,paved,1085378886
n1449670779,n4946762696,road,0.14,plain,primary,2,primary,1,0,,504526579
n1449670779,n4946860488,road,1.52,plain,primary,2,primary,0,0,,504526578
n1463090112,n1696836975,road,0.88,plain,NH713A,2,trunk,0,0,,1126663787
n1463090112,n1696836977,road,0.44,plain,NH713A,2,trunk,0,0,,565159595
n1463090962,n1463091791,road,19.94,mountain,secondary,2,secondary,0,0,,296912768
n1463090962,n3007133833,road,7.73,mountain,secondary,2,secondary,0,0,,296903599
n1463091034,n3007133833,road,9.22,mountain,secondary,2,secondary,0,0,,296909302
n1463091791,n1463091929,road,1.32,plain,secondary,2,secondary,0,0,,296915126
n1463091929,n3007271430,road,10.69,mountain,secondary,2,secondary,0,0,,296915129
n1463092405,n3008480899,road,4.59,mountain,secondary,2,secondary,0,0,,523852496
n1463108596,n1463108602,road,2.31,plain,secondary,2,secondary,0,0,,961145670
n1463108596,n6746431635,road,0.54,plain,secondary,2,secondary,0,0,,718402653
n1463108602,n9702012914,road,0.6,plain,secondary,2,secondary,0,0,,961145673
n1464962513,n1465123449,road,4.93,plain,SH12A,2,primary,0,0,,133155478
n1465486306,n4281607793,road,11.33,plain,secondary,2,secondary,0,0,,505689977
n1465486574,n1465486624,road,0.28,plain,secondary,2,secondary,0,0,,133176374
n1465486624,n1465486628,road,0.28,plain,secondary,2,secondary,0,0,,1221905166
n1472728728,n1472728768,road,6.89,hilly,NH-108B,2,trunk,0,0,,133807007
n1472728728,n2461590248,road,3.32,mountain,NH108B,2,trunk,0,0,,1053826339
n1472728728,n7021077811,road,5.43,hilly,secondary,2,secondary,0,0,,1053919019
n1472728768,n5473366405,road,0.37,plain,trunk,2,trunk,0,0,,1052934865
n1472750636,n1516327775,road,9.03,hilly,primary,2,primary,0,0,,138303252
n1472750636,n1516327959,road,0.34,plain,secondary,2,secondary,0,0,,1122568988
n1472750636,n7160990048,road,5.55,hilly,primary,2,primary,0,0,,766749305
n1472750943,n3701304166,road,1.14,plain,secondary,2,secondary,0,0,asphalt,366140074
n1472751017,n1472751040,road,2.55,plain,secondary,2,secondary,0,0,,407487704
n1472751017,n2461543721,road,0.35,plain,secondary,2,secondary,0,0,,1329721487
n1472751040,n3701235049,road,2.5,plain,NH208A,2,trunk,0,0,asphalt,366133356
n1477924176,n4571035213,road,4.01,mountain,MDR,2,secondary,0,0,,461631690
n1477924176,n974750727,road,0.08,plain,MDR,2,secondary,1,0,,461631689
n1477987346,n1477987372,road,9.06,mountain,MDR,2,secondary,0,0,,134417406
n1477987346,n568564093,road,2.58,plain,MDR,2,secondary,0,0,,44851769
n1477987372,n4487554713,road,11.68,mountain,MDR,2,secondary,0,0,,134417406
n1495287202,n1495316539,road,1.63,plain,SH19,2,primary,0,0,,1224677713
n1495287202,n4323612707,road,0.63,plain,SH19,2,primary,0,0,,1314689560
n1495287280,n2309750080,road,0.51,plain,NH29,2,trunk,0,0,,136295994
n1495287280,n2469900731,road,1.52,plain,NH29,2,trunk,0,0,,136295994
n1495316539,n2309750031,road,1.16,plain,SH19,2,primary,0,0,,1224677713
n1495316539,n6265479391,road,1.01,plain,SH-017,2,primary,0,0,asphalt,669081345
n1495329090,n568598065,road,5.64,plain,secondary,2,secondary,0,0,,97822952
n1495483855,n567377883,road,0.09,plain,secondary,2,secondary,1,0,,611252765
n1495483883,n832590787,road,2.48,plain,secondary,2,secondary,0,0,,136316001
n1495483960,n1495483966,road,5.07,plain,SH45,2,primary,0,0,,136316012
n1495483960,n1810912357,road,1.49,plain,SH45,2,primary,0,0,,169939316
n1495483966,n1810912274,road,4.99,plain,SH45,2,primary,0,0,,428695347
n1495483966,n2316322854,road,2.65,plain,secondary,2,secondary,0,0,,1346871356
n1516327700,n1516327707,road,0.83,plain,secondary,2,secondary,0,0,,138307607
n1516327700,n1516327775,road,2.4,plain,primary,2,primary,0,0,,1346237496
n1516327700,n2461559375,road,0.61,plain,primary,2,primary,0,0,,1346237496
n1516327707,n2461559405,road,0.18,plain,NH8,2,trunk,0,0,,385122252
n1516327707,n2461559962,road,21.21,mountain,NH-8,2,trunk,0,0,,238313306
n1516327969,n1516328028,road,5.86,plain,secondary,2,secondary,0,0,,138303241
n1516327969,n2461590406,road,22.57,hilly,NH208,2,trunk,0,0,,288222555
n1516327969,n2917752016,road,0.13,plain,NH208,2,trunk,1,0,,288222553
n1516328028,n5473363558,road,1.88,plain,secondary,2,secondary,0,0,,1348243218
n1516328083,n1516328089,road,2.35,plain,secondary,2,secondary,0,0,,138303246
n1516328083,n3704359760,road,9.21,plain,secondary,2,secondary,0,0,,138303247
n1516328089,n1516328137,road,1.72,plain,secondary,2,secondary,0,0,,138303246
n1516328089,n2917752108,road,1.89,plain,NH208,2,trunk,0,0,,1128377279
n1516328137,n245719319,road,0.55,plain,NH208,2,secondary,0,0,,636595796
n1516328137,n2917752108,road,2.06,plain,secondary,2,secondary,0,0,,1359705151
n1516328184,n1516328259,road,1.06,plain,secondary,2,secondary,0,0,,138303230
n1516328184,n245719319,road,0.39,plain,NH208,2,secondary,0,0,,1361059031
n1516328259,n1516328312,road,3.81,hilly,secondary,2,secondary,0,0,,1359705150
n1516328312,n1516328374,road,3.28,hilly,NH208,2,trunk,0,0,,138303249
n1516328372,n1516328374,road,4.0,plain,primary,2,primary,0,0,,138303236
n1516328374,n1516328423,road,5.58,plain,NH208,2,trunk,0,0,,138303249
n1516328423,n2520016716,road,11.58,hilly,NH208,2,trunk,0,0,,288222556
n1516328423,n2520017702,road,0.22,plain,secondary,2,secondary,0,0,,244714160
n1516328730,n245721402,road,8.31,mountain,NH208A,2,trunk,0,0,asphalt,636595777
n1516328730,n3704616143,road,4.9,mountain,NH-208A,2,trunk,0,0,asphalt,69259910
n1596351205,n1596351214,road,0.35,plain,NH327B,2,trunk,0,0,,146368904
n1596351205,n2468990229,road,8.24,plain,NH327,2,trunk,0,0,,97889684
n1596351205,n2468990282,road,0.31,plain,NH327,2,trunk,0,0,,993552599
n1596351214,n1597255880,road,0.58,plain,NH327B,2,trunk,1,0,,146435432
n1596351214,n2468990282,road,0.45,plain,trunk_link,2,trunk_link,1,0,,993552596
n1600752135,n1600752191,road,1.8,plain,SH3B,2,primary,0,0,,1133073674
n1600752135,n673551549,road,0.29,plain,SH3B,2,primary,0,0,,969680905
n1600752191,n1600752246,road,2.71,plain,SH3B,2,primary,0,0,,659472079
n1600752203,n1600752221,road,1.13,plain,SH3,2,primary,0,0,,1138626660
n1600752203,n1600752242,road,5.45,mountain,SH3,2,primary,0,0,,44639797
n1600752205,n1600752229,road,1.06,plain,SH3,2,primary,0,0,,1133623081
n1600752205,n566652742,road,10.69,hilly,SH3,2,primary,0,0,,224013299
n1600752221,n1600752229,road,0.54,plain,SH3,2,primary,0,0,,1133623079
n1600752242,n1600752246,road,3.35,mountain,SH3,2,primary,0,0,,1133623078
n1600752246,n8971999687,road,1.69,plain,SH3,2,primary,0,0,,969538368
n1621474344,n2084597301,road,6.67,hilly,primary,2,primary,0,0,,1314955281
n1621474344,n569049736,road,4.3,plain,primary,2,primary,0,0,,149124198
n1621474935,n245726900,road,1.24,plain,CA-M-017,2,secondary,0,0,asphalt,1328432551
n1621474935,n3158879343,road,0.74,plain,CA-M-016,2,secondary,0,0,asphalt,1328432546
n1621474982,n3158918845,road,0.1,plain,SH37,2,primary,1,0,,310466092
n1621474982,n3158918983,road,2.44,plain,SH37,2,primary,0,0,,310466090
n1621475016,n3158919697,road,0.43,plain,SH37,2,primary,0,0,,1057836097
n1621475016,n9717742375,road,3.35,plain,SH37,2,primary,0,0,,1066112624
n1621475034,n3158919120,road,0.85,plain,SH37,2,primary,0,0,,310466089
n1621475034,n3158919370,road,0.25,plain,SH37,2,primary,0,0,,310466089
n1636922907,n1636923314,road,3.83,plain,SH-008,2,primary,0,0,asphalt,1307289662
n1636922907,n5753921937,road,4.72,plain,SH-008,2,primary,0,0,asphalt,169979498
n1636923314,n1636923401,road,1.12,plain,SH-008,2,primary,0,0,asphalt,150820303
n1636923401,n245756784,road,2.19,plain,SH-008,2,primary,0,0,asphalt,97952047
n1636924162,n6708418118,road,5.8,plain,SH-013,2,primary,0,0,asphalt,229034203
n1636924162,n6712175062,road,5.83,plain,SH-013,2,primary,0,0,asphalt,229034203
n1636924162,n6746431638,road,1.3,plain,secondary,2,secondary,0,0,,719342562
n1637031405,n1637031413,road,0.47,plain,secondary,2,secondary,0,0,,434299830
n1637031405,n5804673294,road,4.01,plain,secondary,2,secondary,0,0,,1307289655
n1668477042,n1811322247,road,5.38,plain,SH3,2,primary,0,0,,169984552
n1668477042,n5208964276,road,6.97,plain,SH3,2,primary,0,0,,154288722
n1668477077,n3897173307,road,6.12,plain,NH27,2,trunk,0,0,,386397329
n1668477077,n3897173401,road,0.87,plain,NH27,2,trunk,0,0,,1138670702
n1668477290,n1668477348,road,4.38,plain,SH3,2,primary,0,0,,1138604882
n1668477348,n2385365422,road,3.19,plain,SH3,2,primary,0,0,,97947825
n1668496569,n1668496628,road,4.52,mountain,secondary,2,secondary,0,0,,224647937
n1668496569,n1668496656,road,2.92,plain,secondary,2,secondary,0,0,,154290481
n1668496628,n1668496631,road,0.23,plain,secondary,2,secondary,1,0,,224647936
n1668496631,n2306119598,road,2.3,plain,secondary,2,secondary,0,0,,777424702
n1668496656,n1668496707,road,0.86,plain,primary,2,primary,0,0,,221068463
n1668496656,n2301196062,road,10.5,plain,primary,2,primary,0,0,,221068463
n1668496707,n3152815986,road,7.01,plain,secondary,2,secondary,0,0,,168275012
n1668496707,n342099620,road,10.02,plain,primary,2,primary,0,0,,221068463
n1676604080,n1676604082,road,0.28,plain,NH15,2,trunk,1,0,,155248830
n1676604080,n245756087,road,0.48,plain,NH15,2,trunk,0,0,,22832990
n1676604082,n2389849530,road,2.37,plain,NH15,2,trunk,0,0,,1122563713
n1676604100,n2389849530,road,0.8,plain,NH15,2,trunk,0,0,,915185187
n1676604100,n7781820611,road,0.93,plain,NH15,2,trunk,0,0,,915185187
n1676622864,n2328371996,road,1.22,plain,SH32,2,primary,0,0,,1308563669
n1676622864,n2375286856,road,11.68,plain,SH32,2,primary,0,0,asphalt,1308563671
n1676622885,n2316321865,road,0.11,plain,SH1,2,primary,1,0,asphalt,222692284
n1676622885,n4153138265,road,7.94,plain,SH1,2,primary,0,0,asphalt,1306036216
n1676622886,n2316320019,road,0.68,plain,NH702D,2,trunk,0,0,asphalt,22832980
n1676622886,n2316321865,road,0.53,plain,SH1,2,primary,0,0,asphalt,384589945
n1676622886,n2682983896,road,6.05,plain,NH702D,2,trunk,0,0,asphalt,1383194888
n1676938852,n1676939159,road,1.29,plain,NH702C,2,trunk,0,0,asphalt,1306249780
n1676939136,n1676939158,road,5.28,plain,secondary,2,secondary,0,0,,1306249781
n1676939136,n2309770355,road,1.17,plain,SH-015,2,primary,0,0,,656740907
n1676939158,n1676939194,road,17.4,plain,SH-007,2,primary,0,0,asphalt,155294100
n1676939158,n2406555023,road,17.26,plain,NH702C,2,trunk,0,0,,155294097
n1676939159,n2308253298,road,0.57,plain,SH1,2,primary,0,0,asphalt,222003773
n1676939159,n2308253319,road,2.52,plain,NH702C,2,trunk,0,0,asphalt,155294101
n1676939173,n567356717,road,4.56,plain,secondary,2,secondary,0,0,,155294102
n1676939194,n2406555336,road,1.73,plain,SH-007,2,primary,0,0,,150820293
n1683315334,n2919179868,road,17.75,mountain,NH310,2,trunk,0,0,,459434905
n1683315334,n3553869741,road,3.58,mountain,NH310,2,trunk,0,0,,1228026065
n1683573369,n2491829553,road,12.92,mountain,NH6,2,trunk,0,0,,241573045
n1683573369,n6208156391,road,7.25,hilly,secondary,2,secondary,0,0,,663217046
n1683573506,n2017872562,road,8.42,mountain,secondary,2,secondary,0,0,,772947768
n1683573506,n2461989528,road,0.41,plain,secondary,2,secondary,0,0,asphalt,260134717
n1684106403,n1684106404,road,0.73,plain,NH13,2,trunk,1,0,,82262491
n1684106403,n7878341682,road,0.51,plain,NH13,2,trunk,0,0,,844544296
n1684106404,n4640111847,road,0.22,plain,NH13,2,trunk,0,0,,844544297
n1692785965,n1692785971,road,0.85,plain,NH15,2,trunk,0,0,,1353123519
n1692785965,n1692786012,road,7.34,plain,trunk,2,trunk,0,0,,1353112868
n1692785965,n2464680604,road,1.28,plain,trunk,2,trunk,0,0,,1353123521
n1692785971,n2464680604,road,0.42,plain,NH15,2,trunk,0,0,,1353123514
n1692786012,n2464680609,road,0.52,plain,NH15,2,trunk,0,0,,1353123529
n1692786080,n1692786083,road,0.3,plain,NH15,2,trunk,1,0,,238668530
n1692786080,n1692786097,road,8.58,plain,NH15,2,trunk,0,0,,636944289
n1692786083,n2464680624,road,1.21,plain,NH15,2,trunk,0,0,,1172370334
n1692786121,n245754786,road,4.74,plain,NH15,2,trunk,0,0,,1396251812
n1692786211,n1692786226,road,1.38,plain,NH15,2,trunk,0,0,,610526996
n1692786211,n245754786,road,11.96,plain,NH15,2,trunk,0,0,,1121188685
n1692786240,n1702510907,road,0.8,plain,NH15,2,trunk,0,0,,1122563715
n1692786572,n1702511055,road,1.78,plain,NH415,2,trunk,0,0,,1122227692
n1692786572,n835333164,road,0.84,plain,NH415,2,trunk,0,0,,636948690
n1696836896,n1696836977,road,2.45,plain,NH713A,2,trunk,0,0,,1124107707
n1696836975,n1696837000,road,0.58,plain,NH713A,2,trunk,0,0,,158014838
n1696837000,n835331973,road,3.11,hilly,NH713A,2,trunk,0,0,,157466863
n1698245595,n653096955,road,0.15,plain,primary,2,primary,0,0,,734350784
n1698245595,n653097079,road,0.54,plain,primary,2,primary,0,0,,611570677
n1698245595,n653107358,road,0.28,plain,primary,2,primary,0,0,,1054721874
n1698434453,n1698434486,road,6.73,mountain,NH13,2,trunk,0,0,,157598093
n1698434453,n2463824706,road,1.71,plain,NH13,2,trunk,0,0,,238560178
n1698434486,n1698434919,road,3.23,hilly,NH13,2,trunk,0,0,,157598093
n1698434486,n1698434987,road,2.98,plain,secondary,2,secondary,0,0,paved,513813477
n1698434919,n1698434987,road,0.69,plain,NH13,2,trunk,0,0,,157600651
n1698434987,n1698435007,road,5.38,hilly,NH13,2,trunk,0,0,,157600651
n1698435007,n1698495195,road,2.1,plain,secondary,2,secondary,0,0,,157600672
n1698435007,n567511751,road,10.72,mountain,NH13,2,trunk,0,0,,157600650
n1698435691,n2317301532,road,3.24,plain,SH21,2,primary,0,0,,1359705147
n1698436391,n9989489384,road,0.64,plain,secondary,2,secondary,0,0,,1090624771
n1698495015,n1698495195,road,0.62,plain,secondary,2,secondary,0,0,,157600674
n1698495015,n3454068821,road,10.2,mountain,secondary,2,secondary,0,0,,338332956
n1698495020,n1698495195,road,2.51,plain,secondary,2,secondary,0,0,,157600672
n1698495020,n3453820411,road,2.09,plain,secondary,2,secondary,0,0,,338305064
n1698495570,n1698495676,road,11.58,mountain,NH913,2,trunk,0,0,,102627671
n1698495570,n2463277463,road,3.33,hilly,NH13,2,trunk,0,0,,288458011
n1698495570,n2463277836,road,20.32,mountain,NH13,2,trunk,0,0,,238496657
n1698582202,n4052837599,road,1.12,plain,NH215,2,trunk,0,0,asphalt,1309095934
n1698582219,n4729611297,road,1.01,plain,NH15,2,trunk,0,0,,480093419
n1698582219,n6721538845,road,0.74,plain,NH15,2,trunk,0,0,,1056149684
n1699239730,n2983540749,road,1.27,plain,NH515,2,trunk,0,0,,294737956
n1699239730,n835242226,road,1.34,plain,NH515,2,trunk,0,0,,157662307
n1699637232,n835236532,road,6.72,plain,secondary,2,secondary,0,0,,157708614
n1699637408,n5747736497,road,5.82,plain,secondary,2,secondary,0,0,,606144247
n1699637408,n835236474,road,0.82,plain,primary,2,primary,0,0,,157708617
n1699637408,n8890657875,road,14.59,hilly,primary,2,primary,0,0,,157708617
n1699637756,n1699637784,road,0.46,plain,secondary,2,secondary,0,0,,961086601
n1699645709,n245764348,road,0.55,plain,NH13,2,trunk,1,0,,157709397
n1699645709,n746931679,road,9.08,plain,NH13,2,trunk,0,0,,60118162
n1699645721,n1699645760,road,2.32,plain,NH13,2,trunk,0,0,,157709401
n1699645721,n1699646074,road,6.86,mountain,NH13,2,trunk,0,0,,288458012
n1699645760,n1699645904,road,0.15,plain,NH13,2,trunk,1,0,,975709677
n1699645897,n1699645904,road,2.51,plain,NH13,2,trunk,0,0,,157709403
n1699645897,n1699659448,road,20.71,plain,secondary,2,secondary,0,0,,157710907
n1699645897,n245764348,road,3.0,plain,NH13,2,trunk,0,0,,157709403
n1699646033,n1699646078,road,1.93,plain,NH13,2,trunk,0,0,,157709404
n1699646033,n1699646085,road,2.02,plain,NH13,2,trunk,0,0,,865331495
n1699646074,n1699646078,road,0.2,plain,NH13,2,trunk,1,0,,157709400
n1699646085,n2463596036,road,0.13,plain,NH13,2,trunk,1,0,,238535142
n1699646087,n2463596036,road,0.63,plain,NH13,2,trunk,0,0,,238535147
n1699646087,n8065678941,road,0.14,plain,NH13,2,trunk,1,0,,865331493
n1699646090,n1699646091,road,0.35,plain,NH13,2,trunk,1,0,,157709398
n1699646090,n8065678941,road,0.91,plain,NH13,2,trunk,0,0,,865331492
n1699646091,n1699646110,road,2.36,plain,NH13,2,trunk,0,0,,157709402
n1699646110,n1699646116,road,0.19,plain,NH13,2,trunk,1,0,,238535143
n1699646116,n1699696547,road,3.97,hilly,NH13,2,trunk,0,0,,238535145
n1699659398,n1740057091,road,0.08,plain,secondary,2,secondary,1,0,,997785031
n1699659398,n9212884877,road,0.99,plain,secondary,2,secondary,0,0,,997785030
n1699659419,n1699659448,road,3.14,plain,secondary,2,secondary,0,0,,222980009
n1699659419,n9212884877,road,10.59,plain,secondary,2,secondary,0,0,,913804811
n1699696547,n1699696549,road,0.13,plain,NH13,2,trunk,1,0,,157714459
n1699696549,n1699696647,road,1.05,plain,NH13,2,trunk,0,0,,157714457
n1699696647,n1699696660,road,0.08,plain,NH13,2,trunk,1,0,,157714458
n1699696660,n1699696778,road,0.93,plain,NH13,2,trunk,0,0,,157714456
n1699696778,n1699697418,road,2.66,plain,NH13,2,trunk,0,0,,157714463
n1699696876,n1699697363,road,3.74,mountain,NH13,2,trunk,0,0,,157714466
n1699696876,n1699697453,road,3.91,plain,NH13,2,trunk,0,0,,157714470
n1699697363,n1699697415,road,0.21,plain,NH13,2,trunk,1,0,,157714460
n1699697415,n1699697520,road,0.79,plain,NH13,2,trunk,0,0,,157714464
n1699697418,n1699697453,road,0.21,plain,NH13,2,trunk,1,0,,157714461
n1699697456,n1699697520,road,0.54,plain,secondary,2,secondary,0,0,,157714476
n1699697456,n1699697583,road,0.73,plain,secondary,2,secondary,0,0,,157714479
n1699697520,n1699697583,road,0.93,plain,NH13,2,trunk,0,0,,157714464
n1699697583,n1699697625,road,0.6,plain,NH13,2,trunk,0,0,,157714464
n1699697625,n2463596055,road,5.73,hilly,NH13,2,trunk,0,0,,769045569
n1702510907,n1702510940,road,1.51,plain,NH15,2,trunk,0,0,,158014334
n1702510940,n245756087,road,1.48,plain,NH15,2,trunk,0,0,,1121188675
n1702510995,n1702511062,road,0.09,plain,NH415,2,trunk,1,0,,1122227696
n1702510995,n245756087,road,1.83,plain,NH415,2,trunk,0,0,,1122227700
n1702511055,n1702511062,road,3.05,hilly,NH415,2,trunk,0,0,,157043588
n1722857685,n1722857700,road,7.03,plain,primary,2,primary,0,0,,665527246
n1722857685,n6229199391,road,1.37,plain,primary,2,primary,0,0,,1122596815
n1722857700,n9320265610,road,0.48,plain,secondary,2,secondary,0,0,,1221792856
n1722857719,n6229200943,road,0.96,plain,secondary,2,secondary,0,0,,1010147908
n1722857757,n1722857778,road,0.91,plain,secondary,2,secondary,0,0,,389967199
n1722857757,n569067235,road,6.09,plain,secondary,2,secondary,0,0,,160224929
n1722857778,n1722857858,road,2.35,plain,secondary,2,secondary,0,0,paved,160224952
n1728772614,n2516678379,road,13.05,hilly,MDR2,2,secondary,0,0,,1000327532
n1728772614,n2516678507,road,1.24,plain,MDR2,2,secondary,0,0,,1000326678
n1728772801,n2399680672,road,10.81,plain,NH127C,2,trunk,0,0,,638567111
n1728772801,n2516678473,road,0.7,plain,NH127C,2,trunk,0,0,,1286403731
n1728868472,n6195752548,road,11.59,hilly,NH208,2,trunk,0,0,,385233094
n1728868472,n6197811107,road,1.35,plain,NH208,2,trunk,0,0,,662015936
n1739998750,n835159011,road,7.84,hilly,NH15,2,trunk,0,0,,162054415
n1739998750,n835160429,road,0.09,plain,NH15,2,trunk,1,0,,162054417
n1740001996,n958034970,road,0.19,plain,NH15,2,trunk,0,0,asphalt,850846868
n1740001996,n958035675,road,2.64,plain,NH15,2,trunk,0,0,asphalt,387646094
n1740057032,n4052849141,road,1.31,plain,NH115,2,trunk,0,0,asphalt,402883819
n1740057047,n4052849141,road,0.23,plain,NH115,2,trunk,1,0,asphalt,402883814
n1740057047,n9026877289,road,1.55,plain,NH115,2,trunk,0,0,asphalt,402883818
n1740057054,n1740057072,road,0.98,plain,secondary,2,secondary,0,0,,1000447979
n1740057072,n1740057091,road,0.36,plain,secondary,2,secondary,0,0,,997785032
n1740057131,n245763040,road,0.28,plain,NH13,2,trunk,1,0,,178119148
n1740057131,n4640111847,road,4.4,plain,NH13,2,trunk,0,0,,96583811
n1760697279,n568987116,road,2.65,plain,N2,2,trunk,0,0,asphalt,164431812
n1786434754,n1786434974,road,0.68,plain,secondary,2,secondary,0,0,,750969796
n1786434754,n6152587071,road,12.12,mountain,secondary,2,secondary,0,0,,470118598
n1786434974,n2461652682,road,0.09,plain,NH8,2,trunk,1,0,asphalt,238318591
n1786434974,n2461652793,road,1.86,plain,NH8,2,trunk,0,0,asphalt,238318598
n1786434999,n2461652362,road,5.74,hilly,secondary,2,secondary,0,0,,167237554
n1786434999,n7020083331,road,6.8,hilly,secondary,2,secondary,0,0,,167237558
n1786435145,n2671616260,road,1.17,plain,primary,2,primary,0,0,,656848984
n1786435145,n2671616278,road,2.17,plain,NH-108A,2,trunk,0,0,,261561714
n1786435145,n2917696839,road,2.86,plain,NH-108A,2,trunk,0,0,,740952293
n1786435260,n2520369920,road,2.12,plain,NH8,2,trunk,0,0,,244763049
n1786435260,n5301608623,road,6.36,hilly,primary,2,primary,0,0,,175195325
n1795588301,n567485930,road,2.73,plain,secondary,2,secondary,0,0,,823939458
n1795588301,n7692786254,road,2.24,plain,secondary,2,secondary,0,0,,823939494
n1795588535,n1795588545,road,0.66,plain,NH15,2,trunk,0,0,asphalt,1305429480
n1795588535,n3546141072,road,3.15,plain,secondary,2,secondary,0,0,asphalt,824315766
n1795588545,n1795588575,road,9.95,plain,primary,2,primary,0,0,asphalt,168274990
n1795588575,n1795588579,road,0.25,plain,primary,2,primary,0,0,,826599921
n1795605123,n1848821514,road,16.31,mountain,secondary,2,secondary,0,0,asphalt,198199134
n1795605123,n2459555211,road,10.23,mountain,NH502,2,trunk,0,0,,238087092
n1795605123,n5832181805,road,5.88,mountain,primary,2,primary,0,0,,617339160
n1795712097,n1795712193,road,6.7,mountain,primary,2,primary,0,0,,310456690
n1795712097,n3092025659,road,10.94,mountain,secondary,2,secondary,0,0,,663771208
n1795712119,n1795712193,road,8.78,mountain,primary,2,primary,0,0,,168286883
n1795712119,n1795712208,road,12.89,mountain,primary,2,primary,0,0,,168286873
n1795712119,n245703196,road,12.48,mountain,primary,2,primary,0,0,,174159665
n1795712208,n1795712511,road,11.76,mountain,NH2,2,trunk,0,0,unpaved,168286862
n1795712208,n1848821764,road,5.57,mountain,secondary,2,secondary,0,0,,663087753
n1795712455,n1795712511,road,6.28,mountain,secondary,2,secondary,0,0,,168286875
n1795712511,n2454056910,road,11.57,mountain,NH2,2,trunk,0,0,unpaved,168286862
n1795719080,n2454714664,road,14.08,mountain,NH2,2,trunk,0,0,,1053548979
n1795719080,n2455233509,road,10.55,mountain,NH2,2,trunk,0,0,asphalt,237651632
n1795719080,n2491563760,road,12.63,mountain,NH6,2,trunk,0,0,,237593218
n1795719080,n2501392359,road,13.09,mountain,NH6,2,trunk,0,0,,242681261
n1802870485,n1802870518,road,0.39,plain,NH315,2,trunk,0,0,,482282468
n1802870518,n2465087558,road,2.02,plain,NH315,2,trunk,0,0,,169119591
n1805443376,n1805443427,road,1.57,plain,secondary,2,secondary,0,0,,1493513179
n1805443376,n3588844443,road,1.98,plain,secondary,2,secondary,0,0,,311648258
n1805443427,n1805443435,road,2.78,plain,secondary,2,secondary,0,0,,353105402
n1805443435,n2852814303,road,6.24,plain,Z3705,2,secondary,0,0,,986998937
n1805443435,n2884021044,road,1.34,plain,secondary,2,secondary,0,0,,353105405
n1810090653,n1810090721,road,4.59,plain,secondary,2,secondary,0,0,,169849873
n1810090653,n8450405099,road,4.77,plain,secondary,2,secondary,0,0,,1000502844
n1810090705,n3722646803,road,3.88,hilly,secondary,2,secondary,0,0,,169849887
n1810090721,n1810090732,road,2.49,plain,secondary,2,secondary,0,0,,169849892
n1810090721,n1810090769,road,4.53,plain,secondary,2,secondary,0,0,,1049215660
n1810090791,n245749456,road,6.68,plain,secondary,2,secondary,0,0,,169849865
n1810911389,n1810911396,road,0.1,plain,secondary,2,secondary,1,0,,611252777
n1810911389,n567377920,road,0.4,plain,secondary,2,secondary,0,0,,611252775
n1810911396,n1810911451,road,2.95,plain,secondary,2,secondary,0,0,,169939262
n1810911451,n832590787,road,2.54,plain,secondary,2,secondary,0,0,,169939262
n1810911577,n832590787,road,2.68,plain,secondary,2,secondary,0,0,,136316001
n1810911949,n1810912056,road,2.74,plain,primary,2,primary,0,0,,605053876
n1810912056,n1810912274,road,2.46,plain,primary,2,primary,0,0,,169939256
n1810912274,n5739565438,road,12.34,mountain,secondary,2,secondary,0,0,,169939318
n1810912357,n835357900,road,2.1,plain,SH45,2,primary,0,0,,169939316
n1811211110,n2492482085,road,4.67,hilly,NH106,2,trunk,0,0,,22827106
n1811211110,n2882205203,road,7.08,hilly,NH106,2,trunk,0,0,,22827106
n1811211110,n4021649761,road,1.3,plain,secondary,2,secondary,0,0,,399415320
n1811212098,n2328371686,road,4.52,plain,secondary,2,secondary,0,0,,627549742
n1811212098,n2376217572,road,0.23,plain,SH34,2,primary,0,0,asphalt,169974152
n1811212098,n245746382,road,2.09,plain,SH34,2,primary,0,0,asphalt,427790981
n1811241144,n1811241514,road,0.44,plain,NH102,2,secondary,0,0,,698799584
n1811241144,n1811241873,road,0.37,plain,NH102,2,secondary,0,0,,169977237
n1811241427,n1811241450,road,0.62,plain,trunk,2,trunk,0,0,,1218550856
n1811241450,n1811241847,road,0.68,plain,trunk,2,trunk,0,0,,1218550854
n1811241847,n1811241873,road,1.18,plain,trunk,2,trunk,0,0,,169977244
n1811241873,n2458560891,road,12.0,mountain,NH102,2,trunk,0,0,,237999889
n1811322234,n1811322236,road,3.02,plain,SH3,2,primary,0,0,,169984554
n1811322234,n1811322244,road,3.44,plain,SH15,2,primary,0,0,,659574421
n1811322234,n2885091573,road,4.72,plain,secondary,2,secondary,0,0,,22832927
n1811322234,n5775866712,road,3.0,plain,secondary,2,secondary,0,0,,329481192
n1811322236,n1811322239,road,8.36,plain,SH3,2,primary,0,0,,169984554
n1811322236,n2319239093,road,5.76,plain,SH15,2,primary,0,0,,222980010
n1811322239,n1811322254,road,3.67,plain,secondary,2,secondary,0,0,,968394529
n1811322239,n8972252273,road,6.17,plain,SH3,2,primary,0,0,,169984558
n1811322244,n5775866509,road,0.14,plain,SH15,2,primary,0,0,,659574419
n1811322244,n5775867338,road,3.23,plain,SH47,2,primary,0,0,,609822905
n1811322254,n1811322256,road,0.97,plain,secondary,2,secondary,0,0,,968773207
n1811322256,n2305975495,road,1.11,plain,secondary,2,secondary,0,0,,169984564
n1811322261,n2305975495,road,4.02,plain,secondary,2,secondary,0,0,,169984564
n1811322261,n8958975124,road,12.23,plain,secondary,2,secondary,0,0,,169984540
n1811322293,n1811322297,road,5.17,plain,SH47,2,primary,0,0,,169984543
n1811322293,n8973496264,road,4.51,plain,NH715A,2,trunk,0,0,,968464637
n1811322297,n8958969471,road,0.1,plain,SH47,2,primary,1,0,,968375752
n1811322351,n904877128,road,0.42,plain,NH127D,2,trunk,0,0,,1134826050
n1811322351,n904878767,road,0.28,plain,NH127D,2,trunk,0,0,,169984560
n1811322588,n2465029054,road,9.44,hilly,SH48,2,primary,0,0,paved,22832869
n1811387316,n2466242906,road,1.9,plain,NH217,2,trunk,0,0,,284682460
n1811387316,n2466243335,road,6.25,mountain,NH217,2,trunk,0,0,,1474569381
n1811387339,n2466243335,road,6.85,mountain,NH217,2,trunk,0,0,,284682424
n1811387541,n2501955934,road,0.69,plain,NH127B,2,trunk,0,0,,336983185
n1811461160,n245736680,road,8.18,hilly,secondary,2,secondary,0,0,,169997693
n1811461205,n2381337550,road,1.95,plain,SH11,2,primary,0,0,,363594815
n1811461205,n2381337775,road,4.73,plain,SH11,2,primary,0,0,,230000209
n1811461296,n1811461314,road,0.65,plain,SH10,2,primary,1,0,,424882187
n1811461296,n2385334052,road,0.7,plain,SH10,2,primary,0,0,,230000195
n1811461314,n1811461404,road,3.01,plain,SH10,2,primary,0,0,,617921585
n1811461350,n2319239324,road,0.12,plain,SH10,2,primary,1,0,,230000191
n1811461350,n2385334052,road,2.54,plain,SH10,2,primary,0,0,,230000195
n1811461404,n1811463079,road,2.95,plain,SH10,2,primary,0,0,,617921589
n1811463069,n1811534980,road,1.52,plain,secondary,2,secondary,0,0,,170002944
n1811463069,n2385334147,road,0.14,plain,secondary,2,secondary,1,0,,230000192
n1811463079,n1811463144,road,7.03,plain,SH10,2,primary,0,0,,170002947
n1811463079,n4242479794,road,0.43,plain,secondary,2,secondary,0,0,,617921586
n1811463080,n1811463215,road,9.48,plain,SH11,2,primary,0,0,,230000193
n1811463080,n245750491,road,2.95,plain,SH11,2,primary,0,0,,170002960
n1811463142,n8940020722,road,0.18,plain,secondary,2,secondary,0,0,,966317112
n1811463144,n1811463153,road,2.85,plain,SH10,2,primary,0,0,,617921588
n1811463144,n1811463262,road,6.77,plain,secondary,2,secondary,0,0,,617921587
n1811463153,n1811535023,road,1.07,plain,SH10,2,primary,0,0,,170002951
n1811463215,n1811463229,road,3.59,plain,SH10,2,primary,0,0,,170002958
n1811463215,n7781216151,road,2.72,plain,SH10,2,primary,0,0,,170002958
n1811463229,n1811534980,road,12.11,plain,secondary,2,secondary,0,0,,230000208
n1811463229,n2385334403,road,1.63,plain,SH10,2,primary,0,0,,230000211
n1811463229,n245752909,road,6.86,plain,secondary,2,secondary,0,0,,170003980
n1811534970,n2305178820,road,0.07,plain,SH11,2,primary,1,0,,833542465
n1811534970,n2381336551,road,9.54,plain,SH11,2,primary,0,0,,1134551683
n1811534970,n2381336892,road,5.83,plain,secondary,2,secondary,0,0,,833542464
n1811534970,n567484764,road,1.44,plain,secondary,2,secondary,0,0,,833542464
n1811534980,n245750491,road,6.64,plain,secondary,2,secondary,0,0,,170002944
n1811535023,n7781216150,road,4.02,plain,SH10,2,primary,0,0,,833542467
n1811535066,n2164024456,road,0.82,plain,SH10,2,primary,0,0,,488365041
n1811535066,n2517721640,road,4.54,plain,SH10,2,primary,0,0,,170002943
n1811535066,n6115571916,road,7.57,plain,secondary,2,secondary,0,0,,206391587
n1811698349,n1811698354,road,2.55,plain,secondary,2,secondary,0,0,,170018579
n1811698349,n3706635225,road,4.18,hilly,secondary,2,secondary,0,0,,184479349
n1811698354,n569317573,road,5.05,plain,NH17,2,trunk,0,0,,44902941
n1811698354,n569366497,road,1.82,plain,NH17,2,trunk,0,0,,44902941
n1811698392,n5164864064,road,6.1,plain,secondary,2,secondary,0,0,,532190269
n1811698417,n1811698428,road,2.55,plain,secondary,2,secondary,0,0,,363537332
n1811698417,n569317671,road,1.26,plain,secondary,2,secondary,0,0,,170018576
n1811698428,n3677048141,road,8.48,hilly,secondary,2,secondary,0,0,,363537332
n1811698428,n6127805395,road,1.53,plain,secondary,2,secondary,0,0,,653894637
n1811700175,n1811700177,road,0.15,plain,secondary,2,secondary,1,0,,653894639
n1811700175,n1811700189,road,1.99,plain,secondary,2,secondary,0,0,,170018564
n1811700177,n3677048141,road,4.03,plain,secondary,2,secondary,0,0,,170018573
n1811700263,n4756565874,road,6.88,plain,secondary,2,secondary,0,0,,170018567
n1811823755,n1811823832,road,5.1,plain,secondary,2,secondary,0,0,,170026564
n1811823795,n1811823835,road,4.12,hilly,secondary,2,secondary,0,0,,1355481005
n1811823832,n1811823835,road,4.24,plain,MDR,2,secondary,0,0,,170026568
n1811823835,n1811823845,road,0.28,plain,MDR,2,secondary,0,0,,1036780098
n1811823845,n1811823873,road,5.87,plain,secondary,2,secondary,0,0,,170026544
n1811823845,n4951593329,road,0.32,plain,MDR,2,secondary,0,0,,1036780098
n1811823873,n9627980425,road,2.15,plain,secondary,2,secondary,0,0,,1049265398
n1811823882,n3723078707,road,0.12,plain,MDR,2,secondary,1,0,,505139431
n1811823882,n3723078928,road,4.97,hilly,MDR,2,secondary,0,0,,170026571
n1811823966,n7954380575,road,0.85,plain,secondary,2,secondary,0,0,,170026579
n1811823966,n9627980425,road,4.04,plain,secondary,2,secondary,0,0,,1047015937
n1821511784,n3176055376,road,0.09,plain,primary,2,primary,1,0,,899349076
n1821511784,n835236798,road,3.88,plain,primary,2,primary,0,0,,1039339645
n1848134155,n2084596746,road,9.28,mountain,primary,2,primary,0,0,unpaved,198312344
n1848134155,n2501036973,road,8.47,mountain,NH102B,2,trunk,0,0,,242646805
n1848134155,n2501059288,road,13.63,mountain,NH102B,2,trunk,0,0,,242648831
n1848135971,n1848135982,road,0.26,plain,primary,2,primary,0,0,asphalt,1192493011
n1848135971,n3911460009,road,2.05,plain,primary,2,primary,0,0,,174064337
n1848135982,n1848135992,road,0.28,plain,primary,2,primary,0,0,asphalt,676861477
n1848135992,n245721623,road,0.62,plain,primary,2,primary,0,0,asphalt,387917651
n1848136368,n245726876,road,0.65,plain,NH202,2,trunk,0,0,,1043341812
n1848136368,n9602558638,road,1.54,plain,NH202,2,trunk,0,0,,238033864
n1848136381,n1848136383,road,4.79,hilly,NH202,2,trunk,0,0,,238033863
n1848136381,n245727350,road,1.05,plain,NH202,2,trunk,0,0,,1348100870
n1848136383,n1848136949,road,12.34,mountain,secondary,2,secondary,0,0,,575803712
n1848136383,n2459028911,road,8.18,mountain,NH202,2,trunk,0,0,,238033863
n1848136492,n2459029890,road,10.18,plain,secondary,2,secondary,0,0,,1510727441
n1848136492,n9195888914,road,20.62,mountain,secondary,2,secondary,0,0,,1127652899
n1848136906,n1848136926,road,1.07,plain,secondary,2,secondary,0,0,,174064339
n1848136906,n1848136983,road,8.41,mountain,secondary,2,secondary,0,0,unpaved,174064342
n1848136906,n2500946724,road,12.96,mountain,NH102A,2,trunk,0,0,,1506412574
n1848136926,n2459029890,road,4.24,hilly,NH202,2,trunk,0,0,,238035941
n1848136926,n2459080018,road,10.98,mountain,NH202,2,trunk,0,0,,238040461
n1848136926,n2584629583,road,4.56,mountain,secondary,2,secondary,0,0,,174064339
n1848136926,n3888079319,road,23.77,mountain,primary,2,primary,0,0,,198322669
n1848136926,n3888173600,road,19.45,mountain,NH102A,2,trunk,0,0,,385459681
n1848136949,n1848137043,road,19.87,mountain,secondary,2,secondary,0,0,,575867986
n1848136983,n1848137003,road,2.57,plain,secondary,2,secondary,0,0,unpaved,174064342
n1848137003,n1848137109,road,30.59,mountain,secondary,2,secondary,0,0,unpaved,364239000
n1848137109,n2459083878,road,18.42,mountain,secondary,2,secondary,0,0,,69281597
n1848137109,n2500950370,road,2.44,plain,secondary,2,secondary,0,0,,69281597
n1848137167,n2500950370,road,13.35,mountain,NH102A,2,trunk,0,0,,242636870
n1848137167,n2500977628,road,10.66,mountain,NH102A,2,trunk,0,0,,242636869
n1848137179,n1848137251,road,30.04,mountain,NH202,2,trunk,0,0,,242787117
n1848137179,n2459084757,road,2.45,plain,NH202,2,trunk,0,0,,242787117
n1848137179,n6359239941,road,35.0,mountain,secondary,2,secondary,0,0,,679125258
n1848137251,n2459237780,road,7.46,mountain,NH202,2,trunk,0,0,,238059285
n1848137251,n2469685164,road,11.64,mountain,NH29,2,trunk,0,0,,238042058
n1848205863,n2314868658,road,0.32,plain,NH315A,2,trunk,0,0,asphalt,1055085747
n1848205863,n977278706,road,1.83,plain,NH315A,2,trunk,0,0,asphalt,402883003
n1848205869,n5736469481,road,0.46,plain,SH23,2,primary,0,0,,717444901
n1848205869,n5736469499,road,0.73,plain,SH23,2,primary,0,0,,751952946
n1848205870,n5736469435,road,3.8,plain,SH23,2,primary,0,0,,174078207
n1848205870,n5736469481,road,1.26,plain,SH23,2,primary,0,0,,1046113670
n1848205872,n6737806266,road,2.08,plain,SH-1007,2,primary,0,0,asphalt,604662550
n1848205872,n986498396,road,2.9,plain,SH-1007,2,primary,0,0,asphalt,1025406800
n1848777308,n1848777309,road,0.3,plain,NH2,2,trunk,1,0,,174152900
n1848777308,n2454469669,road,17.49,mountain,NH2,2,trunk,0,0,,174152901
n1848777309,n1848821764,road,4.72,mountain,secondary,2,secondary,0,0,,663087767
n1848777309,n2454064626,road,12.53,mountain,NH2,2,trunk,0,0,,237516950
n1848777309,n6189805690,road,6.48,mountain,secondary,2,secondary,0,0,,174159659
n1848821189,n6213054276,road,15.3,mountain,secondary,2,secondary,0,0,,663784866
n1848821189,n6213158230,road,1.29,plain,secondary,2,secondary,0,0,,663793001
n1848821514,n6591581026,road,9.69,mountain,secondary,2,secondary,0,0,,663088968
n1858242050,n1858242057,road,1.58,plain,secondary,2,secondary,0,0,,1134714663
n1858242050,n4116853426,road,2.31,plain,secondary,2,secondary,0,0,,175192962
n1858242057,n1858242063,road,0.86,plain,secondary,2,secondary,0,0,,716651351
n1858242057,n2461655204,road,0.53,plain,primary,2,primary,0,0,,1007402819
n1858242057,n2461655226,road,2.75,plain,primary,2,primary,0,0,,238318594
n1858242063,n1858242071,road,2.43,plain,secondary,2,secondary,0,0,,716651351
n1858242063,n2461655204,road,0.97,plain,NH8,2,trunk,0,0,asphalt,1007402821
n1858242063,n9612624340,road,0.73,plain,NH8,2,trunk,0,0,asphalt,1007402821
n1858261180,n2520369923,road,0.18,plain,NH8,2,trunk,0,0,,1155423204
n1858261180,n3173676986,road,10.04,mountain,NH8,2,trunk,0,0,,1155423204
n1858261180,n4116852802,road,0.27,plain,secondary,2,secondary,0,0,,750969787
n1879918580,n2328077755,road,2.03,plain,secondary,2,secondary,0,0,,1276592537
n1879918580,n568597740,road,0.59,plain,secondary,2,secondary,0,0,,986980314
n1880368158,n569192352,road,0.1,plain,NH27,2,trunk,1,0,,177618203
n1880368158,n569192397,road,0.09,plain,NH27,2,trunk,0,0,,69214451
n1880368236,n2391090256,road,11.07,hilly,MDR5,2,secondary,0,0,,1285775379
n1880368273,n568598158,road,2.01,plain,SH12A,2,primary,0,0,,120108643
n1880382261,n1880382262,road,0.6,plain,secondary,2,secondary,0,0,,186586304
n1880382262,n1880382265,road,0.21,plain,secondary,2,secondary,1,0,,186586302
n1880382265,n9648392192,road,0.89,plain,secondary,2,secondary,0,0,,1049904523
n1880382270,n9648392192,road,0.08,plain,secondary,2,secondary,1,0,,1049904524
n1880382270,n9648453439,road,0.21,plain,secondary,2,secondary,0,0,,1049909572
n1880382275,n1880382314,road,3.26,plain,secondary,2,secondary,0,0,,177619326
n1880382275,n9648453439,road,2.35,plain,secondary,2,secondary,0,0,,1049851314
n1880382314,n568601726,road,12.37,plain,secondary,2,secondary,0,0,,177619324
n1884960226,n2316320668,road,3.4,plain,SH47,2,primary,0,0,,1136631819
n1884960288,n4740596435,road,0.08,plain,NH13,2,trunk,1,0,,481114997
n1884960288,n746931794,road,0.86,plain,NH13,2,trunk,0,0,,481114993
n1884960318,n958035154,road,0.28,plain,NH13,2,trunk,1,0,,481114992
n1884960318,n958036050,road,12.34,plain,NH13,2,trunk,0,0,,82262496
n1884960398,n1884960404,road,7.97,plain,NH13,2,trunk,0,0,,130513179
n1884960398,n3908989762,road,18.99,plain,NH115,2,trunk,0,0,,238697996
n1884960398,n831395848,road,0.3,plain,NH13,2,trunk,0,0,,130513179
n1884960404,n958035704,road,1.83,plain,NH13,2,trunk,0,0,,178119149
n1884960442,n1884960487,road,2.37,plain,NH313,2,trunk,0,0,,552601635
n1884960442,n831395848,road,3.01,plain,NH313,2,trunk,0,0,,162056220
n1884960480,n1884960489,road,3.98,plain,NH13,2,trunk,1,0,,552865616
n1884960480,n2463595413,road,0.49,plain,NH13,2,trunk,0,0,,629460351
n1884960487,n5228170554,road,0.18,plain,NH313,2,trunk,0,0,,540413003
n1884960489,n2463596055,road,10.38,plain,NH13,2,trunk,0,0,,238535141
n1888786060,n5058290134,road,1.14,plain,SH2,2,primary,0,0,,1292176440
n1888786060,n5812660302,road,0.8,plain,SH2,2,primary,0,0,,1292176442
n1888786063,n2365236523,road,0.23,plain,SH5,2,primary,0,0,,1283740971
n1888786063,n2380443940,road,0.72,plain,SH5,2,primary,0,0,,22833202
n1888786063,n3515195529,road,8.6,hilly,secondary,2,secondary,0,0,asphalt,345081513
n1938599991,n2316320019,road,10.91,plain,NH702D,2,trunk,0,0,asphalt,358944926
n1938599991,n3861899135,road,8.36,plain,secondary,2,secondary,0,0,,382987339
n1939422436,n1939426392,road,0.97,plain,NH715K,2,trunk,0,0,,1122246960
n1939422436,n1939438876,road,2.28,plain,NH715K,2,trunk,0,0,asphalt,183544573
n1939438876,n1939470828,road,6.59,plain,NH715K,2,trunk,0,0,asphalt,183544573
n1939438876,n5783966622,road,5.49,plain,SH-3007,2,primary,0,0,,183548178
n1939470828,n1939470857,road,0.54,plain,secondary,2,secondary,0,0,,885127259
n1939470828,n3637677158,road,1.62,plain,NH715,2,trunk,0,0,asphalt,1215032537
n1939485061,n1939485065,road,2.38,plain,SH-3007,2,primary,0,0,,629591928
n1939485061,n5783966622,road,1.14,plain,SH-3007,2,primary,0,0,,629591926
n1939485065,n3686971920,road,6.35,plain,NH715,2,trunk,0,0,,1305376857
n1939485065,n4486909234,road,2.65,plain,SH-3007,2,primary,0,0,asphalt,1307080772
n1986849200,n2164024625,road,0.42,plain,NH715A,2,trunk,0,0,,391321360
n1987687456,n1988012420,road,1.21,plain,SH33,2,primary,0,0,asphalt,358944941
n1987687456,n3861818209,road,0.57,plain,secondary,2,secondary,0,0,asphalt,188177026
n1987687546,n2376219198,road,6.39,plain,SH33,2,primary,0,0,paved,228977924
n1987718922,n3637677185,road,0.75,plain,NH,2,trunk,0,0,,375444653
n1987938102,n1987948515,road,7.41,plain,SH32,2,primary,0,0,,188168671
n1987948515,n1987954432,road,2.26,plain,SH1,2,primary,0,0,asphalt,1308492635
n1987948515,n2328372346,road,0.67,plain,SH1,2,primary,0,0,asphalt,1308563665
n1987954432,n2316321624,road,6.03,plain,SH1,2,primary,0,0,asphalt,1308492635
n1987954432,n3861899124,road,2.7,plain,secondary,2,secondary,0,0,,382987336
n1988012420,n3637671405,road,1.2,plain,SH33,2,primary,0,0,asphalt,358944941
n1988012420,n3861818209,road,1.12,plain,secondary,2,secondary,0,0,,188177025
n1988646265,n2088368103,road,3.9,plain,secondary,2,secondary,0,0,,198735416
n2017872562,n2018049269,road,5.9,mountain,primary,2,primary,0,0,,772947770
n2017872562,n7216824344,road,6.57,hilly,primary,2,primary,0,0,paved,772947766
n2018049269,n2461989528,road,5.62,mountain,NH108,2,trunk,0,0,asphalt,238358369
n2035724086,n4273313597,road,0.29,plain,SH38,2,primary,0,0,,1319729510
n2035724086,n4571889985,road,7.18,hilly,SH-1023,2,primary,0,0,asphalt,310463282
n2035724086,n568990151,road,3.27,plain,SH38,2,primary,0,0,asphalt,1056595801
n2035724119,n2035724540,road,0.32,plain,secondary,2,secondary,0,0,,388096617
n2035724119,n245726472,road,0.18,plain,secondary,2,secondary,0,0,,197997741
n2035724199,n2035724215,road,1.91,plain,SH38,2,primary,0,0,,1057089285
n2035724199,n2035724347,road,0.51,plain,SH38,2,primary,1,0,,193042606
n2035724199,n2081915079,road,1.2,plain,CA-M-014,2,secondary,0,0,paved,1328394167
n2035724199,n6154014503,road,4.03,hilly,CA-M-012,2,secondary,0,0,,657038120
n2035724215,n2035724236,road,2.56,plain,SH38,2,primary,0,0,,667131691
n2035724236,n4273309772,road,3.5,plain,SH38,2,primary,0,0,,193042612
n2035724347,n9713790883,road,4.98,mountain,CA-M-015,2,secondary,0,0,,1057074558
n2035724376,n2882121292,road,3.94,mountain,NH6,2,trunk,0,0,asphalt,1037934857
n2037923584,n3173460129,road,6.86,plain,NH 127B,2,trunk,0,0,,311648510
n2037923612,n2926323039,road,7.48,plain,NH 127B,2,trunk,0,0,,334680477
n2051081334,n2051081350,road,2.96,plain,SH39,2,primary,0,0,asphalt,194605371
n2051081334,n6165382450,road,2.29,plain,SH39,2,primary,0,0,asphalt,1334863161
n2051081350,n2051081380,road,0.86,plain,SH39,2,primary,0,0,,1330420114
n2051081359,n2051081361,road,0.28,plain,NH8,2,trunk,0,0,asphalt,1318479988
n2051081359,n2051081380,road,0.71,plain,NH8,2,trunk,0,0,asphalt,628779840
n2051081375,n2051081380,road,0.3,plain,NH8,2,trunk,0,0,asphalt,628779840
n2051081375,n5936564314,road,0.08,plain,NH8,2,trunk,1,0,asphalt,628779854
n2051081380,n567779380,road,0.42,plain,SH39,2,primary,0,0,,1330420114
n2051081415,n5054630093,road,2.26,plain,Kj-M-6,2,secondary,0,0,,194605375
n2051087475,n569048603,road,0.29,plain,NH37,2,trunk,0,0,,1054707634
n2081914187,n245724879,road,8.12,hilly,SH39,2,primary,0,0,,22826807
n2081914187,n245725007,road,0.96,plain,SH39,2,primary,0,0,,1123939080
n2081914199,n245725007,road,2.04,plain,SH39,2,primary,0,0,,310579982
n2081914199,n3160231775,road,0.13,plain,SH39,2,primary,1,0,,310579981
n2081914208,n2081914225,road,2.2,plain,SH39,2,primary,0,0,,310579970
n2081914208,n3160231775,road,3.35,plain,SH39,2,primary,0,0,,1123939081
n2081914225,n2491876817,road,3.79,plain,primary,2,primary,0,0,,540997674
n2081914225,n2491877281,road,0.43,plain,primary,2,primary,0,0,,659763968
n2081914225,n5131447861,road,1.73,plain,SH39,2,primary,0,0,,1123851815
n2081914225,n5232412715,road,1.26,plain,NH6,2,trunk,0,0,,540997673
n2081914303,n245725542,road,5.36,plain,NH6,2,trunk,0,0,,1123606235
n2081914303,n2491879775,road,6.86,plain,NH6,2,trunk,0,0,,241577900
n2081914303,n6241720740,road,0.92,plain,secondary,2,secondary,0,0,,676873663
n2081914312,n3160185503,road,0.92,plain,SH39,2,primary,0,0,,310576041
n2081914312,n3160185534,road,0.95,plain,SH39,2,primary,0,0,,1341950965
n2081914509,n245726472,road,0.45,plain,secondary,2,secondary,0,0,,1103659238
n2081914509,n3158888700,road,0.88,plain,secondary,2,secondary,0,0,,310464287
n2081914644,n2491879780,road,0.99,plain,NH6,2,trunk,0,0,,657038114
n2081914769,n2081914809,road,0.69,plain,Kj-M-10,2,secondary,0,0,asphalt,1332648390
n2081914809,n567779884,road,2.8,plain,Kj-M-10,2,secondary,0,0,paved,427651181
n2081914890,n3173611055,road,0.38,plain,SH37,2,primary,0,0,,311654924
n2081914890,n5067659472,road,0.28,plain,SH37,2,primary,0,0,,1066082874
n2081915069,n2081915098,road,2.3,plain,CA-M-017,2,secondary,0,0,paved,197997738
n2081915069,n3158934591,road,2.79,plain,CA-M-017,2,secondary,0,0,paved,310467222
n2081915079,n6262212035,road,2.32,plain,CA-M-014,2,secondary,0,0,paved,197997732
n2081915097,n3158885672,road,0.17,plain,SH-1023,2,primary,1,0,,310463281
n2081915097,n3158885706,road,4.86,hilly,SH-1023,2,primary,0,0,,310463283
n2081915097,n9717007692,road,2.69,plain,CA-M-014,2,secondary,0,0,paved,1328394169
n2081915098,n2468739446,road,3.76,plain,NH27,2,trunk,0,0,asphalt,1054646589
n2081915098,n3158923616,road,7.15,hilly,NH27,2,trunk,0,0,asphalt,379379524
n2081916508,n2081916510,road,0.09,plain,NH29,2,trunk,1,0,,197997712
n2081916508,n2469894975,road,0.76,plain,NH29,2,trunk,0,0,asphalt,1354907373
n2081916510,n2469895030,road,0.62,plain,NH29,2,trunk,0,0,asphalt,228977888
n2081966204,n2081966213,road,2.78,plain,secondary,2,secondary,0,0,,667234662
n2081966204,n245730421,road,2.86,plain,secondary,2,secondary,0,0,,608667864
n2083635889,n6208776713,road,5.78,mountain,secondary,2,secondary,0,0,,427983241
n2083635899,n2083635904,road,17.55,mountain,primary,2,primary,0,0,,618781126
n2083635899,n4559683107,road,8.43,mountain,primary,2,primary,0,0,,618768239
n2083635904,n2501361474,road,10.4,mountain,NH102B,2,trunk,0,0,,242678163
n2083635904,n2501361717,road,5.31,mountain,NH102B,2,trunk,0,0,,242678163
n2083635911,n2084596673,road,21.74,mountain,primary,2,primary,0,0,,619147421
n2083635911,n2084596680,road,17.94,mountain,primary,2,primary,0,0,unpaved,619127565
n2083635914,n2084596680,road,12.75,mountain,primary,2,primary,0,0,unpaved,1332849176
n2083680100,n2976469237,road,8.85,mountain,secondary,2,secondary,0,0,,366024924
n2083680100,n6205687246,road,4.13,mountain,secondary,2,secondary,0,0,,662910345
n2083680172,n2491838646,road,2.56,plain,NH6,2,trunk,0,0,asphalt,975997189
n2083680172,n2882147254,road,4.92,hilly,NH6,2,trunk,0,0,paved,387481475
n2083680172,n3885902306,road,0.19,plain,NH6,2,trunk,1,0,,668662954
n2083680192,n4571757469,road,0.97,plain,Kj-M-7,2,secondary,0,0,asphalt,1350754545
n2083680218,n2083680220,road,0.08,plain,Kj-M-7,2,secondary,1,0,asphalt,1329721492
n2083680218,n4571759029,road,3.96,plain,Kj-M-7,2,secondary,0,0,asphalt,1330308803
n2083680220,n567778784,road,0.64,plain,Kj-M-7,2,secondary,0,0,asphalt,1329721493
n2084596673,n2501068957,road,9.6,mountain,NH102B,2,trunk,0,0,,825457434
n2084596673,n2501361963,road,1.84,plain,NH102B,2,trunk,0,0,,1324323634
n2084596746,n2455611820,road,22.28,mountain,primary,2,primary,0,0,,385049870
n2084597038,n245721789,road,18.15,mountain,NH2,2,trunk,0,0,,567890999
n2084597051,n2084597071,road,5.53,plain,primary,2,primary,0,0,,198312348
n2084597051,n5076864949,road,8.19,plain,primary,2,primary,0,0,,174064491
n2084597071,n2084597075,road,0.58,plain,primary,2,primary,0,0,,1210940934
n2084597075,n245722195,road,1.6,plain,primary,2,primary,0,0,,1210940934
n2084597155,n2084597157,road,0.24,plain,NH102,2,secondary,0,0,,666269665
n2084597155,n2914323246,road,3.52,plain,NH102C,2,trunk,0,0,,198312326
n2084597155,n6237756760,road,0.18,plain,NH102,2,trunk,0,0,,237999913
n2084597155,n6237756762,road,0.19,plain,NH102,2,trunk,0,0,,237999913
n2084597157,n2084597158,road,0.38,plain,NH102,2,secondary,0,0,,916572569
n2084597158,n6237756763,road,0.21,plain,NH102,2,trunk,0,0,,916572566
n2084597259,n2084597265,road,3.99,hilly,primary,2,primary,0,0,,1058768875
n2084597259,n9726664499,road,3.97,hilly,primary,2,primary,0,0,,198312349
n2084597265,n2084597284,road,4.01,hilly,primary,2,primary,0,0,,198312334
n2084597284,n2084597288,road,1.89,plain,primary,2,primary,0,0,,1338137003
n2084597288,n2084597292,road,1.26,plain,primary,2,primary,0,0,,1058538733
n2084597292,n2084597299,road,5.55,hilly,primary,2,primary,0,0,,1058538731
n2084597299,n2084597301,road,0.58,plain,primary,2,primary,0,0,,668873046
n2084663001,n3995419700,road,48.05,mountain,secondary,2,secondary,0,0,,198322600
n2084663067,n2084663075,road,4.42,mountain,NH102,2,trunk,0,0,,237999914
n2084663067,n2458560891,road,0.14,plain,NH102,2,trunk,0,0,,1222270253
n2084663067,n3995419700,road,21.2,mountain,secondary,2,secondary,0,0,,455292489
n2084663075,n3890287808,road,20.0,mountain,NH102A,2,trunk,0,0,,385693564
n2084663075,n6237756760,road,16.94,mountain,NH102,2,trunk,0,0,,237999913
n2084663102,n2084692480,road,1.06,plain,secondary,2,secondary,0,0,,1417949805
n2084663102,n2084692485,road,9.32,mountain,secondary,2,secondary,0,0,,387927028
n2084663108,n2084692489,road,4.73,mountain,secondary,2,secondary,0,0,,198322663
n2084663108,n6237093988,road,2.68,plain,secondary,2,secondary,0,0,,666193838
n2084663520,n3888960268,road,3.18,mountain,primary,2,primary,0,0,,391262671
n2084663520,n6251548682,road,12.2,mountain,primary,2,primary,0,0,,667670690
n2084663524,n2084663528,road,0.13,plain,primary,2,primary,1,0,,613781683
n2084663524,n6251548725,road,1.95,plain,primary,2,primary,0,0,,667670705
n2084663528,n2084899510,road,7.73,mountain,primary,2,primary,0,0,,198349476
n2084692474,n2084692480,road,16.88,mountain,secondary,2,secondary,0,0,,387927029
n2084692474,n569041577,road,1.9,plain,secondary,2,secondary,0,0,,664776021
n2084692485,n2084692486,road,0.45,plain,secondary,2,secondary,0,0,,387930266
n2084692486,n2084692489,road,9.88,mountain,secondary,2,secondary,0,0,,387930268
n2084877204,n2084877286,road,3.56,plain,primary,2,primary,0,0,,1132622636
n2084877204,n7905971661,road,2.54,plain,primary,2,primary,0,0,,1090653950
n2084877222,n2084877225,road,0.1,plain,primary,2,primary,1,0,,610575451
n2084877222,n569069381,road,1.49,plain,primary,2,primary,0,0,,610575452
n2084877225,n7905971661,road,3.53,plain,primary,2,primary,0,0,,1052021308
n2084877286,n2084877550,road,8.64,plain,primary,2,primary,0,0,,198347365
n2084877550,n2084877644,road,2.59,plain,primary,2,primary,0,0,,1051979479
n2084877644,n2084877876,road,3.39,plain,primary,2,primary,0,0,,198347351
n2084877876,n2084878568,road,10.88,plain,primary,2,primary,0,0,,198347351
n2084877876,n5940219796,road,18.98,mountain,secondary,2,secondary,0,0,,629167448
n2084877918,n567785657,road,2.87,plain,secondary,2,secondary,0,0,,198347354
n2084877918,n7905971623,road,0.2,plain,trunk,2,trunk,0,0,,1073672784
n2084877918,n9848961852,road,0.1,plain,trunk,2,trunk,1,0,,1073672786
n2084878568,n2084878581,road,0.14,plain,SH44,2,primary,1,0,,624127511
n2084878568,n2328371499,road,0.67,plain,SH44,2,primary,0,0,,627554492
n2084878581,n2328371530,road,7.95,plain,SH44,2,primary,0,0,,1121673652
n2084878596,n2084878602,road,0.12,plain,SH44,2,primary,1,0,,224005046
n2084878596,n567785782,road,4.04,hilly,SH44,2,primary,0,0,,198347348
n2084878602,n2328371530,road,3.56,plain,SH44,2,primary,0,0,,624127507
n2084899510,n3870656699,road,0.08,plain,NH129A,2,trunk,1,0,,627425938
n2084899510,n3880270496,road,6.82,mountain,NH129A,2,trunk,0,0,,383747177
n2084899510,n3888209284,road,19.51,mountain,secondary,2,secondary,0,0,,385475457
n2084899510,n5803724428,road,21.89,mountain,secondary,2,secondary,0,0,,613360382
n2084899537,n569068034,road,4.48,mountain,secondary,2,secondary,0,0,,198349471
n2084899537,n569068248,road,18.53,mountain,secondary,2,secondary,0,0,,1360690735
n2084899562,n2084899704,road,29.02,mountain,NH129A,2,trunk,0,0,,198349474
n2084899562,n569068034,road,13.86,mountain,NH129A,2,trunk,0,0,,1098020752
n2084899664,n2084899724,road,31.42,mountain,NH129A,2,trunk,0,0,,387803077
n2084899664,n7939996539,road,1.79,plain,NH129A,2,trunk,0,0,,612647175
n2084899704,n2084899724,road,28.2,mountain,NH129A,2,trunk,0,0,,383749535
n2084956643,n2469684928,road,17.65,mountain,secondary,2,secondary,0,0,,384584463
n2084956643,n3884024942,road,12.71,mountain,secondary,2,secondary,0,0,,629992756
n2084956643,n5894917084,road,2.14,plain,NH702A,2,trunk,0,0,,624261375
n2084956643,n5908439469,road,22.1,mountain,NH702A,2,trunk,0,0,,625800050
n2084956655,n3878932684,road,5.15,mountain,NH702A,2,trunk,0,0,,384584465
n2084956655,n3883900985,road,10.99,mountain,secondary,2,secondary,0,0,,385037208
n2084956655,n3884008374,road,6.05,mountain,NH702A,2,trunk,0,0,,384584465
n2084973724,n245751208,road,13.92,mountain,primary,2,primary,0,0,,608934050
n2084973724,n4273512624,road,14.27,mountain,primary,2,primary,0,0,,435316426
n2084973724,n5934119939,road,0.11,plain,secondary,2,secondary,1,0,,628559736
n2084974154,n2309770355,road,1.62,plain,SH-015,2,primary,0,0,,1312098010
n2084974154,n4273512900,road,1.5,plain,SH-015,2,primary,0,0,,656740905
n2088368073,n2088368103,road,9.77,plain,secondary,2,secondary,0,0,,1274292375
n2088368073,n568602355,road,5.83,plain,NH17,2,trunk,0,0,,44851359
n2088368073,n568602525,road,4.44,plain,NH17,2,trunk,0,0,,44851359
n2135985164,n4539570144,road,8.42,mountain,NH6,2,trunk,0,0,,203588133
n2164024425,n2164024432,road,1.04,plain,SH10,2,primary,0,0,,607949604
n2164024425,n2164024459,road,1.35,plain,SH10,2,primary,0,0,,391321285
n2164024432,n2164024433,road,0.94,plain,SH10,2,primary,0,0,,363594814
n2164024433,n2164024456,road,1.69,plain,SH10,2,primary,0,0,,206391572
n2164024433,n2665458624,road,1.42,plain,secondary,2,secondary,0,0,,170002954
n2164024456,n2665458636,road,1.59,plain,SH13,2,primary,0,0,,260950921
n2164024459,n2164024546,road,10.06,plain,NH715A,2,trunk,0,0,,206391589
n2164024459,n567485269,road,9.27,plain,NH715A,2,trunk,0,0,,170002938
n2164024493,n2164024538,road,8.25,plain,primary,2,primary,0,0,,206391586
n2164024493,n342098065,road,11.16,plain,primary,2,primary,0,0,,221357101
n2164024538,n5796562462,road,0.38,plain,primary,2,primary,1,0,,612350350
n2164024546,n2164024625,road,5.23,plain,NH715A,2,trunk,0,0,,188059804
n2164024621,n5763228253,road,3.44,mountain,primary,2,primary,0,0,,608263644
n2164024621,n5796562464,road,1.81,plain,primary,2,primary,0,0,,612350361
n2164024763,n2164024770,road,0.38,plain,primary,2,primary,0,0,,799139191
n2164024763,n8939984141,road,0.95,plain,primary,2,primary,0,0,,966313099
n2164024770,n3455768917,road,14.92,mountain,secondary,2,secondary,0,0,asphalt,338498350
n2164274584,n2164274591,road,2.22,plain,SH42,2,primary,0,0,,1078807669
n2164274584,n2388582295,road,3.63,plain,SH42,2,primary,0,0,,287765362
n2164274591,n2164274603,road,3.63,plain,SH42,2,primary,0,0,,1078807671
n2164274603,n2164274625,road,9.53,plain,SH42,2,primary,0,0,,287765387
n2164274625,n2164274639,road,4.88,plain,SH42,2,primary,0,0,,659690016
n2164274639,n2164274642,road,0.96,plain,SH42,2,primary,0,0,,1079430727
n2164274642,n2388584136,road,0.58,plain,SH42,2,primary,0,0,,1079430729
n2164274662,n2164274664,road,0.08,plain,SH22,2,primary,1,0,,659690014
n2164274662,n2388584136,road,1.68,plain,SH22,2,primary,0,0,,659690015
n2164274679,n2364658002,road,0.13,plain,NH15,2,trunk,1,0,,206421891
n2164274679,n2364658006,road,0.83,plain,NH15,2,trunk,0,0,,230344960
n2164274773,n9969362260,road,1.18,plain,secondary,2,secondary,0,0,,1088087462
n2164274807,n2164274830,road,3.04,hilly,secondary,2,secondary,0,0,concrete,1088350219
n2164274807,n9514996937,road,3.36,hilly,secondary,2,secondary,0,0,concrete,206421895
n2164274817,n4726705267,road,1.05,plain,NH15,2,trunk,0,0,,479597500
n2164274817,n9514996937,road,3.19,plain,NH15,2,trunk,0,0,,1088141474
n2164274843,n2313104768,road,0.33,plain,NH15,2,trunk,0,0,,1084648672
n2164274843,n4726705267,road,1.66,plain,NH15,2,trunk,0,0,,479597502
n2164274878,n9926237071,road,0.1,plain,NH15,2,trunk,1,0,,1083107139
n2164275096,n2164275197,road,1.76,plain,secondary,2,secondary,0,0,,472695605
n2164275197,n4668931738,road,5.55,plain,secondary,2,secondary,0,0,,1055769656
n2164275398,n3555213498,road,1.89,plain,NH515,2,trunk,0,0,asphalt,69870158
n2164275398,n4668931739,road,7.44,plain,secondary,2,secondary,0,0,,206421902
n2164306427,n569069155,road,7.39,plain,secondary,2,secondary,0,0,,627589562
n2164306427,n5749813511,road,3.53,plain,secondary,2,secondary,0,0,,1052182929
n2164879904,n2455738557,road,8.49,mountain,NH2,2,trunk,0,0,,129815384
n2164879904,n569069685,road,8.28,mountain,primary,2,primary,0,0,,206480287
n2164879904,n5928951059,road,10.69,mountain,secondary,2,secondary,0,0,,628020880
n2168187689,n2168187718,road,9.16,hilly,NH115,2,trunk,1,0,asphalt,206778254
n2168187689,n3701171833,road,0.48,plain,NH115,2,trunk,0,0,asphalt,1305321039
n2235251942,n2723913941,road,13.91,mountain,NH 717A,2,trunk,0,0,,880584237
n2235251942,n3179554302,road,0.12,plain,NH 717A,2,trunk,1,0,,353285066
n2235251942,n4928851407,road,0.09,plain,secondary,2,secondary,1,0,,880543425
n2259020059,n569317975,road,8.81,plain,NH17,2,trunk,0,0,,216547822
n2278578198,n458985962,road,0.18,plain,NH27,2,trunk,0,0,asphalt,1329018518
n2278578198,n458986014,road,1.24,plain,NH27,2,trunk,1,0,asphalt,38719482
n2301196062,n567485952,road,10.41,plain,primary,2,primary,0,0,,154290478
n2303854278,n245750735,road,0.09,plain,primary,2,primary,1,0,,221357098
n2303854278,n5796653769,road,1.87,plain,primary,2,primary,0,0,,612360942
n2305178673,n5001200742,road,3.83,mountain,secondary,2,secondary,0,0,,511223689
n2305178673,n566665945,road,1.71,plain,secondary,2,secondary,0,0,,1254970067
n2305178762,n2369274913,road,0.28,plain,secondary,2,secondary,0,0,,1142037069
n2305178762,n4996759946,road,0.53,plain,secondary,2,secondary,0,0,,221491271
n2305178762,n904877610,road,1.25,plain,secondary,2,secondary,0,0,,221491271
n2305178803,n2305178816,road,1.3,plain,SH4,2,primary,0,0,,363593108
n2305178803,n567484817,road,0.38,plain,NH15,2,trunk,0,0,,1134493928
n2305178803,n567484822,road,0.31,plain,NH15,2,trunk,0,0,,1134493928
n2305178816,n2305178820,road,0.54,plain,SH11,2,primary,0,0,,833542466
n2305178816,n9127382063,road,0.61,plain,SH4,2,primary,0,0,,228411360
n2305919433,n2305919440,road,0.25,plain,NH315,2,trunk,0,0,,1304712263
n2305919433,n3880129271,road,3.14,hilly,NH315,2,trunk,0,0,,221563016
n2305919433,n5867508668,road,13.02,hilly,SH-002,2,primary,0,0,paved,621110833
n2305919440,n2305919449,road,0.22,plain,NH315,2,trunk,1,0,,221563015
n2305919449,n2305919484,road,1.1,plain,NH315,2,trunk,0,0,,672123109
n2305919484,n2305919524,road,6.17,plain,NH315,2,trunk,0,0,,1304712264
n2305919484,n9933292694,road,0.81,plain,SH-002,2,primary,0,0,paved,1304708611
n2305919562,n245758716,road,1.41,plain,NH315,2,trunk,0,0,asphalt,384662600
n2305919562,n2967220343,road,17.08,plain,SH-007,2,primary,0,0,asphalt,384662598
n2305975433,n2305975448,road,0.74,plain,SH15,2,primary,0,0,,659574417
n2305975433,n5775866509,road,3.51,plain,SH15,2,primary,0,0,,324292581
n2305975448,n2305975450,road,0.08,plain,SH15,2,primary,1,0,,659574415
n2305975450,n2305975456,road,0.44,plain,SH15,2,primary,0,0,,659574416
n2305975456,n2305975495,road,9.53,plain,SH15,2,primary,0,0,,221569524
n2305975495,n2305975501,road,2.25,plain,SH15,2,primary,0,0,,221569524
n2305975501,n8959584200,road,4.81,hilly,SH15,2,primary,0,0,,228263000
n2306119386,n2306119598,road,7.4,plain,secondary,2,secondary,0,0,,221578209
n2306119386,n567485695,road,7.58,plain,secondary,2,secondary,0,0,,221068468
n2306471738,n567511973,road,10.76,hilly,NH127,2,trunk,0,0,,1136497451
n2306471738,n6175559789,road,2.82,plain,SH17,2,primary,0,0,,659594623
n2308253295,n2308253298,road,0.14,plain,SH1,2,primary,1,0,asphalt,222003774
n2308253319,n5753939406,road,9.88,plain,SH-013,2,primary,0,0,,561726245
n2309538098,n5781761775,road,0.14,plain,secondary,2,secondary,0,0,,610533322
n2309538309,n567378579,road,11.47,plain,SH1,2,primary,0,0,asphalt,155260572
n2309749995,n245742040,road,4.9,plain,AH1,2,primary,0,0,,1354867089
n2309749997,n245742786,road,0.44,plain,NH29,2,trunk,0,0,,1354869548
n2309750031,n2309750032,road,0.08,plain,SH19,2,primary,1,0,,1313328010
n2309750071,n3898621567,road,1.54,plain,NH29,2,trunk,0,0,asphalt,1354911222
n2309750071,n6265606877,road,0.14,plain,NH29,2,trunk,0,0,asphalt,386520066
n2309750078,n2309750080,road,1.23,plain,NH29,2,trunk,0,0,,1354911224
n2309750078,n3898621567,road,2.45,plain,NH29,2,trunk,0,0,,136295994
n2313104887,n4552051627,road,1.05,plain,NH15,2,trunk,0,0,,479597452
n2314868582,n2314935270,road,1.53,plain,primary,2,primary,0,0,,22832948
n2314868582,n245757075,road,5.2,plain,SH1,2,primary,0,0,,1054664838
n2314868582,n3675636253,road,9.31,mountain,NH315A,2,trunk,0,0,,636948696
n2314868582,n6708332985,road,6.68,plain,NH315A,2,trunk,0,0,,402883012
n2314868620,n2314935278,road,6.44,mountain,primary,2,primary,0,0,,232293274
n2314868620,n245758145,road,2.48,plain,primary,2,primary,0,0,,621154204
n2314868625,n245758145,road,2.15,plain,SH24,2,primary,0,0,asphalt,621115001
n2314868625,n6750527918,road,0.27,plain,SH24,2,primary,0,0,asphalt,1047034059
n2314868658,n4052837992,road,1.69,plain,NH315A,2,trunk,0,0,asphalt,402883007
n2314868658,n5736469593,road,2.64,plain,SH23,2,primary,0,0,,123935183
n2314934916,n2314934924,road,0.1,plain,SH-1011,2,primary,1,0,,434301467
n2314934916,n2328052768,road,3.28,mountain,SH-1011,2,primary,0,0,,22832897
n2314934924,n2314935071,road,0.45,plain,secondary,2,secondary,0,0,,1309909028
n2314934924,n9708535891,road,1.61,plain,SH-011,2,primary,0,0,asphalt,1056563020
n2314935071,n2314935116,road,1.11,plain,secondary,2,secondary,0,0,,659475164
n2314935116,n245757075,road,3.61,plain,SH1,2,primary,0,0,,402883013
n2314935116,n4324640934,road,6.8,hilly,SH1,2,primary,0,0,,222538001
n2314935270,n2314935278,road,0.43,plain,primary,2,primary,1,0,,232293273
n2316320019,n2316321624,road,6.8,plain,SH1,2,primary,0,0,asphalt,1305554320
n2316320428,n2376217365,road,9.43,plain,secondary,2,secondary,0,0,,228977897
n2316320428,n2468783269,road,25.05,hilly,NH27,2,trunk,0,0,,366128959
n2316320428,n3897172856,road,4.7,plain,NH27,2,trunk,0,0,,366128959
n2316320668,n2329587464,road,7.97,plain,SH47,2,primary,0,0,,97947827
n2316320757,n2328371815,road,1.42,plain,SH34,2,primary,0,0,asphalt,1311034952
n2316320757,n2376218059,road,0.5,plain,SH34,2,primary,0,0,asphalt,1090897007
n2316320901,n2316320952,road,2.71,plain,SH34,2,primary,0,0,asphalt,1090897009
n2316320901,n2376218069,road,1.33,plain,SH34,2,primary,0,0,asphalt,228977914
n2316320952,n6102553650,road,11.52,plain,secondary,2,secondary,0,0,,1312590572
n2316321086,n567786979,road,1.25,plain,SH-4007,2,primary,0,0,asphalt,22832983
n2316322797,n2464680599,road,4.32,plain,trunk,2,trunk,0,0,,1353112871
n2316322797,n835357921,road,0.45,plain,NH15,2,trunk,0,0,,1353112863
n2316322956,n2316322976,road,4.56,plain,SH43,2,primary,0,0,asphalt,1120732761
n2316322956,n245754786,road,1.28,plain,SH43,2,primary,0,0,asphalt,1127463578
n2316323005,n2316323007,road,0.13,plain,NH15,2,trunk,1,0,,238668514
n2316323005,n245756196,road,8.05,plain,NH15,2,trunk,0,0,,155248829
n2316323007,n245756851,road,6.91,plain,NH15,2,trunk,0,0,,238668521
n2317301532,n2317301556,road,4.23,plain,NH15,2,trunk,0,0,,488371095
n2317301532,n3337362407,road,4.47,plain,NH15,2,trunk,0,0,,327025154
n2317301556,n2317301593,road,6.97,plain,NH15,2,trunk,0,0,,636944287
n2317301593,n2317301594,road,0.15,plain,NH15,2,trunk,1,0,,224371986
n2317301594,n245759220,road,14.72,hilly,NH15,2,trunk,0,0,,224371985
n2317301652,n2364658002,road,1.7,plain,NH15,2,trunk,0,0,,227824880
n2317301652,n2364658034,road,0.15,plain,NH15,2,trunk,1,0,,1088420817
n2317301700,n2364657828,road,9.91,plain,SH22,2,primary,0,0,,227824881
n2317301700,n2364658023,road,6.51,plain,NH15,2,trunk,0,0,,69414710
n2317301700,n2364658112,road,4.2,plain,secondary,2,secondary,0,0,,227824883
n2317301700,n245759186,road,5.52,plain,NH15,2,trunk,0,0,,69414710
n2317301716,n8890830459,road,0.53,plain,NH15,2,trunk,0,0,,1089049450
n2317301859,n9514996937,road,3.01,plain,NH15,2,trunk,0,0,,1088141474
n2319238775,n2319238973,road,3.48,plain,trunk,2,trunk,0,0,,1450659612
n2319238775,n569317389,road,6.46,plain,NH127B,2,trunk,0,0,,222979994
n2319239056,n2319239084,road,0.25,plain,SH15,2,primary,0,0,,659574422
n2319239056,n2328433518,road,1.35,plain,secondary,2,secondary,0,0,,222980011
n2319239056,n5501737281,road,2.57,plain,SH15,2,primary,0,0,,659574422
n2319239084,n2319239093,road,0.08,plain,SH15,2,primary,1,0,,222980007
n2319239248,n2319239264,road,1.18,plain,NH127B,2,trunk,0,0,,222979995
n2319239248,n5730779201,road,4.35,plain,MDR45-0120,2,secondary,0,0,,222980000
n2319239275,n5730779201,road,1.51,plain,MDR45-0120,2,secondary,0,0,,222980000
n2319239324,n245750666,road,4.03,hilly,SH10,2,primary,0,0,,363593103
n2328052759,n2328052768,road,1.43,plain,SH-1011,2,primary,0,0,,434301464
n2328052759,n4324640954,road,0.42,plain,SH-1011,2,primary,0,0,paved,1088958825
n2328052882,n245758145,road,1.35,plain,secondary,2,secondary,0,0,,1055901722
n2328052882,n6738475717,road,0.57,plain,secondary,2,secondary,0,0,,1055901721
n2328052897,n2328052938,road,6.22,plain,SH24,2,primary,0,0,asphalt,1120281147
n2328052897,n245758145,road,6.62,plain,SH24,2,primary,0,0,asphalt,621115007
n2328052918,n2328052955,road,2.64,plain,secondary,2,secondary,0,0,,744144246
n2328052918,n2328052964,road,1.63,plain,secondary,2,secondary,0,0,,717272645
n2328052938,n2328052984,road,0.64,plain,SH24,2,primary,0,0,asphalt,1125604903
n2328052955,n2328052983,road,1.33,plain,secondary,2,secondary,0,0,,1055069710
n2328052955,n5736802663,road,1.68,plain,SH24,2,primary,0,0,,743115360
n2328052955,n6750072391,road,1.17,plain,SH24,2,primary,0,0,,718929438
n2328052964,n5800307023,road,10.64,mountain,secondary,2,secondary,0,0,,717272645
n2328052964,n6738475717,road,3.28,plain,secondary,2,secondary,0,0,,223968228
n2328052984,n5867538256,road,4.91,plain,SH24,2,primary,0,0,asphalt,621114994
n2328077755,n245749159,road,0.18,plain,secondary,2,secondary,1,0,,986980315
n2328235623,n835236272,road,0.86,plain,NH515,2,trunk,0,0,,407765484
n2328235623,n835239702,road,0.18,plain,NH515,2,trunk,1,0,,1001892215
n2328235624,n2328235625,road,0.28,plain,NH515,2,trunk,1,0,,223988299
n2328235625,n2328235639,road,4.95,plain,NH515,2,trunk,0,0,,223988311
n2328235639,n2328235641,road,0.11,plain,NH515,2,trunk,1,0,,223988305
n2328235641,n2328235648,road,2.96,plain,NH515,2,trunk,0,0,,223988298
n2328235647,n2328235648,road,0.23,plain,NH515,2,trunk,1,0,,223988304
n2328235647,n835240693,road,3.06,plain,NH515,2,trunk,0,0,,901163941
n2328371496,n5893508834,road,2.12,plain,secondary,2,secondary,0,0,,198347358
n2328371499,n5893508834,road,2.7,plain,SH44,2,primary,0,0,,659770715
n2328371538,n4685795045,road,7.85,plain,secondary,2,secondary,0,0,,224005045
n2328371667,n2328371686,road,2.85,plain,secondary,2,secondary,0,0,,224005045
n2328371667,n4685795045,road,4.46,plain,secondary,2,secondary,0,0,,224005045
n2328371667,n5735514246,road,8.07,plain,secondary,2,secondary,0,0,,225418749
n2328371721,n2375286699,road,11.62,plain,SH34,2,primary,0,0,asphalt,169974152
n2328371721,n2376217572,road,2.83,plain,SH34,2,primary,0,0,asphalt,169974152
n2328371721,n2376217776,road,11.09,plain,secondary,2,secondary,0,0,,228977929
n2328371815,n2375286699,road,2.75,plain,SH34,2,primary,0,0,asphalt,169974152
n2328371875,n2362861882,road,1.25,plain,secondary,2,secondary,0,0,,907619691
n2328371875,n2376218186,road,4.12,plain,SH1,2,primary,0,0,asphalt,22832982
n2328371875,n5800452899,road,2.75,plain,secondary,2,secondary,0,0,,612860911
n2328371994,n2375287606,road,4.59,plain,SH1,2,primary,0,0,asphalt,1309923422
n2328371994,n4436216520,road,8.33,plain,SH1,2,primary,0,0,asphalt,224005042
n2328371996,n2328372231,road,3.22,plain,SH32,2,primary,0,0,,224005047
n2328372231,n2328372346,road,1.34,plain,SH32,2,primary,0,0,,1308563667
n2328372346,n4436216520,road,0.22,plain,SH1,2,primary,0,0,asphalt,224005042
n2328433518,n2926096566,road,0.62,plain,NH27,2,trunk,0,0,,294559085
n2328433518,n567381986,road,3.5,plain,NH27,2,trunk,0,0,,294559085
n2329496025,n4685794748,road,0.86,plain,SH-016,2,primary,0,0,,1312602272
n2329496025,n5735514443,road,0.08,plain,SH-016,2,primary,0,0,,1312602275
n2329496065,n2329496110,road,0.72,plain,SH-016,2,primary,0,0,,1312582883
n2329496065,n567786247,road,3.78,plain,SH-016,2,primary,0,0,,1312582885
n2329496110,n2329496131,road,0.11,plain,SH-016,2,primary,1,0,,1312582884
n2329496131,n4685794748,road,3.0,hilly,SH-016,2,primary,0,0,,224120028
n2329587358,n3897173068,road,1.42,plain,NH27,2,trunk,0,0,,1138652122
n2329587358,n3897173116,road,2.89,plain,NH27,2,trunk,0,0,,1138652118
n2329587464,n2329587467,road,0.68,plain,SH47,2,primary,0,0,,224129750
n2329587467,n2329587572,road,8.5,plain,SH47,2,primary,0,0,,224129750
n2329587467,n2383407966,road,0.56,plain,SH15,2,primary,0,0,,611882068
n2329587572,n2329587597,road,0.47,plain,SH47,2,primary,0,0,,225904854
n2329587597,n2329587601,road,1.22,plain,SH47,2,primary,0,0,,169984549
n2329587601,n8958975124,road,5.41,plain,SH47,2,primary,0,0,,169984557
n2333029618,n653097048,road,0.42,plain,primary,2,primary,0,0,asphalt,761342360
n2333029618,n653097058,road,0.4,plain,primary,2,primary,0,0,asphalt,1267084994
n2334450418,n567357376,road,0.93,plain,primary,2,primary,0,0,,1305309614
n2334450418,n835196300,road,7.95,plain,primary,2,primary,0,0,,69863514
n2335379379,n835236532,road,13.84,hilly,NH515,2,trunk,0,0,,975758789
n2337340110,n2381337322,road,10.02,plain,secondary,2,secondary,0,0,,170002966
n2337340110,n6098501134,road,1.47,plain,secondary,2,secondary,0,0,,649890828
n2337340111,n2337340116,road,0.36,plain,secondary,2,secondary,0,0,,1140698372
n2341503965,n5775285599,road,12.64,plain,SH21,2,primary,0,0,,1193990939
n2341964932,n2376217776,road,5.17,plain,secondary,2,secondary,0,0,,225418749
n2341964932,n6102553650,road,1.26,plain,secondary,2,secondary,0,0,,1312590570
n2342017833,n569041489,road,1.3,plain,NH102,2,trunk,0,0,,636102021
n2346856943,n2346856985,road,4.95,plain,SH45,2,primary,0,0,,1305429601
n2346856943,n5739565466,road,5.1,plain,SH45,2,primary,0,0,,605053884
n2346872004,n5754176487,road,7.85,plain,SH1,2,primary,0,0,asphalt,607084466
n2346872004,n6365307898,road,16.14,plain,SH1,2,primary,0,0,asphalt,22832979
n2351398529,n2381336729,road,4.92,plain,secondary,2,secondary,0,0,,226285948
n2362861928,n567378740,road,16.95,plain,SH34,2,primary,0,0,asphalt,227632582
n2362861928,n5800452899,road,3.1,plain,secondary,2,secondary,0,0,,612860911
n2364657736,n2364657740,road,0.16,plain,SH22,2,primary,1,0,,615470783
n2364657736,n2388583357,road,2.26,plain,SH22,2,primary,0,0,,659690033
n2364657740,n2364657763,road,3.45,plain,SH22,2,primary,0,0,,1089452719
n2364657763,n2364657828,road,4.22,hilly,SH22,2,primary,0,0,,1089452719
n2364657763,n9911452685,road,1.34,plain,secondary,2,secondary,0,0,,1081377587
n2364657983,n2364658006,road,0.22,plain,NH15,2,trunk,1,0,,230344961
n2364657983,n2364658019,road,7.56,plain,NH15,2,trunk,0,0,,615470881
n2364658019,n2364658023,road,0.26,plain,NH15,2,trunk,1,0,,615470888
n2364658034,n8890830341,road,0.22,plain,NH15,2,trunk,0,0,,1089435156
n2364658112,n2364658178,road,4.52,plain,secondary,2,secondary,0,0,,227824887
n2364658178,n2364658233,road,3.06,plain,secondary,2,secondary,0,0,,227824885
n2364658233,n3711004655,road,0.86,plain,secondary,2,secondary,0,0,,367149068
n2364658241,n2364658268,road,3.78,hilly,secondary,2,secondary,0,0,,367149089
n2364658241,n3711004504,road,0.15,plain,secondary,2,secondary,1,0,,367149073
n2364658268,n3711004655,road,0.17,plain,secondary,2,secondary,1,0,,367149075
n2364711646,n245746450,road,4.14,hilly,NH427,2,trunk,0,0,,227831387
n2364711646,n4080112326,road,1.51,plain,SH9,2,primary,0,0,,609803293
n2364711942,n5058289949,road,4.53,plain,secondary,2,secondary,0,0,,122066550
n2364711962,n245749879,road,12.23,plain,secondary,2,secondary,0,0,,22833117
n2364712076,n2364712202,road,15.25,hilly,SH6,2,primary,0,0,,837321165
n2364712178,n2364712180,road,0.18,plain,SH10,2,primary,1,0,,227831375
n2364712180,n2365253045,road,5.8,plain,SH10,2,primary,0,0,,227831380
n2364712202,n4911457378,road,0.08,plain,SH6,2,primary,1,0,,499973859
n2364712202,n9393177813,road,2.41,plain,secondary,2,secondary,0,0,,617841817
n2364712245,n2394032744,road,5.48,plain,SH6,2,primary,0,0,,612060498
n2364712245,n7157454053,road,2.21,plain,SH6,2,primary,0,0,,617841818
n2364712278,n2364712290,road,6.9,plain,NH127E,2,trunk,0,0,,227831369
n2364712278,n2885039435,road,5.51,plain,NH127E,2,trunk,0,0,,284799026
n2364712290,n2885039243,road,3.64,hilly,NH127E,2,trunk,0,0,,227831369
n2364712290,n3106396317,road,1.32,plain,primary,2,primary,0,0,,1301130297
n2365222374,n3677644476,road,1.21,plain,SH46,2,primary,0,0,paved,363595959
n2365222374,n569195340,road,2.04,plain,SH46,2,primary,0,0,paved,97945294
n2365222507,n569318753,road,10.01,plain,secondary,2,secondary,0,0,,121038914
n2365236523,n245747168,road,0.17,plain,SH5,2,primary,0,0,,1283740972
n2365253045,n904876997,road,1.6,plain,SH10,2,primary,0,0,,576686899
n2365381566,n3173469619,road,3.76,plain,SH12,2,primary,0,0,,498367762
n2365381566,n7157454054,road,6.45,plain,SH12,2,primary,0,0,,227908745
n2365446118,n2365446122,road,0.1,plain,primary,2,primary,0,0,,629633252
n2365446118,n3703063418,road,0.39,plain,secondary,2,secondary,0,0,,399617088
n2365446118,n4023359147,road,3.21,plain,MDR6,2,secondary,0,0,,399617067
n2365446118,n4023360216,road,1.95,plain,SH6,2,primary,0,0,,399617052
n2365446122,n2365446124,road,0.19,plain,primary,2,primary,1,0,,227915798
n2365446124,n2365446141,road,1.41,plain,primary,2,primary,0,0,,227915799
n2365446141,n3703063533,road,0.96,plain,secondary,2,secondary,0,0,,589758936
n2365446798,n2365446802,road,0.1,plain,secondary,2,secondary,1,0,,227915797
n2365447064,n568598115,road,0.74,plain,NH317,2,trunk,0,0,asphalt,1276578858
n2365447093,n568597881,road,0.12,plain,NH317,2,trunk,1,0,,227915795
n2365492810,n2365493078,road,4.23,hilly,secondary,2,secondary,0,0,,1135650272
n2365492810,n6099312080,road,3.51,plain,secondary,2,secondary,0,0,,1135650274
n2365493065,n5582081663,road,0.68,plain,secondary,2,secondary,0,0,,1254970099
n2365493078,n2365493082,road,0.21,plain,secondary,2,secondary,0,0,,1144601436
n2368999974,n2369000712,road,10.28,plain,secondary,2,secondary,0,0,,228257619
n2368999974,n2369000788,road,9.79,plain,primary,2,primary,0,0,,228257622
n2368999974,n2384569575,road,0.83,plain,primary,2,primary,0,0,,228257622
n2369000662,n2369000712,road,1.36,plain,secondary,2,secondary,0,0,,228257619
n2369000662,n5796561726,road,0.08,plain,secondary,2,secondary,1,0,,612350323
n2369000712,n567485459,road,10.08,plain,secondary,2,secondary,0,0,,229922200
n2369000773,n567485449,road,15.4,hilly,secondary,2,secondary,0,0,,228257628
n2369000773,n5796561726,road,4.41,plain,secondary,2,secondary,0,0,,228257625
n2369051961,n2369052053,road,4.89,plain,secondary,2,secondary,0,0,,611882085
n2369051961,n5792829710,road,0.08,plain,secondary,2,secondary,1,0,,611882086
n2369052053,n2385365422,road,10.41,plain,secondary,2,secondary,0,0,,1141459281
n2369273101,n566642813,road,7.28,hilly,secondary,2,secondary,0,0,,44638618
n2369273101,n569198659,road,0.96,plain,secondary,2,secondary,0,0,,762343653
n2369273101,n5744150325,road,7.41,plain,secondary,2,secondary,0,0,,762343653
n2369274185,n2369274521,road,1.32,plain,secondary,2,secondary,0,0,,677506844
n2369274185,n5001335685,road,0.41,plain,secondary,2,secondary,0,0,asphalt,511241181
n2369274521,n2369274563,road,0.37,plain,secondary,2,secondary,0,0,,1144580652
n2369274563,n2369274590,road,0.53,plain,secondary,2,secondary,0,0,,1144580654
n2369274590,n2369274704,road,2.22,plain,secondary,2,secondary,0,0,,1144580656
n2369274704,n2369274783,road,1.52,plain,secondary,2,secondary,0,0,,1254970082
n2369274783,n2369274913,road,1.6,plain,secondary,2,secondary,0,0,,1144683800
n2370824612,n2370824840,road,3.7,hilly,SH21,2,primary,0,0,,549537519
n2370824836,n2370824870,road,0.1,plain,secondary,2,secondary,0,0,,1076341350
n2370824836,n2885248532,road,7.12,plain,secondary,2,secondary,0,0,paving_stones,284821153
n2370824840,n2370824909,road,0.1,plain,SH21,2,primary,1,0,,890846154
n2370824870,n2370824950,road,5.87,plain,secondary,2,secondary,0,0,paving_stones,284823176
n2370824909,n2370824950,road,0.31,plain,SH21,2,primary,0,0,,284823179
n2370824950,n2388581780,road,1.71,plain,SH21,2,primary,0,0,,230345032
n2370928220,n2385333968,road,0.53,plain,SH4,2,primary,0,0,,230000206
n2370928220,n2385334323,road,17.58,plain,secondary,2,secondary,0,0,,230000202
n2370928220,n245750830,road,12.67,hilly,SH4,2,primary,0,0,,230000206
n2372089745,n2372089749,road,1.2,plain,secondary,2,secondary,0,0,,1144632703
n2372089745,n8940040729,road,0.2,plain,secondary,2,secondary,1,0,,966318999
n2372089749,n2372089759,road,0.57,plain,secondary,2,secondary,0,0,,1144632705
n2372089759,n2372089775,road,2.36,plain,secondary,2,secondary,0,0,,228534844
n2372089775,n2372090121,road,8.42,plain,secondary,2,secondary,0,0,,363593114
n2372089775,n904877128,road,2.49,plain,secondary,2,secondary,0,0,,363593114
n2372090121,n2372090165,road,2.48,plain,secondary,2,secondary,0,0,,987272804
n2372090121,n2372090277,road,3.66,mountain,secondary,2,secondary,0,0,,228534870
n2372090121,n2385334052,road,11.65,plain,secondary,2,secondary,0,0,,363593114
n2372090165,n2372090191,road,0.19,plain,secondary,2,secondary,1,0,,228534834
n2372090191,n2372090233,road,2.43,plain,secondary,2,secondary,0,0,,987272805
n2372090233,n2381337328,road,2.34,plain,secondary,2,secondary,0,0,,228534827
n2372090277,n5745787376,road,1.63,plain,secondary,2,secondary,0,0,,228534815
n2372091784,n2385334052,road,7.15,plain,secondary,2,secondary,0,0,,228534824
n2372092009,n2372092035,road,0.13,plain,secondary,2,secondary,1,0,,966317119
n2372092009,n245750666,road,9.32,plain,secondary,2,secondary,0,0,,228534850
n2372092035,n2372092174,road,4.6,plain,secondary,2,secondary,0,0,,228534825
n2372092174,n8940020708,road,0.23,plain,secondary,2,secondary,0,0,,966317107
n2372135505,n2383407966,road,7.76,plain,SH15,2,primary,0,0,,228539976
n2372135505,n8959584200,road,2.6,plain,SH15,2,primary,0,0,,659574413
n2372216005,n2595623022,road,0.08,plain,NH427,2,trunk,1,0,,253663171
n2372216005,n566665945,road,4.88,plain,NH427,2,trunk,0,0,,228549920
n2373378748,n2373378856,road,2.71,plain,NH217,2,trunk,0,0,asphalt,238824553
n2373378748,n2466236049,road,0.1,plain,NH217,2,trunk,1,0,asphalt,238824576
n2373378856,n2373378888,road,3.27,hilly,NH217,2,trunk,0,0,asphalt,410545974
n2373378856,n4123548024,road,12.72,mountain,SH11,2,primary,0,0,,410545975
n2373378888,n2373379439,road,11.2,mountain,NH217,2,trunk,0,0,asphalt,386994369
n2373378888,n2501957250,road,31.71,mountain,NH127B,2,trunk,0,0,,242744368
n2373379439,n2373379945,road,17.99,hilly,NH217,2,trunk,0,0,asphalt,538300711
n2373379945,n2373380475,road,22.66,hilly,NH217,2,trunk,0,0,asphalt,242744369
n2373380517,n4571263580,road,20.44,plain,NH217,2,trunk,0,0,asphalt,387678981
n2373754663,n2373754670,road,0.08,plain,SH5,2,primary,1,0,,228711066
n2373754663,n245747168,road,0.31,plain,SH5,2,primary,0,0,,22833227
n2373754670,n2373754813,road,2.06,plain,SH5,2,primary,0,0,,228711063
n2373754813,n2380444112,road,2.6,plain,SH5,2,primary,0,0,,228711063
n2373754813,n2400589438,road,1.26,plain,secondary,2,secondary,0,0,asphalt,1266011433
n2373755070,n3517621191,road,6.44,plain,secondary,2,secondary,0,0,asphalt,345070449
n2373755163,n569196342,road,5.97,hilly,NH27,2,trunk,0,0,,566210439
n2373755163,n569196873,road,0.39,plain,NH27,2,trunk,0,0,,566210439
n2375286645,n2375286688,road,3.65,plain,SH32,2,primary,0,0,asphalt,1308563675
n2375286645,n2375286699,road,3.96,hilly,SH32,2,primary,0,0,asphalt,1308563677
n2375286801,n2375286856,road,0.75,plain,SH32,2,primary,0,0,asphalt,1308563671
n2375286856,n2375287069,road,4.58,hilly,SH33,2,primary,0,0,asphalt,1309923416
n2375286856,n6176656136,road,1.0,plain,SH33,2,primary,0,0,asphalt,1309923415
n2375287002,n2375287020,road,0.82,plain,SH33,2,primary,0,0,asphalt,1308563664
n2375287002,n2375287101,road,2.19,plain,SH33,2,primary,0,0,asphalt,1308567071
n2375287020,n2375287069,road,0.91,plain,SH33,2,primary,0,0,asphalt,1308567050
n2375287101,n2375287134,road,1.25,plain,SH33,2,primary,0,0,asphalt,1309923418
n2375287606,n2376218186,road,1.56,plain,SH1,2,primary,0,0,asphalt,1309923421
n2375401115,n569198415,road,0.84,plain,NH17,2,trunk,1,0,asphalt,228880403
n2375401115,n569198478,road,5.09,plain,NH17,2,trunk,0,0,,228880401
n2376217264,n2376217365,road,1.6,plain,SH-018,2,primary,0,0,unpaved,1315730806
n2376217572,n2376217749,road,5.4,plain,secondary,2,secondary,0,0,,228977927
n2376217749,n6176656058,road,3.58,plain,secondary,2,secondary,0,0,,627549747
n2376217776,n5735514246,road,6.83,plain,secondary,2,secondary,0,0,,225418749
n2376218059,n2376218069,road,0.45,plain,SH34,2,primary,1,0,concrete,1090897008
n2376218186,n2376218325,road,2.06,plain,SH33,2,primary,0,0,asphalt,228977928
n2376218325,n2376218879,road,5.69,plain,SH33,2,primary,0,0,asphalt,228977928
n2376218879,n2376219019,road,1.75,plain,SH33,2,primary,0,0,asphalt,1309920434
n2376219019,n2376219052,road,0.45,plain,SH33,2,primary,0,0,asphalt,1351532243
n2376219052,n2376219107,road,0.46,plain,SH33,2,primary,0,0,paved,1309920439
n2376219107,n2376219198,road,0.81,plain,SH33,2,primary,0,0,paved,1309920439
n2376219107,n4436216520,road,11.34,hilly,secondary,2,secondary,0,0,,228977901
n2376726550,n567357231,road,0.16,plain,SH-013,2,primary,0,0,,714370630
n2376726550,n6715092280,road,0.8,plain,SH-013,2,primary,0,0,,714370049
n2380444069,n2380444077,road,0.9,plain,secondary,2,secondary,0,0,,610776561
n2380444069,n2380444081,road,0.16,plain,secondary,2,secondary,1,0,,610776560
n2380444081,n2380444086,road,1.58,plain,secondary,2,secondary,0,0,,1266012834
n2380444086,n2400589438,road,6.56,hilly,secondary,2,secondary,0,0,asphalt,231720248
n2380444112,n2380444152,road,2.3,plain,secondary,2,secondary,0,0,,229447508
n2380444112,n245747949,road,0.93,plain,SH5,2,primary,0,0,,228711063
n2380444152,n3517621191,road,1.64,plain,secondary,2,secondary,0,0,,1268434670
n2380445016,n2400590216,road,2.12,plain,NH27,2,trunk,0,0,,572687892
n2380445016,n3517621603,road,10.29,plain,secondary,2,secondary,0,0,asphalt,345070450
n2380445016,n5501702981,road,1.05,plain,NH27,2,trunk,0,0,,572687892
n2380445016,n5731137545,road,7.25,plain,secondary,2,secondary,0,0,,617001608
n2380445032,n5501702956,road,3.52,plain,NH27,2,trunk,0,0,,572687788
n2380445032,n569197078,road,1.6,plain,NH27,2,trunk,0,0,,500358031
n2381336551,n2381336623,road,2.06,plain,SH11,2,primary,0,0,,230000199
n2381336623,n2381336709,road,1.12,plain,SH11,2,primary,0,0,,1324063229
n2381336674,n2381336729,road,0.72,plain,secondary,2,secondary,0,0,,363594816
n2381336674,n2381337680,road,13.63,plain,secondary,2,secondary,0,0,,363594816
n2381336709,n2381336740,road,1.21,plain,SH11,2,primary,0,0,,1134551259
n2381336729,n2381336740,road,6.99,plain,secondary,2,secondary,0,0,,363594816
n2381336740,n2381337550,road,11.12,plain,SH11,2,primary,0,0,,229557762
n2381336892,n2381337288,road,13.93,plain,secondary,2,secondary,0,0,,229557753
n2381337288,n2381337306,road,0.1,plain,secondary,2,secondary,1,0,,230000188
n2381337306,n2381337550,road,4.63,plain,secondary,2,secondary,0,0,,230000201
n2381337322,n2381337328,road,0.79,plain,secondary,2,secondary,0,0,,229557752
n2381337680,n2381337775,road,4.56,hilly,secondary,2,secondary,0,0,,363594816
n2381337775,n245750491,road,4.58,plain,SH11,2,primary,0,0,,230000209
n2383406185,n2383406302,road,4.08,plain,SH17,2,primary,0,0,,1136721507
n2383406185,n4907087562,road,1.72,plain,SH17,2,primary,0,0,,659592192
n2383406302,n2383407026,road,10.7,hilly,SH17,2,primary,0,0,,229795708
n2383406992,n2383407025,road,0.58,plain,SH17,2,primary,0,0,asphalt,1206330408
n2383406992,n2926097475,road,3.09,hilly,SH17,2,primary,0,0,asphalt,659592194
n2383407025,n2383407026,road,0.08,plain,SH17,2,primary,1,0,,229795719
n2384569575,n7400452912,road,1.34,plain,primary,2,primary,0,0,,798813056
n2385333883,n2385333884,road,0.1,plain,SH4,2,primary,1,0,,230000187
n2385333883,n9127382063,road,5.79,plain,SH4,2,primary,0,0,,228411360
n2385333884,n2385333969,road,10.25,plain,SH4,2,primary,0,0,,230000207
n2385333968,n2385333969,road,0.09,plain,SH4,2,primary,0,0,,230000207
n2385333969,n5796963821,road,5.27,hilly,secondary,2,secondary,0,0,,987512968
n2385334147,n245750830,road,1.41,plain,secondary,2,secondary,0,0,,230000204
n2385334292,n2385334325,road,1.45,plain,SH10,2,primary,0,0,,230000205
n2385334292,n2385334374,road,2.11,plain,SH4,2,primary,0,0,,659558678
n2385334292,n245750830,road,8.59,plain,SH4,2,primary,0,0,,230000203
n2385334323,n2385334327,road,1.48,plain,SH10,2,primary,0,0,,230000180
n2385334323,n2385334334,road,3.33,plain,SH10,2,primary,0,0,,230000180
n2385334325,n2385334327,road,0.37,plain,SH10,2,primary,1,0,,230000190
n2385334337,n2385334338,road,0.21,plain,SH10,2,primary,0,0,,230000210
n2385334338,n2517721631,road,5.89,plain,SH10,2,primary,0,0,,230000210
n2385334338,n5796962406,road,6.09,hilly,secondary,2,secondary,0,0,,260950919
n2385334338,n5796963915,road,1.51,plain,secondary,2,secondary,0,0,,260950919
n2385334374,n3677615433,road,5.99,plain,SH4,2,primary,0,0,,973568496
n2385334374,n5796962990,road,1.32,plain,SH10,2,primary,0,0,,230000181
n2385334403,n8939994998,road,0.2,plain,SH10,2,primary,0,0,,966317074
n2385365422,n5792829481,road,4.94,plain,SH3,2,primary,0,0,,97947825
n2387194437,n2387194450,road,1.73,plain,Lakhipur,2,secondary,0,0,,44884958
n2387194437,n569048716,road,0.11,plain,NH53,2,secondary,0,0,,230190232
n2387194438,n2387209614,road,0.27,plain,CA-M-001,2,secondary,1,0,,230202730
n2387194438,n569048743,road,0.7,plain,CA-M-001,2,secondary,0,0,,230190234
n2387194450,n5113182703,road,1.23,plain,secondary,2,secondary,0,0,,525641658
n2387209614,n2387209615,road,0.11,plain,CA-M-001,2,secondary,0,0,,541621702
n2387209615,n2387209630,road,1.46,plain,CA-M-001,2,secondary,0,0,,230202732
n2387209630,n5113182678,road,2.92,plain,CA-M-001,2,secondary,0,0,asphalt,1327640882
n2387321800,n835357914,road,7.3,plain,secondary,2,secondary,0,0,asphalt,230203847
n2387379080,n2387379128,road,2.06,plain,CA-M-001,2,secondary,0,0,,667217616
n2387379080,n569048947,road,2.37,plain,CA-M-001,2,secondary,0,0,,230207773
n2387379128,n6246892055,road,1.36,plain,CA-M-001,2,secondary,0,0,,667200352
n2388581780,n2388581792,road,0.14,plain,SH21,2,primary,1,0,,284824410
n2388581792,n2388581840,road,3.43,plain,SH21,2,primary,0,0,,284824413
n2388581840,n2388581902,road,0.84,plain,SH21,2,primary,0,0,,1127427812
n2388581902,n2388581941,road,9.5,plain,primary,2,primary,0,0,,284823159
n2388581932,n2388581964,road,2.69,plain,secondary,2,secondary,0,0,,965124803
n2388581932,n8928116930,road,5.49,hilly,secondary,2,secondary,0,0,,284823178
n2388581941,n2388581964,road,3.46,plain,primary,2,primary,0,0,,1074779158
n2388581964,n2388582039,road,5.34,plain,primary,2,primary,0,0,,1074779158
n2388582039,n2388582058,road,3.56,hilly,primary,2,primary,0,0,,284823167
n2388582058,n2885276625,road,0.08,plain,primary,2,primary,0,0,,284823170
n2388582061,n2388582076,road,0.72,plain,primary,2,primary,0,0,,230345027
n2388582061,n2885276625,road,0.16,plain,primary,2,primary,1,0,,284823168
n2388582076,n2388582078,road,0.08,plain,primary,2,primary,0,0,,1078495352
n2388582078,n2388582092,road,1.63,plain,primary,2,primary,0,0,,965124831
n2388582092,n2388582093,road,0.1,plain,primary,2,primary,1,0,,965124832
n2388582093,n2388582131,road,3.27,plain,primary,2,primary,0,0,,1078495354
n2388582131,n2388582199,road,4.2,plain,primary,2,primary,0,0,,230345018
n2388582199,n2388582207,road,0.1,plain,primary,2,primary,1,0,,965124829
n2388582207,n2388582245,road,3.09,plain,primary,2,primary,0,0,,230344970
n2388582245,n2388582295,road,6.64,plain,primary,2,primary,0,0,,287765372
n2388582245,n9901730160,road,0.63,plain,secondary,2,secondary,0,0,,1116075263
n2388582257,n2388582261,road,0.1,plain,secondary,2,secondary,1,0,,965124875
n2388582257,n9901730160,road,0.31,plain,secondary,2,secondary,0,0,,1080258892
n2388582261,n2388582278,road,1.19,plain,secondary,2,secondary,0,0,,965124876
n2388582278,n2388582286,road,0.2,plain,secondary,2,secondary,1,0,,965124877
n2388582286,n2388582325,road,1.1,plain,secondary,2,secondary,0,0,,1080258886
n2388582295,n2388582437,road,4.63,plain,SH42,2,primary,0,0,,1348065212
n2388582336,n2388582343,road,0.46,plain,secondary,2,secondary,0,0,,1080258888
n2388582343,n2388582346,road,0.09,plain,secondary,2,secondary,1,0,,1080258887
n2388582346,n9901730172,road,1.68,plain,secondary,2,secondary,0,0,,1080258894
n2388582378,n2388583545,road,18.06,mountain,secondary,2,secondary,0,0,,230344972
n2388582378,n9901730172,road,0.09,plain,secondary,2,secondary,1,0,,1080258895
n2388582437,n2388582469,road,0.53,plain,SH42,2,primary,0,0,,1078798155
n2388582469,n2388582610,road,2.86,plain,SH42,2,primary,0,0,,1078798157
n2388582610,n2388583283,road,4.83,plain,SH42,2,primary,0,0,,230345042
n2388583252,n2388583357,road,2.09,plain,secondary,2,secondary,0,0,,615470780
n2388583252,n2388583371,road,1.08,plain,SH42,2,primary,0,0,,230344983
n2388583252,n2388583481,road,1.28,plain,SH42,2,primary,0,0,,659690031
n2388583283,n2388583371,road,0.13,plain,SH42,2,primary,1,0,,287765376
n2388583357,n2388583481,road,2.06,plain,SH22,2,primary,0,0,,659690033
n2388583481,n2388583582,road,2.23,plain,SH22,2,primary,0,0,,287765369
n2388583545,n9911452685,road,0.19,plain,secondary,2,secondary,0,0,,1081377589
n2388583582,n2388583615,road,0.56,plain,SH22,2,primary,0,0,,615470745
n2388583615,n2388583657,road,3.08,plain,SH22,2,primary,0,0,,659690028
n2388583657,n2388583959,road,3.35,plain,SH22,2,primary,0,0,,659690024
n2388583959,n2388584066,road,1.22,plain,SH22,2,primary,0,0,,659690020
n2388584066,n2388584166,road,1.06,plain,SH22,2,primary,0,0,,659690018
n2388584136,n2388584166,road,4.26,plain,SH22,2,primary,0,0,,230345031
n2389736277,n3878444137,road,5.96,plain,NH627,2,trunk,0,0,,621037510
n2389736277,n3878444316,road,4.85,plain,NH627,2,trunk,0,0,,668122688
n2389849079,n2389849093,road,0.26,plain,SH43,2,primary,1,0,,230483861
n2389849079,n2389849402,road,7.61,hilly,SH43,2,primary,0,0,,230483889
n2389849402,n245756196,road,6.14,plain,SH43,2,primary,0,0,,1120732756
n2391090247,n2391090266,road,3.18,plain,MDR04,2,secondary,0,0,,1285775382
n2391090247,n5779960785,road,2.88,plain,MDR04,2,secondary,0,0,,610288908
n2391090256,n2391090266,road,0.08,plain,MDR04,2,secondary,1,0,,1285775381
n2394032712,n2394032742,road,1.82,plain,SH6,2,primary,0,0,,1116333110
n2394032712,n2595623485,road,2.75,plain,secondary,2,secondary,0,0,,659545017
n2394032712,n4911457378,road,1.82,plain,SH6,2,primary,0,0,,499973861
n2394032742,n2394032743,road,2.92,plain,SH6,2,primary,0,0,,230980980
n2394032743,n2394032744,road,0.11,plain,SH6,2,primary,1,0,,612060499
n2397499279,n2466195236,road,20.68,plain,NH17,2,trunk,0,0,,231362430
n2397499279,n569193843,road,0.09,plain,NH17,2,trunk,1,0,,231362428
n2399678463,n5452175174,road,0.91,plain,NH27,2,trunk,0,0,,572687721
n2399678463,n569197350,road,1.54,plain,NH27,2,trunk,0,0,,289052016
n2399678607,n569197303,road,6.27,plain,NH27,2,trunk,0,0,,566210453
n2399678607,n569197337,road,8.11,plain,NH27,2,trunk,0,0,,289052070
n2399678607,n569198092,road,1.28,plain,NH27,2,trunk,0,0,,566210453
n2399679074,n2399679359,road,1.09,plain,NH127C,2,trunk,0,0,,1286863024
n2399679359,n2399680648,road,22.98,plain,NH127C,2,trunk,0,0,,160903321
n2399680648,n2399680672,road,0.2,plain,NH127C,2,trunk,1,0,,638567110
n2400590216,n569196221,road,4.2,plain,NH27,2,trunk,0,0,,572687914
n2406554886,n2406554947,road,0.85,plain,NH702,2,trunk,0,0,,387426467
n2406554886,n2406555012,road,1.12,plain,secondary,2,secondary,0,0,,864563483
n2406554886,n2915034652,road,1.59,plain,NH702,2,trunk,0,0,,387426467
n2406554947,n2406555012,road,1.23,plain,secondary,2,secondary,0,0,,864567231
n2406554947,n8058453695,road,1.54,plain,NH702,2,trunk,0,0,,387426467
n2406555012,n2406555061,road,0.23,plain,NH702,2,trunk,0,0,,387426467
n2406555012,n8058453695,road,0.4,plain,NH702,2,trunk,0,0,,387426467
n2406555012,n8058494590,road,0.15,plain,secondary,2,secondary,0,0,,864569493
n2406555012,n8058494625,road,0.51,plain,secondary,2,secondary,0,0,,864569496
n2406555012,n8058494649,road,0.08,plain,secondary,2,secondary,0,0,,864570337
n2406555023,n2406555259,road,7.57,plain,NH702C,2,trunk,0,0,,232292882
n2406555061,n2406555068,road,0.19,plain,NH702,2,trunk,0,0,,387426467
n2406555061,n8058485818,road,0.52,plain,secondary,2,secondary,0,0,,864570678
n2406555068,n2406555139,road,1.0,plain,NH702,2,trunk,0,0,,387426467
n2406555068,n8058479673,road,0.25,plain,secondary,2,secondary,0,0,,864569491
n2406555068,n8058494590,road,0.22,plain,secondary,2,secondary,0,0,,864569492
n2406555139,n245755760,road,4.87,hilly,NH702,2,trunk,0,0,,387426467
n2406555139,n8058479669,road,0.27,plain,secondary,2,secondary,0,0,,864568446
n2406555259,n2406555264,road,0.08,plain,NH702C,2,trunk,1,0,,384589329
n2406555264,n3179711617,road,1.32,plain,NH702C,2,trunk,0,0,asphalt,384589328
n2406555336,n2406555394,road,0.7,plain,SH-007,2,primary,0,0,,232292879
n2406555394,n2406555449,road,1.41,plain,SH-007,2,primary,0,0,,1306687880
n2406555419,n245755760,road,5.75,plain,NH702,2,trunk,0,0,,725176357
n2406555419,n245756019,road,11.6,plain,NH702,2,trunk,0,0,,22832890
n2406555449,n2406555451,road,0.12,plain,SH-007,2,primary,1,0,,232292878
n2406555451,n5753920113,road,4.09,hilly,SH-007,2,primary,0,0,,232292873
n2406555703,n245756784,road,2.4,plain,NH215,2,trunk,0,0,,232292883
n2406555703,n245756840,road,0.08,plain,NH215,2,trunk,1,0,,232292875
n2406555735,n2406555878,road,9.63,plain,SH-013,2,primary,0,0,asphalt,714372531
n2406555735,n6735182096,road,3.17,plain,SH-013,2,primary,0,0,,713894196
n2406555840,n2406555878,road,1.29,plain,SH-013,2,primary,0,0,asphalt,232292880
n2406555840,n6715107844,road,1.52,plain,SH-013,2,primary,0,0,,714372113
n2406832512,n2459393755,road,9.19,mountain,NH202,2,trunk,0,0,,627616577
n2406832512,n2459394026,road,27.81,mountain,NH202,2,trunk,0,0,,238075438
n2406832512,n3922127631,road,10.4,mountain,primary,2,primary,0,0,,627854793
n2453324773,n2453465536,road,8.53,mountain,NH2,2,trunk,0,0,,237435380
n2453324773,n3388591641,road,0.83,plain,SH1,2,primary,0,0,asphalt,659389688
n2453324773,n567356588,road,5.24,plain,NH2,2,trunk,0,0,,237435380
n2453324773,n6365307898,road,0.48,plain,SH1,2,primary,0,0,asphalt,1306036212
n2453465503,n2453465536,road,1.23,plain,NH2,2,trunk,0,0,,237435380
n2453465503,n2453789204,road,9.62,hilly,NH2,2,trunk,0,0,,387419516
n2453465536,n5755880955,road,2.43,plain,SH-015,2,primary,0,0,asphalt,1312098004
n2453787921,n2453788702,road,8.99,mountain,NH2,2,trunk,0,0,,237487440
n2453787921,n2453803866,road,15.19,mountain,NH2,2,trunk,0,0,,237490855
n2453787921,n5896060918,road,16.03,mountain,secondary,2,secondary,0,0,,625302939
n2453788702,n2453789204,road,4.57,hilly,NH2,2,trunk,0,0,,237485789
n2453789204,n5931723098,road,9.6,mountain,secondary,2,secondary,0,0,,628327242
n2453803866,n2453831034,road,11.36,hilly,NH2,2,trunk,0,0,,237490857
n2453803866,n3881686362,road,4.35,mountain,NH702,2,trunk,0,0,,384813862
n2453869882,n2453885317,road,22.73,mountain,NH2,2,trunk,0,0,asphalt,266488533
n2453869882,n2720225720,road,10.4,mountain,NH702A,2,trunk,0,0,,729772161
n2453885317,n2455767736,road,10.94,mountain,NH2,2,trunk,0,0,,237693198
n2454056910,n2454064626,road,14.77,mountain,NH2,2,trunk,0,0,,237516950
n2454064626,n2459555211,road,7.5,mountain,NH502,2,trunk,0,0,,238087092
n2454469669,n2454472096,road,22.16,mountain,NH2,2,trunk,0,0,,426282506
n2454469669,n2506042983,road,41.7,mountain,NH502A,2,trunk,0,0,,243182459
n2454560369,n2454639707,road,12.82,mountain,NH2,2,trunk,0,0,,237581641
n2454560369,n5832181805,road,0.17,plain,primary,2,primary,1,0,,617380430
n2454639707,n2454671409,road,21.68,mountain,NH2,2,trunk,0,0,,237583908
n2454671409,n245712879,road,10.07,mountain,NH2,2,trunk,0,0,,1450380627
n2454671409,n6186667181,road,5.91,mountain,primary,2,primary,0,0,,430955634
n2454682229,n2454714664,road,22.82,mountain,NH2,2,trunk,0,0,,237592155
n2454682229,n245712879,road,15.16,mountain,NH2,2,trunk,0,0,paved,237592160
n2455232776,n2455233509,road,7.46,mountain,NH2,2,trunk,0,0,asphalt,237651611
n2455232776,n2455234815,road,8.6,hilly,NH24,2,trunk,0,0,,1060939362
n2455234815,n2455252873,road,14.61,mountain,NH24,2,trunk,0,0,,237653795
n2455234815,n3884936402,road,18.8,mountain,primary,2,primary,0,0,,198204499
n2455252873,n2455261617,road,18.2,mountain,NH2,2,trunk,0,0,,237669766
n2455261617,n2455262008,road,17.54,mountain,NH2,2,trunk,0,0,,1067048945
n2455262008,n2455487817,road,17.54,mountain,NH2,2,trunk,0,0,,237669787
n2455262008,n3879678148,road,2.67,plain,NH306A,2,trunk,0,0,,1324504475
n2455487817,n2455547583,road,35.69,mountain,NH2,2,trunk,0,0,,237674373
n2455547583,n2455547720,road,26.84,mountain,NH2,2,trunk,0,0,,237677778
n2455547720,n2455610949,road,13.61,mountain,NH2,2,trunk,0,0,,237677734
n2455610949,n2455611820,road,17.88,mountain,NH2,2,trunk,0,0,,237677751
n2455611820,n2455649793,road,20.05,mountain,NH2,2,trunk,0,0,,237681437
n2455649793,n245721789,road,21.92,mountain,NH2,2,trunk,0,0,,237672061
n2455737612,n245722110,road,5.36,plain,NH2,2,trunk,0,0,,1231759227
n2455737612,n569040825,road,9.78,plain,NH2,2,trunk,0,0,,22826901
n2455737681,n569040825,road,9.28,plain,NH2,2,trunk,0,0,,237687457
n2455737681,n569041437,road,1.81,plain,NH2,2,trunk,0,0,,666205012
n2455738557,n2455738717,road,11.14,mountain,NH2,2,trunk,0,0,,628379203
n2455738717,n2455738940,road,1.51,plain,NH2,2,trunk,0,0,,628379203
n2455738717,n5928765300,road,3.06,mountain,secondary,2,secondary,0,0,,628020881
n2455738940,n2455739363,road,9.7,hilly,NH2,2,trunk,0,0,,237687458
n2455739363,n2455739638,road,6.87,mountain,NH2,2,trunk,0,0,,237687458
n2455739638,n2455740106,road,6.23,mountain,NH2,2,trunk,0,0,,857949603
n2455740106,n3883902009,road,19.42,mountain,secondary,2,secondary,0,0,,385037167
n2455767725,n2455767736,road,0.1,plain,NH2,2,trunk,1,0,,237693197
n2455767725,n2455767779,road,13.14,mountain,NH2,2,trunk,0,0,,237691503
n245703196,n5151516824,road,13.62,mountain,primary,2,primary,0,0,,530520465
n245712018,n245712869,road,16.13,mountain,primary,2,primary,0,0,,22826736
n245712869,n4539570144,road,9.42,mountain,NH6,2,trunk,0,0,,281833608
n245712879,n3889533418,road,14.57,mountain,primary,2,primary,0,0,,385616888
n245713434,n2501374398,road,12.79,mountain,NH6,2,trunk,0,0,,288173822
n245713434,n2917220465,road,16.88,mountain,NH6,2,trunk,0,0,,288173822
n245713434,n4559683107,road,1.34,plain,trunk,2,trunk,0,0,,1331318713
n245713434,n6188032550,road,10.12,mountain,primary,2,primary,0,0,,660946624
n245713805,n6204134771,road,14.73,mountain,secondary,2,secondary,0,0,,1130671786
n245713805,n6208776713,road,10.7,mountain,secondary,2,secondary,0,0,,663296179
n245713805,n6208827852,road,6.26,hilly,secondary,2,secondary,0,0,,1359910658
n245715084,n3885125046,road,5.59,mountain,secondary,2,secondary,0,0,,385157269
n245715084,n6204134771,road,16.88,mountain,secondary,2,secondary,0,0,,615713261
n245716339,n2519982761,road,1.63,plain,NH8,2,trunk,0,0,,244710715
n245718405,n245718886,road,0.51,plain,secondary,2,secondary,0,0,unpaved,22826908
n245718405,n3688609417,road,1.67,plain,secondary,2,secondary,0,0,unpaved,1192185588
n245718886,n3699240271,road,7.07,hilly,primary,2,primary,0,0,paved,365329698
n245719265,n245719758,road,7.16,hilly,primary,2,primary,0,0,paved,365924686
n245719265,n3699240271,road,1.67,plain,primary,2,primary,0,0,,365924661
n245719319,n5473366208,road,1.28,plain,secondary,2,secondary,0,0,,569034791
n245719758,n2501001537,road,26.98,mountain,NH102B,2,trunk,0,0,,687957444
n245719758,n5470440689,road,10.53,mountain,primary,2,primary,0,0,,516878914
n245719758,n5470441691,road,14.65,mountain,NH102B,2,trunk,0,0,,516878919
n245720344,n2914323246,road,12.05,hilly,NH102C,2,trunk,0,0,,287866790
n245720793,n5076864949,road,2.5,plain,primary,2,primary,0,0,,198312338
n245720793,n5541781845,road,0.26,plain,secondary,2,secondary,1,0,asphalt,578314149
n245720793,n7596494192,road,8.87,hilly,primary,2,primary,0,0,,198312338
n245721374,n245721402,road,0.3,plain,primary,2,primary,0,0,asphalt,407487707
n245721374,n2520418665,road,1.72,plain,primary,2,primary,0,0,asphalt,407487707
n245721402,n4095375229,road,1.01,plain,NH208A,2,trunk,0,0,asphalt,1372567700
n245721623,n245722110,road,3.75,plain,NH2,2,trunk,0,0,,387919867
n245722195,n245722676,road,5.94,plain,secondary,2,secondary,0,0,,198312339
n245722676,n569040920,road,5.37,plain,secondary,2,secondary,0,0,,387916630
n245724018,n4117424510,road,1.01,plain,Kj-M-8,2,secondary,0,0,asphalt,1127729083
n245724879,n3160230159,road,1.5,plain,CA-M-009,2,secondary,0,0,asphalt,22826705
n245724879,n3160231654,road,0.85,plain,SH39,2,primary,0,0,,22826743
n245725007,n5232412905,road,5.45,plain,secondary,2,secondary,0,0,,540997682
n245725260,n3160231778,road,0.87,plain,SH39,2,primary,0,0,,1057855973
n245725260,n3160231808,road,0.87,plain,SH39,2,primary,0,0,,310579983
n245725542,n2491877281,road,1.79,plain,primary,2,primary,0,0,,22826837
n245725542,n5232412715,road,1.91,plain,NH6,2,trunk,0,0,,636366606
n245726472,n3158888700,road,1.61,plain,secondary,2,secondary,0,0,,388107562
n245726472,n3160185598,road,1.02,plain,NH306,2,trunk,0,0,,388095728
n245726472,n567777033,road,0.52,plain,SH39,2,primary,0,0,asphalt,44769128
n245726472,n567777065,road,0.29,plain,NH306,2,trunk,0,0,,388101395
n245726723,n245726890,road,5.15,plain,NH202,2,trunk,0,0,,258107997
n245726876,n2459028343,road,0.95,plain,NH202,2,trunk,0,0,,1043341812
n245726876,n3889161081,road,0.27,plain,secondary,2,secondary,0,0,,1052666402
n245726890,n2459028334,road,0.87,plain,NH202,2,trunk,0,0,,198322583
n245726900,n9143740280,road,0.43,plain,CA-M-017,2,secondary,0,0,asphalt,1319319007
n245727350,n9602451390,road,4.3,plain,NH202,2,trunk,0,0,,174064317
n245729336,n3888958164,road,2.56,plain,primary,2,primary,0,0,,1518698071
n245729336,n569052193,road,18.65,mountain,NH137,2,trunk,0,0,,198322675
n245730154,n6334186975,road,0.6,plain,secondary,2,secondary,0,0,,1471484579
n245730234,n6334186956,road,1.14,plain,secondary,2,secondary,0,0,,1493513199
n245730359,n3588844499,road,10.9,mountain,primary,2,primary,0,0,,110534249
n245730359,n4021777677,road,4.85,mountain,primary,2,primary,0,0,,114812795
n245730421,n6247256860,road,6.63,mountain,secondary,2,secondary,0,0,,667234668
n245733263,n2466242806,road,1.3,plain,NH217,2,trunk,0,0,,978050726
n245733263,n2884022742,road,2.17,plain,NH217,2,trunk,0,0,,978050727
n245734694,n245734725,road,2.13,plain,NH106,2,trunk,0,0,,1037067904
n245734694,n2882205203,road,0.99,plain,NH106,2,trunk,0,0,,1469498708
n245734694,n3901026699,road,0.56,plain,primary,2,primary,0,0,,1466763319
n245734725,n3474138423,road,8.75,hilly,primary,2,primary,0,0,,340024928
n245734725,n567393752,road,9.31,hilly,NH106,2,trunk,0,0,,500051124
n245734913,n2492475279,road,16.79,hilly,NH106,2,trunk,0,0,,462989838
n245734913,n2502010730,road,1.53,plain,NH127B,2,trunk,0,0,paved,399415193
n245734913,n4021649580,road,2.76,plain,secondary,2,secondary,0,0,,683779846
n245734913,n4021905872,road,19.41,hilly,secondary,2,secondary,0,0,,399415260
n245735161,n3898034432,road,5.31,hilly,NH 127B,2,trunk,0,0,,386465734
n245735161,n3898034839,road,6.09,hilly,NH 127B,2,trunk,0,0,,386465734
n245735161,n4023357963,road,4.41,hilly,ODR61,2,secondary,0,0,,110534268
n245736642,n2501956270,road,10.42,mountain,primary,2,primary,0,0,,504543945
n245736642,n4946922010,road,10.5,mountain,primary,2,primary,0,0,,170002935
n245736680,n4946752370,road,3.59,plain,primary,2,primary,0,0,,504535572
n245736680,n4946922010,road,0.37,plain,trunk,2,trunk,0,0,,504610893
n245736763,n2459238723,road,17.25,mountain,NH202,2,trunk,0,0,,238062175
n245736763,n2459389894,road,17.76,mountain,NH202,2,trunk,0,0,,626021354
n245736763,n3472153456,road,10.56,mountain,NH202K,2,trunk,0,0,,198357882
n245736763,n5769923230,road,23.13,mountain,secondary,2,secondary,0,0,,624276470
n245740891,n2469894409,road,1.06,plain,NH29,2,trunk,0,0,,1121689454
n245740891,n2469894510,road,9.35,hilly,NH29,2,trunk,0,0,,239177366
n245741477,n3684327549,road,0.51,plain,SH19,2,primary,1,0,asphalt,1266648362
n245741477,n3964170846,road,1.35,plain,secondary,2,secondary,0,0,,1312660286
n245741477,n5120489840,road,1.71,plain,SH19,2,primary,0,0,asphalt,659674221
n245742517,n569194737,road,0.26,plain,primary,2,primary,0,0,,227908744
n245742517,n7157454054,road,13.31,plain,SH12,2,primary,0,0,,22827180
n245743129,n2468833314,road,0.08,plain,NH27,2,trunk,1,0,,239068597
n245743129,n2468833352,road,1.25,plain,NH27,2,trunk,0,0,,1313324044
n245743129,n2469900641,road,3.24,plain,NH29,2,trunk,0,0,,239068593
n245743129,n4323612757,road,1.04,plain,secondary,2,secondary,0,0,,433877212
n245743301,n3494085762,road,6.38,plain,secondary,2,secondary,0,0,paved,342399843
n245744358,n2579670796,road,5.51,plain,secondary,1,secondary,0,0,paved,944529766
n245744358,n8565508746,road,3.0,plain,secondary,1,secondary,0,0,paved,944529758
n245746450,n2926581816,road,2.45,plain,NH427,2,trunk,0,0,,289108130
n245747571,n5775866621,road,0.32,plain,SH47,2,primary,0,0,,968763634
n245747571,n8958969471,road,0.09,plain,SH47,2,primary,0,0,,968375753
n245747949,n245748259,road,3.16,plain,SH5,2,primary,0,0,,22833215
n245748445,n2885092740,road,11.15,plain,SH47,2,primary,0,0,,169984545
n245748445,n8958975124,road,1.81,plain,SH47,2,primary,0,0,,969545869
n245749456,n835159031,road,0.41,plain,AH48,2,secondary,0,0,,1035946451
n245749456,n9644619494,road,0.19,plain,secondary,2,secondary,0,0,,1049308820
n245750666,n904876879,road,2.64,plain,SH10,2,primary,0,0,,22833171
n245750735,n342098065,road,8.3,plain,primary,2,primary,0,0,,221357100
n245751208,n4332457059,road,4.96,mountain,primary,2,primary,0,0,,435316414
n245751501,n568502579,road,0.94,plain,NH327,3,trunk,1,0,paved,116727608
n245752909,n3677615462,road,6.07,plain,SH4,2,primary,0,0,,170002948
n245752909,n5745789328,road,0.78,plain,SH4,2,primary,0,0,,605920905
n245753197,n4273499654,road,0.36,plain,SH-1015,2,primary,0,0,,656740904
n245753197,n4273512624,road,0.27,plain,SH-1015,2,primary,0,0,,1312098007
n245755696,n3018173026,road,5.25,hilly,primary,2,primary,0,0,,777399946
n245755696,n5444825524,road,23.32,mountain,primary,2,primary,0,0,,44736738
n245755696,n5444835331,road,0.1,plain,secondary,1,secondary,1,0,,1217671034
n245755760,n3179711617,road,0.49,plain,NH702C,2,trunk,0,0,asphalt,384589328
n245756019,n4324640773,road,0.66,plain,NH215,2,trunk,0,0,,1238802887
n245756019,n4324640817,road,2.24,plain,SH1,2,primary,0,0,,1468709314
n245756019,n4324640830,road,1.85,plain,NH215,2,trunk,0,0,asphalt,284793355
n245756784,n567357052,road,5.38,plain,NH2,2,trunk,0,0,,150831877
n245756784,n567357162,road,5.71,plain,NH2,2,trunk,0,0,,718865931
n245756840,n4052836712,road,7.37,plain,NH215,2,trunk,0,0,,22832931
n245757368,n4052837258,road,8.2,plain,SH27,2,primary,0,0,asphalt,717778842
n245757368,n4052837262,road,3.85,plain,SH27,2,primary,0,0,asphalt,22832900
n245758716,n2883904713,road,18.66,hilly,NH315,2,trunk,0,0,,22833001
n245758716,n5867538256,road,3.48,plain,SH24,2,primary,0,0,asphalt,1120281144
n245759186,n245759220,road,1.29,plain,NH15,2,trunk,1,0,,224885255
n245761083,n835158848,road,0.69,plain,NH15,2,trunk,1,0,,126752610
n245761323,n6005632652,road,2.55,plain,NH515,2,trunk,0,0,asphalt,407792596
n245761323,n835239098,road,0.54,plain,NH515,2,trunk,0,0,,223988307
n245761953,n835159834,road,0.25,plain,NH15,2,trunk,0,0,,238668516
n245761953,n835160408,road,12.62,hilly,NH15,2,trunk,0,0,,157609832
n245764416,n2463715273,road,14.56,hilly,NH13,2,trunk,0,0,,69870132
n245764416,n835236798,road,0.48,plain,NH13,2,trunk,0,0,,69870123
n245765431,n3703358669,road,14.42,mountain,NH513,2,trunk,0,0,unpaved,565158266
n245765431,n3877538214,road,0.79,plain,NH513,2,trunk,0,0,,565158261
n2458530473,n569042369,road,3.55,plain,NH102,2,trunk,0,0,,1043633838
n2458530473,n9604765406,road,1.18,plain,NH102,2,trunk,0,0,,1122285285
n2458530481,n569042369,road,1.35,plain,NH102,2,trunk,0,0,,44884401
n2458530481,n569042398,road,1.33,plain,NH102,2,trunk,0,0,,44884401
n2459028334,n9602558638,road,2.39,plain,NH202,2,trunk,0,0,,1043354141
n2459028343,n9602451390,road,1.59,plain,NH202,2,trunk,0,0,,1348091437
n2459028911,n2459029135,road,0.13,plain,NH202,2,trunk,1,0,,238033862
n2459029135,n2459029361,road,6.5,mountain,NH202,2,trunk,0,0,,238033861
n2459029361,n2459029890,road,10.72,mountain,NH202,2,trunk,0,0,,238035941
n2459080018,n2459081537,road,13.75,mountain,NH202,2,trunk,0,0,,238040454
n2459081537,n2459083045,road,4.17,hilly,NH202,2,trunk,0,0,,238040417
n2459083045,n2459083878,road,9.59,mountain,NH202,2,trunk,0,0,,238040419
n2459083045,n6352911443,road,10.77,mountain,secondary,2,secondary,0,0,,678481072
n2459083878,n2459084757,road,10.1,mountain,NH202,2,trunk,0,0,,238042056
n2459237780,n2459237894,road,0.59,plain,NH202,2,trunk,0,0,,387425092
n2459237894,n2459238130,road,15.29,mountain,NH202,2,trunk,0,0,,238059289
n2459238130,n2459238723,road,10.26,mountain,NH202,2,trunk,0,0,,238059289
n2459238130,n5894959368,road,26.91,mountain,NH702A,2,trunk,0,0,,873133727
n2459389894,n2459390094,road,1.78,plain,NH202,2,trunk,0,0,,627858296
n2459390094,n2459390150,road,1.03,plain,NH202,2,trunk,0,0,,627616581
n2459390150,n2459390851,road,26.91,mountain,NH202,2,trunk,0,0,,238075439
n2459390851,n2459391977,road,5.43,mountain,NH202,2,trunk,0,0,,626033525
n2459391977,n2459392034,road,8.84,mountain,NH202,2,trunk,0,0,,238075471
n2459392034,n2459393316,road,20.5,mountain,NH202,2,trunk,0,0,,238075431
n2459393316,n2459393755,road,6.62,mountain,NH202,2,trunk,0,0,,626720117
n2459394026,n3179658554,road,35.88,mountain,NH202,2,trunk,0,0,,312130490
n2459394026,n3179665350,road,2.04,plain,NH702B,2,trunk,0,0,,628640368
n2459555211,n4964391723,road,7.57,mountain,secondary,2,secondary,0,0,,506774825
n2461541978,n2461541988,road,0.21,plain,NH8,2,trunk,1,0,,238307883
n2461541978,n2461559962,road,3.28,hilly,NH8,2,trunk,0,0,,238309849
n2461541988,n2461542193,road,5.58,mountain,NH8,2,trunk,0,0,,238307884
n2461541988,n2462049049,road,7.27,hilly,secondary,2,secondary,0,0,,541015470
n2461542193,n2461542719,road,5.14,hilly,NH8,2,trunk,0,0,,1042568873
n2461542719,n2461543334,road,12.92,hilly,NH-8,2,trunk,0,0,asphalt,238307887
n2461543334,n2461543337,road,0.77,plain,secondary,2,secondary,0,0,,496910371
n2461543334,n3333765826,road,0.09,plain,NH208,2,trunk,0,0,,326711472
n2461543712,n2461543721,road,0.53,plain,NH-8,2,trunk,0,0,asphalt,1330252350
n2461543721,n567778496,road,0.79,plain,NH-8,2,trunk,0,0,asphalt,1330252350
n2461543749,n567778966,road,1.33,plain,NH8,2,trunk,0,0,asphalt,238307889
n2461543749,n567778977,road,0.15,plain,NH8,2,trunk,1,0,,238307888
n2461559375,n2461559405,road,0.65,plain,NH8,2,trunk,0,0,,385122252
n2461559375,n2461591932,road,0.33,plain,NH8,2,trunk,0,0,,238313305
n2461559405,n6240165555,road,10.52,hilly,secondary,2,secondary,0,0,,666500805
n2461589429,n2461590040,road,7.43,plain,NH8,2,trunk,0,0,,1044729539
n2461589429,n2461590406,road,6.2,hilly,NH8,2,trunk,0,0,,1044737270
n2461590040,n2461590248,road,7.74,plain,NH8,2,trunk,0,0,,105020915
n2461590248,n2519982861,road,2.65,plain,NH8,2,trunk,0,0,,244710731
n2461590248,n9691272768,road,3.32,plain,primary,2,primary,0,0,,434319091
n2461590406,n2461590435,road,0.9,plain,NH8,2,trunk,0,0,,1044737270
n2461590435,n2461590513,road,0.69,plain,NH8,2,trunk,0,0,,1044737270
n2461590435,n6195694476,road,15.37,hilly,NH208,2,trunk,0,0,,496910360
n2461590503,n2461590513,road,0.11,plain,NH8,2,trunk,1,0,,238313298
n2461590503,n2461590774,road,14.4,mountain,NH8,2,trunk,0,0,,238313302
n2461590774,n2461591932,road,22.08,mountain,NH8,2,trunk,0,0,,238313307
n2461651941,n2461651978,road,0.89,plain,secondary,2,secondary,0,0,asphalt,1082167572
n2461651941,n3925264089,road,0.85,plain,secondary,2,secondary,0,0,,978599469
n2461651978,n2461652000,road,0.38,plain,secondary,2,secondary,0,0,asphalt,1330252386
n2461652000,n2461652133,road,2.45,plain,NH8,2,trunk,0,0,asphalt,976012192
n2461652000,n3925264089,road,1.17,plain,NH8,2,trunk,0,0,asphalt,750842013
n2461652133,n2461652362,road,4.65,plain,NH8,2,trunk,0,0,asphalt,976012193
n2461652362,n2461652682,road,3.75,plain,NH8,2,trunk,0,0,asphalt,976012193
n2461652793,n2461653330,road,16.27,hilly,NH-8,2,trunk,0,0,,976012194
n2461653330,n2461653364,road,1.06,plain,NH8,2,trunk,0,0,,976012195
n2461653364,n2461653370,road,0.54,plain,NH108A,2,trunk,0,0,,819658960
n2461653364,n2461653447,road,2.74,plain,NH-8,2,trunk,0,0,,819658961
n2461653370,n2917696679,road,0.68,plain,NH-108A,2,trunk,0,0,,1099636744
n2461653447,n2461653448,road,0.09,plain,NH8,2,trunk,1,0,,238318592
n2461653448,n2461653482,road,1.93,plain,NH8,2,trunk,0,0,,976012196
n2461653482,n2461653701,road,6.74,hilly,NH8,2,trunk,0,0,,930877458
n2461653701,n9032249068,road,2.18,plain,NH8,2,trunk,0,0,,976012197
n2461654137,n2461654208,road,3.14,plain,NH8,2,trunk,0,0,,976012199
n2461654137,n9032249068,road,14.02,hilly,NH8,2,trunk,0,0,,976012198
n2461654590,n3173675524,road,18.9,plain,secondary,2,secondary,0,0,,311664300
n2461654590,n8419776872,road,4.38,plain,NH8,2,trunk,0,0,,1127451319
n2461654941,n2461654957,road,1.17,plain,primary,2,primary,0,0,,127625860
n2461654941,n3173711184,road,2.53,plain,primary,2,primary,0,0,,1134413749
n2461654957,n2461655120,road,4.26,plain,NH8,2,trunk,0,0,,906726076
n2461654957,n8419776872,road,10.91,plain,NH8,2,trunk,0,0,,906726076
n2461655120,n2461655167,road,5.04,hilly,NH8,2,trunk,0,0,,636389750
n2461655167,n2461655204,road,1.08,plain,NH8,2,trunk,0,0,,636389750
n2461655226,n9293909126,road,2.37,plain,NH8,2,trunk,0,0,asphalt,1044696451
n2461655226,n9685298748,road,3.12,hilly,secondary,2,secondary,0,0,,1053822762
n2461989325,n2461989528,road,19.91,mountain,NH108,2,trunk,0,0,,1126736775
n2461989325,n2461992757,road,20.69,mountain,NH108,2,trunk,0,0,,238358431
n2461989325,n3884828470,road,16.7,mountain,primary,2,primary,0,0,,385130177
n2461989528,n3885126031,road,12.43,mountain,secondary,2,secondary,0,0,,22826874
n2461992757,n2461994318,road,4.32,hilly,NH6,2,trunk,0,0,,1126445857
n2461994318,n3440676547,road,2.81,plain,NH6,2,trunk,0,0,,198204501
n2462047096,n2462048830,road,4.55,mountain,NH-108,2,trunk,0,0,,238363291
n2462047096,n3173656957,road,8.07,plain,NH108,2,trunk,0,0,,311662779
n2462048559,n2462048830,road,1.22,plain,NH-108,2,trunk,0,0,,1343894542
n2462048559,n3885892152,road,6.41,mountain,NH-108,2,trunk,0,0,,1248087557
n2462048708,n2462049049,road,3.75,hilly,secondary,2,secondary,0,0,,1304821780
n2463170723,n2463170748,road,0.09,plain,NH13,2,trunk,1,0,,238491031
n2463170748,n2463227579,road,17.37,mountain,NH13,2,trunk,0,0,,238491033
n2463226654,n2463226722,road,2.53,plain,secondary,2,secondary,0,0,,1260641179
n2463226654,n2883872635,road,13.56,mountain,secondary,2,secondary,0,0,,884729744
n2463226722,n2463226845,road,1.86,plain,NH13,2,trunk,0,0,,284662912
n2463226722,n9978986789,road,1.58,plain,NH13,2,trunk,0,1,,1089360981
n2463226845,n2463227466,road,9.61,mountain,NH13,2,trunk,0,0,,238491054
n2463227466,n2463227579,road,15.36,mountain,NH13,2,trunk,0,0,,238491045
n2463233843,n2463278738,road,8.74,mountain,NH13,2,trunk,0,0,,238491396
n2463233843,n2883872635,road,29.91,mountain,NH13,2,trunk,0,0,,284662840
n2463277084,n2463277463,road,5.93,mountain,NH13,2,trunk,0,0,,288458015
n2463277084,n567511751,road,1.74,plain,NH13,2,trunk,0,0,,288458019
n2463277836,n2463278738,road,16.11,hilly,NH13,2,trunk,0,0,,238496656
n2463562012,n2463562063,road,2.0,plain,NH13,2,trunk,0,0,,238532069
n2463562012,n835159892,road,0.09,plain,NH13,2,trunk,1,0,,238532066
n2463562063,n2463562075,road,0.08,plain,NH13,2,trunk,1,0,,238532067
n2463562075,n2463562122,road,3.46,mountain,NH13,2,trunk,0,0,,238532070
n2463562122,n2463562124,road,0.11,plain,NH13,2,trunk,1,0,,238532065
n2463562124,n2463562241,road,5.17,mountain,NH13,2,trunk,0,0,,238532052
n2463562241,n2463562266,road,0.25,plain,NH13,2,trunk,1,0,,238532068
n2463562266,n835159567,road,3.74,hilly,NH13,2,trunk,0,0,,238532072
n2463577546,n2463577603,road,0.08,plain,NH13,2,trunk,1,0,,242372563
n2463577603,n835159373,road,9.48,mountain,NH13,2,trunk,0,0,,238532061
n2463577661,n2463577662,road,0.16,plain,NH13,2,trunk,1,0,,940625240
n2463577661,n958035959,road,5.66,hilly,NH13,2,trunk,0,0,,82262509
n2463577662,n958035017,road,5.23,plain,NH13,2,trunk,0,0,,940625239
n2463577698,n2463577704,road,0.23,plain,NH13,2,trunk,1,0,,386512662
n2463577698,n958035017,road,8.01,hilly,NH13,2,trunk,0,0,,130513180
n2463577704,n831395848,road,2.53,plain,NH13,2,trunk,0,0,,386512663
n2463594047,n2463594294,road,3.73,mountain,NH13,2,trunk,0,0,,1239185804
n2463594047,n835239014,road,0.88,plain,NH13,2,trunk,0,0,,975709678
n2463594294,n2463594556,road,32.41,mountain,NH13,2,trunk,0,0,,238535138
n2463594422,n2463594556,road,2.47,plain,NH13,2,trunk,0,0,,961086598
n2463594422,n835236757,road,8.12,hilly,NH13,2,trunk,0,0,,312011970
n2463594807,n2463595413,road,1.28,plain,NH13,2,trunk,1,0,,629460350
n2463594807,n5942582391,road,0.43,plain,NH13,2,trunk,0,0,,629460349
n2463618261,n835237088,road,11.78,mountain,NH13,2,trunk,0,0,,69870197
n2463629447,n2463654457,road,11.77,mountain,NH13,2,trunk,0,0,,238541155
n2463653700,n2463653710,road,0.08,plain,NH13,2,trunk,1,0,,238541153
n2463653700,n2463654535,road,24.57,mountain,NH13,2,trunk,0,0,,1506350435
n2463653710,n835237573,road,14.38,hilly,NH13,2,trunk,0,0,,238541154
n2463654457,n2463655758,road,29.7,mountain,NH13,2,trunk,0,0,,238541156
n2463654535,n2463655758,road,3.85,mountain,NH13,2,trunk,0,0,,238541150
n2463715273,n342099041,road,11.47,hilly,NH13,2,trunk,0,0,,69870113
n2463753117,n2463753376,road,9.25,mountain,NH13,2,trunk,0,0,,401782015
n2463753117,n2463771438,road,5.28,mountain,NH13,2,trunk,0,0,,238552195
n2463753376,n2463754150,road,8.86,hilly,NH13,2,trunk,0,0,,238552197
n2463754150,n2463754154,road,0.12,plain,NH13,2,trunk,1,0,,238552193
n2463754154,n856798757,road,4.76,mountain,NH13,2,trunk,0,0,,238552192
n2463770993,n835353480,road,2.54,plain,NH13,2,trunk,0,0,,1239155679
n2463790687,n2463790694,road,0.14,plain,NH13,2,trunk,1,0,,238556538
n2463790687,n2463799898,road,3.2,hilly,NH13,2,trunk,0,0,,1124111745
n2463790694,n2463790889,road,7.0,plain,NH13,2,trunk,0,0,,238556540
n2463790889,n2463790943,road,6.97,mountain,NH13,2,trunk,0,0,,1239155685
n2463790943,n2463791557,road,3.51,hilly,NH13,2,trunk,0,0,,401782019
n2463791557,n2463791620,road,1.69,plain,NH13,2,trunk,0,0,,401782019
n2463791620,n2463791787,road,1.31,plain,NH13,2,trunk,0,0,,1239155682
n2463791787,n2463791866,road,1.64,plain,NH13,2,trunk,0,0,,238556545
n2463791866,n2463792539,road,7.69,mountain,NH13,2,trunk,0,0,,238556545
n2463791866,n3176031335,road,1.77,plain,NH713,2,trunk,0,0,,1368035582
n2463792539,n835353480,road,7.62,mountain,NH13,2,trunk,0,0,,238556539
n2463799464,n2463799666,road,11.23,mountain,NH13,2,trunk,0,0,,238557333
n2463799464,n835332216,road,6.01,mountain,NH13,2,trunk,0,0,,1124817604
n2463799666,n2463799898,road,6.99,mountain,NH13,2,trunk,0,0,,238557333
n2463799666,n3176043408,road,30.95,mountain,secondary,2,secondary,0,0,,401782035
n2463823632,n2463823701,road,3.83,mountain,NH13,2,trunk,0,0,,1367623063
n2463823632,n2463824656,road,10.28,mountain,NH13,2,trunk,0,0,,288458016
n2463823701,n2463823949,road,3.09,hilly,NH13,2,trunk,0,0,,288458018
n2463823701,n5444825524,road,8.24,mountain,primary,2,primary,0,0,,565306892
n2463823949,n2463824847,road,15.05,mountain,NH13,2,trunk,0,0,,238560159
n2463824656,n2463824706,road,0.15,plain,NH13,2,trunk,1,0,,238560176
n2463824847,n2463825168,road,7.36,mountain,NH13,2,trunk,0,0,,565306854
n2463824847,n5444831232,road,12.66,mountain,secondary,1,secondary,0,0,,565306935
n2463825168,n2463825218,road,4.93,mountain,NH13,2,trunk,0,0,,1367623062
n2463836987,n2463837024,road,2.65,plain,NH13,2,trunk,0,0,,565001717
n2463836987,n4552000699,road,4.05,hilly,NH13,2,trunk,0,0,,1137845791
n2463837024,n2463837057,road,0.36,plain,trunk,2,trunk,0,0,,1155457109
n2463837758,n2463838187,road,2.74,plain,NH13,2,trunk,0,0,,1367623060
n2463837876,n2463838086,road,2.95,plain,NH13,2,trunk,0,0,,1367623055
n2463837876,n9396862470,road,9.51,mountain,NH13,2,trunk,0,0,asphalt,1018792117
n2463838086,n2463838578,road,5.58,mountain,NH13,2,trunk,0,0,,238561757
n2463838187,n2463838258,road,0.6,plain,trunk,2,trunk,0,0,,1167937769
n2463838404,n2463838917,road,2.87,plain,NH13,2,trunk,0,0,,1367623058
n2463838578,n2463838904,road,1.18,plain,NH13,2,trunk,0,0,,1367623056
n2463838578,n7206704689,road,3.96,hilly,secondary,2,secondary,0,0,,238561761
n2463838904,n2463838917,road,0.1,plain,NH13,2,trunk,1,0,,238561753
n2463851509,n2463851515,road,3.94,hilly,NH13,2,trunk,0,0,,816078889
n2463851515,n2463851843,road,1.16,plain,NH13,2,trunk,0,0,,1126455819
n2463851756,n2463851825,road,1.25,plain,NH13,2,trunk,0,0,,816078892
n2463851756,n2463851843,road,1.0,plain,NH13,2,trunk,0,0,,1126440891
n2463851825,n8426671146,road,1.68,plain,NH13,2,trunk,0,0,,816078894
n2463852172,n2463852503,road,11.32,mountain,NH13,2,trunk,0,0,,816078888
n2463852503,n2463864878,road,3.45,mountain,NH13,2,trunk,0,0,,816078885
n2463864174,n2463864214,road,0.08,plain,NH13,2,trunk,1,0,,238564087
n2463864174,n9396873796,road,4.12,mountain,NH13,2,trunk,0,0,asphalt,238562901
n2463864214,n2463864246,road,4.66,hilly,NH13,2,trunk,0,0,,364013178
n2463864246,n2463864409,road,0.1,plain,NH 13,2,trunk,1,0,asphalt,1137980695
n2463864409,n2463864878,road,4.7,hilly,NH13,2,trunk,0,0,,816078884
n2464680589,n567485332,road,0.22,plain,NH15,2,trunk,1,0,,238668517
n2464680589,n567485353,road,1.23,plain,NH15,2,trunk,0,0,asphalt,238668525
n2464680599,n342099208,road,1.93,plain,trunk,2,trunk,0,0,,1353112873
n2464680599,n835357930,road,3.54,plain,NH15,2,trunk,0,0,,238668522
n2464680604,n835357911,road,3.78,plain,NH15,2,trunk,0,0,,1353123501
n2464680604,n835357958,road,5.56,plain,trunk,2,trunk,0,0,,1353123516
n2464680609,n2464680617,road,2.35,plain,trunk,2,trunk,0,0,,1353123523
n2464680698,n2464680699,road,0.11,plain,primary,2,primary,1,0,,238668509
n2464680698,n958034647,road,6.76,plain,primary,2,primary,0,0,,481130392
n2464680699,n958034891,road,0.95,plain,primary,2,primary,0,0,asphalt,1120730318
n2464680718,n2967219023,road,2.21,plain,secondary,2,secondary,0,0,unpaved,481116854
n2464680718,n6284459637,road,2.11,plain,NH15,2,trunk,0,0,asphalt,851963463
n2464680718,n958035333,road,6.05,hilly,NH15,2,trunk,0,0,asphalt,851963463
n2464680719,n2465028551,road,4.8,plain,secondary,2,secondary,0,0,,69420680
n2464680719,n746951021,road,3.02,plain,secondary,2,secondary,0,0,,481457069
n2464680891,n2465029185,road,3.32,plain,NH115,2,trunk,0,0,,387648834
n2464680891,n3908989762,road,0.51,plain,NH115,2,trunk,0,0,,850851753
n2465028551,n2465028612,road,3.18,plain,NH115,2,trunk,0,0,,851963462
n2465028551,n7947044322,road,1.34,plain,NH115,2,trunk,0,0,,1120317172
n2465028612,n2465028697,road,5.27,plain,NH115,2,trunk,0,0,,238697995
n2465028697,n3701170423,road,0.59,plain,NH115,2,trunk,0,0,asphalt,961072515
n2465029122,n4885325314,road,5.85,hilly,NH115,2,trunk,0,0,asphalt,495992803
n2465029122,n9026877289,road,0.43,plain,NH115,2,trunk,0,0,asphalt,402883818
n2465029185,n4885325314,road,1.63,plain,NH115,2,trunk,0,0,,1304919369
n2465087567,n2465087658,road,0.97,plain,NH315,2,trunk,0,0,,672124353
n2465087583,n2465087593,road,0.14,plain,NH315,2,trunk,1,0,,288519287
n2465087583,n2465087658,road,1.95,plain,NH315,2,trunk,0,0,,288519289
n2465087593,n2883904490,road,7.07,plain,NH315,2,trunk,0,0,,975474477
n2465087604,n2465087612,road,1.21,plain,secondary,2,secondary,0,0,,619320539
n2465087604,n2465087617,road,0.34,plain,secondary,2,secondary,0,0,,850927159
n2465087617,n2465087639,road,1.46,plain,secondary,2,secondary,0,0,,387649166
n2465087639,n2883904490,road,9.2,plain,secondary,2,secondary,0,0,,284666091
n2465087648,n2883904713,road,2.07,plain,secondary,2,secondary,0,0,,851963457
n2465087648,n958036159,road,2.45,plain,secondary,2,secondary,0,0,,284666092
n2466195236,n569194205,road,4.02,plain,NH17,2,trunk,0,0,,238821004
n2466195250,n569318459,road,1.61,plain,NH17,2,trunk,0,0,,759973254
n2466195250,n569318575,road,3.98,plain,NH17,2,trunk,0,0,,238820990
n2466195264,n2466195269,road,1.59,plain,NH17,2,trunk,0,0,,238820995
n2466195269,n569195736,road,0.12,plain,NH17,2,trunk,1,0,,238820996
n2466195304,n569318758,road,4.57,plain,NH17,2,trunk,0,0,asphalt,44733864
n2466195304,n569318875,road,8.11,plain,NH17,2,trunk,0,0,asphalt,238820986
n2466195324,n2466195325,road,0.08,plain,NH17,2,trunk,1,0,,238820975
n2466195324,n5752464156,road,2.6,plain,NH17,2,trunk,0,0,asphalt,606821883
n2466195325,n568601665,road,0.58,plain,NH17,2,trunk,0,0,,1034752317
n2466195329,n568601796,road,1.89,plain,NH17,2,trunk,0,0,,44851451
n2466195329,n568601817,road,0.93,plain,NH17,2,trunk,0,0,,238820963
n2466232340,n2466232379,road,0.49,plain,NH217,2,trunk,0,0,asphalt,978050737
n2466232340,n2466232493,road,2.57,plain,NH217,2,trunk,0,0,asphalt,238824594
n2466232379,n2466232400,road,5.21,plain,NH217,2,trunk,0,0,asphalt,978050736
n2466232400,n2466232736,road,5.17,mountain,NH217,2,trunk,0,0,asphalt,238824591
n2466232493,n2466232890,road,6.92,plain,NH217,2,trunk,0,0,asphalt,238824602
n2466232736,n2466232777,road,0.08,plain,NH217,2,trunk,1,0,asphalt,238824578
n2466232777,n2466232788,road,0.23,plain,NH217,2,trunk,0,0,asphalt,978050735
n2466232788,n2884021185,road,15.59,mountain,NH217,2,trunk,0,0,asphalt,294785283
n2466232890,n2466233743,road,12.53,plain,NH217,2,trunk,0,0,asphalt,238824581
n2466233598,n2466233616,road,0.64,plain,NH217,2,trunk,0,0,asphalt,750112247
n2466233598,n2622191629,road,4.08,mountain,N402,2,trunk,0,0,,311644399
n2466233598,n4023345939,road,1.42,plain,NH217,2,trunk,0,0,asphalt,238824596
n2466233616,n2466233663,road,0.09,plain,NH217,2,trunk,1,0,asphalt,750112248
n2466233663,n2466233780,road,2.84,plain,NH217,2,trunk,0,0,asphalt,238824603
n2466233743,n2466233780,road,0.18,plain,NH217,2,trunk,1,0,asphalt,238824564
n2466235028,n2466235098,road,2.53,plain,NH217,2,trunk,0,0,asphalt,238824596
n2466235028,n4023345939,road,27.35,hilly,NH217,2,trunk,0,0,asphalt,238824596
n2466235028,n4023353120,road,3.27,hilly,ODR123,2,secondary,0,0,,399617073
n2466235098,n2466235144,road,1.43,plain,NH217,2,trunk,0,0,asphalt,399616949
n2466235144,n2466235249,road,3.9,mountain,NH217,2,trunk,0,0,asphalt,399616949
n2466235144,n4023353457,road,16.79,mountain,MDR3,2,secondary,0,0,,399617031
n2466235899,n2466236049,road,2.28,plain,NH217,2,trunk,0,0,asphalt,978059888
n2466242806,n2466242906,road,1.86,plain,NH217,2,trunk,0,0,,978050725
n2466417653,n2466417657,road,2.5,plain,NH317,2,trunk,0,0,asphalt,238842144
n2466417653,n569192397,road,3.95,plain,NH317,2,trunk,0,0,asphalt,238842142
n2466417657,n2466417660,road,3.23,plain,NH317,2,trunk,0,0,asphalt,238842152
n2466417660,n568598176,road,0.7,plain,NH317,2,trunk,0,0,asphalt,69214456
n2466417668,n568598051,road,2.27,plain,NH317,2,trunk,0,0,,238842129
n2466417678,n568602800,road,0.09,plain,NH317,2,trunk,1,0,,238842140
n2466417678,n568602844,road,2.18,plain,NH317,2,trunk,0,0,,238842150
n2468512457,n4929523961,road,2.0,plain,NH27,2,trunk,0,0,paved,116521217
n2468512460,n4929523961,road,2.29,plain,NH27,2,trunk,0,0,paved,116521208
n2468512483,n2468512495,road,1.26,plain,NH27,2,trunk,0,0,,369547671
n2468512483,n3826804071,road,6.3,plain,NH27,2,trunk,0,0,paved,379377397
n2468512483,n568502088,road,3.23,plain,NH27,2,trunk,0,0,,369547671
n2468512495,n2468512499,road,0.36,plain,NH27,2,trunk,0,0,,504303180
n2468512499,n2468512506,road,0.91,plain,NH27,2,trunk,0,0,paved,504303177
n2468512506,n2468512536,road,2.02,plain,NH27,2,trunk,0,0,paved,504303183
n2468512506,n568502141,road,3.37,plain,NH27,2,trunk,0,0,,239039178
n2468512536,n568502141,road,1.35,plain,NH27,2,trunk,0,0,paved,116541212
n2468512559,n2468512574,road,1.14,plain,NH27,2,trunk,0,0,paved,572633960
n2468512559,n568502142,road,0.9,plain,NH27,2,trunk,0,0,paved,572633960
n2468512574,n2468512603,road,2.63,plain,NH27,2,trunk,0,0,paved,237073496
n2468512603,n8866763163,road,12.05,plain,NH27,2,trunk,0,0,paved,239039179
n2468739393,n2468739394,road,0.18,plain,NH27,2,trunk,0,0,asphalt,379379523
n2468739393,n569048603,road,0.1,plain,NH27,2,trunk,1,0,asphalt,239060085
n2468739394,n3826827947,road,0.6,plain,NH27,2,trunk,0,0,asphalt,379379525
n2468739446,n3826828504,road,1.78,plain,NH27,2,trunk,0,0,asphalt,379379526
n2468739446,n3826828531,road,0.15,plain,NH27,2,trunk,0,0,asphalt,379379527
n2468739658,n3897171387,road,0.09,plain,NH27,2,trunk,1,0,asphalt,1320188170
n2468739658,n5451398716,road,0.37,plain,NH27,2,trunk,0,0,asphalt,1319970013
n2468740362,n2468740366,road,0.53,plain,NH27,2,trunk,0,0,asphalt,1320188152
n2468740366,n2468740561,road,0.66,plain,NH27,2,trunk,0,0,asphalt,1319352294
n2468740561,n2468740925,road,1.27,plain,NH27,2,trunk,0,0,,1266646027
n2468740925,n2926094151,road,3.87,hilly,NH27,2,trunk,0,0,,1053899052
n2468742473,n5451398224,road,0.63,plain,NH27,2,trunk,0,0,,1379309750
n2468762614,n3897171518,road,1.09,plain,NH27,2,trunk,0,1,,386397330
n2468762614,n5766110467,road,8.1,mountain,NH27,2,trunk,0,0,,843633969
n2468762902,n2468762922,road,1.05,plain,secondary,2,secondary,0,0,,426764395
n2468762902,n2468762970,road,3.15,hilly,NH27,2,trunk,0,0,asphalt,843631884
n2468762902,n3897171518,road,8.5,mountain,NH27,2,trunk,0,0,,386397332
n2468762922,n2468762958,road,0.65,plain,secondary,2,secondary,0,0,asphalt,1232453616
n2468762958,n2468762970,road,1.52,plain,secondary,2,secondary,0,0,asphalt,676387717
n2468762970,n7869403304,road,2.5,plain,NH27,2,trunk,0,0,asphalt,843631883
n2468763133,n6251457713,road,5.93,mountain,Nc-M-1,2,secondary,0,0,,667660366
n2468763133,n7869403375,road,1.15,plain,NH27,2,trunk,0,0,,1363831828
n2468763133,n7869411146,road,1.71,plain,NH27,2,trunk,0,0,,843631889
n2468783269,n2927938484,road,20.63,hilly,NH329,2,trunk,0,0,,197997734
n2468783269,n3897172856,road,29.76,hilly,NH27,2,trunk,0,0,,239068594
n2468783269,n7869322595,road,0.41,plain,NH27,2,trunk,0,0,,239068594
n2468783537,n2468783590,road,7.7,plain,NH27,2,trunk,0,0,,601129763
n2468783537,n3897173021,road,3.14,plain,NH27,2,trunk,0,0,,601129761
n2468783537,n3964170801,road,6.32,plain,secondary,2,secondary,0,0,,393201109
n2468783537,n6265480518,road,5.98,plain,secondary,2,secondary,0,0,,393201109
n2468783590,n2468783595,road,0.63,plain,NH27,2,trunk,0,0,,601129761
n2468783595,n2468783601,road,1.34,plain,NH27,2,trunk,0,0,,1314689550
n2468783601,n2468783604,road,0.77,plain,NH27,2,trunk,1,0,,366128966
n2468783608,n2468833279,road,1.09,plain,NH27,2,trunk,0,0,,1315724527
n2468783613,n2468783617,road,0.52,plain,NH27,2,trunk,0,0,,1313324070
n2468783613,n2468833279,road,0.53,plain,NH27,2,trunk,0,0,,1313324073
n2468783617,n2468783619,road,0.3,plain,NH27,2,trunk,0,0,,239068595
n2468783619,n2468783624,road,0.93,plain,NH27,2,trunk,0,0,,239068595
n2468783624,n2468833300,road,0.75,plain,NH27,2,trunk,0,0,,239068595
n2468783624,n4323612737,road,0.86,plain,secondary,2,secondary,0,0,,433877209
n2468833300,n2468833314,road,1.04,plain,NH27,2,trunk,0,0,,366128965
n2468833300,n4323611983,road,10.7,plain,secondary,2,secondary,0,0,,136295997
n2468833300,n4323612737,road,0.66,plain,secondary,2,secondary,0,0,,433877227
n2468833352,n2468833366,road,0.61,plain,NH27,2,trunk,0,0,,1313324044
n2468833352,n4323612757,road,0.77,plain,secondary,2,secondary,0,0,,433877205
n2468833366,n2468833381,road,0.8,plain,NH27,2,trunk,0,0,,1313324037
n2468833381,n2468833389,road,0.58,plain,NH27,2,trunk,0,0,,1313324039
n2468833389,n2468833402,road,1.59,plain,NH27,2,trunk,0,0,,242241335
n2468833402,n2468833427,road,1.4,plain,NH27,2,trunk,0,0,,242241335
n2468833427,n2468833439,road,0.74,plain,NH27,2,trunk,0,0,,1138681296
n2468833439,n2926095946,road,0.11,plain,NH27,2,trunk,0,0,,1138681299
n2468990212,n2468990228,road,2.23,plain,NH327,2,trunk,0,0,,97889684
n2468990212,n3345442024,road,0.69,plain,NH327C,2,trunk,0,0,,327729866
n2468990228,n2468990229,road,0.12,plain,NH327,2,trunk,0,0,,97889684
n2468990228,n3636144173,road,1.06,plain,secondary,2,secondary,0,0,,1091374701
n2468990229,n3345442064,road,2.66,plain,secondary,2,secondary,0,0,,482237315
n2468990282,n2469004406,road,0.36,plain,trunk_link,2,trunk_link,0,0,,993552597
n2469004406,n2469004411,road,0.69,plain,NH327,2,trunk,0,0,asphalt,1091374704
n2469004411,n2469004440,road,2.59,plain,NH327,2,trunk,0,0,asphalt,395997749
n2469004440,n2469004448,road,0.54,plain,NH327,2,trunk,0,0,asphalt,395997749
n2469004448,n2469004460,road,0.28,plain,NH327,2,trunk,0,0,asphalt,1091370468
n2469004460,n2469004461,road,0.11,plain,NH327,2,trunk,0,0,asphalt,1091370468
n2469004461,n2469004506,road,2.89,plain,NH327,2,trunk,0,0,,500479330
n2469004461,n8458502847,road,0.8,plain,primary,2,primary,0,0,,383109592
n2469004506,n2469004515,road,0.9,plain,NH327,2,trunk,0,0,,500544490
n2469004515,n2469004530,road,0.36,plain,NH327,2,trunk,0,0,,327729859
n2469004530,n2469004538,road,0.88,plain,NH327,2,trunk,0,0,,500546874
n2469683785,n2469684040,road,4.31,mountain,NH29,2,trunk,0,0,,239156671
n2469683785,n2469684253,road,11.31,mountain,NH29,2,trunk,0,0,,386520064
n2469684040,n2469698539,road,19.9,mountain,NH29,2,trunk,0,0,,239156671
n2469684253,n2469684293,road,1.61,plain,NH29,2,trunk,0,0,,390215691
n2469684293,n2469684904,road,5.1,mountain,NH29,2,trunk,0,0,,390215690
n2469684904,n2469684928,road,4.34,mountain,NH29,2,trunk,0,0,,239156668
n2469684928,n2469685164,road,0.09,plain,NH29,2,trunk,1,0,,239156670
n2469894339,n2469894409,road,4.89,hilly,NH29,2,trunk,0,0,,312127044
n2469894409,n6266423935,road,6.85,plain,secondary,2,secondary,0,0,,669184463
n2469894510,n2469894553,road,2.64,plain,NH29,2,trunk,0,0,,239177366
n2469894553,n2469894564,road,0.76,plain,NH29,2,trunk,0,0,,239177366
n2469894553,n2927938957,road,1.78,plain,NH329,2,trunk,0,0,,289248395
n2469894564,n2469894572,road,0.08,plain,NH29,2,trunk,1,0,,239177364
n2469894572,n2469894595,road,1.82,plain,NH29,2,trunk,0,0,asphalt,1354907374
n2469894595,n2469894975,road,5.16,hilly,NH29,2,trunk,0,0,asphalt,239177367
n2469894610,n2469894903,road,2.77,plain,NH29,2,trunk,0,0,asphalt,1354907372
n2469894903,n2469895030,road,8.66,hilly,NH29,2,trunk,0,0,asphalt,1354907371
n2469900641,n2469900712,road,8.92,plain,NH29,2,trunk,0,0,,1354911223
n2469900712,n2469900718,road,0.71,plain,NH29,2,trunk,0,0,,136295994
n2469900718,n5779798430,road,7.08,hilly,SH-018,2,primary,0,0,,610277596
n2491563760,n2491563762,road,0.09,plain,NH6,2,trunk,1,0,,242406158
n2491829553,n2491830210,road,5.04,hilly,NH6,2,trunk,0,0,,241573044
n2491829553,n7216824088,road,8.16,mountain,primary,2,primary,0,0,paved,772947773
n2491830210,n2491833905,road,18.28,hilly,NH6,2,trunk,0,0,,241573044
n2491876313,n2491876424,road,6.7,hilly,NH6,2,trunk,0,0,asphalt,284471738
n2491876313,n2882148326,road,0.1,plain,NH6,2,trunk,1,0,asphalt,1326364994
n2491876513,n2491876524,road,1.97,plain,NH6,2,trunk,0,0,asphalt,1238872437
n2491876524,n2491876584,road,0.44,plain,secondary,2,secondary,0,0,,241577679
n2491876524,n6338287411,road,0.39,plain,NH6,2,trunk,0,0,asphalt,676867603
n2491876584,n2491876652,road,4.18,plain,secondary,2,secondary,0,0,,241577679
n2491876584,n6338287411,road,0.15,plain,secondary,2,secondary,0,0,asphalt,1344646429
n2491876652,n5232412693,road,7.55,plain,NH6,2,trunk,0,0,asphalt,676867606
n2491876652,n6338287389,road,3.75,plain,NH6,2,trunk,0,0,,676867607
n2491876699,n2491876709,road,0.61,plain,secondary,2,secondary,0,0,,540997687
n2491876699,n5232412693,road,1.4,plain,secondary,2,secondary,0,0,,540997670
n2491876709,n2491876731,road,1.57,plain,secondary,2,secondary,0,0,,540997669
n2491876709,n5232412906,road,4.36,plain,secondary,2,secondary,0,0,,540997688
n2491876731,n2491876737,road,0.57,plain,secondary,2,secondary,0,0,,1344884946
n2491876737,n2491876760,road,4.74,plain,NH6,2,trunk,0,0,,241577676
n2491876760,n2491876817,road,5.17,plain,NH6,2,trunk,0,0,,241577676
n2491876760,n6338320177,road,1.9,plain,secondary,2,secondary,0,0,,676871894
n2491879780,n6154014302,road,0.44,plain,NH6,2,trunk,0,0,,1052943854
n2491882375,n568990151,road,3.91,plain,NH6,2,trunk,0,0,asphalt,241578176
n2491882375,n9676355975,road,1.24,plain,NH6,2,trunk,0,0,asphalt,1320352299
n2492475279,n2492475495,road,4.08,hilly,NH106,2,trunk,0,0,,1473725665
n2492475495,n2492482085,road,0.26,plain,NH106,2,trunk,0,0,,498453314
n2492599802,n2492599843,road,4.91,mountain,NH306,2,trunk,0,0,,241573450
n2492599843,n2492601704,road,15.17,mountain,NH306,2,trunk,0,0,,241668943
n2492601704,n3879682741,road,3.25,mountain,NH306A,2,trunk,0,0,,384637802
n2492601704,n567779009,road,3.12,plain,NH306,2,trunk,0,0,,241668940
n2498697992,n2498698504,road,14.13,mountain,NH37,2,trunk,0,0,,242387779
n2498697992,n2498768470,road,14.76,mountain,NH37,2,trunk,0,0,,242387757
n2498698504,n569050246,road,0.09,plain,NH37,2,trunk,1,0,asphalt,1387402483
n2498770217,n569051365,road,12.39,mountain,NH37,2,trunk,0,0,,44884963
n2500946724,n2500948545,road,8.49,mountain,NH102A,2,trunk,0,0,,242636872
n2500948545,n2500950370,road,23.26,mountain,NH102A,2,trunk,0,0,,242636837
n2500977628,n2500978026,road,5.54,mountain,NH102A,2,trunk,0,0,,242636869
n2500977628,n6787321084,road,0.78,plain,primary,2,primary,0,0,,723681671
n2500978026,n569068450,road,28.66,mountain,NH102A,2,trunk,0,0,,242639536
n2501001537,n2501001540,road,0.11,plain,NH102B,2,trunk,0,0,,667742650
n2501001537,n2501001558,road,1.07,plain,NH102B,2,trunk,0,0,,1457238383
n2501023508,n2501024018,road,19.29,mountain,NH102B,2,trunk,0,0,,242645601
n2501023508,n2501036973,road,14.71,mountain,NH102B,2,trunk,0,0,,242645609
n2501024018,n5470439947,road,14.39,mountain,NH102B,2,trunk,0,0,,568638645
n2501024018,n5470460553,road,6.92,mountain,primary,2,primary,0,0,,568638644
n2501058981,n2501068957,road,6.29,mountain,NH102B,2,trunk,0,0,,825457431
n2501058981,n7707589417,road,0.45,plain,NH102B,2,trunk,0,0,,1295698730
n2501059288,n2501059293,road,0.1,plain,NH102B,2,trunk,1,0,,242648830
n2501059293,n7707589417,road,2.44,plain,NH102B,2,trunk,0,0,,1295698727
n2501361474,n2501374435,road,27.26,mountain,NH102B,2,trunk,0,0,,242679564
n2501361717,n2501361963,road,7.95,mountain,NH102B,2,trunk,0,0,,242678164
n2501374398,n2501374435,road,12.74,mountain,NH6,2,trunk,0,0,,288173831
n2501374435,n2501375231,road,1.59,plain,NH6,2,trunk,0,0,,1374509136
n2501374517,n2501375231,road,10.1,mountain,NH6,2,trunk,0,0,,288164578
n2501374517,n2501375475,road,0.08,plain,NH6,2,trunk,1,0,,242679583
n2501375475,n2501375787,road,16.36,mountain,NH6,2,trunk,0,0,,242679585
n2501375787,n2501392170,road,18.37,mountain,NH6,2,trunk,0,0,,242679584
n2501375787,n3885072234,road,16.55,mountain,primary,2,primary,0,0,,385140336
n2501392170,n2501392359,road,0.08,plain,NH6,2,trunk,1,0,,242681260
n2501955934,n2501956270,road,6.26,hilly,NH127B,2,trunk,0,0,,978059892
n2501956270,n2501956359,road,1.94,plain,NH127B,2,trunk,0,0,,978059892
n2501956359,n2501957629,road,4.78,hilly,NH127B,2,trunk,0,0,,242744367
n2501957250,n2501957487,road,5.01,plain,NH127B,2,trunk,0,0,,242744364
n2501957487,n2501957629,road,1.25,plain,NH127B,2,trunk,0,0,,1041286473
n2502010730,n2502010867,road,4.92,plain,NH127B,2,trunk,0,0,paved,242750394
n2502010867,n2502011274,road,12.19,mountain,NH127B,2,trunk,0,0,paved,386465749
n2502011274,n2502012679,road,13.21,mountain,NH127B,2,trunk,0,0,paved,507898512
n2502011971,n2502012679,road,14.97,mountain,NH127B,2,trunk,0,0,paved,507898513
n2505844229,n3675635748,road,6.77,mountain,NH315A,2,trunk,0,0,,1368289038
n2505844229,n3940834740,road,15.22,mountain,NH215,2,trunk,0,0,,636948703
n2505844229,n3941366657,road,1.67,plain,NH215,2,trunk,0,0,,1088882843
n2505844229,n3941367812,road,1.25,plain,secondary,2,secondary,0,0,,1088882844
n2506042983,n3701153414,road,4.44,mountain,NH502A,2,trunk,0,0,,243182463
n2508824376,n6005632648,road,2.99,plain,NH515,2,trunk,0,0,,636948681
n2508824376,n835239831,road,4.79,plain,NH515,2,trunk,0,0,,243485163
n2511042479,n2511042546,road,1.56,plain,NH 717B,2,trunk,0,0,,243730527
n2511042479,n2511256931,road,7.63,mountain,NH 717B,2,trunk,0,0,,582673614
n2511042546,n2919179868,road,4.28,mountain,NH 717B,2,trunk,0,0,,243730529
n2511256931,n3179554129,road,53.61,mountain,NH 717B,2,trunk,0,0,,243754227
n2516678325,n2516678786,road,4.44,plain,MDR2,2,secondary,0,0,,1203138257
n2516678379,n2516678786,road,0.11,plain,MDR2,2,secondary,1,0,,1000327531
n2516678388,n2516678971,road,0.89,plain,MDR2,2,secondary,0,0,,1285794494
n2516678388,n5779961033,road,5.32,plain,MDR2,2,secondary,0,0,,1285794496
n2516678507,n2516679303,road,0.18,plain,MDR2,2,secondary,1,0,,610288888
n2517721615,n904876879,road,0.07,plain,NH127D,2,trunk,1,0,,244457633
n2517721615,n904876997,road,2.46,plain,NH127D,2,trunk,0,0,,76811976
n2517721631,n2517721632,road,0.1,plain,SH10,2,primary,1,0,,244457634
n2517721632,n2517721640,road,0.73,plain,SH10,2,primary,0,0,,244457625
n2519223712,n4621720043,road,0.17,plain,secondary,2,secondary,0,0,,676390580
n2519982761,n2519982799,road,0.63,plain,NH8,2,trunk,0,0,,1321470716
n2520016716,n2520017708,road,0.71,plain,NH208,2,trunk,0,0,,244714161
n2520017708,n2520017781,road,2.6,plain,NH208,2,trunk,0,0,,244714159
n2520017781,n2520017797,road,1.24,plain,NH208,2,trunk,0,0,,384497056
n2520017797,n2520321343,road,1.43,plain,NH208,2,trunk,0,0,,384497060
n2520017797,n7160990194,road,3.31,plain,primary,2,primary,0,0,,138303234
n2520321311,n3702855569,road,3.22,plain,NH208,2,trunk,0,0,,244756965
n2520321343,n2520321344,road,0.25,plain,NH208,2,trunk,0,0,,1359705157
n2520321343,n7160990048,road,10.51,plain,primary,2,primary,0,0,,766749304
n2520369920,n2520369923,road,0.17,plain,8,2,trunk,1,0,,244763059
n2520418665,n4571779629,road,0.33,plain,primary,2,primary,0,0,asphalt,496910389
n2520418677,n2520418682,road,0.17,plain,secondary,2,secondary,0,0,,244769301
n2520418677,n2520418683,road,0.11,plain,secondary,2,secondary,0,0,,496910378
n2520418682,n4571779629,road,0.36,plain,secondary,2,secondary,0,0,asphalt,138303245
n2520418683,n2520418684,road,0.13,plain,secondary,2,secondary,0,0,,496910379
n2530029901,n2530029905,road,0.19,plain,secondary,2,secondary,0,0,,357092594
n2555555842,n2555555998,road,23.13,hilly,secondary,2,secondary,0,0,,248824769
n2555555998,n2555556005,road,1.18,plain,secondary,2,secondary,0,0,,248824769
n2555555998,n3884084847,road,14.16,plain,secondary,2,secondary,0,0,,248824773
n2579670796,n4281631125,road,19.69,plain,secondary,2,secondary,0,0,,251795070
n2579670796,n5467628256,road,4.11,plain,secondary,2,secondary,0,0,,568302251
n2579670796,n9122971085,road,10.76,plain,secondary,2,secondary,0,0,,22827096
n2580492512,n5467969002,road,2.98,plain,secondary,2,secondary,0,0,,1307008549
n2595623022,n2595623045,road,5.88,plain,NH427,2,trunk,0,0,,253663184
n2595623022,n5001335685,road,9.59,plain,secondary,2,secondary,0,0,asphalt,511241181
n2595623045,n2595623097,road,2.92,plain,NH427,2,trunk,0,0,,253663184
n2595623045,n4992083933,road,1.06,plain,SH41,2,primary,0,0,,510133519
n2595623097,n2595623108,road,0.1,plain,NH427,2,trunk,1,0,,253663174
n2595623108,n2595623133,road,1.08,plain,SH9,2,primary,0,0,,1133805916
n2595623108,n2885039397,road,1.84,plain,NH427,2,trunk,0,0,,1134090039
n2595623151,n2595623155,road,0.11,plain,SH9,2,primary,1,0,,253663170
n2595623485,n2595623560,road,1.04,plain,secondary,2,secondary,0,0,,659545015
n2623466893,n2623466901,road,0.08,plain,secondary,2,secondary,1,0,,256709777
n2623466893,n8891072814,road,5.93,hilly,secondary,2,secondary,0,0,,229220218
n2623466901,n2623473049,road,1.28,plain,secondary,2,secondary,0,0,,256709827
n2623618709,n2623618736,road,3.83,plain,MDR5,2,secondary,0,0,,256728728
n2623618709,n2659517523,road,1.39,plain,MDR5,2,secondary,0,0,,629633266
n2623618709,n4023347694,road,0.63,plain,secondary,2,secondary,0,0,,399617002
n2623618736,n2623618746,road,0.84,plain,MDR5,2,secondary,0,0,,505335368
n2623618746,n2623618747,road,0.08,plain,MDR5,2,secondary,1,0,,505335367
n2623618747,n2623618759,road,1.3,plain,MDR5,2,secondary,0,0,,260468296
n2623618759,n3703039491,road,8.95,plain,MDR5,2,secondary,0,0,,630199139
n2632756349,n5452175022,road,1.27,plain,NH 31 (C),2,trunk,0,0,,572687737
n2632756349,n569197272,road,0.14,plain,NH 31 (C),2,trunk,0,0,,572687728
n2632756349,n5838434404,road,14.39,plain,NH117A,2,trunk,0,0,,227892684
n2635114278,n569067702,road,0.27,plain,NH2,2,trunk,0,0,,44889418
n2635114278,n569067716,road,0.11,plain,NH2,2,trunk,1,0,,258105021
n2659500363,n2659500375,road,0.78,plain,SH12,2,primary,0,0,,629633258
n2659500363,n2659531107,road,1.18,plain,SH12,2,primary,0,0,,629633260
n2659500375,n2659501125,road,0.72,plain,SH12,2,primary,0,0,,260465764
n2659501125,n2659517518,road,4.18,plain,SH12,2,primary,0,0,asphalt,260465829
n2659517518,n2659517523,road,0.25,plain,MDR5,2,secondary,0,0,,629633274
n2659517518,n4023347694,road,1.7,plain,SH12,2,primary,0,0,,505335366
n2659517523,n5945043188,road,2.8,plain,ODR91,2,secondary,0,0,,629633272
n2659534096,n4023347523,road,5.28,hilly,SH12,2,primary,0,0,,399617083
n2665458624,n2665458636,road,1.43,plain,SH13,2,primary,0,0,,260950921
n2665458624,n6175369758,road,11.15,plain,SH13,2,primary,0,0,,260950921
n2665458636,n5796963626,road,8.56,plain,secondary,2,secondary,0,0,,260950926
n2666939999,n566697663,road,0.11,plain,secondary,2,secondary,0,0,asphalt,1268305485
n2666939999,n567770691,road,0.41,plain,secondary,2,secondary,0,0,asphalt,564697246
n2666940081,n5440066040,road,0.19,plain,primary,2,primary,0,0,,867774695
n2666940081,n567770691,road,0.14,plain,primary,2,primary,0,0,,867774693
n2671616223,n2671616262,road,1.81,plain,Z1033,2,secondary,0,0,,261561721
n2671616260,n2671616264,road,0.69,plain,secondary,2,secondary,0,0,,261561733
n2671616260,n2671616388,road,1.53,plain,primary,2,primary,0,0,,656848984
n2671616262,n2671616275,road,0.24,plain,NH108A,2,trunk,0,0,,819658987
n2671616264,n2671616292,road,1.59,plain,secondary,2,secondary,0,0,,261561717
n2671616264,n2671616353,road,0.21,plain,secondary,2,secondary,0,0,,261561739
n2671616275,n2671616278,road,0.61,plain,NH-108A,2,trunk,0,0,,261561714
n2671616275,n2671616321,road,1.04,plain,primary,2,primary,0,0,,167237556
n2671616278,n2671616292,road,0.15,plain,secondary,2,secondary,0,0,,261561725
n2671616292,n2671616321,road,0.31,plain,secondary,2,secondary,0,0,,261561717
n2671616321,n2671616371,road,1.02,plain,primary,2,primary,0,0,,261561716
n2671616353,n2671616388,road,0.95,plain,secondary,2,secondary,0,0,,819658973
n2671616371,n2671616386,road,0.41,plain,primary,2,primary,0,0,,1312787141
n2671616386,n2671616408,road,0.13,plain,primary,2,primary,1,0,,978599291
n2671616388,n2671616414,road,0.51,plain,primary,2,primary,0,0,,656848984
n2671616408,n2671616426,road,2.08,plain,primary,2,primary,0,0,,819658981
n2671616408,n6195178217,road,8.53,hilly,primary,2,primary,0,0,,261561737
n2671616414,n2671616426,road,0.1,plain,primary,2,primary,1,0,,656848985
n2671616539,n6195178217,road,3.84,plain,secondary,2,secondary,0,0,,1310872873
n2671917132,n7654258307,road,3.12,hilly,NH502A,2,trunk,0,0,,975994079
n2682279843,n2682288214,road,7.58,mountain,NH702D,2,trunk,0,0,asphalt,266782055
n2682288214,n2682774922,road,15.35,mountain,NH702D,2,trunk,0,0,asphalt,266782055
n2682288214,n2715015195,road,1.43,plain,secondary,2,secondary,0,0,,265893916
n2682774922,n2682968389,road,6.23,mountain,NH702D,2,trunk,0,0,asphalt,629996013
n2682774922,n2802521371,road,7.5,hilly,secondary,2,secondary,0,0,,275610085
n2682968389,n2682968461,road,10.35,mountain,NH702D,2,trunk,0,0,asphalt,568697168
n2682968461,n2682984003,road,7.49,mountain,NH702D,2,trunk,0,0,asphalt,568697168
n2682968461,n3798891861,road,9.42,mountain,secondary,2,secondary,0,0,,376478364
n2682983896,n2682983907,road,4.0,mountain,NH702D,2,trunk,0,0,asphalt,1383194887
n2682983901,n2682983907,road,6.64,mountain,NH702D,2,trunk,0,0,asphalt,266780936
n2682983901,n2682983978,road,3.53,plain,NH702D,2,trunk,0,0,asphalt,975450172
n2682983978,n2682984047,road,0.96,plain,NH702D,2,trunk,0,0,asphalt,387427956
n2682984003,n2682984047,road,0.08,plain,NH702D,2,trunk,1,0,asphalt,266780937
n2717174489,n2717217350,road,1.48,plain,primary,2,primary,0,0,,266137710
n2717174489,n2719435973,road,3.25,hilly,primary,2,primary,0,0,,266139392
n2717217350,n2717232412,road,1.03,plain,secondary,2,secondary,0,0,,266143709
n2719435973,n2802528305,road,10.43,mountain,secondary,2,secondary,0,0,dirt,275609598
n2720225720,n3253385021,road,12.21,mountain,NH702A,2,trunk,0,0,,318937019
n2723913941,n2723981159,road,0.74,plain,NH 717A,2,trunk,0,0,,880584237
n2723913941,n2723985107,road,1.27,plain,NH 717A,2,trunk,0,0,,1333442746
n2723985107,n703557544,road,2.97,plain,NH 717A,2,trunk,0,0,,213887662
n2724030462,n2724039173,road,2.34,plain,MDR,2,secondary,0,0,,599418823
n2724030462,n4571035213,road,1.07,plain,MDR,2,secondary,0,0,,1215136364
n2724039173,n2724039182,road,2.04,plain,MDR,2,secondary,0,0,,461631691
n2764099845,n2764099861,road,1.38,plain,secondary,2,secondary,0,0,,367465027
n2764099845,n2764200726,road,8.04,plain,trunk,2,trunk,0,0,,271460072
n2764099845,n2766375931,road,1.87,plain,trunk,2,trunk,0,0,,271460072
n2764099861,n2774754099,road,0.55,plain,secondary,2,secondary,0,0,,271451954
n2764200726,n664137361,road,1.6,plain,trunk,2,trunk,0,0,,977975327
n2766374227,n2766375931,road,0.09,plain,trunk,2,trunk,1,0,,271686441
n2774754099,n2774754102,road,0.35,plain,secondary,2,secondary,0,0,,1266349678
n2802521371,n2802528305,road,9.29,mountain,secondary,2,secondary,0,0,,275610007
n2802521371,n5931603312,road,21.15,mountain,secondary,2,secondary,0,0,,275610085
n2882121008,n2882121034,road,0.68,plain,NH6,2,trunk,0,0,,1092780811
n2882121008,n6867526200,road,3.59,plain,NH6,2,trunk,0,0,,733327055
n2882121034,n2882121111,road,2.87,plain,NH6,2,trunk,0,0,,1092780811
n2882121034,n6253840894,road,5.49,mountain,secondary,2,secondary,0,0,asphalt,667884584
n2882121111,n2882121173,road,3.49,plain,NH6,2,trunk,0,0,,1092780811
n2882121111,n3701126643,road,17.78,hilly,secondary,2,secondary,0,0,asphalt,612211452
n2882121173,n2882121292,road,7.86,mountain,NH6,2,trunk,0,0,asphalt,977975326
n2882147254,n2882147274,road,1.32,plain,NH6,2,trunk,0,0,,850778137
n2882147274,n2882148013,road,12.51,mountain,NH6,2,trunk,0,0,,284471752
n2882148013,n2882148018,road,0.21,plain,NH6,2,trunk,1,0,,284471749
n2882148018,n2882148068,road,5.19,hilly,NH6,2,trunk,0,0,,284471774
n2882148068,n2882148084,road,1.74,plain,NH6,2,trunk,0,0,asphalt,1344884928
n2882148084,n2882148094,road,0.77,plain,NH6,2,trunk,0,0,asphalt,975454922
n2882148094,n2882148326,road,1.75,plain,NH6,2,trunk,0,0,asphalt,1326364993
n2883904490,n3179740541,road,1.16,plain,NH315,2,trunk,0,0,,312138560
n2883904713,n2885143559,road,2.08,plain,NH315,2,trunk,0,0,,284811268
n2884021044,n2884021065,road,6.2,mountain,NH217,2,trunk,0,0,asphalt,978050733
n2884021044,n2884021164,road,1.39,plain,NH217,2,trunk,0,0,asphalt,978050733
n2884021065,n2884021185,road,1.41,plain,NH217,2,trunk,0,0,asphalt,978050732
n2884021164,n2884021291,road,0.13,plain,NH217,2,trunk,1,0,asphalt,284682534
n2884021291,n2884021797,road,12.56,mountain,NH217,2,trunk,0,0,,284682491
n2884021797,n2884022260,road,3.81,mountain,NH217,2,trunk,0,0,,978050731
n2884022260,n2884022742,road,5.34,mountain,NH217,2,trunk,0,0,,978050729
n2884067029,n568597580,road,1.72,plain,NH317,2,trunk,0,0,,284687484
n2884067029,n568597652,road,6.35,plain,NH317,2,trunk,0,0,,284687485
n2884067033,n568597560,road,4.11,plain,NH317,2,trunk,0,0,,284687480
n2884067033,n568597580,road,0.12,plain,NH317,2,trunk,1,0,,284687483
n2885003252,n4052836188,road,0.44,plain,NH215,2,trunk,0,0,asphalt,1306248877
n2885003252,n4324640830,road,1.46,plain,NH215,2,trunk,0,0,asphalt,1308571479
n2885039372,n2885039373,road,0.61,plain,SH41,2,primary,0,0,,1133773956
n2885039397,n2926580671,road,2.17,plain,NH427,2,trunk,0,0,,284799027
n2885039405,n2926581803,road,18.38,plain,NH427,2,trunk,0,0,,289108124
n2885039405,n2926581846,road,0.11,plain,NH427,2,trunk,1,0,,289108128
n2885039421,n2885039423,road,1.79,plain,NH127E,2,trunk,0,0,,638567718
n2885039421,n3677615137,road,15.3,plain,NH127E,2,trunk,0,0,,284799025
n2885039423,n6018118378,road,0.25,plain,NH127E,2,trunk,1,0,,638567716
n2885039428,n6018118378,road,0.08,plain,NH127E,2,trunk,0,0,,284799031
n2885039428,n6112240552,road,2.52,plain,NH127E,2,trunk,0,0,,284799024
n2885039435,n6112240552,road,0.79,plain,trunk,2,trunk,0,0,,1301130295
n2885039435,n6112240556,road,0.52,plain,NH127E,2,primary,0,0,,1301701975
n2885091559,n673551805,road,0.16,plain,NH715A,2,trunk,1,0,,901170037
n2885091571,n2885091573,road,0.11,plain,secondary,2,secondary,1,0,,611988012
n2885091571,n673552588,road,0.7,plain,secondary,2,secondary,0,0,,611988015
n2885091584,n3363539257,road,0.11,plain,NH715A,2,trunk,1,0,,329481191
n2885091584,n673551805,road,11.54,plain,NH715A,2,trunk,0,0,,284804891
n2885092740,n3310320256,road,2.19,plain,secondary,2,secondary,0,0,unpaved,1263150909
n2885092740,n8962856434,road,2.13,plain,SH47,2,primary,0,0,,169984545
n2885143559,n2885143579,road,1.42,plain,NH15,2,trunk,0,0,,851963477
n2885143559,n7947044365,road,11.74,plain,NH15,2,trunk,0,0,,851963467
n2885143579,n8912759153,road,5.73,hilly,NH15,2,trunk,0,0,,963538874
n2885143579,n958034647,road,6.88,plain,primary,2,primary,0,0,,238668510
n2885143579,n958034853,road,1.3,plain,primary,2,primary,0,0,,238668510
n2885143589,n2885143592,road,1.51,plain,NH15,2,trunk,0,0,asphalt,480943935
n2885143589,n6284459821,road,1.34,plain,NH15,2,trunk,0,0,,1120537202
n2885143592,n4323995230,road,6.59,plain,secondary,2,secondary,0,0,paved,1120585561
n2885143592,n4738896809,road,2.39,plain,NH15,2,trunk,0,0,,480943934
n2885143613,n6284459610,road,3.0,plain,SH-005,2,primary,0,0,asphalt,671096043
n2885143613,n7947044348,road,0.84,plain,NH15,2,trunk,0,0,,851963466
n2885143613,n7947044365,road,4.13,hilly,NH15,2,trunk,0,0,,851963466
n2885248532,n2885275540,road,2.09,plain,secondary,2,secondary,0,0,,1076745497
n2885250903,n2885250932,road,2.52,plain,secondary,2,secondary,0,0,asphalt,284821150
n2885250903,n835237136,road,2.32,plain,secondary,2,secondary,0,0,asphalt,348534919
n2885250932,n2885250941,road,1.9,plain,secondary,2,secondary,0,0,asphalt,348541391
n2885275180,n2885275591,road,1.0,plain,secondary,2,secondary,0,0,,1115404001
n2885275180,n5308272573,road,3.23,hilly,secondary,2,secondary,0,0,,965124869
n2885275540,n2885275591,road,2.32,plain,secondary,2,secondary,0,0,,1076745498
n2915025937,n2915028163,road,3.26,hilly,primary,2,primary,0,0,,312131819
n2915025937,n2915029860,road,2.29,plain,NH702,2,trunk,0,0,,625540042
n2915025937,n3179664249,road,8.47,mountain,primary,2,primary,0,0,,312130936
n2915025937,n3881747404,road,10.98,mountain,secondary,2,secondary,0,0,,626271417
n2915025937,n5904499371,road,10.03,mountain,secondary,2,secondary,0,0,,625327608
n2915028163,n3881690528,road,5.75,mountain,NH702,2,trunk,0,0,,312131794
n2915029860,n2915029892,road,4.26,mountain,NH702,2,trunk,0,0,,1382990350
n2915029892,n2915032051,road,5.22,mountain,NH702,2,trunk,0,0,,850757993
n2915029892,n3393379510,road,1.04,plain,primary,2,primary,0,0,,332227137
n2915032051,n2915032835,road,8.51,mountain,NH702,2,trunk,0,0,,850757992
n2915032835,n2915034480,road,14.46,mountain,NH702,2,trunk,0,0,,287949460
n2915034480,n2915034529,road,3.65,hilly,NH702,2,trunk,0,0,,629443704
n2915034529,n2915034535,road,0.61,plain,NH702,2,trunk,0,0,,628111846
n2915034535,n2915034553,road,0.57,plain,NH702,2,trunk,0,0,,628111846
n2915034535,n6800141481,road,29.21,mountain,secondary,2,secondary,0,0,,628107104
n2915034553,n2915034573,road,0.78,plain,NH702,2,trunk,0,0,,628111846
n2915034573,n2915034590,road,1.54,plain,NH702,2,trunk,0,0,,628111846
n2915034590,n2915034593,road,0.12,plain,NH702,2,trunk,0,0,,628111846
n2915034590,n2915034597,road,0.4,plain,NH702,2,trunk,0,0,,628111846
n2915034597,n2915034652,road,1.81,plain,NH702,2,trunk,0,0,,628111846
n2915034597,n5933478556,road,6.03,hilly,secondary,2,secondary,0,0,,628495753
n2915034650,n2915034652,road,0.18,plain,NH702,2,trunk,0,0,,1382990348
n2915034652,n5929526693,road,1.24,plain,secondary,2,secondary,0,0,,628095900
n2917696568,n2917696597,road,1.76,plain,NH-108A,2,trunk,0,0,,1099636745
n2917696568,n2917696679,road,1.57,plain,NH-108A,2,trunk,0,0,,288216698
n2917696597,n2917696724,road,0.25,plain,NH-108A,2,trunk,0,0,,1126871090
n2917696724,n2917696761,road,5.65,mountain,NH-108A,2,trunk,0,0,,1019629236
n2917696761,n2917696839,road,3.82,hilly,NH-108A,2,trunk,0,0,,740952293
n2917696839,n4643564541,road,13.98,plain,secondary,2,secondary,0,0,,656848973
n2917752016,n2917752108,road,5.51,hilly,NH208,2,trunk,0,0,,288222551
n2919179868,n2919179983,road,4.28,mountain,NH310,2,trunk,0,0,,459434905
n2920796066,n567512026,road,1.87,plain,NH715,2,trunk,0,0,,1136680768
n2920796069,n567486083,road,0.12,plain,NH715,2,trunk,1,0,,288523065
n2920796069,n567512068,road,2.52,plain,NH715,2,trunk,0,0,,288523066
n2921876500,n3677914259,road,0.23,plain,NH17,2,trunk,0,0,,1274681264
n2921876500,n568597475,road,0.16,plain,NH17,2,trunk,1,0,,288639202
n2921918806,n2921918807,road,0.11,plain,NH17,2,trunk,1,0,asphalt,288639185
n2921918806,n568602584,road,1.63,plain,NH17,2,trunk,0,0,asphalt,1047087216
n2921918807,n568602059,road,0.24,plain,NH17,2,trunk,0,0,asphalt,1034764771
n2926094146,n2926094680,road,6.03,hilly,NH27,2,trunk,0,0,,656974446
n2926094146,n2926095072,road,1.36,plain,NH27,2,trunk,0,0,,666911002
n2926094151,n2926095072,road,1.64,plain,NH27,2,trunk,0,0,,666911003
n2926095946,n2926095960,road,0.31,plain,NH27,2,trunk,0,0,,1138681299
n2926095960,n2926095991,road,2.85,plain,NH27,2,trunk,0,0,,1138681304
n2926095991,n2926095996,road,0.25,plain,NH27,2,trunk,0,0,,1138681304
n2926095996,n2926096138,road,1.95,plain,NH27,2,trunk,0,0,,1138681310
n2926096138,n2926096142,road,0.61,plain,NH27,2,trunk,0,0,,1138681309
n2926096142,n2926096512,road,0.52,plain,NH27,2,trunk,0,0,,1142097819
n2926096512,n2926096522,road,0.37,plain,NH27,2,trunk,0,0,,1453527657
n2926096522,n2926096572,road,1.26,plain,NH27,2,trunk,1,0,,1453527659
n2926096566,n2926096589,road,0.68,plain,NH27,2,trunk,1,0,,611988020
n2926096566,n567381986,road,4.13,plain,NH27,2,trunk,0,0,,289052195
n2926096572,n2926096857,road,1.18,plain,NH27,2,trunk,0,0,,1138678002
n2926096589,n2926096848,road,3.99,plain,NH27,2,trunk,0,0,,611988019
n2926096848,n2926097170,road,1.92,plain,NH27,2,trunk,0,0,,289052042
n2926096857,n2926097455,road,1.85,plain,NH27,2,trunk,0,0,,1138678002
n2926096874,n2926097418,road,3.3,plain,NH27,2,trunk,0,0,,1138644377
n2926096874,n2926097475,road,3.01,plain,NH27,2,trunk,0,0,,1138644375
n2926097170,n2926097418,road,1.5,plain,NH27,2,trunk,0,0,,1138644380
n2926097455,n2926097703,road,1.43,plain,NH27,2,trunk,0,0,,1138678002
n2926097475,n567382146,road,0.48,plain,NH27,2,trunk,0,0,,289052167
n2926097703,n2926097712,road,0.91,plain,NH27,2,trunk,0,0,,1138676639
n2926097712,n2926097739,road,0.41,plain,NH27,2,trunk,0,0,,1138676641
n2926097739,n3897173146,road,0.56,plain,NH27,2,trunk,0,0,,1138676648
n2926154982,n2926155032,road,6.91,hilly,NH127A,2,trunk,0,0,,126713920
n2926154982,n5775678354,road,4.04,hilly,SH6,2,primary,0,0,,609803325
n2926154982,n5794288744,road,4.14,plain,SH6,2,primary,0,0,,609803325
n2926155032,n2926155084,road,6.95,plain,NH127A,2,trunk,0,0,,289064939
n2926155083,n2926155084,road,0.15,plain,NH127A,2,trunk,1,0,,289064936
n2926155083,n2926155115,road,7.91,plain,NH127A,2,trunk,0,0,,289064938
n2926323039,n2926323046,road,0.51,plain,NH127B,2,trunk,0,0,,289081496
n2926323046,n2926323056,road,1.84,plain,NH127B,2,trunk,0,0,,289081496
n2926323046,n4023363285,road,0.56,plain,secondary,2,secondary,0,0,,399617085
n2926323056,n2926323130,road,8.1,hilly,NH127B,2,trunk,0,0,,289081504
n2926323130,n2926323156,road,0.84,plain,NH127B,2,trunk,0,0,,334680478
n2926323156,n2926323167,road,0.08,plain,NH127B,2,trunk,1,0,,289081499
n2926323167,n3173460062,road,3.82,plain,NH 127B,2,trunk,0,0,,384864723
n2926323240,n569193256,road,1.67,plain,NH27,2,trunk,0,0,,363539331
n2926323240,n569193404,road,1.63,plain,NH27,2,trunk,0,0,,386384606
n2926580671,n2926581846,road,2.24,plain,NH427,2,trunk,0,0,,289108123
n2926581803,n2926581816,road,11.28,plain,NH427,2,trunk,0,0,,289108124
n2926581803,n5498007748,road,19.56,plain,secondary,2,secondary,0,0,,572005467
n2927938484,n5730492021,road,10.76,plain,NH329,2,trunk,0,0,,289248396
n2927938957,n6018333336,road,2.87,plain,NH329,2,trunk,0,0,,638591394
n2967218985,n2967219001,road,4.3,plain,secondary,2,secondary,0,0,,621079622
n2967218985,n5867268819,road,0.95,plain,secondary,2,secondary,0,0,,1304713297
n2967218990,n2967218994,road,1.58,plain,SH-005,2,primary,0,0,asphalt,1304929262
n2967218994,n2967219004,road,5.49,plain,SH-005,2,primary,0,0,asphalt,293149251
n2967219001,n2967219009,road,0.9,plain,secondary,2,secondary,0,0,,621083912
n2967219004,n2967219009,road,5.29,plain,SH-005,2,primary,0,0,asphalt,540413025
n2967219009,n6737201205,road,9.57,plain,SH-005,2,primary,0,0,asphalt,540413026
n2967219022,n2967219023,road,1.73,plain,secondary,2,secondary,0,0,,1304929270
n2967220343,n2967220361,road,3.39,plain,SH-002,2,primary,0,0,asphalt,1304713298
n2967220343,n3880129702,road,7.5,hilly,SH-007,2,primary,0,0,asphalt,1306789209
n2967220361,n5867268819,road,4.28,plain,SH-002,2,primary,0,0,asphalt,293149249
n2976469237,n3700175916,road,19.45,mountain,secondary,2,secondary,0,0,,366024931
n2983540749,n835239080,road,0.08,plain,NH515,2,trunk,1,0,,294737957
n3008327477,n3008480921,road,4.19,mountain,secondary,2,secondary,0,0,,827038734
n3008480899,n3008480921,road,2.65,plain,secondary,2,secondary,0,0,,1119962584
n3018172995,n3018173026,road,0.09,plain,primary,2,primary,1,0,,777399947
n3018172995,n567486480,road,15.64,hilly,primary,2,primary,0,0,,22832893
n3106396317,n3677615207,road,1.75,plain,primary,2,primary,0,0,,1301130302
n3110856484,n3110856488,road,0.23,plain,secondary,2,secondary,1,0,,306237919
n3110856484,n8344614472,road,1.75,plain,secondary,2,secondary,0,0,,897890825
n3110856488,n3703192980,road,15.5,mountain,secondary,2,secondary,0,0,unpaved,1468577418
n3110856488,n3703293159,road,10.56,mountain,secondary,2,secondary,0,0,unpaved,1468577418
n3110856488,n3703361135,road,1.96,plain,secondary,2,secondary,0,0,,897890818
n3158879810,n3158923508,road,1.63,plain,CA-M-016,2,secondary,0,0,asphalt,149124212
n3158885672,n5451398932,road,0.55,plain,SH-1023,2,primary,0,0,,310463284
n3158885706,n4571889985,road,4.33,plain,SH-1023,2,primary,0,0,asphalt,667131694
n3158888250,n567777033,road,2.42,plain,secondary,2,secondary,0,0,asphalt,310463727
n3158888250,n9713063992,road,0.17,plain,secondary,2,secondary,0,0,,1327331232
n3158888700,n3158896424,road,1.63,plain,secondary,2,secondary,0,0,,388107561
n3158896421,n3158896424,road,0.43,plain,secondary,2,secondary,0,0,,1327331233
n3158896421,n5298833849,road,0.13,plain,secondary,2,secondary,0,0,asphalt,1320810093
n3158918845,n5298833899,road,0.43,plain,SH37,2,primary,0,0,,1057540273
n3158918983,n9717749972,road,0.2,plain,SH37,2,primary,0,0,,310466089
n3158919120,n9717749972,road,0.86,plain,SH37,2,primary,0,0,,310466089
n3158919370,n3158919698,road,0.8,plain,SH37,2,primary,0,0,,1066112630
n3158919697,n3158919698,road,0.47,plain,SH37,2,primary,0,0,,1057836097
n3158923508,n3158923546,road,0.51,plain,CA-M-016,2,secondary,0,0,asphalt,1328432566
n3158923546,n3158923588,road,1.66,plain,CA-M-016,2,secondary,0,0,asphalt,1057591990
n3158923588,n3158923616,road,1.44,plain,CA-M-016,2,secondary,0,0,paved,310466373
n3158923616,n5451399005,road,0.09,plain,NH27,2,trunk,1,0,asphalt,566144645
n3158933748,n3158933756,road,1.17,plain,CA-M-017,2,secondary,0,0,paved,310467223
n3158933748,n9143740280,road,0.29,plain,CA-M-017,2,secondary,0,0,,1328436465
n3158933756,n3158934591,road,1.1,plain,CA-M-017,2,secondary,0,0,paved,1328436464
n3160185157,n3160185170,road,0.85,plain,SH39,2,primary,0,0,,310576066
n3160185157,n3160231808,road,1.0,plain,SH39,2,primary,0,0,,310579971
n3160185170,n3160185171,road,0.22,plain,SH39,2,primary,0,0,,310576066
n3160185170,n6241313911,road,2.72,plain,CA-M-006,2,secondary,0,0,asphalt,666613430
n3160185171,n3160185194,road,4.02,hilly,SH39,2,primary,0,0,,1058089179
n3160185194,n3160185425,road,4.76,hilly,SH39,2,primary,0,0,,310576034
n3160185425,n3160185503,road,3.29,plain,SH39,2,primary,0,0,,310576061
n3160185534,n3160185572,road,1.67,plain,SH39,2,primary,0,0,,310576051
n3160185534,n5298833851,road,4.07,hilly,secondary,2,secondary,0,0,asphalt,1341946176
n3160185534,n567780752,road,3.75,plain,secondary,2,secondary,0,0,asphalt,548494975
n3160185572,n3160185582,road,1.14,plain,SH39,2,primary,0,0,,310576016
n3160185582,n567777033,road,0.35,plain,SH39,2,primary,0,0,,1066121898
n3160185598,n567780752,road,5.28,plain,NH306,2,trunk,0,0,,44769326
n3160230159,n5232413129,road,0.71,plain,CA-M-009,2,secondary,0,0,asphalt,668630702
n3160231654,n3160231778,road,1.66,plain,SH39,2,primary,0,0,,310579973
n3173460062,n3173460127,road,1.64,plain,NH 127B,2,trunk,0,0,,390157790
n3173460085,n3173460126,road,0.09,plain,SH2,2,primary,1,0,,386994371
n3173460085,n3173460680,road,7.2,plain,SH2,2,primary,0,0,,110534233
n3173460085,n5945042630,road,1.13,plain,ODR5,2,secondary,0,0,,629633241
n3173460126,n3173469979,road,4.58,plain,SH2,2,primary,0,0,,311648620
n3173460127,n3173460680,road,0.81,plain,NH 127B,2,trunk,0,0,,390157790
n3173460127,n3933174777,road,0.84,plain,SH11,2,primary,0,0,,390157793
n3173460129,n6018098541,road,3.66,plain,NH 127B,2,trunk,0,0,,334680476
n3173469617,n3173469643,road,14.85,hilly,SH2,2,primary,0,0,,498679710
n3173469617,n3173469992,road,3.62,plain,SH2,2,primary,0,0,,498679707
n3173469619,n3173469643,road,1.7,plain,SH12,2,primary,0,0,,336982869
n3173469638,n3173469992,road,1.87,plain,SH2,2,primary,0,0,,498960843
n3173469638,n3173470227,road,0.34,plain,SH2,2,primary,0,0,,498960841
n3173469643,n4898173042,road,2.53,plain,SH12,2,primary,0,0,,227908746
n3173469979,n3173470227,road,16.96,mountain,SH2,2,primary,0,0,,499129214
n3173548322,n3173560387,road,22.26,hilly,primary,2,primary,0,0,asphalt,311651805
n3173548322,n568992230,road,23.94,hilly,primary,2,primary,0,0,,311651615
n3173560410,n6251832338,road,9.43,mountain,SH-021,2,primary,0,0,,667699591
n3173566127,n3173566851,road,8.48,mountain,NH627,1,trunk,0,0,paved,384545269
n3173566127,n3878466615,road,8.89,hilly,NH627,1,trunk,0,0,paved,1003959491
n3173566851,n3173573384,road,8.13,mountain,NH627,2,trunk,0,0,asphalt,384545268
n3173570147,n3173573097,road,4.04,mountain,NH627,2,trunk,0,0,,384547305
n3173570147,n3173573384,road,1.94,plain,NH627,2,trunk,0,0,,384547306
n3173573097,n3173577191,road,21.05,mountain,NH627,2,trunk,0,0,,384547304
n3173577191,n3173579052,road,0.15,plain,NH627,2,trunk,1,0,,384550871
n3173577191,n6175513063,road,9.84,mountain,SH16,2,primary,0,0,,659589582
n3173578975,n3173579052,road,26.02,mountain,NH627,2,trunk,0,0,,384550868
n3173611022,n3173611027,road,0.54,plain,SH37,2,primary,0,0,,311654924
n3173611022,n3826828468,road,1.04,plain,NH27,2,trunk,0,0,asphalt,379379542
n3173611022,n3826828488,road,0.57,plain,NH27,2,trunk,0,0,asphalt,379379542
n3173611026,n3173611027,road,0.29,plain,SH37,2,primary,0,0,,311654924
n3173611026,n3173611055,road,0.56,plain,SH37,2,primary,0,0,,311654924
n3173656957,n3173657996,road,3.19,plain,NH108,2,trunk,0,0,,1343894554
n3173657996,n3173659777,road,6.67,mountain,NH108,2,trunk,0,0,,311662965
n3173657996,n3885902039,road,14.36,mountain,secondary,2,secondary,0,0,,385235104
n3173659777,n6001383839,road,9.75,mountain,NH108,2,trunk,0,0,,636393475
n3173660337,n3173660823,road,3.77,mountain,NH108,2,trunk,0,0,,564015281
n3173660337,n4571757469,road,2.12,plain,secondary,2,secondary,0,0,asphalt,198204512
n3173660823,n6001383839,road,6.01,mountain,NH108,2,trunk,0,0,,636393464
n3173670413,n3173675524,road,1.18,plain,secondary,2,secondary,0,0,,1127466260
n3173670413,n3657296463,road,4.44,hilly,secondary,2,secondary,0,0,,1127466261
n3173676986,n3173711184,road,8.31,hilly,primary,2,primary,0,0,,311672820
n3173704182,n3173704205,road,2.13,plain,secondary,2,secondary,0,0,gravel,760390926
n3173704182,n3701076353,road,0.25,plain,secondary,2,secondary,0,0,gravel,1051492518
n3173704205,n567774564,road,2.34,plain,secondary,2,secondary,0,0,gravel,680445098
n3175911973,n3175912216,road,6.14,mountain,NH713,2,trunk,0,0,,1368034895
n3175911973,n3877647577,road,21.35,mountain,NH713,2,trunk,0,0,,311851847
n3175912216,n3175912311,road,3.65,mountain,NH713,2,trunk,0,0,,1482741672
n3175912311,n3175920440,road,17.69,mountain,NH713,2,trunk,0,0,,1368034896
n3175920440,n3175964719,road,5.53,mountain,NH713,2,trunk,0,0,,1368034894
n3175964719,n3175965095,road,5.7,mountain,NH713,2,trunk,0,0,,1368034891
n3175965095,n3903456062,road,14.89,mountain,NH713,2,trunk,0,0,,1368034884
n3176031335,n3903454125,road,0.83,plain,NH713,2,trunk,0,0,,975716791
n3176043386,n3176043813,road,1.47,plain,secondary,2,secondary,0,0,,311854147
n3176043389,n3176043408,road,0.18,plain,secondary,2,secondary,1,0,,401782024
n3176043389,n3176043744,road,4.76,mountain,secondary,2,secondary,0,0,,401782030
n3176043744,n3176043848,road,7.21,mountain,secondary,2,secondary,0,0,,401782032
n3176043813,n3176043848,road,0.1,plain,secondary,2,secondary,1,0,,401782026
n3176054713,n3176054721,road,5.82,hilly,primary,2,primary,0,0,,311856475
n3176054713,n3176055376,road,3.24,plain,primary,2,primary,0,0,,311856462
n3176054721,n3176058965,road,8.12,mountain,primary,2,primary,0,0,,311856506
n3176058961,n3176058965,road,6.98,mountain,primary,2,primary,0,0,,455727199
n3176058961,n3176061192,road,3.17,hilly,primary,2,primary,0,0,,1072932804
n3176058961,n8318501431,road,3.84,mountain,secondary,2,secondary,0,0,,894910803
n3176060815,n3176061192,road,5.43,mountain,primary,2,primary,0,0,,311856540
n3176060815,n3176072973,road,35.23,mountain,primary,2,primary,0,0,,311856577
n3176072973,n3176072975,road,0.2,plain,primary,2,primary,0,0,,1353873982
n3176093865,n3176093870,road,0.11,plain,primary,2,primary,1,0,,961086595
n3176093865,n3178199100,road,17.97,mountain,primary,2,primary,0,0,,311857821
n3176093870,n342099041,road,1.12,plain,primary,2,primary,0,0,,961086594
n3178199100,n3178199116,road,0.18,plain,primary,2,primary,1,0,,961086556
n3178199116,n3178199121,road,0.78,plain,primary,2,primary,0,0,,961086565
n3178199121,n3178203894,road,2.46,plain,primary,2,primary,0,0,,312014146
n3178203894,n3178209375,road,11.32,mountain,primary,2,primary,0,0,,312014599
n3178203894,n3703192312,road,0.31,plain,secondary,2,secondary,0,0,unpaved,366341031
n3178209375,n3178209387,road,14.44,mountain,primary,2,primary,0,0,,312014602
n3178209387,n3178211937,road,15.05,mountain,primary,2,primary,0,0,,312014838
n3178211937,n3178213064,road,7.91,mountain,primary,2,primary,0,0,,312014991
n3178213064,n8344614472,road,1.91,plain,secondary,2,secondary,0,0,,897890826
n3179532665,n603538938,road,4.09,hilly,SH,2,secondary,0,0,,1249980877
n3179532665,n904866536,road,0.42,plain,SH,2,secondary,0,0,,1245392988
n3179552235,n3179554129,road,0.11,plain,NH 717B,2,trunk,1,0,,353285064
n3179552235,n4875922980,road,26.74,mountain,NH 717B,2,trunk,0,0,asphalt,353285063
n3179554302,n4875922980,road,8.1,mountain,NH 717A,2,trunk,0,0,,695976862
n3179664236,n3179664249,road,6.09,mountain,primary,2,primary,0,0,,627258908
n3179664236,n3179665350,road,0.94,plain,primary,2,primary,0,0,,629475462
n3179665350,n3881744723,road,9.15,mountain,NH702B,2,trunk,0,0,,384479217
n3179711617,n3179713799,road,0.97,plain,SH-008,2,primary,0,0,asphalt,725176359
n3179713363,n3179713676,road,2.75,plain,SH-007,2,primary,0,0,paved,607045572
n3179713537,n3179713554,road,0.26,plain,SH-008,2,primary,0,0,paved,1307290683
n3179713537,n3179713799,road,2.64,plain,SH-008,2,primary,0,0,asphalt,312136549
n3179713537,n5804672083,road,8.24,plain,SH-011,2,primary,0,0,,1306248863
n3179713554,n3179713699,road,0.11,plain,SH-008,2,primary,1,0,paved,613488293
n3179713676,n5807617241,road,2.3,plain,SH-007,2,primary,0,0,paved,1306687822
n3179713699,n3179713882,road,2.26,plain,SH-008,2,primary,0,0,paved,613488288
n3179713882,n5753922044,road,5.18,plain,SH-008,2,primary,0,0,paved,607045570
n3179739570,n3179739996,road,9.67,plain,secondary,2,secondary,0,0,,312138561
n3179739577,n3179739771,road,4.79,plain,NH315,2,trunk,0,0,,659695774
n3179739577,n3179740541,road,2.3,plain,NH315,2,trunk,0,0,,1084293217
n3179739643,n3179739747,road,4.63,plain,secondary,2,secondary,0,0,,995859400
n3179739643,n3179739771,road,1.16,plain,NH315,2,trunk,0,0,,975474476
n3179739643,n4193528565,road,0.23,plain,NH215,2,trunk,0,0,asphalt,1307341212
n3179739643,n9027007127,road,0.78,plain,NH315,2,trunk,0,0,asphalt,1149152293
n3179739747,n3179739996,road,0.11,plain,secondary,2,secondary,1,0,,995859401
n3253382636,n3253384681,road,11.47,mountain,NH702A,2,trunk,0,0,,318937020
n3253382636,n3878932684,road,12.1,mountain,NH702A,2,trunk,0,0,,198359188
n3253382636,n3883900985,road,5.51,mountain,secondary,2,secondary,0,0,,385037174
n3253382636,n3883902009,road,7.21,mountain,secondary,2,secondary,0,0,,385037203
n3253382636,n5895090710,road,10.5,mountain,secondary,2,secondary,0,0,,624278302
n3253384681,n3253385021,road,13.78,mountain,NH702A,2,trunk,0,0,,626998226
n3309034374,n3309034381,road,2.39,plain,secondary,2,secondary,0,0,,343920549
n3309034374,n3519943822,road,1.83,plain,secondary,2,secondary,0,0,,1257817273
n3309034381,n3309034382,road,0.15,plain,secondary,2,secondary,1,0,,614529960
n3309034382,n3309034387,road,2.04,plain,secondary,2,secondary,0,0,,614529958
n3309034387,n3517621029,road,9.0,plain,secondary,2,secondary,0,0,asphalt,345070449
n3309034387,n3517621191,road,0.18,plain,secondary,2,secondary,0,0,asphalt,345070449
n3310320249,n3310320250,road,0.14,plain,secondary,2,secondary,1,0,,968425402
n3310320250,n3310320255,road,3.26,plain,secondary,2,secondary,0,0,,324292584
n3310320255,n3310320256,road,0.11,plain,secondary,2,secondary,1,0,,1263150910
n3310320572,n3310320577,road,3.35,plain,NH715A,2,trunk,0,0,,324292585
n3310320572,n5775867302,road,2.81,plain,NH715A,2,trunk,0,0,,1255710662
n3310320577,n3310320579,road,2.62,plain,NH715A,2,trunk,0,0,,1304833640
n3310320579,n5775867325,road,0.08,plain,NH715A,2,trunk,1,0,,968739327
n3333759536,n3333765826,road,0.12,plain,trunk,2,trunk,1,0,,326707557
n3333759536,n3701353029,road,0.42,plain,NH208,2,trunk,0,0,asphalt,461708501
n3337362407,n9987213276,road,6.09,plain,NH15,2,trunk,0,0,,978242941
n3345442024,n3345442035,road,0.11,plain,NH327C,2,trunk,1,0,,327729868
n3345442035,n3345442064,road,1.54,plain,NH327C,2,trunk,0,0,,327729881
n3345442064,n3345443329,road,3.13,plain,NH327C,2,trunk,0,0,,327729881
n3345443325,n3345443329,road,0.1,plain,NH327C,2,trunk,1,0,,327729869
n3345443325,n3345443403,road,5.54,plain,NH327C,2,trunk,0,0,,327729875
n3345443403,n3345443404,road,0.17,plain,NH327C,2,trunk,1,0,,327729870
n3345462467,n3345462633,road,3.32,plain,primary,2,primary,0,0,,500479332
n3345462467,n8458502847,road,0.33,plain,primary,2,primary,0,0,,1091370438
n3345462633,n3345462679,road,3.35,plain,primary,2,primary,0,0,,500546885
n3345462679,n3345462703,road,1.58,plain,primary,2,primary,0,0,,608925674
n3363539257,n5775866712,road,0.94,plain,NH715A,2,trunk,0,0,,975597842
n3367513140,n835159533,road,0.63,plain,NH27,2,trunk,0,0,,327755376
n3367513140,n835160279,road,0.08,plain,NH27,2,trunk,1,0,,1035125120
n3388591641,n3951303910,road,0.08,plain,SH1,2,primary,1,0,asphalt,659389686
n3393379510,n4332457059,road,6.78,mountain,primary,2,primary,0,0,,435316427
n342098065,n567485353,road,6.06,plain,NH15,2,trunk,0,0,asphalt,44733868
n342098065,n567485412,road,0.43,plain,NH15,2,trunk,0,0,,44734383
n342099041,n835236359,road,13.67,mountain,NH13,2,trunk,0,0,,69870113
n342099208,n835357953,road,0.19,plain,trunk,2,trunk,0,0,,1353112878
n342099620,n567486287,road,0.35,plain,NH15,2,primary,0,0,,389363497
n342099620,n567486324,road,2.67,plain,primary,2,primary,0,0,,826599922
n3431633207,n3889160571,road,1.38,plain,secondary,2,secondary,0,0,,96566495
n3440676547,n3885902306,road,11.07,mountain,NH6,2,trunk,0,0,,663830929
n3454068821,n3454445028,road,2.29,plain,secondary,2,secondary,0,0,asphalt,1033558760
n3454445028,n3454846720,road,18.22,mountain,secondary,2,secondary,0,0,asphalt,338368766
n3454846720,n3454892796,road,17.0,mountain,secondary,2,secondary,0,0,asphalt,338408830
n3454892796,n3455680160,road,1.49,plain,secondary,2,secondary,0,0,asphalt,1254637505
n3455075763,n3455076019,road,2.25,plain,CA-M-004,2,secondary,0,0,asphalt,668316172
n3455075763,n4928101390,road,0.87,plain,CA-M-003,2,secondary,0,0,asphalt,1320966765
n3455075763,n567780601,road,1.64,plain,CA-M-004,2,secondary,0,0,asphalt,662180148
n3455076019,n3455076051,road,4.26,plain,CA-M-004,2,secondary,0,0,asphalt,668316172
n3455076019,n9721974647,road,1.58,plain,CA-M-005,2,secondary,0,0,unpaved,1058440324
n3455076051,n3455076087,road,2.93,plain,CA-M-004,2,secondary,0,0,asphalt,541621682
n3455076087,n3455076125,road,1.92,plain,CA-M-004,2,secondary,0,0,asphalt,1058463306
n3455076125,n3455076155,road,0.1,plain,CA-M-004,2,secondary,1,0,concrete,541621681
n3455076155,n3455076190,road,2.53,plain,CA-M-004,2,secondary,0,0,asphalt,541621679
n3455076190,n3455076194,road,0.57,plain,CA-M-004,2,secondary,0,0,asphalt,1321148064
n3455076194,n3455076198,road,1.51,plain,CA-M-004,2,secondary,0,0,asphalt,1321148066
n3455076198,n3455076235,road,1.61,plain,CA-M-002,2,secondary,0,0,asphalt,1320958245
n3455076198,n6262443163,road,6.78,plain,CA-M-004,2,secondary,0,0,paved,1058443431
n3455076235,n9721968665,road,4.37,mountain,CA-M-002,2,secondary,0,0,asphalt,541621675
n3455080984,n3455080990,road,1.46,plain,CA-M-002,2,secondary,0,0,asphalt,541621675
n3455080984,n9720293884,road,3.28,plain,CA-M-003,2,secondary,0,0,asphalt,1057870226
n3455080984,n9721968665,road,3.57,plain,CA-M-002,2,secondary,0,0,asphalt,541621675
n3455080990,n3455080992,road,0.56,plain,CA-M-002,2,secondary,0,0,asphalt,541621671
n3455080992,n3455081299,road,0.58,plain,CA-M-001,2,secondary,0,0,asphalt,1320958246
n3455080992,n6247259744,road,3.57,plain,CA-M-001,2,secondary,0,0,asphalt,667234705
n3455081299,n3455081300,road,0.09,plain,CA-M-001,2,secondary,1,0,asphalt,541621670
n3455081300,n9719739535,road,0.83,plain,CA-M-001,2,secondary,0,0,asphalt,541621669
n3455081305,n3455081309,road,1.19,plain,CA-M-001,2,secondary,0,0,asphalt,1057788954
n3455081305,n9719739535,road,0.8,plain,CA-M-001,2,secondary,0,0,asphalt,1057800367
n3455081309,n3455081316,road,0.13,plain,CA-M-001,2,secondary,1,0,concrete,541621668
n3455081316,n3455081322,road,0.71,plain,CA-M-001,2,secondary,0,0,asphalt,1327645972
n3455081322,n3455081335,road,3.79,plain,MDR,2,secondary,0,0,asphalt,338429869
n3455081322,n4928101490,road,4.49,plain,MDR,2,secondary,0,0,,502293499
n3455081335,n567780727,road,2.85,plain,MDR,2,secondary,0,0,asphalt,1320817642
n3455680160,n3455768917,road,5.63,mountain,secondary,2,secondary,0,0,asphalt,338840682
n3462002941,n569042345,road,0.59,plain,NH2,2,trunk,0,0,,1081097707
n3474137066,n3474138423,road,2.8,plain,primary,2,primary,0,0,,1051260998
n3474137066,n4021641627,road,2.46,plain,primary,2,primary,0,0,,499750048
n3494085633,n3494085693,road,1.95,plain,secondary,2,secondary,0,0,paved,342399834
n3494085693,n3494085723,road,3.36,plain,secondary,2,secondary,0,0,paved,342399837
n3494085723,n3494085724,road,0.08,plain,secondary,2,secondary,1,0,paved,342399839
n3494085724,n3494085730,road,0.95,plain,secondary,2,secondary,0,0,paved,342399841
n3494085730,n3494085762,road,1.78,plain,secondary,2,secondary,0,0,paved,342399841
n3494085730,n9122971053,road,0.95,plain,secondary,2,secondary,1,0,,986985971
n3495531897,n575546743,road,4.98,mountain,NH110,2,trunk,0,0,,47416610
n3515195529,n3515195562,road,2.17,plain,secondary,2,secondary,0,0,asphalt,1266086117
n3515195562,n3515195704,road,0.13,plain,secondary,2,secondary,0,0,asphalt,1245316731
n3515195704,n3517621029,road,0.77,plain,secondary,2,secondary,0,0,asphalt,345070449
n3515195704,n4914327178,road,0.47,plain,secondary,2,secondary,0,0,asphalt,1245316731
n3515195818,n3515195826,road,0.2,plain,secondary,2,secondary,1,0,asphalt,1245316732
n3515195818,n4914327178,road,0.71,plain,secondary,2,secondary,0,0,asphalt,1245316731
n3515195826,n3515196115,road,4.03,plain,secondary,2,secondary,0,0,asphalt,345081512
n3515196115,n3515196190,road,3.52,plain,secondary,2,secondary,0,0,asphalt,1247704838
n3515196190,n3519943822,road,2.26,plain,secondary,2,secondary,0,0,asphalt,614529950
n3515196338,n3515196343,road,0.1,plain,secondary,2,secondary,1,0,asphalt,614529954
n3515196338,n3517621214,road,0.26,plain,secondary,2,secondary,0,0,asphalt,614529950
n3517621029,n4914327178,road,0.45,plain,secondary,2,secondary,0,0,,500358032
n3517621214,n3517621278,road,1.09,plain,secondary,2,secondary,0,0,asphalt,1254864371
n3517621214,n3517621287,road,1.66,plain,secondary,2,secondary,0,0,asphalt,1254308545
n3517621214,n3519943822,road,1.3,plain,secondary,2,secondary,0,0,asphalt,614529950
n3517621278,n3517621577,road,3.28,plain,secondary,2,secondary,0,0,asphalt,1244623999
n3517621287,n3517621294,road,0.48,plain,secondary,2,secondary,0,0,asphalt,1254848873
n3517621294,n3517621386,road,2.35,plain,secondary,2,secondary,0,0,asphalt,1245537340
n3517621333,n3517621386,road,0.13,plain,secondary,2,secondary,1,0,asphalt,1245537341
n3517621577,n3517621603,road,1.36,plain,secondary,2,secondary,0,0,asphalt,1245319556
n3525742732,n3525742733,road,0.17,plain,secondary,2,secondary,0,0,asphalt,1283397954
n3525742733,n3525742736,road,0.24,plain,secondary,2,secondary,1,0,asphalt,1283397955
n3525742736,n3525742737,road,0.24,plain,secondary,2,secondary,1,0,asphalt,1283397956
n3525742737,n3525742762,road,0.91,plain,secondary,2,secondary,0,0,asphalt,345968962
n3525742762,n5838434404,road,2.21,plain,secondary,2,secondary,0,0,,615195218
n3546141072,n3546141076,road,0.58,plain,secondary,2,secondary,0,0,asphalt,1348282534
n3546141076,n567486083,road,5.11,hilly,secondary,2,secondary,0,0,asphalt,349663306
n3555213498,n3555213499,road,0.49,plain,NH515,2,trunk,1,0,asphalt,407792599
n3555213499,n4724765291,road,0.09,plain,NH515,2,trunk,1,0,asphalt,479358850
n3588844443,n6334186975,road,1.36,plain,secondary,2,secondary,0,0,,1493513236
n3588844499,n3588844508,road,0.08,plain,primary,2,primary,1,0,,353105408
n3637671395,n3637671444,road,0.33,plain,NH715,2,trunk,0,0,,1351544879
n3637671444,n3637671508,road,3.3,plain,NH715,2,trunk,0,0,,1306115716
n3637671444,n567378827,road,4.47,plain,NH715,2,trunk,0,0,,1306115711
n3637671508,n567378827,road,1.66,plain,NH715,2,trunk,0,0,,1306120753
n3637672670,n3788081449,road,2.03,plain,secondary,2,secondary,0,0,,375444662
n3637677158,n3637677185,road,1.51,plain,NH715,2,trunk,0,0,,1215032540
n3675635748,n3675635796,road,2.43,plain,NH315A,2,trunk,0,0,,1368289040
n3675635796,n3675636086,road,3.18,plain,NH315A,2,trunk,0,0,,1368289042
n3675636086,n3675636095,road,0.76,plain,NH315A,2,trunk,0,0,,850930448
n3675636095,n3675636176,road,7.99,plain,NH315A,2,trunk,0,0,,387649160
n3675636176,n3675636253,road,3.8,hilly,NH315A,2,trunk,0,0,,387649160
n3675636176,n3875985762,road,0.85,plain,secondary,2,secondary,0,0,,384299136
n3676944166,n3676944167,road,0.16,plain,secondary,2,secondary,1,0,,363530436
n3676944166,n6376196468,road,9.21,plain,secondary,2,secondary,0,0,,342399845
n3677048121,n3677048123,road,0.16,plain,secondary,2,secondary,1,0,,363537334
n3677048123,n3677048124,road,1.0,plain,secondary,2,secondary,0,0,,363537335
n3677048124,n3677048141,road,0.37,plain,secondary,2,secondary,0,0,,653894632
n3677062183,n3897033189,road,2.12,plain,NH27,2,trunk,0,0,,386384613
n3677062183,n3897033221,road,1.16,plain,NH27,2,trunk,0,0,,386384613
n3677477479,n3677477494,road,1.43,plain,secondary,2,secondary,0,0,,1049262668
n3677477479,n9642844437,road,0.85,plain,secondary,2,secondary,0,0,,1049270155
n3677477490,n9642475373,road,0.35,plain,secondary,2,secondary,0,0,,1049243714
n3677477490,n9642563380,road,1.24,plain,secondary,2,secondary,0,0,,363819654
n3677477494,n9648380850,road,0.6,plain,secondary,2,secondary,0,0,,1049903209
n3677477496,n3679490876,road,0.08,plain,secondary,2,secondary,1,0,,363819653
n3677477496,n9647538210,road,2.23,plain,secondary,2,secondary,0,0,,363579811
n3677477501,n9647538210,road,0.82,plain,secondary,2,secondary,0,0,,1049815097
n3677477501,n9647538212,road,0.2,plain,secondary,2,secondary,0,0,,1049815101
n3677477507,n9647538212,road,0.31,plain,secondary,2,secondary,0,0,,1049815099
n3677477507,n9648380850,road,2.33,plain,secondary,2,secondary,0,0,,1049279520
n3677482326,n568597399,road,0.56,plain,NH17,2,trunk,0,0,,1034779557
n3677482326,n568597475,road,2.34,plain,NH17,2,trunk,0,0,,288639205
n3677614505,n3677614508,road,0.46,plain,10A,2,primary,0,0,,363593111
n3677614505,n3677615137,road,15.32,plain,SH10A,2,primary,0,0,,363593102
n3677614508,n3677615184,road,7.84,plain,primary,2,primary,0,0,,363593117
n3677614508,n3677615235,road,6.99,plain,SH6,2,primary,0,0,,363593110
n3677614802,n3677614810,road,0.6,plain,SH2,2,primary,0,0,,1466786353
n3677614802,n5058290140,road,3.3,plain,SH2,2,primary,0,0,,1466786355
n3677614810,n4571273962,road,2.74,plain,SH2,2,primary,0,0,,363593106
n3677615184,n3677615205,road,4.07,plain,primary,2,primary,0,0,,363593123
n3677615205,n3677615207,road,0.12,plain,primary,2,primary,1,0,,1301130301
n3677615235,n5775678353,road,6.46,plain,SH6,2,primary,0,0,,609803324
n3677615433,n3677615436,road,0.17,plain,SH4,2,primary,1,0,,973568495
n3677615436,n3677615447,road,3.66,plain,SH4,2,primary,0,0,,260950915
n3677615447,n5745789322,road,2.12,plain,SH4,2,primary,0,0,,170002949
n3677642609,n3677642619,road,5.2,plain,SH46,2,primary,0,0,,498372999
n3677642609,n4900538760,road,0.11,plain,SH46,2,primary,1,0,,498679693
n3677642619,n3677644432,road,3.88,plain,SH46,2,primary,0,0,,363595957
n3677644428,n3677644432,road,1.3,plain,SH46,2,primary,0,0,,363595960
n3677644428,n3677644434,road,1.37,plain,SH46,2,primary,0,0,,497946362
n3677644428,n4898173042,road,3.57,plain,SH12,2,primary,0,0,,498373004
n3677644434,n3677644436,road,0.09,plain,SH46,2,primary,1,0,,497946361
n3677644436,n3677644445,road,3.12,plain,SH46,2,primary,0,0,,499164318
n3677644445,n3677644449,road,2.34,plain,SH46,2,primary,0,0,,499164312
n3677644449,n9088571774,road,3.8,plain,SH46,2,primary,0,0,,363595958
n3677644461,n3677644464,road,1.54,plain,primary,2,primary,0,0,,1393360505
n3677644461,n3949331972,road,8.96,hilly,primary,2,primary,0,0,paved,391691375
n3677644461,n5629910720,road,0.54,plain,SH46,2,primary,0,0,,982873499
n3677644464,n3949331972,road,6.44,plain,primary,2,primary,0,0,,659775092
n3677644476,n3949331972,road,4.22,plain,primary,2,primary,0,0,paved,1393360504
n3677645060,n5254707395,road,0.85,plain,secondary,2,secondary,0,0,,543570352
n3677645060,n6619010979,road,3.61,plain,secondary,2,secondary,0,0,,860615700
n3677676521,n3677676522,road,0.36,plain,secondary,2,secondary,1,0,,363598492
n3677676521,n3677706516,road,2.08,plain,secondary,2,secondary,0,0,,363602023
n3677676522,n3677676530,road,0.49,plain,secondary,2,secondary,0,0,,1049233008
n3677676530,n3677676535,road,1.2,plain,secondary,2,secondary,0,0,,363598493
n3677676535,n3679412263,road,0.98,plain,secondary,2,secondary,0,0,,363813940
n3677706509,n3677706512,road,1.17,plain,secondary,2,secondary,0,0,,1049856606
n3677706509,n4279635428,road,5.13,hilly,secondary,2,secondary,0,0,,363602021
n3677706512,n3677706515,road,0.22,plain,secondary,2,secondary,0,0,,363598491
n3677706512,n4279635430,road,5.82,plain,secondary,2,secondary,0,0,,1050154149
n3677706515,n3677706516,road,0.09,plain,secondary,2,secondary,1,0,,363602024
n3677790476,n569316645,road,0.64,plain,NH17,2,trunk,0,0,,363609978
n3677790476,n569316722,road,0.24,plain,NH17,2,trunk,0,0,,1278631932
n3677914259,n568597517,road,2.66,plain,NH17,2,trunk,0,0,,288639198
n3679490876,n9642563380,road,1.1,plain,secondary,2,secondary,0,0,,1049243709
n3679490982,n3679568978,road,5.84,plain,secondary,2,secondary,0,0,,1049515290
n3679490982,n9642475373,road,4.47,hilly,secondary,2,secondary,0,0,,363579806
n3679568221,n3679568326,road,0.63,plain,secondary,2,secondary,0,0,,1050164982
n3679568221,n9551046620,road,4.66,plain,secondary,2,secondary,0,0,,1049237492
n3679568326,n9642482971,road,0.96,plain,secondary,2,secondary,0,0,,1049237494
n3679568978,n9642482971,road,0.9,plain,secondary,2,secondary,0,0,,1049237496
n3684327549,n3964170716,road,0.4,plain,secondary,2,secondary,0,0,,393201103
n3684327549,n5120487741,road,0.63,plain,SH19,2,primary,0,0,asphalt,1312652763
n3684327566,n5120489840,road,0.94,plain,SH19,2,primary,0,0,asphalt,1312661439
n3686971920,n3686971924,road,2.71,plain,NH715,2,trunk,0,0,,1305376859
n3686971924,n3687018036,road,3.57,plain,NH715,2,trunk,0,0,,1305376861
n3687018036,n567356597,road,5.03,plain,NH715,2,trunk,0,0,,1305376863
n3687018036,n8891072814,road,3.67,plain,NH715,2,trunk,0,0,,1305376862
n3688609417,n3693755114,road,1.58,plain,secondary,2,secondary,0,0,unpaved,364823524
n3700175916,n3700314457,road,11.44,mountain,secondary,2,secondary,0,0,unpaved,366948665
n3701019500,n3701021477,road,7.76,mountain,secondary,2,secondary,0,0,asphalt,680451510
n3701019500,n3701021524,road,0.62,plain,secondary,2,secondary,0,0,asphalt,680445083
n3701021426,n3701021502,road,0.35,plain,secondary,2,secondary,0,0,asphalt,680445087
n3701021426,n3701021524,road,1.12,plain,secondary,2,secondary,0,0,asphalt,680445086
n3701021477,n3701076353,road,6.24,mountain,secondary,2,secondary,0,0,gravel,366118332
n3701021502,n567774582,road,0.7,plain,secondary,2,secondary,0,0,asphalt,366112828
n3701076353,n4022575060,road,8.93,mountain,secondary,2,secondary,0,0,,461662497
n3701126625,n3701126642,road,6.13,mountain,primary,2,primary,0,0,asphalt,366123422
n3701126625,n3701126643,road,25.94,hilly,secondary,2,secondary,0,0,asphalt,612268476
n3701126642,n3701132188,road,9.57,hilly,primary,2,primary,0,0,asphalt,659670274
n3701132188,n3701145768,road,10.48,mountain,SH18,2,primary,0,0,asphalt,608605413
n3701145767,n3701145768,road,4.37,hilly,SH18,2,primary,0,0,asphalt,669003585
n3701145767,n3701145985,road,2.58,plain,SH18,2,primary,0,0,asphalt,669003614
n3701145971,n3701145985,road,2.84,plain,SH18,2,primary,0,0,asphalt,669003620
n3701145971,n4571882367,road,0.74,plain,SH19,2,primary,0,0,,461726888
n3701145971,n5765860147,road,10.18,hilly,SH18,2,primary,0,0,,608605409
n3701153414,n6211475757,road,21.13,mountain,primary,2,primary,0,0,,663626317
n3701153414,n7654258307,road,22.19,hilly,NH502A,2,trunk,0,0,compacted,243182462
n3701159961,n3701159963,road,0.3,plain,SH19,2,primary,0,0,asphalt,659674223
n3701159961,n3701162616,road,11.26,hilly,SH19,2,primary,0,0,asphalt,366127973
n3701159961,n3878444391,road,7.76,plain,NH627,2,trunk,0,0,,1312615501
n3701159961,n3878444772,road,15.87,mountain,NH627,2,trunk,0,0,,384532052
n3701159963,n4571882367,road,0.8,plain,SH19,2,primary,0,0,,461727375
n3701162608,n3701162609,road,0.21,plain,SH19,2,primary,1,0,asphalt,366128152
n3701162608,n3701162614,road,0.17,plain,SH19,2,primary,0,0,asphalt,1357801195
n3701162609,n5120487741,road,8.58,plain,SH19,2,primary,0,0,asphalt,136295996
n3701162614,n3701162616,road,0.39,plain,SH19,2,primary,0,0,asphalt,1357801196
n3701170423,n3701171827,road,4.07,plain,NH115,2,trunk,0,0,asphalt,1305321033
n3701171827,n3701171832,road,0.75,plain,NH115,2,trunk,0,0,asphalt,366128953
n3701171832,n3701171833,road,1.03,plain,NH115,2,trunk,0,0,asphalt,1305321034
n3701172837,n4571959313,road,6.21,plain,SH19,2,primary,0,0,asphalt,461728227
n3701229735,n3701229737,road,0.28,plain,NH208A,2,trunk,0,0,asphalt,1346237519
n3701229735,n3701235047,road,2.32,plain,NH208A,2,trunk,0,0,asphalt,1346237521
n3701229737,n3701229800,road,13.52,mountain,NH208A,2,trunk,0,0,asphalt,978243002
n3701229800,n3701229809,road,0.19,plain,NH208A,2,trunk,0,0,asphalt,1329721481
n3701229809,n567778966,road,1.16,plain,NH208A,2,trunk,0,0,asphalt,1329721482
n3701230233,n3701235047,road,2.9,plain,secondary,2,secondary,0,0,asphalt,1330287976
n3701230233,n567778496,road,1.01,plain,secondary,2,secondary,0,0,asphalt,1266646016
n3701235047,n3701235049,road,0.09,plain,NH208A,2,trunk,0,0,asphalt,566116592
n3701305578,n3701305615,road,14.16,mountain,secondary,2,secondary,0,0,,366138354
n3701305615,n6188499361,road,15.88,mountain,secondary,2,secondary,0,0,,662281788
n3701305615,n6211475757,road,0.13,plain,secondary,2,secondary,1,0,,663736723
n3701321458,n3704616143,road,4.74,hilly,NH-208A,2,trunk,0,0,asphalt,1396191184
n3701352862,n3701352908,road,1.97,plain,primary,2,primary,0,0,asphalt,366144882
n3701352862,n3701353061,road,1.74,plain,NH208,2,trunk,0,0,asphalt,384497057
n3701352862,n3702855503,road,1.87,plain,NH208,2,trunk,0,0,,384497059
n3701352920,n3701353029,road,0.71,plain,NH208A,2,secondary,0,0,asphalt,1451324902
n3701353029,n3701353034,road,1.5,plain,NH208,2,trunk,0,0,asphalt,366144885
n3701353034,n3701353061,road,0.19,plain,NH208,2,trunk,1,0,asphalt,366144884
n3702855503,n3877963276,road,21.35,mountain,NH208,2,trunk,0,0,,366309916
n3702855569,n3877963276,road,2.37,plain,NH208,2,trunk,0,0,,384497058
n3702996749,n4023346600,road,0.1,plain,SH12,2,primary,1,0,,399617012
n3702996749,n4023346636,road,2.58,plain,SH12,2,primary,0,0,,399617028
n3702996885,n3702996943,road,3.71,hilly,SH12,2,primary,0,0,,1252975677
n3702996885,n4023346600,road,8.42,hilly,SH12,2,primary,0,0,,1096931451
n3702996943,n3702996947,road,0.1,plain,SH12,2,primary,1,0,,1096931452
n3702996947,n3702997049,road,7.89,hilly,SH12,2,primary,0,0,,399616998
n3702997049,n4023345939,road,4.54,hilly,SH12,2,primary,0,0,,1096931453
n3703039491,n3703039513,road,1.85,plain,MDR5,2,secondary,0,0,,630199140
n3703039491,n5945042878,road,1.94,plain,secondary,2,secondary,0,0,,1502436589
n3703039513,n3703063357,road,2.05,plain,secondary,2,secondary,0,0,,588947314
n3703063357,n3703063400,road,5.12,plain,secondary,2,secondary,0,0,,588947314
n3703063400,n3703063401,road,0.12,plain,secondary,2,secondary,1,0,,399617019
n3703063401,n3703063418,road,1.86,plain,secondary,2,secondary,0,0,,399617021
n3703063529,n3703063533,road,0.5,plain,secondary,2,secondary,0,0,,700020340
n3703063529,n3704887534,road,0.37,plain,secondary,2,secondary,0,0,,366505465
n3703192312,n3703192980,road,24.83,mountain,secondary,2,secondary,0,0,unpaved,366341027
n3703292691,n3703293180,road,5.57,mountain,NH513,2,trunk,0,0,asphalt,366350102
n3703292691,n3703361135,road,1.31,plain,NH513,2,trunk,0,0,unpaved,565158284
n3703293159,n3703293183,road,0.34,plain,secondary,2,secondary,0,0,unpaved,924592855
n3703293159,n3703293188,road,0.52,plain,secondary,2,secondary,0,0,,366350098
n3703293180,n3703293183,road,0.21,plain,NH513,2,trunk,0,0,asphalt,924592859
n3703358668,n3703358669,road,0.1,plain,NH513,2,trunk,1,0,unpaved,366357303
n3703358668,n5443919977,road,1.41,plain,NH513,2,trunk,0,0,unpaved,565158267
n3703361135,n3703361224,road,6.68,mountain,NH513,2,trunk,0,0,unpaved,565158284
n3703361135,n8344614438,road,1.45,plain,secondary,2,secondary,0,0,,897890823
n3703361224,n5443919977,road,10.99,mountain,NH513,2,trunk,0,0,unpaved,565158268
n3703361224,n8344614438,road,1.45,plain,secondary,2,secondary,0,0,dirt,897890824
n3704887534,n3704887536,road,0.31,plain,secondary,2,secondary,0,0,,630199157
n3706635197,n3706635205,road,1.72,plain,N512,2,trunk,0,0,asphalt,653894685
n3706635205,n3706635225,road,2.58,plain,secondary,2,secondary,0,0,,1346086090
n3711655341,n829980096,road,7.83,plain,primary,2,primary,0,0,,69228583
n3712003971,n3716565325,road,12.88,mountain,secondary,2,secondary,0,0,,367254984
n3713766853,n3713766921,road,5.16,plain,secondary,2,secondary,0,0,,603964329
n3716565325,n5554371786,road,5.65,plain,secondary,2,secondary,0,0,,584600877
n3718239467,n6376196468,road,0.5,plain,secondary,2,secondary,0,0,,680925791
n3722646768,n3722646798,road,3.95,mountain,secondary,2,secondary,0,0,,368428930
n3722646803,n3722652425,road,1.23,plain,secondary,2,secondary,0,0,,680594442
n3722652425,n3722652429,road,2.95,plain,secondary,2,secondary,0,0,,368429348
n3722652429,n8450405099,road,0.39,plain,MDR,2,secondary,0,0,asphalt,1356354491
n3722652429,n9235294584,road,0.81,plain,secondary,2,secondary,0,0,,1356354499
n3723078707,n4951593151,road,0.88,plain,MDR,2,secondary,0,0,asphalt,505139429
n3723078707,n5414147655,road,1.84,plain,secondary,2,secondary,0,0,,505139432
n3723078928,n3723078942,road,1.87,plain,MDR,2,secondary,0,0,,1047773948
n3736220267,n566687577,road,1.59,plain,primary,2,primary,0,0,,44768600
n3736220267,n567770693,road,0.3,plain,primary,2,primary,1,0,,421591821
n3736878493,n567511979,road,0.95,plain,NH715,2,trunk,0,0,asphalt,1305471333
n3736878493,n567513927,road,2.08,plain,NH715,2,trunk,0,0,asphalt,1172385628
n3788081439,n3788095772,road,0.65,plain,secondary,2,secondary,0,0,,375444651
n3788081439,n3788095776,road,1.13,plain,secondary,2,secondary,0,0,,375444612
n3788081441,n3788095763,road,1.33,plain,secondary,2,secondary,0,0,,375444657
n3788081441,n3788095772,road,0.85,plain,secondary,2,secondary,0,0,,375444678
n3788081445,n3788081449,road,1.68,plain,secondary,2,secondary,0,0,,375444608
n3788081445,n3788095776,road,3.19,plain,secondary,2,secondary,0,0,,375444658
n3788095763,n3788095777,road,0.73,plain,secondary,2,secondary,0,0,,375444610
n3798891857,n3798891861,road,0.53,plain,secondary,2,secondary,0,0,,1360669392
n3807599417,n3807599421,road,2.11,plain,secondary,2,secondary,1,0,,377386148
n3807599417,n4758150231,road,2.37,plain,secondary,2,secondary,0,0,,553300752
n3807599421,n8890517300,road,2.7,plain,secondary,2,secondary,0,0,,553300751
n3826804069,n3826804071,road,0.11,plain,NH27,2,trunk,1,0,paved,379377377
n3826827947,n3826828460,road,0.2,plain,NH27,2,trunk,0,0,asphalt,379379537
n3826828460,n3826828462,road,0.24,plain,NH27,2,trunk,1,0,asphalt,379379532
n3826828462,n3826828468,road,0.74,plain,NH27,2,trunk,0,0,asphalt,379379541
n3826828488,n3826828504,road,1.18,plain,NH27,2,trunk,0,0,asphalt,379379541
n3826828504,n3826828531,road,1.55,plain,NH27,2,trunk,0,0,asphalt,379379527
n3861899124,n3861899135,road,1.97,plain,secondary,2,secondary,0,0,,382987335
n3870656699,n7939996539,road,4.29,hilly,NH129A,2,trunk,0,0,,851294839
n3875985762,n5867494314,road,2.66,plain,secondary,2,secondary,0,0,,621109015
n3875988367,n986498387,road,0.66,plain,NH315A,2,trunk,0,0,,1056598116
n3875988367,n986498396,road,4.0,plain,NH315A,2,trunk,0,0,,1046149612
n3877536812,n3877537566,road,17.54,mountain,NH513,2,trunk,0,0,,384464463
n3877536812,n746931679,road,32.06,mountain,NH513,2,trunk,0,0,,384464464
n3877537566,n3877538214,road,9.73,mountain,NH513,2,trunk,0,0,,565158246
n3877588506,n3877588624,road,2.87,plain,NH313,2,trunk,0,0,,384468502
n3877588506,n5228170554,road,0.31,plain,NH313,2,trunk,1,0,,540413002
n3877588624,n3877588772,road,0.15,plain,NH313,2,trunk,1,0,,384468501
n3877588772,n3877590195,road,46.66,mountain,NH313,2,trunk,0,0,,384468500
n3877590195,n3877591968,road,27.63,mountain,NH313,2,trunk,0,0,,384468499
n3877591968,n3877609074,road,23.98,mountain,NH313,2,trunk,0,0,,384468503
n3877609074,n3877609233,road,4.25,mountain,NH313,2,trunk,0,0,,507165283
n3877609233,n3877609308,road,5.65,mountain,NH313,2,trunk,0,0,,507165286
n3877609308,n3877609624,road,5.64,mountain,NH313,2,trunk,0,0,,507165275
n3877609624,n3877609965,road,6.2,mountain,NH313,2,trunk,0,0,,507165287
n3877609965,n3877610373,road,5.06,mountain,NH313,2,trunk,0,0,,507165284
n3877610373,n3877610516,road,5.75,mountain,NH313,2,trunk,0,0,,507165278
n3877610516,n3877610605,road,3.25,hilly,NH313,2,trunk,0,0,,507165273
n3877610605,n3877610886,road,5.34,hilly,NH313,2,trunk,0,0,,507165282
n3877610763,n3877610886,road,4.73,mountain,NH313,2,trunk,0,0,,384471006
n3877610763,n3940789882,road,15.05,mountain,NH313,2,trunk,0,0,,961091547
n3877647577,n3877648331,road,3.79,mountain,NH713,2,trunk,0,0,,384475472
n3878170990,n3959122329,road,11.12,mountain,NH215,2,trunk,0,0,,392723887
n3878443665,n3878443853,road,5.02,plain,NH627,2,trunk,0,0,asphalt,1365630638
n3878443665,n3878466615,road,40.01,mountain,NH627,2,trunk,0,0,asphalt,384532055
n3878443853,n3878444038,road,7.05,hilly,NH627,2,trunk,0,0,asphalt,1365630638
n3878443853,n6175514645,road,18.57,hilly,SH16,2,primary,0,0,,659589592
n3878444038,n3878444043,road,0.12,plain,NH627,2,trunk,1,0,,384532048
n3878444043,n3878444155,road,6.61,plain,NH627,2,trunk,0,0,,384532045
n3878444137,n3878444139,road,0.17,plain,NH627,2,trunk,0,0,,197997754
n3878444139,n3878444150,road,0.24,plain,NH627,2,trunk,1,0,,384532049
n3878444150,n3878444155,road,3.17,hilly,NH627,2,trunk,0,0,,384532045
n3878444155,n5714069384,road,6.19,hilly,secondary,2,secondary,0,0,,665168417
n3878444316,n3878444391,road,5.89,hilly,NH627,2,trunk,0,0,,384532051
n3878444772,n3878444790,road,0.16,plain,NH627,2,trunk,1,0,,384532047
n3878444772,n5765860147,road,7.16,mountain,SH18,2,primary,0,0,,608658007
n3878444790,n3878445391,road,15.55,hilly,NH627,2,trunk,0,0,,384532053
n3878444790,n5798352435,road,3.65,plain,SH18,2,primary,0,0,,612582603
n3878445391,n3878447741,road,15.33,mountain,NH627,2,trunk,0,0,,384532054
n3878447741,n3878447846,road,8.85,hilly,NH627,2,trunk,0,0,,1136499471
n3878447846,n3897088508,road,13.78,mountain,NH27,2,trunk,0,0,,386390122
n3878447846,n567389888,road,0.72,plain,NH27,2,trunk,0,0,,386390122
n3878466615,n6251832413,road,1.52,plain,SH-021,2,primary,0,0,,1003959483
n3879678148,n3879682741,road,2.21,plain,NH306A,2,trunk,0,0,,384637740
n3879678148,n6177045711,road,4.51,plain,SH40,2,primary,0,0,,668327307
n3879678148,n6208067802,road,21.72,mountain,secondary,2,secondary,0,0,,663204888
n3880125518,n3880127344,road,25.22,mountain,secondary,2,secondary,0,0,,384662593
n3880125518,n3940835308,road,3.71,mountain,NH215,2,trunk,0,0,,434301461
n3880125518,n3959120551,road,0.08,plain,NH215,2,trunk,1,0,,434301458
n3880127344,n3880129271,road,4.7,hilly,SH-004,2,primary,0,0,,387649164
n3880129702,n3880129884,road,9.65,hilly,SH-007,2,primary,0,0,asphalt,384662597
n3880247713,n3880250628,road,1.91,plain,NH129A,2,trunk,0,0,,627431115
n3880247713,n3880272354,road,12.98,hilly,NH129A,2,trunk,0,0,,384671068
n3880247713,n5928882862,road,2.31,plain,secondary,2,secondary,0,0,,1052033585
n3880250628,n3880250947,road,5.13,plain,NH129A,2,trunk,0,0,,384669799
n3880250947,n3880251298,road,3.54,mountain,NH129A,2,trunk,0,0,,629540066
n3880251298,n3880251374,road,2.22,plain,NH129A,2,trunk,0,0,,629540066
n3880251298,n569069375,road,4.82,plain,primary,2,primary,0,0,,606446299
n3880270496,n3880272354,road,4.19,plain,NH129A,2,trunk,0,0,,384671068
n3880270496,n5803724428,road,0.13,plain,secondary,2,secondary,1,0,,628016865
n3880272354,n5870460252,road,2.9,plain,NH229,2,trunk,0,0,,621417815
n3880272354,n5928686539,road,4.09,plain,secondary,2,secondary,0,0,,621417813
n3881589158,n3881603029,road,12.78,mountain,NH302,2,trunk,0,0,,384803773
n3881589158,n6211787714,road,8.0,mountain,primary,2,primary,0,0,,663649562
n3881603029,n6188499361,road,1.19,plain,primary,2,primary,0,0,,661006251
n3881686362,n3881690528,road,12.77,mountain,NH702,2,trunk,0,0,,384813864
n3881686362,n3881747404,road,9.38,mountain,NH702B,2,trunk,0,0,,384816902
n3881686362,n5904499337,road,29.02,mountain,secondary,2,secondary,0,0,,625327607
n3881744723,n3881747404,road,8.12,mountain,NH702B,2,trunk,0,0,,384816902
n3884004622,n3884005483,road,27.63,mountain,primary,2,primary,0,0,,385045684
n3884005483,n3884006513,road,10.87,mountain,NH702A,2,trunk,0,0,,873107499
n3884005483,n5908454862,road,3.01,mountain,NH702A,2,trunk,0,0,,626507348
n3884006513,n3884024942,road,10.86,mountain,secondary,2,secondary,0,0,,385047404
n3884006513,n5896476372,road,28.23,mountain,NH702A,2,trunk,0,0,,385045688
n3884008374,n5896476372,road,10.4,mountain,NH702A,2,trunk,0,0,,1238801927
n3884081977,n3884084074,road,29.46,hilly,secondary,2,secondary,0,0,,385053281
n3884084074,n3884084371,road,7.31,mountain,secondary,2,secondary,0,0,,385053281
n3884084371,n3884085304,road,1.26,plain,secondary,2,secondary,0,0,,1447332329
n3884084610,n3884084847,road,13.3,mountain,secondary,2,secondary,0,0,,385053286
n3884084610,n3884085304,road,3.81,mountain,secondary,2,secondary,0,0,,1413006083
n3884084847,n3884085723,road,9.84,plain,secondary,2,secondary,0,0,,248824773
n3884084847,n3884089487,road,0.09,plain,secondary,2,secondary,1,0,,1206809439
n3884085723,n3884086300,road,9.14,hilly,secondary,2,secondary,0,0,,248824773
n3884085723,n3884089934,road,8.23,hilly,secondary,2,secondary,0,0,,96564819
n3884089487,n3884089615,road,8.69,hilly,secondary,2,secondary,0,0,,1206809438
n3884089927,n3884089934,road,0.83,plain,secondary,2,secondary,0,0,,1131538321
n3884089927,n3884089936,road,0.1,plain,secondary,2,secondary,1,0,,1232120506
n3884827348,n3884827637,road,19.09,mountain,primary,2,primary,0,0,,385130201
n3884827637,n3884828470,road,21.09,mountain,primary,2,primary,0,0,,385130171
n3884935103,n3884935658,road,6.59,mountain,primary,2,primary,0,0,,385140334
n3884935103,n3885072234,road,22.56,mountain,primary,2,primary,0,0,,661020061
n3884935658,n3884935794,road,17.52,mountain,primary,2,primary,0,0,,661031633
n3884935794,n3884938576,road,19.78,mountain,primary,2,primary,0,0,,385140327
n3884936402,n3884938576,road,0.08,plain,primary,2,primary,1,0,,385140332
n3885125046,n3885126031,road,10.33,mountain,secondary,2,secondary,0,0,,1132695556
n3885878971,n3885878979,road,0.11,plain,NH208,2,trunk,1,0,,385233091
n3885878971,n6195752548,road,1.46,plain,NH208,2,trunk,0,0,,385233094
n3885878979,n3885879576,road,3.54,hilly,NH208,2,trunk,0,0,,385233075
n3885879576,n3885880372,road,1.58,plain,NH208,2,trunk,0,0,,541015476
n3885880372,n6195603198,road,6.2,hilly,NH208,2,trunk,0,0,,385233097
n3885902039,n3885902216,road,4.91,mountain,secondary,2,secondary,0,0,,1343894505
n3885902216,n3885902242,road,1.03,plain,secondary,2,secondary,0,0,,385235102
n3885902242,n3885902306,road,3.91,mountain,secondary,2,secondary,0,0,,385235103
n3887833902,n3887833989,road,6.84,mountain,primary,2,primary,0,0,,385437485
n3887833902,n3889535111,road,12.06,mountain,primary,2,primary,0,0,,385616925
n3887833989,n3887834495,road,1.48,plain,primary,2,primary,0,0,,1068107384
n3887834495,n3887834640,road,1.37,plain,primary,2,primary,0,0,,1068107382
n3887963792,n3887963795,road,0.37,plain,primary,2,primary,0,0,,1052888620
n3887963792,n3888045432,road,2.9,plain,primary,2,primary,0,0,,1052627236
n3887963792,n569041851,road,7.24,hilly,secondary,2,secondary,0,0,asphalt,662336202
n3887963795,n3887963806,road,2.29,plain,primary,2,primary,0,0,,1052888620
n3887963795,n5045165955,road,0.47,plain,secondary,2,secondary,0,0,,1053265252
n3887963806,n3887963816,road,0.7,plain,primary,2,primary,0,0,,516881096
n3887963816,n3888002993,road,1.37,plain,secondary,2,secondary,0,0,,1052632031
n3887963816,n3888003313,road,8.27,mountain,primary,2,primary,0,0,,516881096
n3888002993,n3888003149,road,3.29,plain,secondary,2,secondary,0,0,,1053496964
n3888003149,n3889160713,road,13.45,hilly,secondary,2,secondary,0,0,,385453659
n3888003313,n3888828354,road,1.98,plain,primary,2,primary,0,0,,1052602802
n3888044073,n3888044377,road,9.68,mountain,NH102A,2,trunk,0,0,,385456146
n3888044073,n3888169574,road,16.48,mountain,NH102A,2,trunk,0,0,,385471511
n3888044377,n3888045264,road,21.51,mountain,NH102A,2,trunk,0,0,,385456119
n3888045264,n3888045423,road,4.84,hilly,primary,2,primary,0,0,,1122609326
n3888045264,n3890287808,road,19.34,mountain,NH102A,2,trunk,0,0,,385693562
n3888045423,n3888045518,road,0.86,plain,primary,2,primary,0,0,,1052636781
n3888045432,n3888045510,road,1.17,plain,primary,2,primary,0,0,,1052636779
n3888045510,n3888045518,road,0.27,plain,primary,2,primary,0,0,,1052636783
n3888079319,n3889131157,road,14.33,mountain,primary,2,primary,0,0,,385459679
n3888169574,n3888169828,road,5.83,mountain,NH102A,2,trunk,0,0,,1511731087
n3888169828,n3888172006,road,14.03,mountain,NH102A,2,trunk,0,0,,385471473
n3888172006,n3888172577,road,4.45,mountain,NH102A,2,trunk,0,0,,1375165086
n3888172577,n3888173600,road,25.18,mountain,NH102A,2,trunk,0,0,,385471476
n3888209284,n3888209854,road,25.4,mountain,secondary,2,secondary,0,0,,385475476
n3888958164,n3888958471,road,2.02,plain,primary,2,primary,0,0,,1518698076
n3888958471,n3888958731,road,13.52,mountain,primary,2,primary,0,0,,385553804
n3888958731,n3888960268,road,17.14,mountain,primary,2,primary,0,0,,385553912
n3888960268,n3888961097,road,6.99,mountain,primary,2,primary,0,0,,1436769134
n3888961097,n3888962898,road,7.44,hilly,primary,2,primary,0,0,,1436769136
n3888962699,n3888964118,road,3.4,plain,primary,2,primary,0,0,,1408519128
n3888962699,n569067433,road,18.81,mountain,primary,2,primary,0,0,,385553805
n3888962898,n3888964118,road,7.42,hilly,primary,2,primary,0,0,,385553895
n3889130602,n3889131157,road,15.18,mountain,primary,2,primary,0,0,,385572777
n3889130602,n7160577316,road,2.09,plain,secondary,2,secondary,0,0,,766691600
n3889160571,n3889160713,road,12.44,hilly,secondary,2,secondary,0,0,,385574967
n3889160713,n3889161081,road,4.3,hilly,secondary,2,secondary,0,0,,385453659
n3889160713,n6223526153,road,1.16,plain,secondary,2,secondary,0,0,,1052675971
n3889161088,n3889161090,road,0.41,plain,secondary,2,secondary,0,0,,1052898101
n3889161088,n9673980884,road,3.15,plain,secondary,2,secondary,0,0,,977120490
n3889161090,n3889161132,road,3.33,plain,secondary,2,secondary,0,0,,1052898103
n3889161132,n3889161384,road,8.76,hilly,secondary,2,secondary,0,0,,1052595591
n3889161384,n3889161391,road,2.5,plain,secondary,2,secondary,0,0,,1052596912
n3889161391,n3889161473,road,2.88,plain,secondary,2,secondary,0,0,,1052233876
n3889161473,n3889161494,road,0.09,plain,secondary,2,secondary,1,0,,977120489
n3889161494,n3889161871,road,8.67,mountain,secondary,2,secondary,0,0,,198322593
n3889161638,n3889161871,road,5.28,mountain,secondary,2,secondary,0,0,,1447601054
n3889533418,n3889535111,road,18.03,mountain,primary,2,primary,0,0,,385616910
n3890089303,n3890095028,road,9.67,mountain,NH113,2,trunk,0,0,,385672942
n3890089303,n835188949,road,8.17,hilly,NH113,2,trunk,0,0,,385672959
n3890092385,n3890095818,road,21.75,mountain,NH113,2,primary,0,0,,385672879
n3890092385,n835159373,road,13.86,mountain,NH113,2,primary,0,0,,385673009
n3890095028,n3890098212,road,15.58,mountain,NH113,2,trunk,0,0,,385673030
n3890095818,n3890096259,road,0.89,plain,NH113,2,trunk,0,0,,1322897877
n3890095818,n9277435606,road,12.33,mountain,trunk,2,trunk,0,0,,1005536511
n3890096259,n3890096756,road,0.11,plain,NH113,2,trunk,1,0,,385672923
n3890096756,n3890097930,road,8.31,mountain,NH113,2,trunk,0,0,,385672948
n3890097930,n3890098193,road,1.6,plain,NH113,2,trunk,0,0,,1050446201
n3890098193,n3890099147,road,3.54,mountain,NH113,2,trunk,0,0,,385672912
n3890098212,n3890100618,road,12.15,hilly,NH113,2,trunk,0,0,,385672996
n3890099147,n3890099825,road,2.99,plain,NH113,2,trunk,0,0,,385672903
n3890099786,n3890099825,road,0.12,plain,NH113,2,trunk,1,0,,385672940
n3890099786,n3890100202,road,8.05,mountain,NH113,2,trunk,0,0,,385672978
n3890100202,n3890100664,road,3.03,mountain,NH113,2,trunk,0,0,,988671094
n3890100597,n3890100629,road,1.36,plain,NH113,2,trunk,0,0,,385672933
n3890100597,n3890100830,road,3.67,mountain,NH113,2,trunk,0,0,,385672933
n3890100597,n8211834970,road,5.97,hilly,secondary,2,secondary,0,0,,883057263
n3890100618,n3890100629,road,0.07,plain,NH113,2,trunk,1,0,,385672925
n3890100664,n3890101070,road,4.28,hilly,NH113,2,trunk,0,0,,385672968
n3890100830,n3890101070,road,0.14,plain,NH113,2,trunk,1,0,,385672929
n3897032455,n458985962,road,2.45,plain,NH27,2,trunk,0,0,,386384633
n3897032455,n566647850,road,0.17,plain,NH27,2,trunk,0,0,,386384633
n3897032779,n3897032847,road,1.83,plain,NH27,2,trunk,0,0,,1134753281
n3897032779,n566647715,road,2.18,plain,NH27,2,trunk,0,0,,386384634
n3897032779,n566647850,road,1.05,plain,NH27,2,trunk,0,0,,386384633
n3897032847,n3897032967,road,0.8,plain,NH27,2,trunk,0,0,,386384632
n3897032967,n567484451,road,3.12,plain,NH27,2,trunk,0,0,,677506862
n3897033157,n3897033170,road,1.74,plain,NH27,2,trunk,0,0,,386384607
n3897033157,n569193256,road,0.09,plain,trunk,2,trunk,1,0,,978248433
n3897033170,n7868916812,road,0.26,plain,NH27,2,trunk,0,0,,843577234
n3897033187,n3897033189,road,0.36,plain,NH27,2,trunk,1,0,,386384617
n3897033187,n7868916812,road,0.95,plain,NH27,2,trunk,0,0,,387757291
n3897033282,n569193106,road,4.0,plain,NH27,2,trunk,0,0,,386384614
n3897086883,n5809535848,road,2.12,plain,NH27,2,trunk,0,0,,1024796519
n3897087373,n567387366,road,2.81,plain,NH27,2,trunk,0,0,,386390125
n3897087373,n5809536270,road,0.67,plain,NH27,2,trunk,0,0,,1302483938
n3897088115,n567387257,road,0.41,plain,NH27,2,trunk,0,0,,1135139794
n3897088437,n3897088540,road,0.72,plain,NH27,2,trunk,0,0,,386390130
n3897088437,n3897088989,road,0.17,plain,NH27,2,trunk,1,0,,386390135
n3897088443,n3897088989,road,1.97,plain,NH27,2,trunk,0,0,,1140719460
n3897088443,n3897088993,road,1.5,plain,NH27,2,trunk,0,0,,1140719460
n3897088508,n3897088823,road,0.15,plain,NH27,2,trunk,1,0,,386390126
n3897088508,n567389888,road,14.39,mountain,NH27,2,trunk,0,0,,386390123
n3897088518,n3897088540,road,0.16,plain,NH27,2,trunk,1,0,,386390132
n3897088518,n673551333,road,0.94,plain,NH27,2,trunk,0,0,,1141885755
n3897088823,n3897089377,road,4.59,plain,NH27,2,trunk,0,0,,386390125
n3897088975,n3897089134,road,0.95,plain,NH27,2,trunk,0,0,,386390142
n3897088975,n5478266110,road,1.65,plain,NH27,2,trunk,0,0,,386390142
n3897088989,n5497961561,road,3.11,plain,secondary,2,secondary,0,0,,572241504
n3897088993,n3897089028,road,0.18,plain,NH27,2,trunk,0,0,,1140719460
n3897089028,n3897089085,road,0.79,plain,NH27,2,trunk,0,0,,386390140
n3897089134,n673551333,road,2.47,plain,NH27,2,trunk,0,0,,386390142
n3897089377,n567387366,road,4.31,plain,NH27,2,trunk,0,0,,386390124
n3897172856,n3897172960,road,4.17,mountain,NH27,2,trunk,0,0,,239068594
n3897172856,n5714069432,road,1.57,plain,secondary,2,secondary,0,0,,572694436
n3897172960,n3897173006,road,2.04,plain,NH27,2,trunk,0,0,,239068594
n3897172960,n5714069422,road,1.58,plain,secondary,2,secondary,0,0,,1318071777
n3897173006,n3897173021,road,0.95,plain,NH27,2,trunk,0,0,,601129762
n3897173065,n3897173068,road,0.08,plain,NH27,2,trunk,1,0,,1138652127
n3897173065,n567382145,road,1.93,plain,NH27,2,trunk,0,0,,1138652126
n3897173116,n3897173138,road,1.58,plain,NH27,2,trunk,0,0,,386397328
n3897173138,n3897173196,road,3.12,plain,NH27,2,trunk,0,0,,386397328
n3897173146,n5792961925,road,0.75,plain,NH27,2,trunk,0,0,,1138670694
n3897173196,n3897173214,road,0.08,plain,NH27,2,trunk,1,0,,572694480
n3897173214,n567382270,road,0.71,plain,NH27,2,trunk,0,0,,572694472
n3897173305,n3897173307,road,0.21,plain,NH27,2,trunk,1,0,,572694471
n3897173305,n567382270,road,3.02,plain,NH27,2,trunk,0,0,,1138658700
n3897173307,n6176124242,road,10.31,hilly,SH18,2,primary,0,0,,154288724
n3897173401,n5792961958,road,1.51,plain,NH27,2,trunk,0,0,,289052020
n3898034839,n3898034847,road,0.11,plain,NH 127B,2,trunk,1,0,,386465732
n3898034847,n3898034979,road,6.7,plain,NH 127B,2,trunk,0,0,,334680476
n3898034979,n3898035535,road,3.43,hilly,NH 127B,2,trunk,0,0,,334680476
n3898034979,n4023361358,road,0.73,plain,SH6,2,primary,0,0,,399617022
n3898035535,n4023362544,road,11.03,hilly,secondary,2,secondary,0,0,,399617027
n3898035535,n6018098541,road,9.64,hilly,NH 127B,2,trunk,0,0,,334680476
n3901026699,n8907338817,road,18.84,mountain,secondary,2,secondary,0,0,,386753630
n3903454125,n3903456062,road,5.08,mountain,NH713,2,trunk,0,0,,1368034883
n3911460009,n5076864949,road,22.27,mountain,primary,2,primary,0,0,,387917695
n3922127631,n3922141158,road,16.31,mountain,primary,2,primary,0,0,,232322339
n3922141158,n5920789877,road,10.83,mountain,secondary,2,secondary,0,0,,627187049
n3922141158,n5921311276,road,8.95,mountain,secondary,2,secondary,0,0,,638329585
n3922141158,n6015351225,road,1.19,plain,primary,2,primary,0,0,,638225214
n3925264073,n3925264089,road,1.41,plain,secondary,2,secondary,0,0,,389359961
n3925264073,n4643592131,road,1.03,plain,secondary,2,secondary,0,0,,686963306
n3925264089,n9090095187,road,0.23,plain,NH8,2,trunk,1,0,concrete,983103408
n3927939822,n569042345,road,2.34,plain,NH2,2,trunk,0,0,,1043418008
n3927939822,n9909087694,road,1.11,plain,NH2,2,trunk,0,0,,1043418008
n3933174579,n3933174777,road,1.13,plain,SH11,2,primary,0,0,,390157799
n3940781083,n3940790649,road,3.04,mountain,NH313,2,trunk,0,0,,901525784
n3940781083,n4034954757,road,3.49,mountain,trunk,2,trunk,0,0,unpaved,901525781
n3940781754,n4034954757,road,1.13,plain,trunk,2,trunk,0,0,,1322066661
n3940789882,n8224210858,road,2.18,plain,NH313,2,trunk,0,0,,507165285
n3940789967,n3940790135,road,9.81,mountain,NH313,2,trunk,0,0,,390923943
n3940789967,n8224210888,road,1.43,plain,NH313,2,trunk,0,0,,960847535
n3940790135,n3940790147,road,0.75,plain,trunk,2,trunk,0,0,,884336341
n3940790147,n9857950026,road,7.4,mountain,NH313,2,trunk,0,0,,1367857947
n3940790271,n3940790649,road,11.84,mountain,NH313,2,trunk,0,0,,1110805385
n3940790271,n9857950026,road,3.12,mountain,NH313,2,trunk,0,0,,1367857946
n3940834740,n3940835308,road,16.2,mountain,NH215,2,trunk,0,0,,390927440
n3941366657,n5443196345,road,11.85,mountain,NH215,2,trunk,0,0,,565089992
n3941367812,n4324640181,road,27.93,mountain,secondary,2,secondary,0,0,,503991158
n3951303910,n4153120129,road,9.98,plain,SH1,2,primary,0,0,asphalt,1306036217
n3959120551,n3959122329,road,16.41,mountain,NH215,2,trunk,0,0,,392723889
n3964170399,n3964170716,road,6.51,plain,secondary,2,secondary,0,0,,393201108
n3964170801,n3964170846,road,1.23,plain,secondary,2,secondary,0,0,,526581859
n4021624304,n4021624306,road,4.0,plain,primary,2,primary,0,0,,758361330
n4021624304,n4021624496,road,2.22,plain,primary,2,primary,0,0,,399415446
n4021624306,n4021624517,road,2.09,plain,primary,2,primary,0,0,,1051771651
n4021624496,n4021626563,road,7.78,mountain,primary,2,primary,0,0,,399415306
n4021624517,n4021626901,road,0.16,plain,primary,2,primary,1,0,,399415298
n4021624528,n4021625103,road,7.42,mountain,primary,2,primary,0,0,,399415272
n4021625047,n4021625808,road,5.53,mountain,primary,2,primary,0,0,,758354021
n4021625047,n4021626563,road,0.16,plain,primary,2,primary,1,0,,399415326
n4021625103,n4021627084,road,1.68,plain,primary,2,primary,0,0,,914492573
n4021625808,n4021630503,road,9.39,mountain,primary,2,primary,0,0,,399415323
n4021625851,n4021626088,road,3.22,mountain,primary,2,primary,0,0,,399415215
n4021625851,n4021627118,road,8.29,mountain,primary,2,primary,0,0,,399415386
n4021626088,n4021626901,road,1.39,plain,primary,2,primary,0,0,,1051807273
n4021626563,n4021631125,road,6.92,mountain,secondary,2,secondary,0,0,,758365614
n4021627084,n4021630503,road,11.79,mountain,primary,2,primary,0,0,,399415286
n4021627118,n4021630610,road,8.89,mountain,primary,2,primary,0,0,,754627146
n4021630610,n4021630812,road,1.19,plain,primary,2,primary,0,0,,1051731856
n4021630812,n4021631554,road,3.92,plain,primary,2,primary,0,0,,1051722908
n4021631125,n4021631929,road,9.37,hilly,secondary,2,secondary,0,0,,399415337
n4021631554,n4021632042,road,7.44,hilly,primary,2,primary,0,0,,399545149
n4021631929,n4021632434,road,9.37,mountain,secondary,2,secondary,0,0,,758364915
n4021632042,n4021632273,road,4.36,mountain,primary,1,primary,0,0,asphalt,505664070
n4021632273,n4021633201,road,3.23,mountain,primary,2,primary,0,0,,994851922
n4021632434,n4021632516,road,0.68,plain,secondary,2,secondary,0,0,,758365616
n4021632516,n4021632616,road,2.4,plain,secondary,2,secondary,0,0,,758365617
n4021632616,n4021633659,road,13.13,mountain,secondary,2,secondary,0,0,,399415310
n4021633201,n4021633568,road,1.1,plain,primary,2,primary,0,0,,1051433431
n4021633568,n4021633841,road,2.75,plain,primary,2,primary,0,0,,1051449388
n4021633568,n4021636355,road,12.89,mountain,secondary,2,secondary,0,0,,399415293
n4021633659,n4021635316,road,4.33,hilly,secondary,2,secondary,0,0,,399415207
n4021633841,n4021640756,road,7.15,hilly,primary,2,primary,0,0,,399415195
n4021635316,n4021636355,road,6.27,mountain,secondary,2,secondary,0,0,,399415273
n4021635316,n4021637310,road,5.71,mountain,secondary,2,secondary,0,0,,399415277
n4021637310,n4021643614,road,10.54,mountain,secondary,2,secondary,0,0,,399415314
n4021637310,n4021645623,road,4.2,mountain,secondary,2,secondary,0,0,,399415262
n4021640756,n4021641627,road,1.73,plain,primary,2,primary,0,0,,1051438850
n4021643614,n4021648522,road,11.34,mountain,secondary,2,secondary,0,0,,399415308
n4021645623,n4021649106,road,8.25,mountain,secondary,2,secondary,0,0,,399415309
n4021648522,n4021649124,road,2.29,plain,secondary,2,secondary,0,0,,683779847
n4021649106,n4021649761,road,3.4,hilly,secondary,2,secondary,0,0,,399415205
n4021649124,n4021649580,road,4.3,mountain,secondary,2,secondary,0,0,,399415288
n4021776328,n4021776871,road,0.4,plain,primary,2,primary,0,0,,1466773120
n4021776328,n4021777285,road,11.27,mountain,primary,2,primary,0,0,,399431037
n4021776642,n4021776871,road,7.54,mountain,primary,2,primary,0,0,,399431035
n4021777285,n4021777653,road,0.09,plain,primary,2,primary,1,0,,399431031
n4021777653,n4021777781,road,4.32,mountain,primary,2,primary,0,0,,399431021
n4021777677,n4021777781,road,0.11,plain,primary,2,primary,1,0,,399431028
n4022574582,n4022574741,road,5.06,mountain,secondary,2,secondary,0,0,,399525626
n4022574582,n4022575029,road,2.44,plain,secondary,2,secondary,0,0,,753625035
n4022574628,n4022574646,road,0.31,plain,secondary,2,secondary,0,0,,753625030
n4022574628,n4022575060,road,1.64,plain,secondary,2,secondary,0,0,,430898316
n4022574646,n4022574700,road,0.37,plain,secondary,2,secondary,0,0,,753625027
n4022574700,n4022574735,road,0.32,plain,secondary,2,secondary,0,0,,753625029
n4022574735,n4022574741,road,1.57,plain,secondary,2,secondary,0,0,,753625032
n4022575029,n4022575060,road,5.93,hilly,secondary,2,secondary,0,0,,558333712
n4022575029,n4022575723,road,0.18,plain,secondary,2,secondary,1,0,,399525628
n4022575129,n4022575723,road,2.49,plain,secondary,2,secondary,0,0,,753741344
n4022575129,n4022576014,road,8.64,mountain,secondary,2,secondary,0,0,,760397491
n4022576014,n4022576253,road,6.32,mountain,secondary,2,secondary,0,0,,760397488
n4022576253,n4022577529,road,8.31,mountain,secondary,2,secondary,0,0,,760397490
n4022577529,n4022578000,road,9.79,mountain,secondary,2,secondary,0,0,,399525632
n4022578000,n568985960,road,8.56,mountain,secondary,2,secondary,0,0,,760397489
n4023346636,n4023346661,road,0.11,plain,SH12,2,primary,1,0,,399616968
n4023346636,n4023346838,road,1.13,plain,MDR3,2,secondary,0,0,,399617055
n4023346661,n4023347523,road,7.37,hilly,SH12,2,primary,0,0,,399616959
n4023346838,n4023353614,road,19.88,mountain,MDR3,2,secondary,0,0,,399617055
n4023346838,n4023353845,road,15.54,hilly,MDR8,2,secondary,0,0,unpaved,399617034
n4023347694,n4023351333,road,8.92,mountain,SH12,2,primary,0,0,,505335366
n4023348348,n4023348909,road,7.89,mountain,secondary,2,secondary,0,0,,399616962
n4023348348,n4023349249,road,3.28,hilly,secondary,2,secondary,0,0,,399617074
n4023348376,n4023349249,road,9.51,mountain,secondary,2,secondary,0,0,,399617024
n4023348376,n4023349720,road,7.1,mountain,secondary,2,secondary,0,0,,399616960
n4023349720,n4023350166,road,1.15,plain,secondary,2,secondary,0,0,,399617045
n4023350166,n4023350683,road,0.09,plain,secondary,2,secondary,1,0,,399616981
n4023350683,n4023351742,road,5.92,mountain,secondary,2,secondary,0,0,,399616954
n4023351333,n4023351497,road,0.08,plain,SH12,2,primary,1,0,,505335365
n4023351742,n4023352384,road,8.37,mountain,ODR123,2,secondary,0,0,,399617026
n4023352384,n4023353120,road,2.28,plain,ODR123,2,secondary,0,0,,399617053
n4023353457,n4023353614,road,0.92,plain,MDR3,2,secondary,0,0,,399617055
n4023353614,n5945042808,road,2.82,plain,ODR61,2,secondary,0,0,,629633247
n4023353845,n4023354732,road,5.69,mountain,MDR8,2,secondary,0,0,,399617090
n4023354732,n4023355493,road,2.42,plain,MDR8,2,secondary,0,0,,399617069
n4023355025,n4023356373,road,3.46,hilly,ODR61,2,secondary,0,0,,399617066
n4023355025,n5945042808,road,2.88,plain,ODR61,2,secondary,0,0,,399617071
n4023355493,n4023356221,road,2.03,plain,MDR8,2,secondary,0,0,,399617050
n4023356221,n4023356459,road,2.07,plain,MDR8,2,secondary,0,0,,399617044
n4023356373,n4023356429,road,0.27,plain,ODR61,2,secondary,0,0,,399617084
n4023356410,n4023356459,road,0.08,plain,SH12,2,primary,1,0,,399616971
n4023356429,n4023356679,road,0.71,plain,ODR61,2,secondary,0,0,,629633248
n4023356429,n4023358809,road,8.95,mountain,secondary,2,secondary,0,0,,399616956
n4023356459,n4023356622,road,0.52,plain,SH12,2,primary,0,0,,399617041
n4023356622,n4023359147,road,6.22,plain,MDR6,2,secondary,0,0,,399617082
n4023356679,n4023357963,road,2.52,plain,ODR61,2,secondary,0,0,,399617051
n4023358809,n4023361344,road,9.64,hilly,ODR4,2,secondary,0,0,,399616961
n4023360216,n4023360239,road,0.1,plain,SH6,2,primary,1,0,,399616993
n4023360239,n4023360753,road,4.29,plain,SH6,2,primary,0,0,,399617086
n4023360753,n4023360797,road,1.36,plain,SH6,2,primary,0,0,,399616953
n4023360797,n4023361163,road,5.88,plain,SH6,2,primary,0,0,,399616953
n4023361344,n4023361348,road,0.24,plain,SH6,2,primary,0,0,,399617048
n4023361348,n4023361358,road,0.12,plain,SH6,2,primary,1,0,,399616976
n4023362544,n4023362666,road,3.45,plain,secondary,2,secondary,0,0,,399617072
n4023362666,n4023362722,road,0.34,plain,secondary,2,secondary,0,0,,399617079
n4023362722,n4023362744,road,0.26,plain,secondary,2,secondary,0,0,,399617077
n4023362744,n4023362771,road,0.3,plain,secondary,2,secondary,0,0,,399616951
n4023362771,n4023363285,road,8.2,mountain,secondary,2,secondary,0,0,,399616965
n4052836188,n4052837592,road,0.11,plain,NH215,2,trunk,1,0,asphalt,1306248878
n4052836693,n4052837207,road,2.21,plain,SH27,2,primary,0,0,asphalt,1047016350
n4052836712,n4052837754,road,3.33,plain,NH215,2,trunk,0,0,,1046494404
n4052836712,n6709612061,road,6.22,plain,secondary,2,secondary,0,0,,150820312
n4052836742,n4052837207,road,2.25,plain,secondary,2,secondary,0,0,,1055016176
n4052836742,n4052837753,road,15.82,hilly,secondary,2,secondary,0,0,,222537998
n4052837207,n4052837258,road,3.72,plain,SH27,2,primary,0,0,asphalt,402883005
n4052837258,n5800307138,road,1.94,plain,SH-013,2,primary,0,0,asphalt,1054986246
n4052837262,n6708332985,road,3.88,plain,SH27,2,primary,0,0,asphalt,1047018889
n4052837599,n4052837614,road,1.68,plain,NH215,2,trunk,0,0,asphalt,402882999
n4052837599,n5804672083,road,5.67,plain,SH-011,2,primary,0,0,asphalt,613488328
n4052837614,n4052837615,road,0.13,plain,NH215,2,trunk,1,0,,402882998
n4052837615,n4052837622,road,1.1,plain,SH-011,2,primary,0,0,asphalt,1056155475
n4052837615,n4052837630,road,1.07,plain,NH215,2,trunk,0,0,,715806194
n4052837622,n4052837774,road,16.03,plain,SH-011,2,primary,0,0,paved,612850359
n4052837630,n4052837633,road,3.37,plain,NH215,2,trunk,0,0,,1009831959
n4052837633,n4052837690,road,6.62,hilly,NH215,2,trunk,0,0,,402883001
n4052837633,n9317365892,road,0.29,plain,secondary,2,secondary,0,0,,1009831952
n4052837712,n4052837754,road,1.75,plain,NH215,2,trunk,0,0,,402883000
n4052837753,n6780474636,road,1.36,plain,SH-011,2,primary,0,0,asphalt,612850358
n4052837753,n9708535893,road,2.69,plain,SH-011,2,primary,0,0,asphalt,1309101059
n4052837774,n6780474636,road,0.94,plain,SH-011,2,primary,0,0,paved,1056552286
n4052837990,n4052837992,road,0.28,plain,NH315A,2,trunk,1,0,concrete,402883009
n4052837990,n6708332985,road,5.06,hilly,NH315A,2,trunk,0,0,asphalt,402883011
n4066636204,n5136137955,road,0.75,plain,secondary,2,secondary,0,0,,528543155
n4066636204,n5136149903,road,9.45,plain,secondary,2,secondary,0,0,asphalt,528543161
n4066636229,n7903778167,road,11.86,hilly,secondary,2,secondary,0,0,asphalt,1303956884
n4066636571,n4066636907,road,8.07,plain,primary,2,primary,0,0,,528543164
n4066636907,n569440948,road,5.8,plain,primary,2,primary,0,0,,528543164
n4066636907,n7903778167,road,5.19,plain,secondary,2,secondary,0,0,,1303952743
n4080112326,n4080112329,road,0.11,plain,SH9,2,primary,1,0,,609803294
n4080112329,n4080112891,road,13.04,plain,SH9,2,primary,0,0,,488369731
n4080112891,n5498007748,road,15.24,plain,SH9,2,primary,0,0,,488369731
n4080112891,n5789241583,road,4.68,plain,SH9A,2,primary,0,0,,609803358
n4083015562,n567378454,road,4.35,plain,secondary,2,secondary,0,0,asphalt,406197875
n4083035587,n4083053074,road,2.57,plain,SH35,1,primary,0,0,gravel,406201871
n4083035587,n4233982229,road,0.77,plain,SH35,2,primary,0,0,paved,423879954
n4083035587,n567378419,road,8.41,hilly,secondary,2,secondary,0,0,paved,406200257
n4083053074,n4234506351,road,0.16,plain,SH35,2,primary,0,0,,1314227333
n4103314522,n4613304872,road,5.18,plain,secondary,2,secondary,0,0,,470115193
n4116852802,n5281688544,road,1.14,plain,secondary,2,secondary,0,0,,750969789
n4116852820,n4116853120,road,16.66,hilly,secondary,2,secondary,0,0,,409815180
n4116852820,n5281688544,road,0.77,plain,secondary,2,secondary,0,0,,546539517
n4116853120,n4116853379,road,12.13,mountain,secondary,2,secondary,0,0,,409815196
n4116853379,n4116853408,road,3.04,hilly,secondary,2,secondary,0,0,,409815196
n4116853408,n4116853409,road,0.12,plain,secondary,2,secondary,1,0,,750969771
n4116853409,n4116853426,road,2.34,plain,secondary,2,secondary,0,0,,409815199
n4117423783,n4117423790,road,1.76,plain,Kj-M-15,2,secondary,0,0,asphalt,1343894580
n4117423783,n6338287418,road,3.62,mountain,Kj-M-15,2,secondary,0,0,asphalt,1343894559
n4117423790,n4117424138,road,6.77,plain,Kj-M-5,2,secondary,0,0,asphalt,1343894541
n4117423790,n4117424177,road,2.22,plain,Kj-M-5,2,secondary,0,0,asphalt,1334608753
n4117423821,n4117423861,road,4.72,plain,Kj-M-5,2,secondary,0,0,asphalt,409869773
n4117423861,n4117423872,road,1.48,plain,Kj-M-5,2,secondary,0,0,asphalt,1343894511
n4117423872,n4117423929,road,3.32,plain,Kj-M-5,2,secondary,0,0,asphalt,1343894513
n4117423929,n4117423943,road,0.75,plain,Kj-M-5,2,secondary,0,0,asphalt,1343894515
n4117423943,n4117424091,road,4.33,plain,Kj-M-5,2,secondary,0,0,asphalt,1343894517
n4117424091,n4117424109,road,1.93,plain,Kj-M-5,2,secondary,0,0,asphalt,1343894524
n4117424109,n4117424138,road,4.65,plain,Kj-M-5,2,secondary,0,0,asphalt,1343894526
n4117424177,n4117424290,road,2.87,plain,Kj-M-5,2,secondary,0,0,asphalt,1335974183
n4117424290,n4117424295,road,1.71,plain,Kj-M-5,2,secondary,0,0,asphalt,1342750958
n4117424295,n4117424312,road,3.95,plain,Kj-M-8,2,secondary,0,0,asphalt,1335956654
n4117424295,n4117424516,road,0.81,plain,Kj-M-8,2,secondary,0,0,asphalt,1127729081
n4117424312,n4117424318,road,1.04,plain,Kj-M-8,2,secondary,0,0,asphalt,1336008727
n4117424318,n4117424319,road,0.39,plain,Kj-M-8,2,secondary,0,0,asphalt,1335974176
n4117424319,n4117424325,road,0.99,plain,Kj-M-8,2,secondary,0,0,asphalt,1335974176
n4117424325,n4117424328,road,1.01,plain,Kj-M-8,2,secondary,0,0,asphalt,1335974178
n4117424328,n4117424377,road,3.37,plain,Kj-M-8,2,secondary,0,0,asphalt,676647006
n4117424377,n4117424495,road,3.83,plain,Kj-M-8,2,secondary,0,0,asphalt,1335956653
n4117424495,n567779183,road,1.38,plain,Kj-M-8,2,secondary,0,0,asphalt,1335974184
n4117424510,n5232412832,road,2.37,plain,Kj-M-8,2,secondary,0,0,asphalt,1127729086
n4123548024,n4123548812,road,3.01,hilly,SH11,2,primary,0,0,,410544573
n4123548812,n4123549547,road,15.75,mountain,SH11,2,primary,0,0,,410544580
n4123549547,n4123550077,road,16.27,hilly,SH11,2,primary,0,0,,410544576
n4123550077,n4123550331,road,4.77,plain,SH11,2,primary,0,0,,410544570
n4153120129,n4153138223,road,2.21,plain,SH1,2,primary,0,0,asphalt,1306036215
n4153120129,n4486909433,road,2.95,plain,SH-3007,2,primary,0,0,asphalt,1306036256
n4153138223,n4153138265,road,6.12,plain,SH1,2,primary,0,0,asphalt,222692280
n4193528565,n4193528572,road,1.04,plain,NH215,2,trunk,0,0,asphalt,621109022
n4193528572,n4193528577,road,3.81,hilly,NH215,2,trunk,0,0,,419242532
n4193528577,n5228172245,road,0.65,plain,NH215,2,trunk,0,0,,540413030
n4194569439,n4194569457,road,5.58,plain,NH215,2,trunk,0,0,,975474475
n4194569439,n5228172245,road,0.16,plain,NH215,2,trunk,1,0,,540413029
n4194569457,n4194569459,road,0.6,plain,NH215,2,trunk,0,0,,975474473
n4194569459,n958035675,road,19.06,plain,NH215,2,trunk,0,0,,961069232
n4204887347,n568601901,road,4.59,plain,NH17,2,trunk,0,0,,44851639
n4204887347,n5758970631,road,3.22,plain,secondary,2,secondary,0,0,,607743070
n4204887347,n6010389670,road,0.42,plain,NH17,2,trunk,0,0,,44851639
n4233982229,n4233982473,road,0.36,plain,SH35,2,primary,0,0,unpaved,1314214536
n4233982473,n4233982492,road,0.62,plain,SH35,2,primary,0,0,unpaved,423879958
n4233982492,n4233982501,road,2.94,plain,SH35,2,primary,0,0,unpaved,423879959
n4233982501,n4233982748,road,4.75,plain,SH35,2,primary,0,0,paved,423879962
n4233982748,n4233982821,road,0.91,plain,SH35,2,primary,0,0,unpaved,1314227328
n4233982821,n4233982884,road,3.66,hilly,SH35,2,primary,0,0,unpaved,423879968
n4233982884,n4233982951,road,3.26,mountain,SH35,2,primary,0,0,asphalt,423879971
n4233982951,n567378296,road,1.42,plain,NH715,2,trunk,0,0,asphalt,1097809753
n4233982951,n567378329,road,1.43,plain,NH715,2,trunk,0,0,asphalt,1097809753
n4234505444,n4234505624,road,0.98,plain,SH35,2,primary,0,0,,423946943
n4234505444,n4234506067,road,0.88,plain,SH35,2,primary,0,0,,1314227337
n4234505624,n4234505655,road,1.43,plain,SH35,2,primary,0,0,gravel,423946934
n4234505655,n6176771222,road,5.38,plain,SH35,2,primary,0,0,,659725693
n4234506067,n4234506117,road,2.16,plain,SH35,2,primary,0,0,,423946951
n4234506117,n4234506128,road,1.88,plain,SH35,2,primary,0,0,,423946952
n4234506128,n4234506367,road,0.44,plain,SH35,2,primary,0,0,,659725685
n4234506347,n4234506351,road,0.35,plain,SH35,2,primary,0,0,,659725680
n4234506347,n4234506367,road,0.58,plain,SH35,2,primary,0,0,,659725683
n4242479076,n4242479081,road,0.12,plain,secondary,2,secondary,1,0,,424882186
n4242479081,n4242479794,road,0.27,plain,secondary,2,secondary,0,0,,424882191
n4253756329,n4253756356,road,0.46,plain,NH13,2,trunk,0,0,,1137803269
n4253756329,n8677138884,road,0.42,plain,NH 13,2,trunk,0,0,asphalt,1137804708
n4253756356,n4254061707,road,0.95,plain,NH13,2,trunk,0,0,,426090115
n4254061707,n8427511599,road,12.04,mountain,NH13,2,trunk,0,0,asphalt,907594145
n4260245049,n6251457193,road,7.68,mountain,Nc-M-1,2,secondary,0,0,,667660345
n4273309772,n4273309782,road,1.49,plain,SH38,2,primary,0,0,,1057113492
n4273309782,n4273313597,road,1.21,plain,SH38,2,primary,0,0,,1057051426
n4273499654,n4273512900,road,3.35,plain,SH-1015,2,primary,0,0,,198357884
n4279635428,n4279635430,road,0.21,plain,secondary,2,secondary,0,0,,1047066703
n4279635430,n4279635456,road,1.76,plain,secondary,2,secondary,0,0,,1047066705
n4279635430,n5221627788,road,3.1,plain,secondary,2,secondary,0,0,,539654152
n4279635437,n4279635445,road,0.76,plain,secondary,2,secondary,0,0,,1050929467
n4279635437,n4279635464,road,1.01,plain,secondary,2,secondary,0,0,,1050929470
n4279635450,n4279635456,road,0.65,plain,secondary,2,secondary,0,0,,958367424
n4279635450,n9651727318,road,0.42,plain,secondary,2,secondary,0,0,,1050929465
n4279635464,n5221627788,road,1.47,plain,secondary,2,secondary,0,0,asphalt,539654156
n4279635464,n5221627807,road,2.16,plain,secondary,2,secondary,0,0,asphalt,539654156
n4281607793,n4281611810,road,9.28,plain,secondary,2,secondary,0,0,,133176345
n4281611810,n9122971085,road,0.16,plain,secondary,2,secondary,0,0,,986985973
n4281631125,n4281631128,road,1.28,plain,secondary,2,secondary,0,0,,251795070
n4281631128,n4281631143,road,0.59,plain,secondary,2,secondary,1,0,,905685741
n4281631143,n4281631406,road,5.87,plain,secondary,2,secondary,0,0,,905685740
n4281631406,n569317206,road,2.83,plain,NH17,2,trunk,0,0,,238820985
n4281631406,n569317249,road,2.44,plain,NH17,2,trunk,0,0,,238820985
n4281664855,n4281664856,road,0.1,plain,NH27,2,trunk,1,0,,572687679
n4281664855,n4281664938,road,0.79,plain,NH27,2,trunk,0,0,,572687681
n4281664856,n4281670906,road,4.65,plain,NH27,2,trunk,0,0,,289052018
n4281670501,n4281670922,road,0.42,plain,NH27,2,trunk,0,0,,289052018
n4281670906,n4281670922,road,0.84,plain,NH27,2,trunk,0,0,,429040212
n4283633753,n4283633755,road,0.08,plain,NH27,2,trunk,1,0,asphalt,429236842
n4283633753,n569191987,road,0.58,plain,NH27,2,trunk,0,0,asphalt,986980326
n4283633755,n569192146,road,0.59,plain,NH27,2,trunk,0,0,asphalt,44642832
n4301600004,n4301600028,road,2.39,plain,N214,2,trunk,0,0,,430898307
n4323612707,n4323612734,road,1.09,plain,secondary,2,secondary,0,0,,1412415269
n4323612707,n5801909444,road,2.05,plain,SH19,2,primary,0,0,asphalt,659674220
n4323612737,n4323612752,road,0.64,plain,secondary,2,secondary,0,0,,433877209
n4323612752,n4323612755,road,0.08,plain,secondary,2,secondary,1,0,,499436159
n4323612755,n4323612757,road,0.25,plain,secondary,2,secondary,0,0,,499436157
n4323995054,n4323995069,road,1.03,plain,secondary,2,secondary,0,0,,1054685738
n4323995054,n6822155537,road,2.69,plain,NH15,2,trunk,0,0,,1054976608
n4323995054,n958143733,road,1.54,plain,secondary,2,secondary,0,0,,719979639
n4323995054,n9694223150,road,1.19,plain,NH15,2,trunk,0,0,,1054976608
n4323995069,n5631122669,road,13.76,mountain,secondary,2,secondary,0,0,,434021337
n4323995076,n4324014409,road,1.0,plain,SH-005,2,primary,0,0,asphalt,963538869
n4323995076,n4738896809,road,0.17,plain,NH15,2,trunk,0,0,,480943934
n4323995076,n8912759121,road,2.55,plain,NH15,2,trunk,0,0,,963538868
n4323995223,n4323995230,road,3.29,plain,secondary,2,secondary,0,0,,1057104462
n4323995223,n5631122669,road,3.32,plain,secondary,2,secondary,0,0,,434021337
n4323995230,n4324014457,road,2.73,plain,secondary,2,secondary,0,0,,1125798365
n4324014409,n4324014459,road,5.5,plain,SH-005,2,primary,0,0,asphalt,374404369
n4324014457,n4324014459,road,3.03,hilly,secondary,2,secondary,0,0,,1304926080
n4324640180,n4324640181,road,0.08,plain,secondary,2,secondary,1,0,,629447434
n4324640180,n4646200593,road,9.34,mountain,secondary,2,secondary,0,0,,503962679
n4324640609,n4324640625,road,1.68,plain,NH215,2,trunk,0,0,,565100698
n4324640609,n5443287335,road,6.7,mountain,NH215,2,trunk,0,0,,434301460
n4324640625,n4324640639,road,0.41,plain,NH215,2,trunk,0,0,,850918634
n4324640639,n6800267244,road,1.36,plain,NH215,2,trunk,0,0,,725176344
n4324640661,n4324640773,road,4.11,plain,NH215,2,trunk,0,0,,565100697
n4324640661,n6800267244,road,0.08,plain,NH215,2,trunk,1,0,,725176343
n4324640774,n4324640874,road,4.19,plain,secondary,2,secondary,0,0,,434301469
n4324640817,n4324640859,road,3.26,plain,SH1,2,primary,0,0,,22832892
n4324640859,n4324640874,road,1.79,plain,SH1,2,primary,0,0,,22832892
n4324640859,n9697194369,road,7.29,hilly,secondary,2,secondary,0,0,,1088958827
n4324640874,n4324640954,road,9.29,plain,SH1,2,primary,0,0,,22832892
n4324640922,n4324640934,road,0.38,plain,SH1,2,primary,0,0,,1047052946
n4324640922,n4324640954,road,6.08,hilly,SH1,2,primary,0,0,,434301466
n4332976460,n4332977319,road,12.06,hilly,NH329A,2,trunk,0,0,,1122146840
n4424514108,n4424514135,road,1.72,plain,SH46,2,primary,0,0,,444994329
n4424514108,n4424514188,road,6.42,hilly,SH46,2,primary,0,0,,659775090
n4424514170,n4424514182,road,1.31,plain,SH46,2,primary,0,0,,659775091
n4424514170,n4900586532,road,3.78,plain,SH46,2,primary,0,0,,498685661
n4424514182,n4424514188,road,0.14,plain,SH46,2,primary,0,0,,444994325
n4486909234,n4486909279,road,3.75,plain,SH-3007,2,primary,0,0,asphalt,198362685
n4486909279,n4486909433,road,7.9,hilly,SH-3007,2,primary,0,0,asphalt,1307080774
n4487554713,n985076183,road,3.87,mountain,MDR,2,secondary,0,0,,606035192
n4570883770,n6127804965,road,0.12,plain,secondary,2,secondary,1,0,asphalt,653894626
n4571263580,n4904965898,road,5.53,plain,NH17,2,trunk,0,0,,44892438
n4571263580,n7157252896,road,1.55,plain,NH17,2,trunk,0,0,,44892438
n4571273951,n4571273975,road,2.22,plain,secondary,2,secondary,0,0,,659476371
n4571273955,n4571273968,road,6.71,plain,SH46,2,primary,0,0,paved,566128394
n4571273955,n4904762626,road,1.49,plain,SH46,2,primary,0,0,,499166535
n4571273962,n4571273975,road,2.25,plain,secondary,2,secondary,0,0,,659476370
n4571273962,n5058290041,road,7.32,hilly,SH2,2,primary,0,0,,518577598
n4571361791,n5380914648,road,5.64,mountain,secondary,2,secondary,0,0,asphalt,1051212861
n4571361791,n567775821,road,5.82,hilly,secondary,2,secondary,0,0,asphalt,461663700
n4571759015,n4571759019,road,1.01,plain,Kj-M-7,2,secondary,0,0,asphalt,1330308767
n4571759019,n4571759020,road,1.77,plain,Kj-M-7,2,secondary,0,0,asphalt,1330308769
n4571759020,n4571759029,road,7.44,plain,Kj-M-7,2,secondary,0,0,asphalt,1330308779
n4571779629,n4571798416,road,1.33,plain,primary,2,primary,0,0,asphalt,461711622
n4571798411,n4571798416,road,0.1,plain,primary,2,primary,1,0,asphalt,461711623
n4571798411,n4571804123,road,0.74,plain,primary,2,primary,0,0,asphalt,461711738
n4571959085,n4571959305,road,0.22,plain,SH19,2,primary,0,0,asphalt,1315724524
n4571959290,n5801921723,road,2.74,plain,secondary,2,secondary,0,0,asphalt,461729580
n4571959290,n6265479464,road,3.92,plain,secondary,2,secondary,0,0,asphalt,461729583
n4571959301,n4571959303,road,0.55,plain,secondary,2,secondary,0,0,asphalt,461729585
n4571959301,n6265479430,road,2.06,plain,secondary,2,secondary,0,0,asphalt,669081348
n4571959303,n4571959313,road,1.87,plain,SH19,2,primary,0,0,asphalt,1313328014
n4580210248,n569195736,road,2.04,plain,NH17,2,trunk,0,0,,1362582046
n4580210248,n569195792,road,2.72,plain,trunk,2,trunk,0,0,,1362582061
n458985962,n458986014,road,1.73,plain,NH27,3,trunk,1,0,asphalt,508682548
n458985962,n566647715,road,1.51,plain,NH27,2,trunk,0,0,,386384634
n458985962,n566665945,road,3.78,hilly,NH427,2,trunk,0,0,,44641071
n458986014,n5049675202,road,1.57,plain,NH27,2,trunk,0,0,,224011416
n458986014,n566683246,road,1.95,plain,NH17,2,trunk,0,0,,431216811
n458986014,n566685609,road,1.37,plain,primary,2,primary,0,0,,44643106
n4605252024,n4605252033,road,1.92,plain,Kj-M-3,2,secondary,0,0,asphalt,1232135008
n4605252024,n4605252076,road,0.09,plain,Kj-M-3,2,secondary,1,0,asphalt,465577941
n4605252033,n5936564614,road,2.55,plain,Kj-M-3,2,secondary,0,0,asphalt,628779864
n4605252076,n4605252080,road,1.81,plain,Kj-M-3,2,secondary,0,0,asphalt,465577942
n4607935100,n4607935150,road,1.71,plain,primary,2,primary,0,0,,465890222
n4607935100,n774477557,road,3.29,hilly,primary,2,primary,0,0,,465889879
n4607935150,n5630652317,road,9.21,mountain,primary,2,primary,0,0,,590246525
n4611032148,n4611171500,road,0.13,plain,secondary,2,secondary,1,0,,466278291
n4611171500,n5301176731,road,5.82,hilly,secondary,2,secondary,0,0,paved,116521242
n4621720043,n6334186956,road,0.12,plain,secondary,2,secondary,1,0,,676390579
n4622774243,n4622774589,road,0.08,plain,primary,2,primary,1,0,,669395928
n4622774589,n6268443277,road,0.16,plain,primary,2,primary,0,0,,669395929
n4631725203,n6338287648,road,3.6,mountain,secondary,2,secondary,0,0,asphalt,409869772
n4631725203,n6338287878,road,1.46,plain,secondary,2,secondary,0,0,asphalt,1344646453
n4633844641,n5329554258,road,1.83,plain,primary,2,primary,0,0,,551931685
n4636429203,n4636429253,road,3.98,plain,Kj-M-14,2,secondary,0,0,asphalt,469272294
n4636429203,n4636429282,road,4.61,plain,Kj-M-14,2,secondary,0,0,asphalt,1339116684
n4636429246,n9931251887,road,2.34,plain,Kj-M-14,2,secondary,0,0,asphalt,1339116714
n4636429253,n9931251887,road,0.94,plain,Kj-M-14,2,secondary,0,0,paved,1339116705
n4643535018,n9685298748,road,10.2,hilly,secondary,2,secondary,0,0,,1134713922
n4643564541,n6152587531,road,10.54,plain,secondary,2,secondary,0,0,,656848975
n4643586739,n4643586757,road,0.63,plain,secondary,2,secondary,0,0,,686963314
n4643586757,n4643591869,road,0.08,plain,secondary,2,secondary,1,0,,470123717
n4643591869,n4643592131,road,5.66,plain,secondary,2,secondary,0,0,,470123718
n4643790795,n8318563540,road,3.61,mountain,secondary,2,secondary,0,0,,894918612
n4643790795,n8318564632,road,6.68,mountain,secondary,2,secondary,0,0,,894918620
n4658551922,n835189050,road,1.24,plain,NH113,2,trunk,0,0,,1367640675
n4658551922,n835190522,road,3.73,plain,NH113,2,trunk,0,0,,1367640676
n4668931738,n4668931739,road,0.36,plain,secondary,1,secondary,1,0,,472695604
n4685794970,n4685795139,road,3.56,plain,SH-016,2,primary,0,0,,474676197
n4685794970,n5893508425,road,4.0,plain,SH-016,2,primary,0,0,,1312602270
n4685794991,n4685795047,road,0.26,plain,secondary,2,secondary,1,0,,474676198
n4685794991,n5735513695,road,2.5,plain,secondary,2,secondary,0,0,,474676199
n4685795045,n5735513695,road,3.45,plain,secondary,2,secondary,0,0,,474676199
n4685795047,n5735514286,road,2.15,plain,secondary,2,secondary,0,0,,1256154461
n4685795139,n5735514443,road,5.48,plain,SH-016,2,primary,0,0,,474676201
n4722094948,n566697156,road,1.49,plain,secondary,2,secondary,0,0,asphalt,564682907
n4722094948,n983258876,road,0.13,plain,secondary,2,secondary,0,0,asphalt,1211521032
n4723587838,n567770691,road,0.08,plain,primary,2,primary,0,0,,867776438
n4723587838,n567770693,road,1.15,plain,primary,2,primary,0,0,,421591826
n4724765016,n4724765017,road,0.14,plain,NH515,2,trunk,1,0,,479358846
n4724765016,n835196299,road,0.25,plain,NH515,2,trunk,0,0,,1046918517
n4724765017,n835196251,road,0.49,plain,NH515,2,trunk,0,0,,636948687
n4724765290,n4724765291,road,0.2,plain,NH515,2,trunk,0,0,asphalt,479358849
n4724765290,n6005632652,road,3.58,plain,NH515,2,trunk,0,0,asphalt,636948686
n4726719180,n831395795,road,0.55,plain,NH15,2,trunk,0,0,,479599247
n4726719491,n831395795,road,0.18,plain,NH15,2,trunk,0,0,,479599252
n4726877279,n4726877288,road,1.95,plain,NH15,2,trunk,0,0,,69414706
n4726877279,n6728189225,road,4.87,plain,NH15,2,trunk,0,0,,833620173
n4726877288,n4726881993,road,0.22,plain,NH15,2,trunk,1,0,,479613779
n4726881983,n4726881985,road,0.11,plain,NH15,2,trunk,0,0,,479613849
n4726881983,n9708704034,road,2.5,plain,NH15,2,trunk,0,0,,479613782
n4726881985,n4726881987,road,2.3,plain,NH15,2,trunk,0,0,,479613854
n4726881987,n831395834,road,0.73,plain,NH15,2,trunk,1,0,,479613857
n4726881993,n8928118126,road,0.2,plain,NH15,2,trunk,0,0,,965124859
n4726882191,n831395789,road,0.83,plain,NH15,2,trunk,1,0,,479613878
n4726882191,n831395861,road,1.4,plain,NH15,2,trunk,0,0,,479613860
n4726882223,n567357349,road,0.72,plain,NH15,2,trunk,0,0,,479613867
n4729611297,n831395861,road,0.45,plain,primary,2,primary,0,0,unpaved,479929815
n4738896123,n7947044712,road,1.06,plain,secondary,2,secondary,0,0,,1126624211
n4738896123,n958143733,road,5.97,plain,primary,2,primary,0,0,,162056024
n4738896123,n958144178,road,0.44,plain,primary,2,primary,0,0,,162056024
n4738896160,n6737805892,road,8.41,plain,secondary,2,secondary,0,0,,1055255810
n4738896160,n958144178,road,1.46,plain,secondary,2,secondary,0,0,,480943944
n4740596435,n8890517300,road,0.58,plain,NH13,2,trunk,0,0,,481114998
n4740596570,n746931794,road,16.04,hilly,primary,2,primary,0,0,,481115008
n4750203025,n4750203032,road,0.74,plain,NH15,2,trunk,0,0,,671096054
n4750203032,n958143621,road,0.98,plain,NH15,2,trunk,0,0,,1502387100
n4750552829,n4750552837,road,0.38,plain,secondary,2,secondary,1,0,,500544491
n4750552837,n4750552842,road,0.28,plain,secondary,2,secondary,0,0,,1121122823
n4750552842,n4750586280,road,7.12,hilly,secondary,2,secondary,0,0,,482212229
n4750622991,n4750623179,road,12.52,mountain,secondary,2,secondary,0,0,,499992233
n4750644205,n4750646404,road,0.72,plain,secondary,2,secondary,0,0,paved,958314250
n4750646404,n8808448101,road,0.14,plain,NH27,2,trunk,0,0,paved,951646742
n4758150132,n4758150231,road,4.14,mountain,secondary,2,secondary,0,0,,483060475
n4758150132,n4758150273,road,0.1,plain,secondary,2,secondary,1,0,,483060471
n4758150273,n835160408,road,0.91,plain,secondary,2,secondary,0,0,,483060473
n4867410009,n567377649,road,1.02,plain,NH127,2,trunk,0,0,,1136477572
n4871845630,n4871845636,road,0.7,plain,secondary,2,secondary,0,0,,495440595
n4871845630,n664140218,road,1.7,plain,NH6,2,trunk,0,0,,977963755
n4871845630,n9049141712,road,14.23,mountain,NH6,2,trunk,0,0,,977963755
n4875901084,n4875901100,road,0.5,plain,NH717A,2,trunk,0,0,asphalt,565343926
n4875901084,n774477560,road,21.46,mountain,NH717A,2,trunk,0,0,asphalt,454894228
n4875901100,n4875922980,road,4.67,mountain,NH717A,2,trunk,0,0,asphalt,495859531
n4885601044,n567778997,road,0.09,plain,NH8,1,secondary,0,0,asphalt,1372464715
n4885601044,n567779166,road,1.21,plain,NH8,1,secondary,0,0,asphalt,1346218129
n4890808105,n4977284625,road,0.7,plain,NH27,2,trunk,0,0,,657782632
n4900537515,n4900538724,road,0.83,plain,SH46,2,primary,0,0,,498679692
n4900537515,n4900586532,road,0.81,plain,SH46,2,primary,0,0,,498685655
n4900538724,n4900538760,road,3.06,plain,SH46,2,primary,0,0,,498679690
n4904762626,n4904824362,road,3.77,plain,SH46,2,primary,0,0,,499173332
n4904824358,n4904824362,road,0.13,plain,SH46,2,primary,1,0,,499173336
n4904824358,n4904965640,road,9.48,plain,SH46,2,primary,0,0,,499188055
n4904963307,n5760651203,road,8.65,plain,primary,2,primary,0,0,,499187961
n4904965640,n4904965665,road,2.63,plain,SH46,2,primary,0,0,,499173338
n4904965898,n569194879,road,0.08,plain,NH17,2,trunk,1,0,,499187988
n4904966532,n4904966553,road,0.86,plain,secondary,2,secondary,0,0,,499188053
n4907087562,n4907087626,road,0.53,plain,SH17,2,primary,0,0,,659670313
n4907087562,n6176237510,road,0.71,plain,SH18,2,primary,0,0,,659670328
n4907087575,n4907087666,road,1.06,plain,SH17,2,primary,0,0,,499433238
n4907087575,n4907087676,road,0.08,plain,SH17,2,primary,1,0,,499433241
n4907087626,n6176123670,road,0.2,plain,SH17,2,primary,0,0,,659670311
n4907087666,n6176123670,road,1.95,plain,SH17,2,primary,0,0,,499433245
n4907087679,n6175560315,road,4.0,plain,SH17,2,primary,0,0,,1136753303
n4910878498,n568602846,road,0.75,plain,NH317,2,trunk,0,0,,654038698
n4910878498,n568602873,road,0.46,plain,NH317A,2,trunk_link,0,0,,1389490418
n4910878498,n568602931,road,1.22,plain,NH317,2,trunk,0,0,,396050870
n4911675737,n5134551213,road,1.2,plain,secondary,2,secondary,0,0,,562354474
n4911775027,n4911775098,road,2.78,plain,secondary,2,secondary,0,0,,500007714
n4911775098,n4911775100,road,0.26,plain,secondary,2,secondary,0,0,,581950454
n4914355323,n569193525,road,0.39,plain,NH 27,2,trunk,1,0,,500361870
n4914355323,n569193543,road,0.46,plain,NH 27,2,trunk,0,0,,1272521038
n4914355421,n569193565,road,1.58,plain,MDR45-0120,2,secondary,0,0,,1272521046
n4914355421,n5812888412,road,1.24,plain,MDR45-0120,2,secondary,0,0,,1283013990
n4927496119,n5221627684,road,0.94,plain,secondary,2,secondary,0,0,,1046067666
n4927496119,n5221627807,road,2.4,plain,secondary,2,secondary,0,0,asphalt,505107180
n4928101390,n9721852060,road,1.28,plain,CA-M-003,2,secondary,0,0,asphalt,1058088628
n4928101490,n9719997419,road,1.55,plain,MDR,2,secondary,0,0,,1057834638
n4929523961,n4971143055,road,16.78,plain,NH27,2,trunk,0,0,paved,116521208
n4929523961,n569440002,road,8.48,plain,NH27,2,trunk,0,0,paved,116521217
n4936135088,n4936135213,road,0.25,plain,NH27,2,trunk,0,0,paved,503272064
n4936135088,n7868916815,road,1.52,plain,NH27,2,trunk,0,0,paved,843577243
n4937415625,n4937415636,road,0.69,plain,NH27,2,trunk,0,0,paved,503428741
n4937415636,n568501813,road,2.23,plain,NH27,2,trunk,0,0,paved,116521214
n4946752370,n4946753143,road,13.98,hilly,primary,2,primary,0,0,,504525103
n4946860488,n7157252896,road,16.83,plain,secondary,2,secondary,0,0,,607960967
n4951368114,n4951368116,road,0.08,plain,secondary,2,secondary,1,0,,505107190
n4951368116,n4951368314,road,0.98,plain,secondary,2,secondary,0,0,,966152504
n4951368280,n4951368296,road,2.24,plain,secondary,2,secondary,0,0,paved,505107172
n4951368280,n9007936863,road,1.57,plain,secondary,2,secondary,0,0,paved,505107169
n4951368296,n4951368299,road,0.08,plain,secondary,2,secondary,1,0,,505107171
n4951368299,n4951368301,road,0.21,plain,secondary,2,secondary,0,0,,1046064380
n4951368301,n4951368314,road,3.55,plain,secondary,2,secondary,0,0,,505107191
n4951588311,n4951593181,road,0.77,plain,MDR,2,secondary,0,0,asphalt,505139423
n4951588311,n4951593191,road,0.69,plain,MDR,2,secondary,0,0,asphalt,505139419
n4951591603,n4951591616,road,1.5,plain,MDR,2,secondary,0,0,asphalt,505139433
n4951591603,n4951593197,road,0.65,plain,MDR,2,secondary,0,0,asphalt,505139416
n4951591616,n4951593322,road,1.36,plain,MDR,2,secondary,0,0,asphalt,505139435
n4951593151,n5251964202,road,0.54,plain,MDR,2,secondary,0,0,asphalt,505139427
n4951593160,n4951593177,road,1.51,plain,MDR,2,secondary,0,0,asphalt,552092940
n4951593160,n5251964202,road,0.42,plain,MDR,2,secondary,0,0,asphalt,567268413
n4951593177,n4951593181,road,0.28,plain,MDR,2,secondary,0,0,asphalt,1050189798
n4951593191,n4951593197,road,0.11,plain,MDR,2,secondary,1,0,asphalt,505139420
n4951593322,n4951593329,road,1.44,plain,MDR,2,secondary,0,0,asphalt,505139437
n4962435724,n4962435774,road,1.99,plain,secondary,2,secondary,0,0,,506524755
n4962435774,n4962435919,road,3.85,hilly,secondary,2,secondary,0,0,,506524762
n4962435919,n4962436007,road,2.67,plain,secondary,2,secondary,0,0,,506524766
n4962436007,n4962436012,road,0.59,plain,secondary,2,secondary,0,0,,506524770
n4962436012,n4962436249,road,3.86,mountain,secondary,2,secondary,0,0,,506524772
n4962436249,n4962436988,road,11.49,mountain,secondary,2,secondary,0,0,,506524775
n4962436988,n4962437412,road,6.1,hilly,secondary,2,secondary,0,0,,506524777
n4962437412,n8890657875,road,9.87,hilly,secondary,2,secondary,0,0,,157708596
n4962454088,n4962454112,road,2.49,plain,secondary,2,secondary,0,0,,506526606
n4962454088,n8318501260,road,0.73,plain,secondary,2,secondary,0,0,,894910802
n4962454112,n4962454482,road,0.09,plain,secondary,2,secondary,1,0,,506526604
n4962454482,n8318501539,road,0.35,plain,secondary,2,secondary,0,0,,894910816
n4964391723,n7045996651,road,13.96,mountain,secondary,2,secondary,0,0,,506774826
n4972467639,n566686291,road,0.41,plain,NH27,2,trunk,0,0,,1267021995
n4972467639,n6975454272,road,1.12,plain,NH27,2,trunk,1,0,asphalt,1267021992
n4972483169,n566698766,road,0.8,plain,primary,2,primary,0,0,,497520988
n4972483169,n653107330,road,0.83,plain,primary,2,primary,1,0,,1267018328
n4972483169,n653107335,road,0.37,plain,primary,2,primary,0,0,,1144942346
n4976545951,n5440066040,road,0.13,plain,primary,2,primary,0,0,,1101700465
n4976545951,n566698747,road,0.12,plain,primary,2,primary,0,0,,1303636913
n4977205811,n6016305574,road,0.11,plain,NH27,2,trunk,0,0,,1316335709
n4977284625,n4977284642,road,0.39,plain,NH27,2,trunk,0,0,,1258150362
n4977284625,n566687314,road,0.89,plain,NH27,2,trunk,0,0,,1204084582
n4977284642,n566687314,road,0.47,plain,NH27,2,trunk,0,0,,1204084581
n4979122155,n566698766,road,0.38,plain,primary,2,primary,0,0,asphalt,543624684
n4979122155,n566698890,road,0.53,plain,primary,2,primary,0,0,asphalt,543640148
n4996643446,n567484451,road,1.38,plain,NH27,2,trunk,0,0,,386384632
n4996643446,n904877610,road,1.64,plain,NH27,2,trunk,0,0,,677506860
n5001119092,n5001200742,road,2.02,plain,secondary,2,secondary,0,0,,677506835
n5001119092,n5001335685,road,2.85,plain,secondary,2,secondary,0,0,,511222631
n5001119092,n566647715,road,3.48,hilly,secondary,2,secondary,0,0,,508333037
n5045165955,n6223528196,road,2.95,plain,secondary,2,secondary,0,0,,1052636777
n5049675202,n6975454272,road,4.56,hilly,NH27,2,trunk,0,0,asphalt,44638799
n5053032230,n566643101,road,0.87,plain,secondary,2,secondary,0,0,,906724383
n5053032230,n566686288,road,0.37,plain,secondary,2,secondary,0,0,,1180151100
n5053230206,n5053230211,road,0.35,plain,secondary,2,secondary,0,0,,881785712
n5053230206,n569198536,road,1.11,plain,secondary,2,secondary,0,0,,762343671
n5053230211,n5053230218,road,0.11,plain,secondary,2,secondary,0,0,,762343657
n5053230218,n5053230371,road,3.62,plain,secondary,2,secondary,0,0,,517919078
n5054630093,n5936564737,road,6.87,plain,Kj-M-6,2,secondary,0,0,asphalt,628779868
n5054902777,n5054902785,road,0.16,plain,secondary,2,secondary,1,0,,1254899193
n5058289596,n5058289605,road,0.65,plain,SH2,2,primary,0,0,,1292176438
n5058289596,n5058290134,road,2.27,plain,SH2,2,primary,0,0,,518577599
n5058289605,n5058290041,road,0.41,plain,SH2,2,primary,1,0,,518577595
n5058290139,n5058290144,road,0.8,plain,SH2,2,primary,1,0,,518577596
n5058290140,n5058290143,road,0.17,plain,SH2,2,primary,1,0,,518577594
n5058290143,n5058290144,road,1.8,plain,SH2,2,primary,0,0,,518577597
n5067402322,n5181776940,road,2.0,plain,secondary,2,secondary,0,0,,534262532
n5067659202,n5067659220,road,1.29,plain,SH-1022,2,primary,0,0,asphalt,519771903
n5067659220,n5067659277,road,1.2,plain,SH-1022,2,primary,0,0,asphalt,1319027849
n5067659277,n5067659279,road,0.94,plain,SH-1022,2,primary,0,0,unpaved,1319027848
n5067659279,n5067659461,road,11.38,mountain,SH-1022,2,primary,0,0,paved,519771904
n5067659461,n5067659462,road,0.46,plain,SH37,2,primary,0,0,,1066082869
n5067659461,n5298833899,road,0.62,plain,SH37,2,primary,0,0,,548494977
n5067659462,n5067659471,road,0.42,plain,SH37,2,primary,0,0,,1057550382
n5067659471,n5067659472,road,0.2,plain,SH37,2,primary,0,0,,1057550382
n5067661978,n568988568,road,5.03,plain,CA-M-012,2,secondary,0,0,,519772066
n5067661978,n6112553474,road,5.73,plain,CA-M-012,2,secondary,0,0,,667131688
n5113182678,n6247259902,road,3.14,plain,CA-M-001,2,secondary,0,0,asphalt,667234724
n5113182703,n5237168288,road,6.74,hilly,secondary,2,secondary,0,0,,541621717
n5128758633,n5128758642,road,0.5,plain,secondary,2,secondary,0,0,,543748763
n5128758642,n5421916691,road,1.82,plain,secondary,2,secondary,0,0,asphalt,527574934
n5131447487,n5131447861,road,4.35,hilly,SH39,2,primary,0,0,,527920432
n5131447487,n5232412628,road,5.29,mountain,Kj-M-8,2,secondary,0,0,,1123851816
n5131447487,n5796999444,road,11.61,mountain,SH39,2,primary,0,0,,659763956
n5131447861,n5131449293,road,3.04,plain,primary,2,primary,0,0,,197997726
n5131449293,n5232412628,road,0.19,plain,primary,2,primary,0,0,,659763960
n5134551213,n5223393561,road,2.03,plain,secondary,2,secondary,0,0,asphalt,527587501
n5134591263,n5135424982,road,1.41,plain,secondary,2,secondary,0,0,unpaved,592329261
n5134787041,n5221758903,road,0.32,plain,secondary,2,secondary,0,0,,539672222
n5134827165,n5134827186,road,1.14,plain,secondary,2,secondary,0,0,,528363273
n5134827165,n5301144644,road,4.34,plain,secondary,2,secondary,0,0,,533702825
n5134827186,n5177398773,road,2.24,plain,secondary,2,secondary,0,0,,533702862
n5135208054,n5219982280,road,3.41,hilly,secondary,2,secondary,0,0,,541366754
n5135390025,n5135436713,road,0.61,plain,secondary,2,secondary,0,0,,549925366
n5135422137,n5135422139,road,0.35,plain,secondary,2,secondary,0,0,,528450057
n5135422137,n835158982,road,0.75,plain,secondary,2,secondary,0,0,,541789664
n5135422139,n5434932042,road,3.59,plain,secondary,2,secondary,0,0,,528450060
n5136137955,n7677540658,road,11.58,plain,secondary,2,secondary,0,0,asphalt,1303956884
n5136137955,n7903778167,road,5.12,plain,secondary,2,secondary,0,0,asphalt,1303956884
n5136149903,n569441151,road,2.53,plain,secondary,2,secondary,0,0,,466236730
n5151516824,n7047092683,road,13.19,mountain,primary,2,primary,0,0,,530520463
n5162159268,n5164799262,road,4.44,plain,secondary,2,secondary,0,0,,532258863
n5164789276,n5164799262,road,0.08,plain,secondary,2,secondary,1,0,,828154521
n5164789276,n5467628256,road,3.95,plain,secondary,2,secondary,0,0,,532232054
n5176113720,n5812888412,road,10.57,hilly,MDR45-0120,2,secondary,0,0,,533550598
n5181776476,n5181776940,road,1.04,plain,secondary,2,secondary,0,0,,1360661006
n5208962955,n567382329,road,0.76,plain,primary,2,primary,0,0,,1201742745
n5218774099,n5218774100,road,0.12,plain,secondary,2,secondary,0,0,,539304330
n5218774099,n5219969005,road,1.03,plain,secondary,2,secondary,0,0,,539456616
n5218774100,n5218774105,road,0.38,plain,secondary,2,secondary,0,0,,539304332
n5218774105,n5223525142,road,0.51,plain,secondary,2,secondary,0,0,,586129303
n5219969005,n5219972170,road,0.38,plain,secondary,2,secondary,0,0,,553244328
n5219972170,n5219982260,road,0.79,plain,secondary,2,secondary,0,0,,553244326
n5219982260,n5219982280,road,1.77,plain,secondary,2,secondary,0,0,,541366754
n5219982280,n5221758903,road,0.47,plain,secondary,2,secondary,0,0,,539672636
n5221627684,n5221627878,road,10.7,hilly,secondary,2,secondary,0,0,,97821814
n5221627878,n568601510,road,1.69,plain,secondary,2,secondary,0,0,,1296951117
n5223441437,n5329554258,road,1.7,plain,primary,2,primary,0,0,,588796992
n5223525121,n5223525126,road,0.68,plain,secondary,2,secondary,0,0,,586097087
n5223525126,n5223525136,road,0.65,plain,secondary,2,secondary,0,0,,539884310
n5223525136,n5223525142,road,0.79,plain,secondary,2,secondary,0,0,,542154737
n5228172041,n835159099,road,1.73,plain,NH15,2,trunk,0,0,,69856708
n5228172041,n835159892,road,0.67,plain,NH13,2,trunk,0,0,,238532071
n5232412628,n5232412630,road,2.97,plain,primary,2,primary,0,0,,676871864
n5232412630,n6338319273,road,0.59,plain,Kj-M-8,2,secondary,0,0,asphalt,1130872649
n5232412638,n6338319273,road,5.66,plain,Kj-M-8,2,secondary,0,0,asphalt,1127729089
n5232412638,n6338319732,road,0.43,plain,Kj-M-8,2,secondary,0,0,asphalt,1337586665
n5232412663,n5232412693,road,0.67,plain,NH6,2,trunk,0,0,asphalt,1123848202
n5232412832,n5232412833,road,0.13,plain,Kj-M-8,2,secondary,0,0,asphalt,1131534356
n5232412833,n5232412834,road,0.16,plain,Kj-M-8,2,secondary,0,0,asphalt,1352089562
n5232412833,n6338319560,road,1.28,plain,Kj-M-9,2,secondary,0,0,,676871870
n5232412834,n5232412835,road,0.7,plain,Kj-M-8,2,secondary,0,0,asphalt,1352089563
n5232412835,n5232412838,road,1.01,plain,Kj-M-9,2,secondary,0,0,asphalt,1131140727
n5232412835,n6338319732,road,1.46,plain,Kj-M-8,2,secondary,0,0,asphalt,540997662
n5232412848,n6338320177,road,2.61,plain,secondary,2,secondary,0,0,,1128418600
n5232412905,n5232412906,road,0.19,plain,secondary,2,secondary,1,0,,540997683
n5232412905,n5232413038,road,2.14,plain,secondary,2,secondary,0,0,,540997689
n5232412909,n5232413085,road,3.24,hilly,CA-M-009,2,secondary,0,0,asphalt,668441112
n5232412909,n6261453903,road,1.9,plain,secondary,2,secondary,0,0,,668630667
n5232412909,n6261454714,road,2.31,plain,CA-M-009,2,secondary,0,0,asphalt,668630696
n5232413038,n6261454611,road,2.24,plain,secondary,2,secondary,0,0,,668630686
n5232413085,n5232413088,road,1.31,plain,CA-M-009,2,secondary,0,0,paved,1326129312
n5232413125,n5232413137,road,1.72,plain,CA-M-009,2,secondary,0,0,asphalt,668630706
n5232413125,n6261454758,road,2.65,plain,CA-M-009,2,secondary,0,0,asphalt,1058749547
n5232413129,n5232413130,road,0.2,plain,CA-M-009,2,secondary,0,0,asphalt,668630704
n5232413130,n5232413137,road,1.25,plain,CA-M-009,2,secondary,0,0,asphalt,668630704
n5232413130,n6261456180,road,0.13,plain,CA-M-008,2,secondary,0,0,paved,1058035883
n5237099382,n5383060135,road,1.09,plain,NH27,2,trunk,0,0,paved,843614131
n5237099382,n7869251213,road,0.77,plain,NH27,2,trunk,0,0,paved,843614131
n5237166940,n569048545,road,0.27,plain,NH37,2,trunk,0,0,,1092780813
n5237166940,n569048558,road,1.32,plain,NH37,2,trunk,0,0,,668833458
n5237168288,n569048648,road,0.09,plain,secondary,2,secondary,1,0,,541621718
n5252000803,n835159127,road,0.32,plain,NH27,2,trunk,0,0,,962581246
n5252000803,n835159733,road,0.34,plain,NH27,2,trunk,1,0,,962581252
n5252000823,n5501244833,road,1.66,plain,NH27,2,trunk,0,0,asphalt,951359243
n5252000823,n9441806906,road,0.19,plain,NH27,2,trunk,0,0,asphalt,1217474732
n5252468209,n5252468210,road,0.14,plain,secondary,2,secondary,0,0,,543339980
n5254706296,n5254707395,road,0.11,plain,secondary,2,secondary,1,0,,543570351
n5254706296,n835158853,road,1.92,plain,secondary,2,secondary,0,0,,363595970
n5277345693,n5291125110,road,4.5,plain,Z1058,2,secondary,0,0,,546760089
n5298833847,n5298833849,road,0.96,plain,secondary,2,secondary,0,0,asphalt,1320810096
n5298833851,n9713063992,road,0.14,plain,secondary,2,secondary,0,0,asphalt,1320816278
n5301608623,n5301807204,road,2.11,plain,primary,2,primary,0,0,,731882380
n5301807204,n6195177267,road,7.53,hilly,primary,2,primary,0,0,,661731259
n5308272573,n8928116930,road,0.1,plain,secondary,2,secondary,1,0,,965124786
n5380914648,n6255618621,road,3.62,mountain,secondary,2,secondary,0,0,asphalt,888564392
n5383968351,n5383969334,road,0.26,plain,secondary,2,secondary,1,0,,558327390
n5383968351,n6251827971,road,10.32,hilly,secondary,2,secondary,0,0,,667699544
n5383968748,n5383969334,road,9.6,mountain,secondary,2,secondary,0,0,,558327391
n5414147655,n7954380575,road,2.82,plain,secondary,2,secondary,0,0,,562193766
n5416058127,n5416058129,road,6.07,plain,SH-013,2,primary,0,0,,561726248
n5416058127,n567356919,road,0.33,plain,SH-013,2,primary,0,0,,1310811325
n5416058129,n6735182096,road,3.97,plain,SH-013,2,primary,0,0,,1055887625
n5421916691,n8866653636,road,0.25,plain,NH27,2,trunk,0,0,asphalt,958272913
n5440066040,n566698747,road,0.34,plain,primary,2,primary,0,0,,564697253
n5443154921,n566687478,road,0.5,plain,NH27,2,trunk,0,0,,1316336551
n5443154921,n566687491,road,1.44,plain,NH27,2,trunk,1,0,,224011412
n5443196340,n5443196345,road,0.11,plain,NH215,2,trunk,1,0,,565089990
n5443196340,n5443289005,road,5.73,mountain,NH215,2,trunk,0,0,,1368054711
n5443209880,n8021477701,road,9.83,hilly,MDR,2,secondary,0,0,asphalt,565091565
n5443282743,n5443285339,road,13.25,mountain,NH215,2,trunk,0,0,,1368054712
n5443282743,n5443286009,road,3.12,mountain,NH215,2,trunk,0,0,,565100700
n5443285339,n5443285696,road,4.6,mountain,NH215,2,trunk,0,0,,1462639755
n5443285696,n5443289005,road,9.4,mountain,NH215,2,trunk,0,0,,1368054710
n5443286009,n5443287335,road,16.5,mountain,NH215,2,trunk,0,0,,565100703
n5443823873,n5443824131,road,4.12,hilly,NH113,2,trunk,0,0,,565151265
n5443823873,n835188949,road,7.39,hilly,NH113,2,trunk,0,0,,565151263
n5443824131,n5443824383,road,5.59,plain,NH113,2,trunk,0,0,,565151267
n5443824383,n5443824637,road,4.16,hilly,NH113,2,trunk,0,0,,565151269
n5443824637,n835189741,road,1.37,plain,NH113,2,trunk,0,0,,988953735
n5443825607,n835188995,road,5.18,mountain,NH113,2,trunk,0,0,,565151278
n5443825607,n835189122,road,1.82,plain,NH113,2,trunk,0,0,,1358716323
n5444831232,n5444831555,road,12.03,mountain,secondary,1,secondary,0,0,,565306971
n5444831555,n5444835331,road,24.32,mountain,secondary,1,secondary,0,0,,565307022
n5451398224,n5451398233,road,0.13,plain,NH27,2,trunk,0,0,,1379309747
n5451398233,n5451398255,road,1.91,plain,NH27,2,trunk,0,0,,1379309744
n5451398255,n5451398320,road,2.51,plain,NH27,2,trunk,0,0,,566144640
n5451398320,n5451398327,road,0.78,plain,NH27,2,trunk,0,0,,1379309736
n5451398327,n5451398382,road,1.26,plain,NH27,2,trunk,0,0,,1379309755
n5451398716,n5451398932,road,1.23,plain,NH27,2,trunk,0,0,asphalt,566144649
n5451398932,n5451398985,road,0.98,plain,NH27,2,trunk,0,0,asphalt,566144649
n5451398985,n9691473612,road,0.7,plain,NH27,2,trunk,0,0,asphalt,1054633427
n5451399005,n9691473612,road,1.1,plain,NH27,2,trunk,0,0,asphalt,1054633421
n5452016336,n5452016351,road,0.21,plain,NH27,2,trunk,0,0,,1134584038
n5452016336,n5811990737,road,0.47,plain,NH27,2,trunk,0,0,,1134584054
n5452016786,n5452016791,road,0.74,plain,NH27,2,trunk,0,0,,1144678001
n5452016786,n904881649,road,0.22,plain,NH27,2,trunk,0,0,,1144677997
n5452016791,n904877610,road,0.86,plain,NH27,2,trunk,0,0,,677506860
n5452174996,n5452175013,road,1.78,plain,NH27,2,trunk,0,0,,572687756
n5452174996,n569197201,road,1.66,plain,NH27,2,trunk,0,0,,44892520
n5452175013,n5452175014,road,0.1,plain,NH27,2,trunk,1,0,,566210443
n5452175014,n569197248,road,1.59,plain,NH27,2,trunk,0,0,,566210445
n5452175022,n569197248,road,0.1,plain,NH 31 (C),2,trunk,1,0,,566210446
n5452175174,n569197421,road,3.9,plain,NH27,2,trunk,0,0,,572687712
n5452175239,n5452175243,road,0.59,plain,NH27,2,trunk,0,0,,766502242
n5463916909,n567779227,road,0.75,plain,Kj-M-6,2,secondary,0,0,paved,567725363
n5470439947,n5470440689,road,14.13,mountain,NH102B,2,trunk,0,0,,568636295
n5470440689,n5470441691,road,5.89,mountain,NH102B,2,trunk,0,0,,568636296
n5470460553,n6258772330,road,1.22,plain,primary,2,primary,0,0,,668351870
n5473363558,n5473366199,road,1.58,plain,secondary,2,secondary,0,0,,636595798
n5473365530,n5473365597,road,13.35,hilly,trunk,2,trunk,0,0,,1044673815
n5473365597,n5473366012,road,0.78,plain,NH-108B,2,trunk,0,0,,1044679549
n5473366012,n5473366018,road,0.63,plain,NH108B,2,trunk,0,0,,1044679551
n5473366018,n5473366077,road,3.07,hilly,NH108B,2,trunk,0,0,,1044675092
n5473366077,n5473366085,road,1.57,plain,NH108B,2,trunk,0,0,,1044683985
n5473366085,n5473366110,road,1.82,plain,NH108B,2,trunk,0,0,,1044673814
n5473366110,n9679706394,road,0.58,plain,secondary,2,secondary,0,0,,1053291656
n5473366133,n5473366345,road,4.49,hilly,secondary,2,secondary,0,0,,1053801458
n5473366133,n9679706394,road,1.09,plain,secondary,2,secondary,0,0,,1053291655
n5473366199,n5473366208,road,0.16,plain,secondary,2,secondary,1,0,,636595797
n5473366345,n5473366367,road,0.61,plain,trunk,2,trunk,0,0,,1359705153
n5473366345,n6723554454,road,2.96,plain,secondary,2,secondary,0,0,,750986069
n5473366345,n9676681276,road,1.2,plain,NH108B,2,trunk,0,0,,1052959507
n5473366367,n9682587993,road,0.48,plain,NH-108B,2,trunk,0,0,,1451323372
n5473366405,n9612333644,road,0.95,plain,NH108B,2,trunk,0,0,,1460714482
n5478266110,n5478266111,road,0.37,plain,NH27,2,trunk,0,0,,386390143
n5478266111,n5478272322,road,0.96,plain,NH27,2,trunk,0,0,,386390142
n5478272337,n5478272349,road,1.11,plain,NH27,2,trunk,0,0,,1135139803
n5478272349,n567387257,road,0.43,plain,NH27,2,trunk,0,0,,1135139803
n5478272414,n5478272552,road,0.72,plain,NH27,1,trunk,0,0,,363537326
n5478272414,n569192525,road,3.4,plain,NH27,1,trunk,0,0,,363536840
n5483487311,n5483487337,road,4.8,plain,SH-005,2,primary,0,0,asphalt,570367963
n5483487311,n958034891,road,1.03,plain,SH-005,2,primary,0,0,asphalt,1125778437
n5483487337,n5483487370,road,2.24,plain,SH-005,2,primary,0,0,asphalt,1125776071
n5483487370,n5483487405,road,2.58,plain,SH-005,2,primary,0,0,asphalt,1125599241
n5483487405,n6742707554,road,2.98,plain,SH-005,2,primary,0,0,asphalt,717953816
n5496343073,n5792354501,road,1.91,plain,secondary,2,secondary,0,0,,611829473
n5501241611,n5501241612,road,0.14,plain,NH27,2,trunk,1,0,asphalt,572633936
n5501244822,n835159502,road,1.92,plain,NH27,2,trunk,0,0,asphalt,842065594
n5501244827,n5501244828,road,0.09,plain,NH27,2,trunk,1,0,asphalt,572633940
n5501244827,n835158871,road,0.51,plain,NH27,2,trunk,0,0,asphalt,951637387
n5501244828,n835159073,road,0.76,plain,NH27,2,trunk,0,0,asphalt,1035937185
n5501244833,n835159733,road,0.08,plain,NH27,2,trunk,0,0,,962581256
n5501702956,n569197078,road,5.12,plain,NH27,2,trunk,0,0,,572687792
n5501702956,n569197189,road,0.1,plain,NH27,2,trunk,1,0,,572687780
n5501702969,n5501702971,road,0.08,plain,NH27,2,trunk,1,0,,572687833
n5501702969,n569197027,road,0.89,plain,NH27,2,trunk,0,0,,572687827
n5501702971,n569196907,road,2.81,plain,NH27,2,trunk,0,0,,572687840
n5501702981,n569196341,road,3.63,plain,NH27,2,trunk,0,0,,44892561
n5501703001,n569193565,road,8.34,plain,NH27,2,trunk,0,0,,193281897
n5501703001,n569196181,road,0.08,plain,NH27,2,trunk,1,0,,572687918
n5501703103,n569192767,road,0.28,plain,NH27,2,trunk,0,0,,44892388
n5501703103,n6430946458,road,2.84,plain,NH27,2,trunk,0,0,,44892388
n5501737281,n5501737282,road,0.75,plain,SH15,2,primary,0,0,,572690526
n5541781845,n5541781882,road,3.48,mountain,secondary,2,secondary,0,0,,578314148
n5556586309,n569317733,road,7.2,plain,secondary,2,secondary,0,0,,580459833
n5629910706,n5629910720,road,2.43,plain,primary,2,primary,0,0,concrete,589569924
n5629910706,n9088571588,road,2.02,plain,primary,2,primary,0,0,concrete,1393299229
n5629910720,n9088571805,road,1.32,plain,SH46,2,primary,0,0,,982873499
n5630652317,n5641133107,road,5.79,mountain,primary,2,primary,0,0,,590246542
n5630652317,n774477581,road,0.11,plain,secondary,2,secondary,1,0,,589648744
n5631122669,n7947044712,road,6.26,plain,secondary,2,secondary,0,0,,589690284
n566642813,n566643101,road,4.53,plain,secondary,2,secondary,0,0,,1190512285
n566650885,n566651230,road,1.77,plain,secondary,2,secondary,0,0,,44639622
n566651230,n653096938,road,0.14,plain,secondary,2,secondary,0,0,,1135638795
n566651554,n566652742,road,1.99,plain,SH3,2,primary,0,0,,1133094844
n566651554,n566653259,road,2.54,plain,SH3,2,primary,0,0,asphalt,44639823
n566653259,n566653288,road,0.79,plain,SH3,2,primary,0,0,,44639859
n566653288,n566653977,road,0.57,plain,SH3,2,primary,0,0,asphalt,659471833
n566653977,n653096938,road,0.3,plain,SH3,2,primary,0,0,asphalt,659471833
n566683246,n569198749,road,0.76,plain,NH17,2,trunk,0,0,,44892570
n566685609,n653097300,road,2.32,plain,primary,2,primary,1,0,,114812791
n566686291,n566686299,road,0.56,plain,NH27,2,trunk,1,0,,1135727015
n566687206,n566687207,road,0.85,plain,NH27,2,trunk,0,0,,44643275
n566687207,n566687315,road,0.35,plain,NH27,2,trunk,0,0,,1204084579
n566687314,n653996522,road,1.25,plain,secondary,2,secondary,0,0,asphalt,657782633
n566687314,n6707510009,road,0.19,plain,NH27,2,trunk,0,0,,44643354
n566687315,n6707510009,road,0.5,plain,NH27,2,trunk,0,0,,44643354
n566687478,n566687577,road,0.51,plain,NH27,2,trunk,1,0,,386390138
n566687486,n566696013,road,0.2,plain,secondary,2,secondary,0,0,,565327432
n566687486,n566697156,road,1.17,plain,secondary,2,secondary,0,0,asphalt,565327437
n566687491,n653997343,road,0.17,plain,NH27,2,trunk,0,0,,1216161241
n566687577,n566693484,road,1.51,plain,NH6,2,trunk,0,0,,611197746
n566696013,n566697156,road,1.03,plain,secondary,2,secondary,0,0,,564659516
n566697663,n653997350,road,2.1,plain,secondary,2,secondary,0,0,,51252630
n566697663,n653997362,road,0.28,plain,secondary,2,secondary,0,0,,565103162
n566697663,n653997467,road,1.77,plain,secondary,2,secondary,0,0,asphalt,565103166
n566697663,n983258876,road,0.19,plain,secondary,2,secondary,0,0,,564682914
n566698747,n566698751,road,0.65,plain,primary,2,primary,1,0,,44644556
n566698747,n653096764,road,0.28,plain,primary_link,2,primary_link,0,0,,1267019489
n566698751,n653096764,road,0.25,plain,primary,2,primary,1,0,,44768597
n566698751,n653997449,road,1.01,plain,primary,2,primary,0,0,,543623714
n566698766,n566698890,road,0.83,plain,primary,2,primary,0,0,asphalt,543640150
n566698766,n653096968,road,0.62,plain,secondary,2,secondary,0,0,,51188920
n566698766,n653107305,road,0.44,plain,primary,2,primary,0,0,,51188921
n566698766,n653109436,road,0.49,plain,secondary,2,secondary,0,0,,543627488
n566698890,n653997449,road,0.23,plain,secondary,2,secondary,0,0,asphalt,1343462014
n566708227,n567484476,road,18.02,hilly,secondary,2,secondary,0,0,,44645573
n566712524,n566712788,road,0.14,plain,NH10,2,trunk,0,0,paved,864158169
n566712524,n6514649794,road,0.64,plain,NH27,2,trunk_link,0,0,asphalt,693872456
n566714095,n566714108,road,0.48,plain,primary,2,primary,1,0,paved,97821805
n567356588,n567356595,road,0.17,plain,NH715,2,trunk,1,0,,610771002
n567356588,n567356676,road,11.94,plain,NH2,2,trunk,0,0,,130149145
n567356595,n567356597,road,0.21,plain,NH715,2,trunk,0,0,,1305376858
n567356597,n567371850,road,1.01,plain,NH715,2,trunk,0,0,,69593377
n567356671,n567356676,road,0.36,plain,NH2,2,trunk,0,0,,479929793
n567356671,n567356717,road,4.08,plain,NH2,2,trunk,0,0,,44719023
n567356717,n567356721,road,3.37,plain,NH2,2,trunk,0,0,,44719719
n567356721,n567356748,road,0.18,plain,NH2,2,trunk,1,0,,44719721
n567356748,n567356776,road,4.77,plain,NH2,2,trunk,0,0,,44719030
n567356791,n567356857,road,6.43,plain,NH2,2,trunk,0,0,,44719353
n567356856,n567356857,road,0.14,plain,NH2,2,trunk,1,0,,44719366
n567356856,n567356919,road,10.3,plain,NH2,2,trunk,0,0,,44719031
n567356919,n567356951,road,4.71,plain,NH2,2,trunk,0,0,,1046826714
n567356919,n5753939620,road,8.38,plain,SH-013,2,primary,0,0,,1276747062
n567356951,n567357012,road,8.24,hilly,NH2,2,trunk,0,0,,44719025
n567356951,n6759087412,road,9.42,hilly,NH2,2,trunk,0,0,,1046821946
n567357012,n6759087412,road,1.18,plain,NH2,2,trunk,0,0,,1046821948
n567357052,n6749238701,road,3.22,plain,trunk,2,trunk,0,0,,720172121
n567357052,n9626329045,road,1.73,plain,NH2,2,trunk,0,0,,150831877
n567357162,n567357192,road,1.11,plain,NH2,2,trunk,0,0,,44719026
n567357162,n6738011701,road,1.41,plain,trunk,2,trunk,0,0,,717470255
n567357192,n567357213,road,1.63,plain,NH2,2,trunk,0,0,,1046800927
n567357213,n567357231,road,1.22,plain,NH2,2,trunk,0,0,,1046797898
n567357231,n567357245,road,1.35,plain,NH2,2,trunk,0,0,,713951195
n567357231,n567357247,road,1.03,plain,NH2,2,trunk,0,0,,1046796317
n567357243,n567357245,road,0.63,plain,NH2,2,trunk,0,0,,713951195
n567357243,n567357247,road,0.93,plain,NH2,2,trunk,0,0,,1046796319
n567357243,n567357268,road,1.91,plain,NH2,2,trunk,0,0,,1046796321
n567357245,n6712175062,road,1.72,plain,SH-013,2,primary,0,0,asphalt,1310914836
n567357253,n567357296,road,1.11,plain,NH2,2,trunk,0,0,,1046783133
n567357253,n567357305,road,1.69,plain,NH2,2,trunk,0,0,,228989996
n567357268,n567357269,road,1.53,plain,NH2,2,trunk,0,0,,1046796320
n567357269,n567357296,road,0.25,plain,NH2,2,trunk,1,0,,44719027
n567357304,n567357305,road,0.09,plain,NH2,2,trunk,1,0,,228989995
n567357304,n567357359,road,5.06,plain,NH2,2,trunk,0,0,,44720068
n567357349,n567357359,road,0.28,plain,NH2,2,trunk,0,0,,1502394376
n567357349,n567357376,road,4.26,plain,primary,2,primary,0,0,,82278264
n567357349,n6773981405,road,1.22,plain,secondary,2,secondary,0,0,,722151727
n567357376,n567357394,road,1.01,plain,primary,2,primary,1,0,,244253839
n567371850,n8891072814,road,0.34,plain,NH715,2,trunk,0,0,,433984383
n567377649,n567377674,road,2.81,plain,NH127,2,trunk,0,0,,1136482359
n567377649,n567382443,road,2.36,plain,secondary,2,secondary,0,0,,1111058015
n567377674,n567377681,road,0.11,plain,NH127,2,trunk,0,0,,1269877972
n567377681,n567377719,road,5.03,hilly,NH127,2,trunk,0,0,,1136496480
n567377883,n567377920,road,6.2,plain,NH715,2,trunk,0,0,,44721466
n567377883,n567511973,road,1.55,plain,NH715,2,trunk,0,0,,44721466
n567377920,n567378025,road,12.03,plain,NH715,2,trunk,0,0,,44721466
n567378025,n567378056,road,3.64,plain,NH715,2,trunk,0,0,,1106884384
n567378056,n567378087,road,6.65,plain,NH715,2,trunk,0,0,,44721584
n567378087,n9828322686,road,2.08,plain,NH715,2,trunk,0,0,,1071013136
n567378145,n567378219,road,4.21,plain,NH715,2,trunk,0,0,asphalt,1071123127
n567378145,n9828322686,road,6.31,plain,NH715,2,trunk,0,0,asphalt,975594823
n567378219,n567378253,road,3.53,plain,NH715,2,trunk,0,0,asphalt,1147211986
n567378253,n567378296,road,6.52,plain,NH715,2,trunk,0,0,asphalt,44721457
n567378329,n567378340,road,0.44,plain,NH715,2,trunk,0,0,asphalt,1098070540
n567378340,n567378393,road,10.69,plain,NH715,2,trunk,0,0,asphalt,1098384147
n567378393,n567378419,road,1.75,plain,NH715,2,trunk,0,0,asphalt,1099800215
n567378419,n567378429,road,2.53,plain,NH715,2,trunk,0,0,asphalt,1099800215
n567378429,n567378454,road,2.7,plain,NH715,2,trunk,0,0,asphalt,44721365
n567378454,n567378552,road,13.49,plain,NH715,2,trunk,0,0,asphalt,44721365
n567378454,n6102323288,road,1.16,plain,secondary,2,secondary,0,0,asphalt,406197875
n567378548,n567378552,road,0.2,plain,NH715,2,trunk,1,0,asphalt,44721355
n567378548,n567378579,road,3.16,hilly,NH715,2,trunk,0,0,asphalt,1305429637
n567378552,n567786278,road,6.97,hilly,NH129,2,trunk,0,0,,44769780
n567378579,n567378591,road,1.8,plain,NH715,2,trunk,0,0,asphalt,1305429472
n567378591,n567378638,road,6.49,plain,NH715,2,trunk,0,0,asphalt,1305376894
n567378638,n567378670,road,1.04,plain,NH715,2,trunk,0,0,asphalt,1305471272
n567378692,n567378713,road,0.53,plain,NH715,2,trunk,0,0,asphalt,1305376887
n567378707,n567378714,road,0.16,plain,NH715,2,trunk,0,0,concrete,1305471280
n567378713,n567378714,road,0.16,plain,NH715,2,trunk,0,0,concrete,1305471278
n567378731,n567378750,road,2.16,plain,NH715,2,trunk,0,0,asphalt,1305376877
n567378740,n567378744,road,0.46,plain,NH715,2,trunk,0,0,,1095147104
n567378740,n567378750,road,0.34,plain,NH715,2,trunk,0,0,,1305376875
n567378744,n567378785,road,0.96,plain,NH715,2,trunk,0,0,,1095147104
n567378785,n567378803,road,3.49,plain,NH715,2,trunk,0,0,,1095147104
n567378785,n5800452521,road,1.83,plain,NH715,2,trunk,0,0,,228977890
n567378794,n567378803,road,1.25,plain,NH715,2,trunk,0,0,,1305376871
n567378794,n5800452521,road,0.42,plain,NH715,2,trunk,0,0,,1305376870
n567378803,n567378819,road,0.39,plain,NH715,2,trunk,0,0,,1305376868
n567378803,n567378827,road,2.93,plain,NH715,2,trunk,0,0,,1306120751
n567378816,n567378819,road,0.61,plain,NH715,2,trunk,0,0,,1305376867
n567378816,n567378827,road,1.68,plain,NH715,2,trunk,0,0,,1122559856
n567381986,n567389888,road,0.13,plain,NH27,2,trunk,1,0,,44722323
n567382145,n567382146,road,0.09,plain,NH27,2,trunk,1,0,,289052026
n567382270,n567382295,road,0.3,plain,primary,2,primary,0,0,,572694476
n567382295,n567382310,road,5.27,plain,primary,2,primary,0,0,,1201742744
n567382295,n567382329,road,5.61,plain,primary,2,primary,0,0,,44721804
n567382310,n567382329,road,0.37,plain,primary,2,primary,0,0,,1201742743
n567382443,n567382444,road,0.3,plain,secondary,2,secondary,0,0,,1111058014
n567393752,n567393760,road,2.42,plain,NH106,2,trunk,0,0,,110534219
n567393752,n567775821,road,3.19,hilly,NH206,2,trunk,0,0,,340205940
n567484439,n567484451,road,2.7,plain,NH15,2,trunk,0,0,,44734380
n567484439,n567484476,road,2.0,plain,NH15,2,trunk,0,0,,1134471681
n567484476,n567484515,road,0.09,plain,NH15,2,trunk,1,0,,44734379
n567484515,n567484617,road,2.14,plain,NH15,2,trunk,0,0,,448885367
n567484617,n567484652,road,0.68,plain,NH15,2,trunk,0,0,,1134488688
n567484652,n567484692,road,1.23,plain,NH15,2,trunk,0,0,,1134493933
n567484692,n567484711,road,4.04,plain,NH15,2,trunk,0,0,,617226308
n567484711,n567484749,road,1.76,plain,NH15,2,trunk,0,0,,1134493931
n567484749,n567484764,road,0.08,plain,NH15,2,trunk,1,0,,636944290
n567484764,n567484817,road,0.08,plain,NH15,2,trunk,1,0,,617226310
n567484822,n567484858,road,2.63,plain,NH15,2,trunk,0,0,,238668506
n567484858,n567484948,road,9.83,plain,NH15,2,trunk,0,0,,238668506
n567484858,n9127382063,road,1.91,plain,secondary,2,secondary,0,0,,987470054
n567484948,n567485006,road,3.47,plain,NH15,2,trunk,0,0,,44733866
n567485006,n6105527037,road,0.85,plain,NH15,2,trunk,0,0,,391321284
n567485145,n567485174,road,10.27,plain,NH15,2,trunk,0,0,,44733867
n567485145,n5796653375,road,8.5,plain,primary,2,primary,0,0,,22833053
n567485145,n6105527037,road,6.04,plain,NH15,2,trunk,0,0,,391321284
n567485398,n567485412,road,0.12,plain,NH15,2,trunk,1,0,,44734382
n567485398,n567485449,road,5.44,plain,NH15,2,trunk,0,0,,238668507
n567485449,n567485466,road,0.75,plain,NH15,2,trunk,0,0,,238668507
n567485459,n567485466,road,0.73,plain,NH15,2,trunk,0,0,,238668502
n567485459,n567485507,road,4.37,plain,NH15,2,trunk,0,0,,238668502
n567485507,n567485533,road,1.93,plain,NH15,2,trunk,0,0,,1136647236
n567485533,n567485548,road,0.58,plain,NH15,2,trunk,0,0,,1136647234
n567485548,n567485670,road,6.67,plain,NH15,2,trunk,0,0,,44734384
n567485548,n7400452912,road,0.59,plain,primary,2,primary,0,0,,798813057
n567485669,n567485670,road,0.14,plain,NH15,2,trunk,1,0,,44734593
n567485669,n567485742,road,0.95,plain,NH15,2,trunk,0,0,,1136650416
n567485695,n567485699,road,0.31,plain,NH15,2,trunk,0,0,,44734595
n567485695,n567485813,road,5.59,plain,NH15,2,trunk,0,0,,44734595
n567485699,n567485742,road,1.8,plain,NH15,2,trunk,0,0,,1136650414
n567485794,n567485813,road,0.19,plain,NH15,2,trunk,1,0,,44734596
n567485794,n567485841,road,2.02,plain,NH15,2,trunk,0,0,,1136650412
n567485814,n567485821,road,0.66,plain,NH15,2,trunk,0,0,,1136652288
n567485814,n567485916,road,1.3,plain,NH15,2,trunk,0,0,,823939432
n567485821,n567485826,road,0.49,plain,NH15,2,trunk,0,0,,1136652290
n567485826,n567485841,road,4.1,plain,NH15,2,trunk,0,0,,44734385
n567485914,n567485916,road,0.08,plain,NH15,2,trunk,1,0,,823939433
n567485914,n567485930,road,1.98,plain,NH15,2,trunk,0,0,,72077809
n567485930,n567485952,road,0.96,plain,NH15,2,trunk,0,0,,72077809
n567485952,n567485961,road,1.74,plain,NH15,2,trunk,0,0,,72077809
n567485961,n567486083,road,2.28,plain,NH715,2,trunk,0,0,asphalt,44733869
n567485961,n567486226,road,9.04,plain,primary,2,primary,0,0,,72077811
n567486226,n567486287,road,9.39,plain,primary,2,primary,0,0,,72077811
n567486324,n567486428,road,7.74,plain,primary,2,primary,0,0,,44734387
n567486428,n567486480,road,11.55,hilly,primary,2,primary,0,0,,44734389
n567511965,n567511966,road,0.18,plain,NH715,2,trunk,0,0,asphalt,1305471300
n567511965,n567511973,road,0.61,plain,NH715,2,trunk,0,0,asphalt,611252762
n567511966,n567512042,road,0.69,plain,NH715,2,trunk,0,0,asphalt,1305471295
n567511978,n567511979,road,0.48,plain,NH715,2,trunk,0,0,asphalt,1305471329
n567511988,n567511990,road,0.5,plain,NH715,2,trunk,0,0,asphalt,1305471310
n567511990,n6167932368,road,2.64,plain,SH3,2,primary,0,0,,611252816
n567512019,n567512026,road,1.48,plain,NH715,2,trunk,0,0,asphalt,1136680764
n567512019,n567513927,road,3.03,plain,NH715,2,trunk,1,0,asphalt,44736947
n567512021,n567512026,road,1.44,plain,NH715,2,trunk,0,0,asphalt,1172386105
n567512042,n567512044,road,0.69,plain,NH715,2,trunk,0,0,asphalt,44736736
n567770693,n653996627,road,1.33,plain,secondary,2,secondary,0,0,,1267016276
n567770693,n653996640,road,2.04,plain,secondary,2,secondary,0,0,,405840603
n567774564,n567774578,road,0.52,plain,secondary,2,secondary,0,0,asphalt,1051789042
n567774578,n567774582,road,1.09,plain,secondary,2,secondary,0,0,asphalt,44768992
n567774582,n567775627,road,20.58,hilly,secondary,2,secondary,0,0,asphalt,44768992
n567775627,n567775673,road,0.68,plain,secondary,2,secondary,0,0,asphalt,1051208367
n567775673,n567775720,road,1.7,plain,secondary,2,secondary,0,0,asphalt,1051208365
n567775720,n567775725,road,0.1,plain,secondary,2,secondary,1,0,,346053063
n567775725,n567775821,road,5.39,hilly,secondary,2,secondary,0,0,,44768999
n567775821,n568985960,road,21.04,mountain,NH206,2,trunk,0,0,,44880787
n567778496,n567778543,road,0.64,plain,NH8,2,trunk,0,0,asphalt,1330252351
n567778543,n567778725,road,5.6,plain,NH8,2,trunk,0,0,asphalt,566115718
n567778725,n567778784,road,1.1,plain,NH8,2,primary,0,0,,198204482
n567778784,n567778814,road,2.08,plain,NH8,2,primary,0,0,asphalt,1323572290
n567778814,n567778816,road,1.38,plain,NH8,2,trunk,0,0,asphalt,1330252418
n567778816,n567778966,road,9.03,plain,NH8,2,trunk,0,0,asphalt,44769565
n567779009,n567780345,road,6.82,plain,NH306,2,trunk,0,0,,44769125
n567779166,n567779183,road,2.64,plain,NH8,1,secondary,0,0,asphalt,1338096248
n567779183,n567779184,road,0.2,plain,NH8,1,secondary,0,0,asphalt,1338096248
n567779219,n567779227,road,0.85,plain,NH8,1,trunk,0,0,asphalt,1334735430
n567779227,n567779299,road,7.76,plain,NH8,2,trunk,0,0,asphalt,44769568
n567779299,n567779306,road,0.33,plain,NH8,2,trunk,0,0,asphalt,44769568
n567779299,n5936564857,road,0.25,plain,Kj-M-3,2,secondary,0,0,asphalt,628779874
n567779306,n567779315,road,1.02,plain,NH8,2,trunk,0,0,asphalt,1333326337
n567779315,n567779347,road,3.13,plain,NH8,2,trunk,0,0,asphalt,1333326337
n567779347,n567779367,road,6.75,plain,NH8,2,trunk,0,0,asphalt,194605368
n567779367,n567779369,road,0.34,plain,primary,2,primary,0,0,asphalt,628779850
n567779367,n5936564314,road,0.31,plain,NH8,2,trunk,0,0,asphalt,628779858
n567779369,n567779380,road,0.44,plain,primary,2,primary,0,0,asphalt,44769327
n567779488,n567779496,road,0.39,plain,NH8,2,trunk,0,0,asphalt,606455849
n567779493,n567779496,road,0.13,plain,NH37,2,trunk,0,0,,194605369
n567779493,n567779531,road,0.83,plain,NH37,2,trunk,0,0,asphalt,1332586376
n567779575,n567779579,road,0.11,plain,NH37,2,trunk,1,0,asphalt,628779841
n567779575,n5797001437,road,3.5,hilly,Kj-M-10,2,secondary,0,0,,612395859
n567779579,n567779603,road,7.63,plain,NH37,2,trunk,0,0,asphalt,44769330
n567779603,n567779700,road,0.24,plain,NH37,2,trunk,0,0,asphalt,1332631164
n567779603,n5797001557,road,0.95,plain,Kj-M-8,2,secondary,0,0,paved,1337082358
n567779700,n567779712,road,2.59,plain,NH37,2,trunk,0,0,asphalt,62057486
n567779712,n567779884,road,7.87,plain,NH37,2,trunk,0,0,asphalt,62057486
n567779712,n9713242622,road,0.89,plain,Kj-M-13,2,secondary,0,0,,1057150367
n567779774,n567779895,road,3.36,plain,NH37,2,trunk,0,0,,44769333
n567779774,n567780044,road,0.15,plain,NH37,2,trunk,1,0,,310469699
n567779884,n567779901,road,2.69,plain,NH6,2,trunk,0,0,,241577901
n567779884,n568988568,road,0.35,plain,NH6,2,trunk,1,0,asphalt,44880819
n567779893,n567779895,road,0.08,plain,NH6,2,trunk,1,0,,310469701
n567779893,n567779901,road,0.15,plain,NH6,2,trunk,1,0,,72066141
n567779895,n6154014301,road,0.46,plain,NH6,2,trunk,0,0,,1054670856
n567780044,n567780124,road,3.92,plain,NH37,2,trunk,0,0,,310463278
n567780124,n6241721427,road,0.09,plain,trunk,2,trunk,1,0,,1319345450
n567780124,n6241721442,road,1.18,plain,CA-M-015,2,secondary,0,0,,666652620
n567780172,n567780178,road,0.1,plain,NH37,2,trunk,1,0,asphalt,310463279
n567780172,n567780201,road,0.46,plain,NH37,2,trunk,0,0,asphalt,1319345457
n567780201,n9761018128,road,0.26,plain,trunk,2,trunk,0,0,,1319345449
n567780345,n567780374,road,1.31,plain,NH306,2,trunk,0,0,,44769340
n567780374,n567780425,road,3.9,plain,NH306,2,trunk,0,0,,44769340
n567780374,n6177045981,road,0.08,plain,SH40,2,primary,1,0,,659765356
n567780425,n567780453,road,1.08,plain,NH306,2,trunk,0,0,,668424881
n567780453,n567780460,road,0.43,plain,NH306,2,trunk,0,0,,1058743329
n567780460,n567780479,road,1.55,plain,NH306,2,trunk,0,0,,44769339
n567780479,n567780515,road,4.48,plain,NH306,2,trunk,0,0,,44769339
n567780479,n6231259873,road,0.73,plain,CA-M-005,2,secondary,0,0,,665705082
n567780515,n567780601,road,3.76,plain,NH306,2,trunk,0,0,,44769339
n567780515,n6259489615,road,0.42,plain,CA-M-006,2,secondary,0,0,asphalt,668424898
n567780580,n567780601,road,3.64,plain,NH306,2,trunk,0,0,,44769338
n567780580,n567780682,road,3.89,plain,NH306,2,trunk,0,0,,44769338
n567780580,n9719997408,road,1.5,plain,MDR,2,secondary,0,0,,1057826873
n567780682,n567780693,road,1.13,plain,NH306,2,trunk,0,0,,44769338
n567780682,n6105481079,road,0.88,plain,CA-M-007,2,secondary,0,0,asphalt,1326110391
n567780693,n567780707,road,0.9,plain,NH306,2,trunk,0,0,,1057807997
n567780707,n567780717,road,0.89,plain,NH306,2,trunk,0,0,,668424982
n567780717,n567780727,road,0.72,plain,NH306,2,trunk,0,0,,666613422
n567780727,n567780752,road,0.76,plain,NH306,2,trunk,0,0,,1219929513
n567785637,n567785657,road,1.33,plain,NH129,2,trunk,0,0,,1040111886
n567785657,n567785733,road,0.96,plain,NH129,2,trunk,0,0,,44769770
n567785657,n7905971575,road,0.4,plain,trunk,2,trunk,0,0,,1386458050
n567785733,n567785748,road,1.74,plain,NH129,2,trunk,0,0,,1121680560
n567785748,n567785782,road,5.89,plain,NH129,2,trunk,0,0,,44769769
n567785782,n567785859,road,5.07,plain,NH129,2,trunk,0,0,,1121676947
n567785859,n567785934,road,10.63,plain,NH129,2,trunk,0,0,,198347321
n567785859,n6266422671,road,4.99,plain,secondary,2,secondary,0,0,,669184459
n567785934,n567786003,road,6.36,plain,NH129,2,trunk,0,0,,44769772
n567786003,n567786067,road,7.65,plain,NH129,2,trunk,0,0,asphalt,474676212
n567786067,n567786247,road,5.67,plain,NH129,2,trunk,0,0,asphalt,44769773
n567786181,n567786247,road,3.65,plain,NH129,2,trunk,0,0,asphalt,44769773
n567786181,n567786586,road,4.2,plain,NH129,2,trunk,0,0,,44769771
n567786278,n567786290,road,0.38,plain,NH129,2,trunk,0,0,,224005044
n567786288,n567786290,road,0.11,plain,NH129,2,trunk,1,0,,224005043
n567786288,n567786492,road,8.81,plain,NH129,2,trunk,0,0,,44769778
n567786492,n567786515,road,0.83,plain,NH129,2,trunk,0,0,,1465989912
n567786515,n567786532,road,0.08,plain,NH129,2,trunk,1,0,,1305554280
n567786532,n567786545,road,2.45,plain,NH129,2,trunk,0,0,,1305554292
n567786545,n567786954,road,2.08,plain,NH129,2,trunk,0,0,,44769777
n567786586,n567786622,road,1.6,plain,NH129,2,trunk,0,0,,1467042665
n567786622,n567786623,road,0.08,plain,NH129,2,trunk,1,0,,1467042664
n567786623,n567786687,road,3.3,plain,NH129,2,trunk,0,0,,44769774
n567786687,n567786783,road,4.34,hilly,NH129,2,trunk,0,0,,44769775
n567786783,n567786801,road,0.25,plain,NH129,2,trunk,0,0,,44769776
n567786801,n567786831,road,2.02,plain,NH129,2,trunk,0,0,,44769776
n567786801,n567786840,road,3.94,mountain,secondary,2,secondary,0,0,,1459716784
n567786831,n567786840,road,0.21,plain,NH129,2,trunk,0,0,,44769776
n567786831,n6102286667,road,4.06,plain,SH35,2,primary,0,0,,650461281
n567786840,n567786896,road,3.41,plain,NH129,2,trunk,0,0,,44769776
n567786896,n567786979,road,1.89,plain,NH129,2,trunk,0,0,,44769777
n567786954,n567786979,road,6.13,plain,NH129,2,trunk,0,0,,44769777
n567786954,n6102286655,road,11.03,plain,secondary,2,secondary,0,0,,1459270420
n568502141,n568502142,road,0.24,plain,NH27,2,trunk,1,0,,44843650
n568502579,n568502595,road,0.25,plain,NH27,2,trunk,0,0,paved,901983636
n568502595,n568502603,road,1.25,plain,NH27,2,trunk,0,0,paved,901983634
n568502603,n568502622,road,0.47,plain,NH27,2,trunk,0,0,paved,864158170
n568554677,n568554686,road,2.71,plain,NH10,2,trunk,0,0,,1046059100
n568554686,n568554712,road,7.07,plain,NH10,2,trunk,0,0,,505380097
n568554712,n568554748,road,0.1,plain,NH10,2,trunk,1,0,,505380095
n568554748,n568555094,road,2.73,plain,NH10,2,trunk,0,0,,44848686
n568554748,n568598182,road,0.17,plain,NH17,2,trunk,1,0,,44851375
n568554904,n568554982,road,0.08,plain,NH10,2,trunk,1,0,,452322794
n568554904,n568555079,road,1.71,plain,NH10,2,trunk,0,0,,636627064
n568554904,n697258497,road,5.33,mountain,secondary,2,secondary,0,0,,55484483
n568554982,n568555045,road,1.53,plain,NH10,2,trunk,0,0,,44848671
n568555045,n568558926,road,0.89,plain,NH10,2,trunk,0,0,,44848693
n568555045,n697258431,road,4.79,hilly,SH12,2,primary,0,0,asphalt,55484491
n568555079,n568555094,road,1.26,plain,NH10,2,trunk,0,0,,636627062
n568558926,n568559116,road,0.99,plain,NH10,2,trunk,0,0,,589839498
n568559116,n568564276,road,3.84,hilly,NH10,2,trunk,0,0,,44848664
n568559116,n569262396,road,11.09,mountain,SH12,2,primary,0,0,,44897094
n568559364,n568559372,road,3.73,mountain,MDR,2,secondary,0,0,,83688411
n568559364,n974476728,road,11.03,mountain,MDR,4,secondary,0,0,,44851383
n568559372,n568563721,road,0.88,plain,SH,2,primary,0,0,,411697597
n568559372,n603538938,road,1.76,plain,NH510,2,primary,0,0,,47417241
n568559531,n568559735,road,1.68,plain,SH,2,primary,0,0,,44848715
n568559531,n568563803,road,0.08,plain,NH710,2,trunk,1,0,,1225641162
n568559531,n985087827,road,7.11,mountain,NH710,2,trunk,0,0,,84994684
n568559735,n568559751,road,0.1,plain,SH,2,primary,1,0,,44849422
n568559751,n568563093,road,4.34,hilly,SH,2,primary,0,0,,44848721
n568559751,n603502571,road,0.11,plain,secondary,2,secondary,1,0,,342563792
n568563093,n568563346,road,2.46,plain,SH,2,primary,0,0,,44848722
n568563346,n568563721,road,2.49,plain,SH,2,primary,0,0,,44848699
n568563803,n568564093,road,0.12,plain,NH710,2,trunk,1,0,,1225641159
n568564093,n568564276,road,0.2,plain,NH710,2,trunk,1,0,,44848725
n568564276,n603496097,road,1.04,plain,NH10,2,trunk,0,0,,480485744
n568597387,n568597399,road,0.09,plain,NH17,2,trunk,1,0,,284670891
n568597387,n568602358,road,4.33,plain,NH17,2,trunk,0,0,,1034776552
n568597517,n568597536,road,1.19,plain,NH17,2,trunk,0,0,,61730332
n568597536,n568597560,road,1.7,plain,NH317,2,trunk,0,0,,44851350
n568597536,n6010389672,road,8.87,plain,NH17,2,trunk,0,0,,637560670
n568597652,n6129018728,road,0.85,plain,NH317,2,trunk,0,0,,284687485
n568597691,n568597740,road,2.14,plain,SH12A,2,primary,0,0,,1055653218
n568597691,n569192146,road,0.99,plain,NH27,2,trunk,0,0,asphalt,44642832
n568597731,n568597740,road,0.33,plain,SH12A,2,primary,0,0,,1055653218
n568598051,n568598065,road,0.12,plain,NH317,2,trunk,0,0,,44851365
n568598065,n568598082,road,0.87,plain,NH317,2,trunk,0,0,,238842146
n568598100,n568598102,road,0.15,plain,NH317,2,trunk,1,0,asphalt,227915794
n568598102,n568598115,road,0.85,plain,NH317,2,trunk,0,0,asphalt,227915793
n568598158,n568598176,road,0.25,plain,primary_link,2,primary_link,0,0,,1276578887
n568598182,n568598343,road,7.69,hilly,NH17,2,trunk,0,0,,44851374
n568598343,n568598346,road,1.3,plain,NH17,2,trunk,0,0,,288639182
n568598346,n568598360,road,2.56,plain,NH17,2,trunk,0,0,,288639190
n568598360,n568598373,road,0.19,plain,NH17,2,trunk,1,0,,44851373
n568598373,n568598385,road,1.01,plain,NH17,2,trunk,0,0,,44851367
n568598385,n568598398,road,1.46,plain,NH17,2,trunk,0,0,,1034748913
n568598398,n568598402,road,0.57,plain,NH17,2,trunk,0,0,,958367433
n568598402,n568601540,road,0.24,plain,NH17,2,trunk,0,0,,1350861689
n568598402,n9531980731,road,0.94,plain,NH17,2,trunk,0,0,,1350861688
n568598900,n568599178,road,4.49,mountain,MDR,2,secondary,0,0,,685785831
n568598900,n974476824,road,1.64,plain,MDR,2,secondary,0,0,,1250874292
n568601510,n568601522,road,0.4,plain,NH17,2,trunk,0,0,,44851464
n568601510,n568601532,road,0.98,plain,NH17,2,trunk,0,0,,44851464
n568601522,n568601552,road,1.26,plain,NH17,2,trunk,0,0,,637560666
n568601532,n568601534,road,0.16,plain,NH17,2,trunk,1,0,,44851453
n568601534,n9200209066,road,0.53,plain,NH17,2,trunk,0,0,asphalt,996336637
n568601540,n9531980731,road,0.69,plain,NH17,2,trunk,0,0,,1350861689
n568601540,n9531980737,road,0.19,plain,trunk,2,trunk,0,0,,1350861682
n568601548,n568601551,road,0.28,plain,NH17,2,trunk,0,0,,1034750833
n568601548,n9531980731,road,0.13,plain,NH17,2,trunk,1,0,,1034750831
n568601551,n568601552,road,0.2,plain,NH17,2,trunk,1,0,,44851462
n568601577,n568601585,road,0.44,plain,NH17,2,trunk,0,0,asphalt,606824343
n568601577,n5762002184,road,0.81,plain,NH17,2,trunk,0,0,asphalt,608113792
n568601585,n5752464156,road,0.86,plain,NH17,2,trunk,0,0,asphalt,606824343
n568601603,n568601626,road,0.53,plain,NH17,2,trunk,0,0,asphalt,975330256
n568601603,n9200209063,road,0.61,plain,NH17,2,trunk,0,0,asphalt,1254826134
n568601626,n5762002184,road,0.68,plain,NH17,2,trunk,0,0,asphalt,608113813
n568601665,n568601702,road,1.25,plain,NH17,2,trunk,0,0,,505920476
n568601702,n568601708,road,0.51,plain,NH17,2,trunk,0,0,,608431832
n568601708,n568601726,road,1.47,plain,NH17,2,trunk,0,0,,288639195
n568601726,n568601744,road,0.83,plain,NH17,2,trunk,0,0,,608695877
n568601744,n568601795,road,2.06,plain,NH17,2,trunk,0,0,,238820988
n568601795,n568601796,road,0.16,plain,NH17,2,trunk,1,0,,44851450
n568601817,n568601895,road,1.9,plain,NH17,2,trunk,0,0,,238820963
n568601895,n568601900,road,0.65,plain,NH17,2,trunk,0,0,,1034761850
n568601900,n568601901,road,0.13,plain,NH17,2,trunk,1,0,,44851646
n568601983,n568602011,road,0.42,plain,NH17,2,trunk,0,0,asphalt,914667569
n568601983,n6010389670,road,1.27,plain,NH17,2,trunk,0,0,,637560668
n568602011,n568602012,road,0.35,plain,NH17,2,trunk,1,0,asphalt,44851446
n568602012,n9532110582,road,1.81,plain,NH17,2,trunk,0,0,asphalt,1034764778
n568602049,n568602050,road,0.13,plain,NH17,2,trunk,0,0,asphalt,1274287371
n568602049,n9532110569,road,0.14,plain,NH17,2,trunk,0,0,concrete,1034764776
n568602050,n9532110567,road,0.12,plain,NH17,2,trunk,0,0,asphalt,1034764774
n568602059,n9532110567,road,1.39,plain,NH17,2,trunk,0,0,asphalt,44851436
n568602355,n568602358,road,0.92,plain,NH17,2,trunk,0,0,,1273956501
n568602525,n568602705,road,3.23,plain,NH17,2,trunk,0,0,,1047818889
n568602584,n568602645,road,2.67,plain,NH17,2,trunk,0,0,asphalt,288639192
n568602645,n568602654,road,0.1,plain,NH17,2,trunk,1,0,,238821001
n568602654,n568602673,road,0.73,plain,NH17,2,trunk,0,0,,238821003
n568602673,n568602749,road,1.01,plain,NH17,2,trunk,0,0,,238821000
n568602705,n568602759,road,0.38,plain,NH17,2,trunk,1,0,,44851445
n568602749,n568602759,road,0.83,plain,NH17,2,trunk,0,0,,1034771381
n568602800,n6129018728,road,4.3,plain,NH317,2,trunk,0,0,,972577370
n568602844,n7908344688,road,0.13,plain,NH317,2,trunk,0,0,,44851443
n568602846,n7908344688,road,0.46,plain,NH317,2,trunk,1,0,,1273956499
n568602931,n697273377,road,0.65,plain,secondary,2,secondary,0,0,,55488088
n568985960,n568986260,road,7.21,mountain,NH206,2,trunk,0,0,,662679409
n568986260,n568986496,road,2.66,plain,NH206,2,trunk,0,0,,1037290358
n568986496,n568987116,road,0.09,plain,NH206,2,trunk,1,0,,557027080
n568987116,n568987587,road,7.35,mountain,NH206,2,trunk,0,0,,752024164
n568987587,n568987732,road,8.13,mountain,NH206,2,trunk,0,0,,44880788
n568987732,n568988447,road,4.88,mountain,NH206,2,trunk,0,0,,44880789
n568988447,n568988538,road,5.14,mountain,NH206,2,trunk,0,0,,44880790
n568988538,n568988545,road,1.17,plain,NH206,2,trunk,0,0,,1224694596
n568988545,n568991390,road,5.08,hilly,NH206,2,trunk,0,0,,44880791
n568988568,n9676443258,road,2.61,plain,NH6,2,trunk,0,0,,241578034
n568988606,n568988612,road,1.33,plain,NH6,2,trunk,0,0,asphalt,1052929122
n568988606,n9676443261,road,0.69,plain,NH6,2,trunk,0,0,,1052933339
n568988612,n9676355975,road,0.49,plain,NH6,2,trunk,0,0,asphalt,1320352297
n568988673,n568988749,road,6.43,mountain,NH6,2,trunk,0,0,,666960671
n568988673,n568989220,road,4.8,mountain,NH6,2,trunk,0,0,,44880799
n568988749,n568988947,road,5.35,mountain,NH6,2,trunk,0,0,,566110583
n568988947,n568990124,road,0.08,plain,NH6,2,trunk,1,0,,666960677
n568988999,n568989037,road,5.58,mountain,NH6,2,trunk,0,0,,741589137
n568988999,n568989187,road,5.22,mountain,NH6,2,trunk,0,0,,366130591
n568989037,n568989220,road,2.09,plain,NH6,2,trunk,0,0,,741591984
n568989183,n568989187,road,0.12,plain,NH6,2,trunk,1,0,,366130590
n568989183,n568989193,road,0.4,plain,NH6,2,trunk,0,0,,986809583
n568989193,n568989200,road,0.08,plain,NH6,2,trunk,1,0,,986809584
n568989200,n568989657,road,12.66,mountain,NH6,2,trunk,0,0,,44880793
n568989554,n568989657,road,7.64,mountain,NH6,2,trunk,0,0,,743647547
n568989554,n568989953,road,16.25,hilly,NH6,2,trunk,0,0,,743133270
n568989953,n568991919,road,4.46,plain,NH6,2,trunk,0,0,,977976322
n568989987,n568990011,road,2.05,plain,NH6,2,trunk,0,0,asphalt,666960679
n568989987,n568990079,road,4.28,hilly,NH6,2,trunk,0,0,asphalt,745016794
n568989987,n8432198299,road,0.66,plain,CA-M-013,2,secondary,0,0,,908108479
n568990011,n568990012,road,0.73,plain,NH6,2,trunk,0,0,,1057527707
n568990012,n568990141,road,0.82,plain,NH6,2,trunk,0,0,asphalt,1057527708
n568990055,n568990065,road,0.92,plain,NH6,2,trunk,0,0,,1052922560
n568990055,n568990124,road,1.6,plain,NH6,2,trunk,0,0,,666960675
n568990065,n568990106,road,1.95,plain,NH6,2,trunk,0,0,,746298314
n568990079,n568990106,road,1.83,plain,NH6,2,trunk,0,0,,745016792
n568990141,n9676352343,road,0.35,plain,NH6,2,trunk,0,0,asphalt,1052922558
n568990151,n9676352343,road,1.4,plain,NH6,2,trunk,0,0,asphalt,241578176
n568991390,n568991448,road,4.03,plain,NH206,2,trunk,0,0,,44880834
n568991448,n568991508,road,5.26,plain,NH206,2,trunk,0,0,,288178193
n568991508,n568991523,road,1.04,plain,NH206,2,trunk,0,0,,44880835
n568991523,n568991599,road,4.84,hilly,NH206,2,trunk,0,0,,288178192
n568991599,n568991679,road,3.98,mountain,NH206,2,trunk,0,0,,44880836
n568991679,n568991695,road,0.08,plain,NH206,2,trunk,1,0,,288178188
n568991812,n568991820,road,0.74,plain,NH6,2,trunk,0,0,,241545104
n568991812,n6867526223,road,1.63,plain,NH6,2,trunk,0,0,,733327059
n568991820,n568991835,road,3.91,hilly,NH6,2,trunk,0,0,,241545104
n568991820,n6253840352,road,5.37,hilly,secondary,2,secondary,0,0,asphalt,667884578
n568991835,n568992230,road,2.94,plain,NH6,2,trunk,0,0,,667699572
n568991919,n568992048,road,6.63,hilly,NH6,2,trunk,0,0,,977976323
n568991986,n568992002,road,1.52,plain,NH6,2,trunk,0,0,,977976324
n568991986,n568992048,road,0.45,plain,NH6,2,trunk,0,0,,977976324
n568991986,n6251824457,road,6.91,hilly,secondary,2,secondary,0,0,,667699570
n568992002,n568992230,road,13.92,mountain,NH6,2,trunk,0,0,,667699572
n569040865,n569040920,road,3.46,plain,secondary,2,secondary,0,0,,44884399
n569041437,n569041570,road,3.03,plain,NH2,2,trunk,0,0,,237687454
n569041489,n569041528,road,2.73,plain,NH102,2,trunk,0,0,,318947947
n569041528,n569041531,road,1.01,plain,NH102,2,trunk,0,0,,1122421831
n569041531,n8407841320,road,0.55,plain,NH102,2,trunk,0,0,,1122424625
n569041570,n569041577,road,1.03,plain,NH2,2,trunk,0,0,,198324585
n569041577,n569041691,road,12.5,plain,NH2,2,trunk,0,0,,44886091
n569041716,n9604765406,road,2.89,plain,NH102,2,trunk,0,0,,1122444808
n569041746,n569041777,road,1.06,plain,NH102,2,trunk,0,0,,44884391
n569041746,n569041851,road,0.3,plain,NH102,2,trunk,0,0,,237996486
n569048545,n569048604,road,4.96,hilly,NH37,2,trunk,0,0,,194605370
n569048558,n569048648,road,7.01,plain,NH37,2,trunk,0,0,,310595444
n569048603,n569048604,road,0.17,plain,NH37,2,trunk,0,0,,242406159
n569048648,n569048661,road,3.01,plain,NH37,2,trunk,0,0,asphalt,1245568746
n569048661,n569048675,road,0.26,plain,NH37,2,trunk,0,0,asphalt,1320823778
n569048675,n569048682,road,0.42,plain,NH37,2,trunk,0,0,asphalt,1320823777
n569048682,n569048707,road,1.76,plain,NH37,2,trunk,0,0,asphalt,1058043361
n569048707,n569048947,road,4.33,plain,NH37,2,trunk,0,0,,310595436
n569048716,n569048743,road,0.44,plain,secondary,2,secondary,0,0,,1320823787
n569048716,n569048813,road,1.28,plain,secondary,2,secondary,0,0,,1320823786
n569048743,n569048813,road,1.18,plain,primary,2,primary,0,0,,541621689
n569048743,n569048874,road,1.2,plain,NH37,2,trunk,0,0,,230201125
n569048813,n569049638,road,5.29,mountain,NH37,2,trunk,0,0,,44884957
n569048874,n569048947,road,2.83,plain,NH37,2,trunk,0,0,,1320823763
n569049638,n569049747,road,2.8,plain,NH37,2,trunk,0,0,,44884959
n569049736,n569050169,road,0.2,plain,NH37,2,trunk,0,0,,149124189
n569049736,n569050220,road,5.09,plain,NH37,2,trunk,0,0,,1065506221
n569049747,n569050169,road,0.12,plain,NH37,2,trunk,1,0,,387969760
n569050220,n569050246,road,3.82,mountain,NH37,2,trunk,0,0,,44884938
n569051365,n569051370,road,1.38,plain,NH37,2,trunk,0,0,,242395883
n569051370,n569051529,road,7.06,mountain,NH37,2,trunk,0,0,,1188452046
n569051529,n569052193,road,11.32,mountain,NH37,2,trunk,0,0,,44884943
n569051529,n6237090886,road,10.75,mountain,secondary,2,secondary,0,0,,666193741
n569052193,n569052341,road,3.34,mountain,NH37,2,trunk,0,0,,1452753418
n569052341,n569052467,road,3.99,mountain,NH37,2,trunk,0,0,,613798216
n569052467,n569052866,road,15.01,mountain,NH37,2,trunk,0,0,,417716460
n569052538,n569053407,road,11.04,hilly,NH37,2,trunk,0,0,,242396002
n569052538,n569053462,road,8.12,mountain,NH37,2,trunk,0,0,,242395999
n569052549,n569052750,road,10.63,mountain,NH37,2,trunk,0,0,,44884970
n569052549,n569053565,road,5.31,hilly,NH37,2,trunk,0,0,,1417696827
n569052750,n569052753,road,1.16,plain,NH37,2,trunk,0,0,,665958302
n569052753,n569052756,road,0.36,plain,NH37,2,trunk,0,0,,1122015648
n569052756,n569053861,road,2.38,plain,NH37,2,trunk,0,0,,1122015649
n569052866,n569053145,road,16.87,mountain,NH37,2,trunk,0,0,,44884944
n569053145,n569053406,road,0.63,plain,NH37,2,trunk,0,0,,44884966
n569053406,n569053407,road,0.1,plain,NH37,2,trunk,1,0,,242396006
n569053462,n569053565,road,8.24,mountain,NH37,2,trunk,0,0,,44884968
n569053861,n569053870,road,5.52,plain,NH37,4,trunk,0,0,asphalt,1043687816
n569067215,n569067235,road,5.04,hilly,NH2,2,trunk,0,0,,242787118
n569067215,n9603015276,road,4.86,plain,NH2,2,trunk,0,0,,1043412131
n569067235,n569067293,road,8.35,plain,NH2,2,trunk,0,0,,636098189
n569067293,n569067389,road,13.6,plain,NH2,2,trunk,0,0,,389967191
n569067389,n569067433,road,7.97,plain,NH2,2,trunk,0,0,,44886087
n569067433,n569067442,road,1.14,plain,NH2,2,trunk,0,0,,44886087
n569067442,n569067515,road,4.94,hilly,NH2,2,trunk,0,0,,258105022
n569067515,n569067646,road,10.99,plain,NH2,2,trunk,0,0,,44886092
n569067646,n569067665,road,1.3,plain,NH2,2,trunk,0,0,,258105018
n569067665,n569067667,road,0.08,plain,NH2,2,trunk,1,0,,44889419
n569067667,n569067702,road,2.56,plain,NH2,2,trunk,0,0,,44889417
n569067716,n569067820,road,5.0,hilly,NH2,2,trunk,0,0,,258105023
n569067820,n569067976,road,8.19,hilly,NH2,2,trunk,0,0,,44886109
n569067976,n569068034,road,3.45,hilly,NH2,2,trunk,0,0,,383730672
n569068034,n569068065,road,1.07,plain,NH2,2,trunk,0,0,,383730672
n569068065,n569068144,road,3.7,mountain,NH2,2,trunk,0,0,,44886094
n569068144,n569068248,road,4.32,mountain,NH2,2,trunk,0,0,,44886096
n569068248,n569068270,road,1.55,plain,NH2,2,trunk,0,0,,44886096
n569068270,n569068450,road,6.66,mountain,NH2,2,trunk,0,0,,44886111
n569068450,n569068599,road,5.98,mountain,NH2,2,trunk,0,0,,44886099
n569068497,n569068599,road,1.31,plain,NH2,2,trunk,0,0,,387420047
n569068497,n569068827,road,5.81,mountain,NH2,2,trunk,0,0,,751071335
n569068827,n569068855,road,0.55,plain,NH2,2,trunk,0,0,,751071335
n569068827,n5929094139,road,13.89,mountain,primary,2,primary,0,0,,628050221
n569069155,n569069335,road,2.34,plain,AH1,2,primary,0,0,,44886128
n569069155,n569069375,road,4.16,plain,AH1,2,primary,0,0,,44886128
n569069164,n569069267,road,3.32,plain,NH29,2,trunk,0,0,,1038173689
n569069164,n569069335,road,3.96,mountain,NH29,2,trunk,0,0,,1353388496
n569069267,n5763172952,road,4.33,plain,NH29,2,trunk,0,0,,1353399485
n569069267,n5928949415,road,16.41,mountain,NH29,2,trunk,0,0,,1038180947
n569069267,n5932355592,road,2.03,plain,NH229,2,trunk,0,0,,628379212
n569069335,n569069375,road,6.49,plain,AH1,2,primary,0,0,,1038169915
n569069335,n7905971609,road,1.49,plain,NH29,2,trunk,0,0,,1370286334
n569069375,n569069381,road,0.67,plain,AH1,2,primary,0,0,,44886128
n569069381,n569069388,road,2.17,plain,AH1,2,primary,0,0,,44886128
n569069388,n5894647194,road,3.1,hilly,secondary,2,secondary,0,0,,624234080
n569069510,n569069685,road,0.08,plain,NH29,2,trunk,1,0,,1073679103
n569069510,n5928949415,road,3.8,hilly,NH29,2,trunk,0,0,,1038180947
n569069510,n9667487837,road,0.59,plain,NH29,2,trunk,0,0,,1353399486
n569069644,n569069685,road,2.02,plain,NH29,2,trunk,0,0,,44886117
n569069644,n5903313818,road,2.91,plain,NH29,2,trunk,0,0,,1353575342
n569191987,n569192003,road,0.08,plain,NH27,2,trunk,1,0,asphalt,986980327
n569192003,n569192059,road,0.96,plain,NH27,2,trunk,0,0,asphalt,429236841
n569192030,n569192059,road,0.19,plain,NH27,2,trunk,1,0,,572633935
n569192030,n569192269,road,4.09,hilly,NH27,2,trunk,0,0,,327732040
n569192146,n6768597590,road,1.4,plain,secondary,2,secondary,0,0,,845419491
n569192269,n569192397,road,0.92,plain,NH27,2,trunk,0,0,,244260601
n569192525,n569192529,road,0.09,plain,NH27,1,trunk,1,0,,363537325
n569192529,n569192731,road,4.13,plain,NH27,1,trunk,0,0,,363536843
n569192731,n569192765,road,0.71,plain,NH27,1,trunk,0,0,,363537324
n569192765,n569192767,road,0.22,plain,NH27,2,trunk,1,0,,44892385
n569193106,n569193132,road,0.23,plain,NH27,2,trunk,1,0,,386384615
n569193256,n569193344,road,2.08,plain,NH27,2,trunk,0,0,,386384628
n569193344,n569193404,road,1.2,plain,NH27,2,trunk,0,0,,386384628
n569193344,n5812888447,road,1.04,plain,NH127B,2,trunk,0,0,,1283007524
n569193404,n569193525,road,5.74,plain,NH27,2,trunk,0,0,,500361872
n569193543,n569193565,road,1.28,plain,NH 27,2,trunk,0,0,,500361865
n569194205,n7149855098,road,2.4,plain,NH17,2,trunk,0,0,,765542681
n569194332,n7149855098,road,4.74,plain,NH17,2,trunk,0,0,asphalt,766364402
n569194332,n7157553193,road,0.31,plain,NH17,2,trunk,0,0,asphalt,766364400
n569194369,n569194419,road,1.95,plain,NH17,2,trunk,0,0,asphalt,44892452
n569194369,n7157553193,road,2.32,plain,NH17,2,trunk,0,0,asphalt,766364398
n569194419,n569194422,road,0.09,plain,NH17,2,trunk,1,0,asphalt,238821005
n569194422,n569194498,road,5.25,plain,NH17,2,trunk,0,0,asphalt,238821008
n569194498,n569194516,road,1.01,plain,NH17,2,trunk,0,0,,1085828119
n569194516,n569194589,road,3.24,plain,NH17,2,trunk,0,0,,44892396
n569194589,n569198199,road,9.4,plain,NH17,2,trunk,0,0,asphalt,284670900
n569194737,n569194879,road,4.0,plain,NH17,2,trunk,0,0,,499187992
n569194737,n569195257,road,3.68,plain,NH17,2,trunk,0,0,,1451325173
n569195050,n569195095,road,0.1,plain,NH17,2,trunk,1,0,,499187985
n569195050,n5760651203,road,0.28,plain,NH17,2,trunk,0,0,,499187980
n569195095,n7157252896,road,1.5,plain,NH17,2,trunk,0,0,,44892438
n569195146,n569195224,road,1.66,plain,NH17,2,trunk,0,0,,1451325179
n569195146,n569195305,road,0.77,plain,NH17,2,trunk,0,0,,1451325177
n569195209,n569195224,road,0.65,plain,NH17,2,trunk,0,0,,1451325180
n569195209,n569195342,road,1.6,plain,NH17,2,trunk,0,0,,1451325182
n569195224,n569195342,road,2.25,plain,NH17,2,trunk,0,0,,1451325181
n569195257,n569195305,road,0.88,plain,NH17,2,trunk,0,0,,1451325175
n569195340,n569195342,road,0.16,plain,NH17,2,trunk,0,0,,1451325186
n569195340,n569195458,road,3.11,hilly,NH17,2,trunk,0,0,,44892424
n569195438,n569195458,road,0.84,plain,NH17,2,trunk,0,0,,1451325183
n569195438,n569195513,road,0.68,plain,NH17,2,trunk,1,0,,766482412
n569195790,n569195792,road,0.5,plain,trunk,2,trunk,0,0,,1362582065
n569195790,n569195835,road,2.09,plain,NH17,2,trunk,0,0,,1362582049
n569195835,n569195917,road,2.47,plain,trunk,2,trunk,0,0,,1360101055
n569195917,n569195940,road,1.16,plain,NH17,2,trunk,0,0,,1362582054
n569195922,n569195940,road,0.51,plain,NH17,2,trunk,1,0,,1362582060
n569195922,n569195951,road,0.24,plain,trunk,2,trunk,1,0,,1362582043
n569195940,n569195951,road,0.75,plain,NH17,2,trunk,0,0,,1362582056
n569195951,n5812660301,road,8.57,plain,SH2,2,primary,0,0,,69250378
n569196181,n569196218,road,0.98,plain,NH27,2,trunk,0,0,,572687922
n569196218,n569196221,road,0.14,plain,NH27,2,trunk,1,0,,44892558
n569196341,n569196342,road,0.2,plain,NH27,2,trunk,1,0,,44892543
n569196873,n569196884,road,0.7,plain,NH27,2,trunk,0,0,,572687855
n569196884,n569196907,road,0.09,plain,NH27,2,trunk,1,0,,572687850
n569197027,n569197030,road,0.09,plain,NH27,2,trunk,1,0,,572687814
n569197030,n569197055,road,0.25,plain,NH27,2,trunk,0,0,,572687807
n569197037,n569197055,road,0.09,plain,NH27,2,trunk,1,0,,572687799
n569197037,n569197077,road,1.25,plain,NH27,2,trunk,0,0,,44892545
n569197077,n569197078,road,0.23,plain,NH27,2,trunk,1,0,,44892517
n569197189,n569197201,road,1.28,plain,NH27,2,trunk,0,0,,572687768
n569197272,n569198068,road,2.04,plain,NH27,2,trunk,0,0,,566210449
n569197303,n569197337,road,1.83,plain,NH27,2,trunk,0,0,,566210453
n569197337,n569197350,road,0.11,plain,NH27,2,trunk,1,0,,289052031
n569197421,n569197426,road,0.24,plain,NH27,2,trunk,0,0,,766502215
n569197426,n7158912817,road,0.5,plain,NH27,2,trunk,0,0,,1284624275
n569197693,n569197771,road,11.52,plain,SH2,2,primary,0,0,,363593104
n569197693,n569318865,road,0.39,plain,NH17,2,trunk,0,0,,238820965
n569198068,n569198092,road,0.3,plain,NH27,2,trunk,1,0,,289052032
n569198199,n569198218,road,2.51,plain,NH17,2,trunk,0,0,asphalt,764414824
n569198218,n569198250,road,1.81,plain,NH17,2,trunk,0,0,asphalt,284670897
n569198250,n569198279,road,3.66,plain,NH17,2,trunk,0,0,,44892410
n569198279,n569198283,road,0.12,plain,NH17,2,trunk,1,0,,228880402
n569198283,n7129320261,road,3.9,plain,NH17,2,trunk,0,0,asphalt,228880404
n569198354,n569198364,road,0.15,plain,NH17,2,trunk,1,0,asphalt,228275645
n569198354,n7129320261,road,0.95,plain,NH17,2,trunk,0,0,asphalt,762955577
n569198364,n569198415,road,3.28,plain,NH17,2,trunk,0,0,asphalt,228275651
n569198478,n569198534,road,2.58,plain,NH17,2,trunk,0,0,asphalt,637560678
n569198534,n569198556,road,2.4,plain,NH17,2,trunk,0,0,asphalt,637560678
n569198536,n569198556,road,1.25,plain,NH17,2,trunk,0,0,,1120259397
n569198536,n569198659,road,2.32,plain,NH17,2,trunk,0,0,,431237228
n569198659,n569198749,road,2.28,plain,NH17,2,trunk,0,0,,44892570
n569262396,n774477581,road,5.03,hilly,SH12,2,primary,0,0,,480487091
n569316654,n569316661,road,0.1,plain,NH17,2,trunk,1,0,,637560671
n569316661,n569316885,road,1.8,plain,NH17,2,trunk,0,0,,637560672
n569316712,n569316715,road,0.36,plain,NH17,2,trunk,0,0,,1278631929
n569316712,n569316729,road,2.58,plain,NH17,2,trunk,0,0,,284670895
n569316729,n569316774,road,1.03,plain,NH17,2,trunk,0,0,,1278631939
n569316771,n569316774,road,0.08,plain,NH17,2,trunk,1,0,,284670894
n569316771,n569317989,road,4.67,plain,NH17,2,trunk,0,0,,238820991
n569316835,n569316847,road,0.93,plain,NH17,2,trunk,0,0,,363613114
n569316835,n569316885,road,0.12,plain,NH17,2,trunk,1,0,,363613113
n569316847,n569316848,road,0.13,plain,NH17,2,trunk,1,0,,284670893
n569316848,n569316921,road,6.95,plain,NH17,2,trunk,0,0,,284670896
n569316921,n6010389672,road,1.5,plain,NH17,2,trunk,0,0,,975330260
n569317018,n569317022,road,0.34,plain,NH17,2,trunk,0,0,asphalt,1274712638
n569317018,n569317140,road,0.48,plain,NH17,2,trunk,0,0,asphalt,1274712635
n569317106,n569317108,road,0.09,plain,NH17,2,trunk,1,0,asphalt,238820969
n569317106,n569317219,road,3.24,plain,NH17,2,trunk,0,0,asphalt,238820982
n569317108,n569317125,road,1.03,plain,NH17,2,trunk,0,0,asphalt,1277948315
n569317206,n569317219,road,0.18,plain,NH17,2,trunk,1,0,,238820970
n569317243,n569317249,road,0.09,plain,NH17,2,trunk,1,0,,238820978
n569317243,n569317671,road,3.76,plain,NH17,2,trunk,0,0,,238820987
n569317366,n569317383,road,2.8,plain,NH17,2,trunk,0,0,asphalt,609751760
n569317366,n569317429,road,1.43,plain,NH17,2,trunk,0,0,asphalt,1277681990
n569317383,n569317389,road,0.75,plain,NH17,2,trunk,0,0,asphalt,609751760
n569317389,n569317522,road,2.46,plain,NH17,2,trunk,0,0,asphalt,1277681996
n569317407,n569317414,road,0.66,plain,NH17,2,trunk,0,0,,193281895
n569317407,n569317448,road,0.76,plain,NH17,2,trunk,0,0,,193281895
n569317407,n5775206942,road,7.44,plain,secondary,2,secondary,0,0,,609751745
n569317414,n569317428,road,2.01,plain,NH17,2,trunk,0,0,,1277941234
n569317428,n569317429,road,0.09,plain,NH17,2,trunk,1,0,,609751761
n569317441,n569317448,road,0.5,plain,NH17,2,trunk,0,0,,193281895
n569317441,n569317454,road,1.31,plain,NH17,2,trunk,0,0,,284670890
n569317448,n5730778619,road,1.08,plain,secondary,2,secondary,0,0,,609751757
n569317454,n569317502,road,2.62,plain,NH17,2,trunk,0,0,,284670890
n569317454,n5730778619,road,0.81,plain,secondary,2,secondary,0,0,,650450356
n569317499,n569317502,road,0.09,plain,NH17,2,trunk,1,0,,284670889
n569317499,n569318151,road,12.61,plain,NH17,2,trunk,0,0,,238820964
n569317522,n569317528,road,0.49,plain,NH17,2,trunk,0,0,asphalt,1277783769
n569317528,n569317535,road,0.42,plain,NH17,2,trunk,0,0,asphalt,1277783769
n569317528,n5730778133,road,2.44,plain,secondary,2,secondary,0,0,,603789574
n569317535,n569317560,road,3.31,plain,NH17,2,trunk,0,0,asphalt,193281896
n569317560,n569366499,road,3.15,plain,NH17,2,trunk,0,0,asphalt,193281896
n569317560,n5730778133,road,4.2,hilly,secondary,2,secondary,0,0,,603824632
n569317573,n569317820,road,14.47,plain,NH17,2,trunk,0,0,,44902941
n569317573,n829980096,road,0.63,plain,primary,2,primary,0,0,,617006911
n569317671,n569317683,road,0.69,plain,NH17,2,trunk,0,0,,238820987
n569317683,n569317699,road,0.15,plain,NH17,2,trunk,1,0,,238820977
n569317699,n569317700,road,0.68,plain,NH17,2,trunk,0,0,,44902938
n569317700,n569366507,road,0.12,plain,NH17,2,trunk,1,0,,44902943
n569317733,n569317739,road,1.34,plain,NH17,2,trunk,0,0,,238820983
n569317733,n569366507,road,0.2,plain,NH17,2,trunk,0,0,,238820983
n569317739,n569317758,road,3.78,plain,NH17,2,trunk,0,0,,238820983
n569317758,n569317820,road,1.66,plain,NH17,2,trunk,0,0,,387678342
n569317975,n569317979,road,0.08,plain,NH17,2,trunk,0,0,,1278631935
n569317979,n569318037,road,1.97,plain,NH17,2,trunk,0,0,,72861712
n569317989,n6431000970,road,1.38,plain,NH17,2,trunk,0,0,,44851362
n569318018,n569318023,road,0.61,plain,NH17,2,trunk,1,0,,44902944
n569318018,n569318037,road,2.11,plain,NH17,2,trunk,0,0,,1278631937
n569318023,n6431000970,road,0.57,plain,NH17,2,trunk,0,0,,44851362
n569318151,n9834404366,road,7.84,plain,NH17,2,trunk,0,0,,760029237
n569318213,n569318231,road,0.85,plain,NH17,2,trunk,0,0,,1351546211
n569318213,n9834404366,road,0.19,plain,trunk,2,trunk,1,0,,1266648396
n569318229,n569318231,road,0.24,plain,NH17,2,trunk,1,0,,238820976
n569318229,n569318271,road,3.52,plain,NH17,2,trunk,0,0,,238820966
n569318341,n569366513,road,2.81,plain,NH17,2,trunk,0,0,asphalt,44902935
n569318438,n569318459,road,3.08,plain,NH17,2,trunk,0,0,,759980599
n569318438,n569318492,road,7.69,hilly,NH17,2,trunk,0,0,asphalt,238820992
n569318492,n569366513,road,0.14,plain,NH17,2,trunk,1,0,,44902946
n569318575,n569318597,road,0.95,plain,NH17,2,trunk,0,0,,759858217
n569318597,n569318672,road,8.97,plain,NH17,2,trunk,0,0,,44902945
n569318672,n569318717,road,3.15,plain,NH17,2,trunk,0,0,,759858255
n569318712,n569318714,road,0.2,plain,NH17,2,trunk,1,0,,44902947
n569318712,n569318753,road,1.58,plain,NH17,2,trunk,0,0,asphalt,44733864
n569318714,n569318717,road,0.3,plain,NH17,2,trunk,0,0,,759858255
n569318753,n569318758,road,2.11,plain,NH17,2,trunk,0,0,asphalt,44733864
n569318865,n569318875,road,0.74,plain,NH17,2,trunk,0,0,asphalt,1071364974
n569366497,n569366499,road,0.55,plain,NH17,2,trunk,1,0,,44902940
n569440948,n569441151,road,4.09,plain,secondary,2,secondary,0,0,,1026088626
n569440948,n9372182157,road,2.03,plain,secondary,2,secondary,0,0,,1026088626
n569441069,n569441163,road,0.7,plain,secondary,2,secondary,0,0,asphalt,1095341843
n569441069,n569441172,road,2.26,plain,NH12,2,trunk,0,0,asphalt,507098786
n569441069,n9375472488,road,0.12,plain,NH12,2,trunk,1,0,,1095313334
n569441146,n569441151,road,0.37,plain,secondary,2,secondary,0,0,,1026088626
n569441146,n569441163,road,0.09,plain,NH12,2,secondary,1,0,,507098785
n5714069384,n5714069407,road,3.51,plain,secondary,2,secondary,0,0,,669081314
n5714069407,n5714069422,road,0.44,plain,secondary,2,secondary,0,0,,613082534
n5714069425,n5714069432,road,0.35,plain,secondary,2,secondary,1,0,,1318071770
n5730778133,n5775206445,road,7.69,hilly,secondary,2,secondary,0,0,,603789573
n5730778592,n5730778619,road,5.04,plain,secondary,2,secondary,0,0,,609751757
n5730778592,n5775207300,road,0.11,plain,secondary,2,secondary,1,0,,609751756
n5730779185,n5730779201,road,3.83,plain,secondary,2,secondary,0,0,,614529969
n5730779185,n5775207300,road,26.13,hilly,secondary,2,secondary,0,0,,603789583
n5731137535,n5731137539,road,0.79,plain,secondary,2,secondary,0,0,,1279945809
n5731137535,n5731293089,road,10.97,hilly,secondary,2,secondary,0,0,,603861106
n5731137539,n5731137545,road,0.13,plain,secondary,2,secondary,1,0,,617001606
n5735513695,n5735514246,road,7.03,plain,secondary,2,secondary,0,0,,604458213
n5735514286,n5735514443,road,7.09,plain,secondary,2,secondary,0,0,,604458234
n5736469435,n5800306875,road,0.68,plain,secondary,2,secondary,0,0,,1055029939
n5736469499,n5736469593,road,6.34,plain,SH23,2,primary,0,0,,751952946
n5736469499,n5736785575,road,1.97,plain,secondary,2,secondary,0,0,,174078209
n5736784482,n5736784502,road,1.73,plain,SH-1007,2,primary,0,0,asphalt,1055257271
n5736784482,n5736785575,road,3.44,plain,SH-1007,2,primary,0,0,asphalt,604662555
n5736784502,n976342814,road,2.68,plain,SH-1007,2,primary,0,0,asphalt,83976296
n5736785575,n6737806266,road,2.23,plain,SH-1007,2,primary,0,0,asphalt,604662550
n5736802663,n986498387,road,3.39,plain,SH24,2,primary,0,0,sett,604664251
n5739565466,n6177103790,road,1.82,plain,SH45,2,primary,0,0,,659772203
n5744150038,n5744150325,road,12.71,mountain,secondary,2,secondary,0,0,,158014340
n5744865405,n5744868867,road,4.74,plain,SH-017,2,primary,0,0,,1313338042
n5744868867,n5744869054,road,8.0,plain,SH-017,2,primary,0,0,,605789136
n5744869054,n6265607562,road,2.2,plain,SH-017,2,primary,0,0,unpaved,669096128
n5745787373,n5745787376,road,0.09,plain,secondary,2,secondary,1,0,,605920879
n5745787373,n5745787599,road,0.55,plain,secondary,2,secondary,0,0,,605920878
n5745787599,n5745787601,road,0.48,plain,secondary,2,secondary,0,0,,987272801
n5745787601,n904876725,road,0.54,plain,secondary,2,secondary,0,0,,605920876
n5745789322,n5745789328,road,0.08,plain,SH4,2,primary,1,0,,605920904
n5747361544,n5747361547,road,0.15,plain,MDR2,2,secondary,1,0,,999252181
n5747361547,n5747361548,road,0.33,plain,MDR2,2,secondary,0,0,,1203277306
n5747361548,n5747361566,road,4.45,plain,MDR2,2,secondary,0,0,,999252182
n5747361566,n5747361576,road,1.02,plain,MDR2,2,secondary,0,0,,1000326680
n5747361576,n8465365763,road,0.46,plain,MDR2,2,secondary,0,0,,911717532
n5747733416,n5747736465,road,5.66,hilly,secondary,2,secondary,0,0,,606144243
n5747736465,n5747736466,road,0.17,plain,secondary,2,secondary,1,0,,606144244
n5747736466,n5747736493,road,2.51,plain,secondary,2,secondary,0,0,,606144245
n5747736493,n5747736497,road,0.16,plain,secondary,2,secondary,1,0,,606144246
n5747807137,n5747807157,road,2.3,plain,secondary,2,secondary,0,0,,606151343
n5747807157,n835241083,road,6.71,plain,secondary,2,secondary,0,0,,157708585
n5749813104,n5749813117,road,1.28,plain,secondary,2,secondary,0,0,,606446298
n5749813104,n5928877980,road,1.98,plain,secondary,2,secondary,0,0,,628034513
n5749813117,n5749813511,road,3.46,plain,secondary,2,secondary,0,0,,206424565
n5753920113,n5753921986,road,0.32,plain,SH-008,2,primary,0,0,asphalt,1307289640
n5753920113,n5753922017,road,1.58,plain,SH-008,2,primary,0,0,paved,607045568
n5753920113,n5807617241,road,2.09,plain,SH-007,2,primary,0,0,paved,613887424
n5753921937,n5753921986,road,2.2,plain,SH-008,2,primary,0,0,paved,1307289642
n5753922017,n5753922044,road,2.67,plain,SH-008,2,primary,0,0,paved,607045569
n5753939406,n5753939416,road,0.14,plain,SH-013,2,primary,1,0,,1306248864
n5753939416,n5753939737,road,2.85,plain,SH-013,2,primary,0,0,,1306248865
n5753939531,n5804673294,road,10.09,hilly,secondary,2,secondary,0,0,,434299829
n5753939620,n5753939737,road,0.09,plain,SH-013,2,primary,1,0,,1276747061
n5754174363,n5754176487,road,1.02,plain,SH1,2,primary,0,0,asphalt,607084454
n5754176320,n5755880893,road,1.56,plain,SH-015,2,primary,0,0,asphalt,607331180
n5754176442,n5755880117,road,1.4,plain,SH-015,2,primary,0,0,asphalt,607331179
n5754189169,n5802146035,road,2.48,plain,SH-015,2,primary,0,0,asphalt,1312475255
n5754189169,n5802146056,road,6.23,plain,SH-015,2,primary,0,0,asphalt,607085813
n575546495,n575546641,road,16.49,hilly,SH12,2,primary,0,0,,327733693
n575546641,n575546743,road,1.29,plain,secondary,2,secondary,0,0,,210989323
n575546641,n692804645,road,0.98,plain,NH110,2,trunk,0,0,,636628537
n575546641,n697258431,road,4.64,mountain,SH12,2,primary,0,0,asphalt,55484491
n575546743,n575546779,road,0.39,plain,secondary,2,secondary,0,0,asphalt,336133637
n575546743,n603502290,road,1.31,plain,secondary,2,secondary,0,0,,336321747
n575546743,n603502571,road,1.08,plain,secondary,2,secondary,0,0,,576342170
n575546779,n603502290,road,0.84,plain,secondary,2,secondary,0,0,,325229945
n5755880893,n5755880911,road,1.31,plain,SH-015,2,primary,0,0,asphalt,1312097998
n5755880911,n5755880939,road,2.08,plain,SH-015,2,primary,0,0,asphalt,1312098000
n5755880939,n5755880955,road,1.63,plain,SH-015,2,primary,0,0,asphalt,1312098002
n5758970447,n5758970631,road,7.27,plain,secondary,2,secondary,0,0,,607743050
n5763172952,n5763173072,road,0.64,plain,secondary,2,secondary,0,0,paved,1052194670
n5763172952,n5932355592,road,3.68,plain,secondary,2,secondary,0,0,,628379205
n5763172952,n9667487837,road,15.2,mountain,NH29,2,trunk,0,0,,1353399485
n5763173072,n5763173178,road,4.73,hilly,secondary,2,secondary,0,0,paved,627603162
n5763173178,n5763173278,road,0.81,plain,secondary,2,secondary,0,0,paved,627603149
n5763173278,n5763173318,road,1.21,plain,secondary,2,secondary,0,0,paved,1052227310
n5763173318,n5767174187,road,1.02,plain,NH229,2,trunk,0,0,,627603165
n5763173318,n5932357253,road,2.33,plain,NH229,2,trunk,0,0,,628379215
n5763228253,n8939984141,road,0.67,plain,primary,2,primary,0,0,,966313090
n5766110467,n6247256785,road,7.62,mountain,secondary,2,secondary,0,0,unpaved,667234633
n5766110467,n7869434264,road,3.04,mountain,NH27,2,trunk,0,0,,843633969
n5767174187,n5767174243,road,1.07,plain,NH229,2,trunk,0,0,,1052189361
n5767174243,n5870320977,road,5.95,hilly,NH229,2,trunk,0,0,,608798138
n5769923230,n5895090710,road,18.0,mountain,secondary,2,secondary,0,0,,609160608
n5775206339,n5775206340,road,0.12,plain,secondary,2,secondary,1,0,,609751729
n5775206339,n5775206942,road,2.67,plain,secondary,2,secondary,0,0,,609751739
n5775206445,n5775206574,road,0.66,plain,secondary,2,secondary,0,0,,1353080490
n5775206445,n5775206640,road,0.35,plain,secondary,2,secondary,0,0,,1353082428
n5775206572,n5775206574,road,0.09,plain,secondary,2,secondary,0,0,,1353082427
n5775206572,n5775207081,road,1.41,plain,secondary,2,secondary,0,0,,609751737
n5775206574,n5775206640,road,1.57,plain,secondary,2,secondary,0,0,,1353082426
n5775206637,n5775206640,road,0.45,plain,secondary,2,secondary,0,0,,609751739
n5775206640,n5775206942,road,2.54,plain,secondary,2,secondary,0,0,,609751739
n5775206930,n5775206942,road,3.67,plain,secondary,2,secondary,0,0,,609751745
n5775207195,n5775207196,road,0.14,plain,secondary,2,secondary,1,0,,609751753
n5775677717,n5775677737,road,1.95,plain,secondary,2,secondary,0,0,,609803299
n5775677717,n6112257888,road,0.4,plain,secondary,2,secondary,0,0,,1141860022
n5775677737,n5775677746,road,0.16,plain,secondary,2,secondary,1,0,,609803300
n5775677746,n5775677764,road,1.93,plain,secondary,2,secondary,0,0,,609803301
n5775678353,n5775678354,road,0.09,plain,SH6,2,primary,1,0,,609803323
n5775866325,n5775866667,road,1.09,plain,SH47,2,primary,0,0,,659776407
n5775866325,n5775867325,road,0.33,plain,NH715A,2,trunk,0,0,,968739326
n5775866325,n5775867336,road,1.88,plain,NH715A,2,trunk,0,0,,659776408
n5775866621,n8962856434,road,0.56,plain,SH47,2,primary,0,0,,968763638
n5775866667,n5775867338,road,2.6,plain,SH47,2,primary,0,0,,324292583
n5775866712,n5775867335,road,6.71,plain,NH715A,2,trunk,0,0,,609822902
n5775867302,n8973496264,road,0.12,plain,NH715A,2,trunk,1,0,,1255710663
n5775867335,n5775867336,road,0.14,plain,NH715A,2,trunk,1,0,,609822903
n5779798430,n5779799050,road,5.26,plain,SH-018,2,primary,0,0,,610277598
n5779799050,n5779799053,road,0.37,plain,SH-018,2,primary,0,0,,1314404882
n5779799053,n6264794434,road,0.51,plain,SH-017,2,primary,0,0,asphalt,1313330372
n5779959525,n5779959538,road,2.48,plain,MDR03,2,secondary,0,0,,1285794477
n5779959525,n5779960396,road,6.38,plain,MDR03,2,secondary,0,0,,1285794474
n5779959538,n5779959543,road,0.85,plain,MDR03,2,secondary,0,0,,1285794476
n5779959543,n5779960254,road,1.38,plain,MDR03,2,secondary,0,0,,1285794498
n5779960254,n5779960269,road,3.47,plain,MDR03,2,secondary,0,0,,1285794478
n5779960269,n5779960273,road,0.75,plain,MDR03,2,secondary,0,0,,1285794480
n5779960273,n5779960275,road,0.76,plain,MDR03,2,secondary,0,0,,1285794482
n5779960275,n5779960280,road,0.86,plain,MDR03,2,secondary,0,0,,1285794484
n5779960330,n5779960332,road,0.08,plain,primary,2,primary,1,0,,610288894
n5779960330,n5779960756,road,3.47,plain,primary,2,primary,0,0,,705400457
n5779960330,n6627298094,road,1.1,plain,primary,2,primary,0,0,,705400457
n5779960332,n5779960333,road,0.55,plain,secondary,2,secondary,0,0,,610288896
n5779960332,n5779960350,road,1.07,plain,secondary,2,secondary,0,0,,610288896
n5779960375,n5779960389,road,0.96,plain,MDR03,2,secondary,0,0,,1285794471
n5779960389,n5779960396,road,1.23,plain,MDR03,2,secondary,0,0,,1285794473
n5779960396,n5779960955,road,7.13,plain,MDR2,2,secondary,0,0,,610288889
n5779960396,n5779961033,road,2.05,plain,MDR2,2,secondary,0,0,,610288889
n5779960621,n5779960661,road,7.25,plain,secondary,2,secondary,0,0,,610288901
n5779960661,n5779960673,road,0.22,plain,secondary,2,secondary,0,0,,766504593
n5779960666,n5779960668,road,0.36,plain,primary,2,primary,0,0,,705400462
n5779960666,n6627298112,road,0.17,plain,secondary,2,secondary,0,0,,705400471
n5779960666,n6627298115,road,0.16,plain,primary,2,primary,0,0,,705400462
n5779960668,n5779960671,road,0.3,plain,primary,2,primary,0,0,,766504586
n5779960668,n6627298106,road,0.16,plain,primary,2,primary,1,0,,705400472
n5779960668,n6627298112,road,0.46,plain,primary,2,primary,0,0,,705400476
n5779960671,n5779960672,road,0.13,plain,primary,2,primary,1,0,,610288903
n5779960672,n5779960673,road,0.24,plain,primary,2,primary,0,0,,610288904
n5779960694,n5779960700,road,0.16,plain,primary,2,primary,1,0,,610288905
n5779960700,n6627298098,road,0.29,plain,primary,2,primary,0,0,,610288906
n5779960702,n5779960705,road,0.21,plain,primary,2,primary,0,0,,610288906
n5779960702,n6627298113,road,0.27,plain,primary,2,primary,0,0,,610288906
n5779960702,n6627298115,road,0.16,plain,primary,2,primary,0,0,,705400462
n5779960705,n5779960783,road,0.55,plain,secondary,2,secondary,0,0,,705400456
n5779960705,n6627298094,road,0.44,plain,primary,2,primary,0,0,,705400457
n5779960783,n5779960845,road,0.31,plain,primary,2,primary,0,0,,705400475
n5779960783,n6627298115,road,0.4,plain,primary,2,primary,0,0,,705400475
n5779960785,n5779960812,road,5.61,plain,MDR04,2,secondary,0,0,,610288908
n5779960812,n5779960824,road,1.06,plain,MDR04,2,secondary,0,0,,1286383382
n5779960824,n5779960831,road,2.76,plain,MDR04,2,secondary,0,0,,1286383379
n5779960831,n5779960837,road,2.17,plain,MDR04,2,secondary,0,0,,1286383386
n5779960837,n5779960845,road,0.87,plain,MDR04,2,secondary,0,0,,1286383386
n5779960837,n6627260177,road,0.43,plain,secondary,2,secondary,0,0,,705400467
n5779960845,n5779960955,road,0.25,plain,MDR2,2,secondary,0,0,,610288889
n5779960845,n6627260177,road,0.36,plain,secondary,2,secondary,0,0,,705400466
n5779960845,n6627298106,road,0.17,plain,primary,2,primary,1,0,,766504587
n5779960955,n6627260177,road,0.38,plain,secondary,2,secondary,0,0,,705400467
n5782148776,n7905971609,road,1.23,plain,NH29,2,trunk,0,0,,1370286333
n5782148776,n9667977875,road,2.26,plain,NH29,2,trunk,0,0,,1353386490
n5782148779,n7905971662,road,1.63,plain,trunk,2,trunk,0,0,,1073672779
n5782148779,n9667977875,road,0.3,plain,trunk,2,trunk,0,0,,847247113
n5782252466,n9834406627,road,0.13,plain,secondary,2,secondary,0,0,asphalt,1071730934
n5787589238,n6167932368,road,3.44,mountain,SH3,2,primary,0,0,,611252816
n5787589238,n6175031709,road,1.21,plain,SH3,2,primary,0,0,,611252816
n5787589453,n5787589471,road,4.9,plain,SH3,2,primary,0,0,,659533061
n5787589453,n6175031709,road,1.33,plain,SH3,2,primary,0,0,,1138625341
n5787589471,n5792829473,road,3.78,hilly,SH3,2,primary,0,0,,1138625344
n5789241431,n5789241624,road,3.47,plain,SH9A,2,primary,0,0,,611487738
n5789241583,n5789241624,road,2.1,plain,SH9A,2,primary,0,0,,611487738
n5789241624,n5839998287,road,6.66,hilly,secondary,2,secondary,0,0,,617832496
n5792354501,n5792354502,road,0.12,plain,secondary,2,secondary,1,0,,611829474
n5792354502,n904876906,road,7.73,plain,secondary,2,secondary,0,0,,256352522
n5792829473,n5792829481,road,3.32,plain,SH3,2,primary,0,0,,1138618570
n5792861050,n673551785,road,3.27,plain,SH3,2,primary,0,0,,224013298
n5792861050,n8971999687,road,0.08,plain,SH3,2,primary,1,0,,969538369
n5792961925,n5792961958,road,1.71,plain,NH27,2,trunk,0,0,,289052020
n5794288699,n5794288734,road,3.79,plain,SH6,2,primary,0,0,,612060490
n5794288699,n7157454053,road,0.57,plain,SH6,2,primary,0,0,,659545014
n5794288734,n5794288740,road,1.34,plain,SH6,2,primary,0,0,,1221396836
n5794288740,n5794288744,road,0.09,plain,SH6,2,primary,1,0,,612060491
n5796144530,n5796144541,road,0.76,plain,secondary,2,secondary,0,0,,1125795215
n5796144530,n5800307023,road,3.45,mountain,secondary,2,secondary,0,0,,1120745483
n5796144541,n5796144862,road,1.93,plain,secondary,2,secondary,0,0,,612299639
n5796144862,n5796145106,road,2.42,plain,secondary,2,secondary,0,0,,1125769872
n5796145106,n5796145122,road,2.51,plain,secondary,2,secondary,0,0,,1120745484
n5796145122,n958036159,road,2.0,plain,secondary,2,secondary,0,0,,1126405522
n5796562462,n5796562867,road,1.99,plain,primary,2,primary,0,0,,612350352
n5796562464,n5796562485,road,0.26,plain,primary,2,primary,1,0,,612350359
n5796562485,n5796562515,road,2.34,plain,primary,2,primary,0,0,,612350366
n5796562515,n5796562516,road,0.22,plain,primary,2,primary,1,0,,612350357
n5796562516,n5796562525,road,1.74,plain,primary,2,primary,0,0,,612350355
n5796562525,n5796562530,road,0.17,plain,primary,2,primary,1,0,,612350364
n5796562530,n5796562866,road,3.58,hilly,primary,2,primary,0,0,,612350371
n5796562866,n5796562867,road,0.29,plain,primary,2,primary,1,0,,612350369
n5796653375,n5796653376,road,0.29,plain,primary,2,primary,1,0,,612360939
n5796653376,n5796653769,road,4.06,plain,primary,2,primary,0,0,,612360938
n5796962406,n5796962423,road,7.49,plain,secondary,2,secondary,0,0,,612391948
n5796962861,n5796962990,road,10.81,plain,secondary,2,secondary,0,0,,612391958
n5796962990,n6175283960,road,2.92,plain,SH10,2,primary,0,0,,230000181
n5796963625,n5796963626,road,0.09,plain,secondary,2,secondary,1,0,,965128934
n5796963625,n5796963821,road,11.06,hilly,secondary,2,secondary,0,0,,965128933
n5796963821,n5796963895,road,12.28,plain,secondary,2,secondary,0,0,,612391969
n5796963895,n5796963915,road,1.63,plain,secondary,2,secondary,0,0,,617226307
n5796999444,n5797001304,road,2.86,plain,Kj-M-8,2,secondary,0,0,asphalt,1131935260
n5796999444,n6165382471,road,4.37,plain,SH39,2,primary,0,0,,1123855798
n5797001304,n5797001321,road,0.22,plain,Kj-M-8,2,secondary,0,0,asphalt,1332586362
n5797001321,n5797001388,road,3.03,plain,Kj-M-10,2,secondary,0,0,asphalt,612395857
n5797001321,n5797001515,road,1.31,plain,Kj-M-8,2,secondary,0,0,paved,1332648415
n5797001438,n6165382450,road,0.62,plain,SH39,2,primary,0,0,asphalt,1334863163
n5797001438,n6165382471,road,0.74,plain,SH39,2,primary,0,0,,659763958
n5797001515,n5797001557,road,4.34,plain,Kj-M-8,2,secondary,0,0,paved,612395860
n5798352435,n6105171968,road,10.3,mountain,SH18,2,primary,0,0,,650921126
n5800306875,n5800306889,road,2.17,plain,secondary,2,secondary,0,0,,715221607
n5800306889,n5800306921,road,3.48,plain,secondary,2,secondary,0,0,,612835594
n5800306921,n5800306967,road,3.43,plain,secondary,2,secondary,0,0,,717435772
n5800306967,n715137671,road,3.96,plain,secondary,2,secondary,0,0,,717032754
n5812660301,n5812660302,road,0.08,plain,SH2,2,primary,1,0,,1292176441
n5867494314,n5867509175,road,4.36,plain,secondary,2,secondary,0,0,,621110840
n5867508668,n5867509175,road,4.63,plain,secondary,2,secondary,0,0,,621110836
n5870320977,n5870460252,road,7.22,mountain,NH229,2,trunk,0,0,,621402573
n5893508199,n5893508693,road,5.78,plain,SH-016,2,primary,0,0,,624127495
n5893508199,n5893508941,road,0.14,plain,SH-016,2,primary,1,0,,624127523
n5893508345,n5893508425,road,4.44,plain,SH-016,2,primary,0,0,,1312602274
n5893508345,n5893508693,road,2.51,plain,SH-016,2,primary,0,0,,1312602268
n5893508457,n5893508925,road,9.65,plain,SH44,2,primary,0,0,,624127514
n5893508457,n5893508941,road,0.14,plain,SH-016,2,primary,0,0,,624127517
n5893508655,n5893508834,road,2.95,plain,SH44,2,primary,0,0,,659770714
n5893508655,n5893508925,road,4.16,plain,SH44,2,primary,0,0,,624127520
n5894647194,n5894647195,road,0.11,plain,secondary,2,secondary,1,0,,624234079
n5894916808,n5894917084,road,12.75,mountain,NH702A,2,trunk,0,0,,624261373
n5894916808,n5894959368,road,7.46,mountain,NH702A,2,trunk,0,0,,624265168
n5896060889,n5896060918,road,5.67,mountain,secondary,2,secondary,0,0,,624374493
n5896140862,n5934119939,road,5.8,mountain,secondary,2,secondary,0,0,,624387047
n5908439469,n5908454862,road,14.37,mountain,NH702A,2,trunk,0,0,,625802423
n5914129350,n5929523071,road,1.03,plain,secondary,2,secondary,0,0,,864573710
n5928686539,n5928696450,road,18.75,mountain,secondary,2,secondary,0,0,,628012533
n5928695480,n5928696309,road,1.57,plain,secondary,2,secondary,0,0,,628013875
n5928696309,n5928696371,road,1.67,plain,secondary,2,secondary,0,0,,628013878
n5928696371,n5928696450,road,4.85,plain,secondary,2,secondary,0,0,,628013879
n5928763337,n5928764611,road,6.38,mountain,secondary,2,secondary,0,0,,628020880
n5928763337,n5928951059,road,1.87,plain,secondary,2,secondary,0,0,,628020880
n5928763337,n5940220082,road,12.72,mountain,secondary,2,secondary,0,0,,629167458
n5928764611,n5928765300,road,15.59,mountain,secondary,2,secondary,0,0,,628020881
n5928877980,n5928882811,road,0.86,plain,secondary,2,secondary,0,0,,1052179706
n5928882811,n5928882862,road,2.98,plain,secondary,2,secondary,0,0,,628034515
n5928949415,n5928951059,road,21.72,mountain,secondary,2,secondary,0,0,,1051981836
n5929523071,n5929526693,road,6.73,plain,secondary,2,secondary,0,0,,628095899
n5931603077,n5931603312,road,2.25,plain,secondary,2,secondary,0,0,,628311982
n5931603077,n5931723098,road,16.51,mountain,secondary,2,secondary,0,0,,628311983
n5932355592,n5932357055,road,0.3,plain,NH229,2,trunk,0,0,,628379210
n5932357055,n5932357209,road,3.07,plain,NH229,2,trunk,0,0,,628379214
n5932357209,n5932357216,road,0.89,plain,NH229,2,trunk,0,0,,1052189034
n5932357216,n5932357253,road,1.69,plain,NH229,2,trunk,0,0,,1052172539
n5936564614,n5936564620,road,0.77,plain,Kj-M-3,2,secondary,0,0,asphalt,1339140251
n5936564620,n5936564652,road,1.81,plain,Kj-M-3,2,secondary,0,0,asphalt,1339140246
n5936564652,n5936564708,road,4.77,hilly,Kj-M-3,2,secondary,0,0,asphalt,628779865
n5936564708,n5936564737,road,2.66,plain,Kj-M-3,2,secondary,0,0,asphalt,628779866
n5936564737,n5936564830,road,1.38,plain,Kj-M-3,2,secondary,0,0,asphalt,1339140252
n5936564830,n5936564857,road,2.11,plain,Kj-M-3,2,secondary,0,0,asphalt,628779870
n5936564904,n6336366879,road,0.17,plain,KJ-M-003,2,secondary,0,0,paved,1334735441
n5940219796,n5940220082,road,3.61,hilly,secondary,2,secondary,0,0,,629167446
n5942582391,n958035704,road,0.5,plain,NH13,2,trunk,1,0,,82262524
n5945042623,n5945042630,road,0.84,plain,ODR5,2,secondary,0,0,,629633241
n5971389324,n5971389338,road,0.58,plain,SH-015,2,primary,0,0,asphalt,1312097984
n6005632648,n835236474,road,1.21,plain,NH515,2,trunk,0,0,,69870142
n6016305574,n653997343,road,1.08,plain,NH27,2,trunk,0,0,,565084773
n603477323,n974750727,road,1.5,plain,NH310A,2,trunk,0,0,,83703203
n603491523,n603491630,road,6.74,mountain,NH310A,2,trunk,0,0,,47416074
n603491523,n974741264,road,13.62,mountain,NH310A,2,trunk,0,0,,83701553
n603491630,n603492184,road,1.61,plain,NH310A,2,trunk,0,0,,47416082
n603492184,n603493986,road,1.98,plain,NH310A,2,trunk,0,0,,47416090
n603492316,n603492323,road,0.16,plain,NH310A,2,trunk,1,0,,461631687
n603492316,n974741264,road,1.86,plain,NH310A,2,trunk,0,0,,83701553
n603492323,n974750727,road,1.79,plain,NH310A,2,trunk,0,0,,704675586
n603492910,n603492984,road,0.16,plain,NH310,2,trunk,0,0,,84696281
n603492910,n974762520,road,25.36,mountain,SH7,2,primary,0,0,asphalt,478620596
n603492984,n603493214,road,1.92,plain,NH310A,2,trunk,0,0,,174099780
n603493214,n603493986,road,0.36,plain,NH310A,2,trunk,1,0,,599734724
n603496097,n603496351,road,6.47,mountain,NH10,2,trunk,0,0,,47416226
n603496351,n603496687,road,3.81,hilly,NH10,2,trunk,0,0,,589652244
n603496687,n603496707,road,0.15,plain,NH10,2,trunk,1,0,,213887653
n603496707,n603497295,road,3.94,mountain,NH10,2,trunk,0,0,,47416225
n603496800,n603497219,road,7.66,mountain,NH10,2,trunk,0,0,asphalt,47416232
n603496800,n8180669245,road,2.44,plain,NH10,2,trunk,0,0,,606061034
n603497219,n603497232,road,0.09,plain,NH10,2,trunk,1,0,,213887652
n603497232,n603497712,road,3.28,hilly,NH10,2,trunk,0,0,,47416238
n603497232,n974680615,road,2.63,plain,NH510,2,trunk,0,0,,83700095
n603497295,n603497501,road,0.12,plain,secondary,2,secondary,1,0,,213887654
n603497295,n8180669245,road,0.83,plain,NH10,2,trunk,1,0,,879401691
n603497501,n8180669245,road,1.39,plain,secondary,2,secondary,0,0,,1088849420
n603497712,n603497779,road,1.28,plain,NH10,2,trunk,0,0,,84626081
n603497779,n983114377,road,3.63,hilly,NH10,2,trunk,0,0,,84626067
n603538938,n904866651,road,9.02,mountain,NH510,2,trunk,0,0,,134421795
n603538938,n974648649,road,12.37,mountain,NH510,2,trunk,0,0,,47417263
n603538938,n974680569,road,0.21,plain,NH510,2,trunk,1,0,,83700092
n6098467040,n6099312073,road,0.11,plain,secondary,2,secondary,0,0,,1141876747
n6098501134,n6098501148,road,1.14,plain,secondary,2,secondary,0,0,,1142010017
n6098501148,n6098501162,road,1.59,plain,secondary,2,secondary,0,0,,1142010015
n6099312073,n6099312080,road,1.4,plain,secondary,2,secondary,0,0,,1142014638
n6101924768,n6102015878,road,0.22,plain,SH6,2,primary,0,0,,837307127
n6101924768,n6114679291,road,0.15,plain,primary,2,primary,0,0,,1284988973
n6102273585,n6102273599,road,1.57,plain,SH35,2,primary,0,0,,650460531
n6102273585,n6102286623,road,2.78,plain,SH35,2,primary,0,0,,1313341456
n6102273599,n6102273624,road,2.7,plain,SH35,2,primary,0,0,asphalt,1314227371
n6102273624,n6176772330,road,2.58,plain,SH35,2,primary,0,0,asphalt,659725746
n6102286623,n6102286655,road,4.94,plain,SH35,2,primary,0,0,,650461281
n6102286655,n6102286667,road,2.34,plain,SH35,2,primary,0,0,,650461281
n6102322469,n6102323288,road,3.4,plain,secondary,2,secondary,0,0,asphalt,1120750965
n6105115267,n6175559789,road,25.47,mountain,SH17,2,primary,0,0,,659594625
n6105115267,n6175560149,road,1.06,plain,SH17,2,primary,0,0,,1136747558
n6105146755,n6105146756,road,1.0,plain,SH18,2,primary,0,0,,659670299
n6105146755,n6105171966,road,2.91,plain,SH18,2,primary,0,0,,659670295
n6105146756,n6176237442,road,2.24,plain,SH18,2,primary,0,0,,659670308
n6105171966,n6105171968,road,0.13,plain,SH18,2,primary,1,0,,659670292
n6105481079,n6258654642,road,1.67,plain,CA-M-007,2,secondary,0,0,asphalt,668338002
n6105509584,n6105527037,road,5.48,plain,SH13,2,primary,0,0,,650982475
n6105509584,n6175369758,road,9.29,plain,SH13,2,primary,0,0,,659570442
n6112240552,n6112240556,road,1.3,plain,NH127E,2,primary,0,0,,651860454
n6112553474,n6112553483,road,0.72,plain,CA-M-012,2,secondary,0,0,,1057113147
n6112553483,n6154014503,road,4.22,plain,CA-M-012,2,secondary,0,0,,657038122
n6125469233,n9643308846,road,1.74,plain,secondary,2,secondary,0,0,,653627821
n6127804952,n6127804961,road,1.32,plain,secondary,2,secondary,0,0,,1281801097
n6127804961,n6127804969,road,0.15,plain,secondary,2,secondary,1,0,,653894628
n6127804961,n6127804984,road,0.51,plain,secondary,2,secondary,0,0,,653894629
n6127804965,n6127804984,road,0.42,plain,secondary,2,secondary,0,0,asphalt,653894623
n6127805372,n6127805394,road,3.35,plain,secondary,2,secondary,0,0,,653894635
n6127805394,n6127805395,road,0.17,plain,secondary,2,secondary,1,0,,653894636
n6127805582,n6127805588,road,0.09,plain,secondary,2,secondary,1,0,,653894653
n6152587071,n6152587531,road,2.37,plain,secondary,2,secondary,0,0,,470118598
n6154014301,n8430726636,road,0.18,plain,NH6,2,trunk,1,0,,907950583
n6154014302,n9676510459,road,0.87,plain,NH6,2,trunk,0,0,,657038112
n6165382456,n6165382467,road,1.33,plain,KJ-M-003,2,secondary,0,0,,1330373713
n6165382467,n6165382471,road,0.71,plain,KJ-M-003,2,secondary,0,0,,676872931
n6175283960,n6175283962,road,0.21,plain,SH10,2,primary,0,0,,659560169
n6175283962,n8939994998,road,0.21,plain,SH10,2,primary,1,0,,966317073
n6175513063,n6175514143,road,12.09,mountain,SH16,2,primary,0,0,,659589584
n6175514143,n6175514645,road,12.95,hilly,SH16,2,primary,0,0,,659589591
n6175560149,n6175560158,road,2.02,plain,SH17,2,primary,0,0,,1136752317
n6175560158,n6175560167,road,1.39,plain,SH17,2,primary,0,0,,1136752315
n6175560167,n6175560315,road,16.36,hilly,SH17,2,primary,0,0,,499433242
n6176123670,n6176124203,road,4.03,hilly,SH18,2,primary,0,0,,659660570
n6176124203,n6176124242,road,0.88,plain,SH18,2,primary,0,0,,1138586659
n6176237442,n6176237445,road,0.39,plain,SH18,2,primary,0,0,,1138586653
n6176237445,n6176237474,road,1.69,plain,SH18,2,primary,0,0,,659670318
n6176237474,n6176237475,road,0.1,plain,SH18,2,primary,1,0,,659670315
n6176237475,n6176237492,road,1.81,plain,SH18,2,primary,0,0,,659670324
n6176237492,n6176237510,road,0.16,plain,SH18,2,primary,1,0,,659670321
n6176656058,n6176656082,road,1.94,plain,SH33,2,primary,0,0,asphalt,228865955
n6176656082,n6176656093,road,2.8,plain,SH33,2,primary,0,0,asphalt,1309925284
n6176656126,n6176656131,road,1.56,plain,SH33,2,primary,0,0,asphalt,1309925283
n6176656131,n6176656136,road,0.34,plain,SH33,2,primary,0,0,asphalt,1309923413
n6176771222,n6176771906,road,7.8,mountain,SH35,2,primary,0,0,,659725716
n6176771906,n6176772127,road,5.06,plain,SH35,2,primary,0,0,,659725727
n6176772127,n6176772315,road,4.44,hilly,SH35,2,primary,0,0,,659725740
n6176772315,n6176772319,road,0.11,plain,SH35,2,primary,1,0,,659725738
n6176772319,n6176772330,road,0.8,plain,SH35,2,primary,0,0,asphalt,1314227357
n6176986795,n6176986798,road,1.03,plain,SH37,2,primary,0,0,,1058763038
n6176986798,n6176986909,road,2.79,plain,SH37,2,primary,0,0,,1057877946
n6176986909,n6176987227,road,4.62,hilly,SH37,2,primary,0,0,,659758349
n6176987227,n6176987407,road,2.31,plain,SH37,2,primary,0,0,,1317721187
n6176987407,n9717742375,road,1.6,plain,SH37,2,primary,0,0,,1317721188
n6177045711,n6177045925,road,8.54,plain,SH40,2,primary,0,0,,659765357
n6177045925,n6177045955,road,0.77,plain,SH40,2,primary,0,0,,1059162250
n6177045955,n6177045981,road,1.12,plain,SH40,2,primary,0,0,,1058513741
n6177103758,n6177103790,road,2.41,plain,SH45,2,primary,0,0,,659772202
n6186665353,n6186667181,road,5.37,mountain,primary,2,primary,0,0,,660797879
n6186665353,n6186709665,road,4.41,mountain,primary,2,primary,0,0,,660972241
n6186665353,n6187771395,road,9.51,mountain,primary,2,primary,0,0,,660918526
n6187771395,n6188029887,road,8.45,mountain,primary,2,primary,0,0,,660959071
n6188029887,n6188032550,road,13.42,mountain,primary,2,primary,0,0,,660946689
n6189803566,n6189804838,road,1.97,plain,secondary,2,secondary,0,0,,663793010
n6189803566,n6213158230,road,10.94,mountain,secondary,2,secondary,0,0,,663793015
n6189804838,n6189805690,road,21.59,mountain,secondary,2,secondary,0,0,,661148981
n6195177267,n6195177276,road,0.08,plain,primary,2,primary,1,0,,661731257
n6195177276,n6195178217,road,15.85,mountain,primary,2,primary,0,0,,661731266
n6195603198,n6195695920,road,6.71,hilly,NH208,2,trunk,0,0,,661774979
n6195694476,n6195695014,road,3.96,hilly,NH208,2,trunk,0,0,,661783201
n6195695014,n6195695920,road,6.6,hilly,NH208,2,trunk,0,0,,661783215
n6197810263,n6197811107,road,0.08,plain,NH208,2,trunk,1,0,,662016944
n6197810263,n6199271231,road,10.2,hilly,NH208,2,trunk,0,0,,662016945
n6198678204,n6229199391,road,0.3,plain,primary,2,primary,0,0,,1122596817
n6205687246,n6205687612,road,2.15,plain,secondary,2,secondary,0,0,,1295696621
n6208067802,n6208108498,road,15.08,mountain,secondary,2,secondary,0,0,,663204887
n6208108038,n6208108498,road,9.16,mountain,secondary,2,secondary,0,0,,663217034
n6208108038,n6208156391,road,11.08,mountain,secondary,2,secondary,0,0,,663217036
n6211475757,n6211786360,road,0.1,plain,primary,2,primary,1,0,,663656368
n6211786360,n6211786902,road,2.92,plain,primary,2,primary,0,0,,663656378
n6211786902,n6211787714,road,1.74,plain,primary,2,primary,0,0,,1449341191
n6223526153,n6223527138,road,8.13,hilly,secondary,2,secondary,0,0,,664899178
n6223527138,n6223527664,road,8.49,hilly,secondary,2,secondary,0,0,,664899178
n6223527138,n9195889006,road,3.21,plain,secondary,2,secondary,0,0,,995883326
n6223527664,n6223527899,road,0.34,plain,secondary,2,secondary,0,0,,1130534972
n6223527899,n6223527931,road,1.53,plain,secondary,2,secondary,0,0,,1130534976
n6223527931,n6223528196,road,4.12,hilly,secondary,2,secondary,0,0,,1127986956
n6228259772,n9673522012,road,1.87,plain,secondary,2,secondary,0,0,,1466800303
n6229200943,n9320265610,road,0.53,plain,secondary,2,secondary,0,0,,1010147910
n6231259831,n6231259833,road,0.71,plain,CA-M-005,2,secondary,0,0,asphalt,1323701499
n6231259831,n6258351883,road,0.9,plain,CA-M-005,2,secondary,0,0,paved,1321576215
n6231259833,n6231259837,road,0.41,plain,CA-M-005,2,secondary,0,0,asphalt,1058043461
n6231259837,n6231259869,road,4.49,mountain,CA-M-005,2,secondary,0,0,asphalt,665705080
n6231259869,n6231259873,road,0.08,plain,CA-M-005,2,secondary,1,0,,665705081
n6234442212,n9909087694,road,0.43,plain,NH2,2,trunk,0,0,,1081097709
n6237090886,n6237091288,road,7.61,mountain,secondary,2,secondary,0,0,,666193752
n6237091288,n6237092078,road,11.03,mountain,secondary,2,secondary,0,0,,666193763
n6237092078,n6237093988,road,5.84,mountain,secondary,2,secondary,0,0,,666193829
n6237756762,n6237756763,road,0.11,plain,NH102,2,trunk,1,0,,916572565
n6240163841,n6240165555,road,13.62,mountain,secondary,2,secondary,0,0,,666500784
n6240253864,n7869322595,road,0.71,plain,NH27,2,trunk,0,0,,843621729
n6241313902,n6241313911,road,1.41,plain,CA-M-006,2,secondary,0,0,asphalt,668424930
n6241313902,n6259491284,road,1.11,plain,CA-M-006,2,secondary,0,0,asphalt,1326113623
n6241313902,n6259491400,road,0.6,plain,CA-M-008,2,secondary,0,0,paved,1058491615
n6241719589,n6241719875,road,1.34,plain,secondary,2,secondary,0,0,,676873662
n6241719589,n6241720705,road,0.13,plain,secondary,2,secondary,1,0,,666652598
n6241720546,n6241721427,road,13.4,plain,CA-M-010,2,secondary,0,0,,666652615
n6241720705,n6241720722,road,2.17,plain,secondary,2,secondary,0,0,,1130816105
n6241720722,n6241720725,road,0.48,plain,secondary,2,secondary,0,0,,1130824854
n6241720725,n6241720736,road,0.99,plain,secondary,2,secondary,0,0,,666652599
n6241720736,n6241720740,road,0.71,plain,secondary,2,secondary,0,0,,666652601
n6241721427,n9761018128,road,0.23,plain,trunk,2,trunk,1,0,,1319345451
n6241721431,n6241721439,road,0.71,plain,CA-M-015,2,secondary,0,0,,666652616
n6241721431,n9713790883,road,2.14,plain,CA-M-015,2,secondary,0,0,,1057081544
n6241721439,n6241721442,road,0.33,plain,CA-M-015,2,secondary,0,0,,666652618
n6246892055,n9717742375,road,10.9,mountain,CA-M-001,2,secondary,0,0,asphalt,667200354
n6247256785,n6247256856,road,5.82,hilly,secondary,2,secondary,0,0,,667234624
n6247256856,n6247256860,road,0.71,plain,secondary,2,secondary,0,0,,667234627
n6247259744,n6247259750,road,0.35,plain,CA-M-001,2,secondary,0,0,asphalt,667234711
n6247259750,n6247259759,road,0.62,plain,CA-M-001,2,secondary,0,0,asphalt,1320966770
n6247259750,n9720293884,road,1.06,plain,CA-M-003,2,secondary,0,0,asphalt,1320960830
n6247259759,n6247259771,road,1.45,plain,CA-M-001,2,secondary,0,0,asphalt,1321148039
n6247259771,n6247259902,road,2.39,plain,CA-M-001,2,secondary,0,0,asphalt,667234717
n6247259771,n6262442470,road,1.12,plain,CA-M-004,2,secondary,0,0,paved,668733897
n6251241590,n6251241624,road,1.25,plain,Nc-M-1,2,secondary,0,0,,1353799885
n6251241590,n6251457871,road,9.4,mountain,Nc-M-1,2,secondary,0,0,,667660368
n6251241624,n6251457365,road,5.13,hilly,Nc-M-1,2,secondary,0,0,,667660364
n6251457193,n6251457203,road,0.46,plain,Nc-M-1,2,secondary,0,0,,667660355
n6251457203,n6251457365,road,2.84,plain,Nc-M-1,2,secondary,0,0,,667660360
n6251457713,n6251457871,road,7.99,mountain,Nc-M-1,2,secondary,0,0,,1353799887
n6251548682,n6251548725,road,1.09,plain,primary,2,primary,0,0,,667670704
n6251824457,n6251828237,road,4.06,hilly,secondary,2,secondary,0,0,,667699536
n6251827971,n6251828237,road,2.14,plain,secondary,2,secondary,0,0,,667699567
n6251832338,n6251832413,road,2.74,plain,SH-021,2,primary,0,0,,667699594
n6253840325,n6253840352,road,1.88,plain,secondary,2,secondary,0,0,asphalt,667884575
n6253840709,n6253840894,road,2.46,plain,secondary,2,secondary,0,0,asphalt,667884581
n6253840709,n6253842328,road,4.12,mountain,secondary,2,secondary,0,0,asphalt,667884579
n6255618580,n6255618621,road,0.24,plain,secondary,2,secondary,0,0,asphalt,888564391
n6258351883,n9722064371,road,1.19,plain,CA-M-005,2,secondary,0,0,unpaved,1058434454
n6258651483,n6258654598,road,2.69,plain,CA-M-007,2,secondary,0,0,asphalt,1058036975
n6258651483,n6259491241,road,0.31,plain,CA-M-007,2,secondary,0,0,asphalt,668630716
n6258654598,n6258654613,road,0.59,plain,CA-M-007,2,secondary,0,0,asphalt,1058041120
n6258654613,n6258654614,road,0.79,plain,CA-M-007,2,secondary,0,0,asphalt,1326110382
n6258654614,n6258654642,road,1.55,plain,CA-M-007,2,secondary,0,0,asphalt,668337996
n6259489615,n6259491193,road,4.07,mountain,CA-M-006,2,secondary,0,0,asphalt,668424900
n6259491193,n6259491241,road,3.42,plain,CA-M-006,2,secondary,0,0,asphalt,668630665
n6259491241,n6259491253,road,0.98,plain,CA-M-006,2,secondary,0,0,asphalt,1058039286
n6259491253,n6259491284,road,3.08,hilly,CA-M-006,2,secondary,0,0,asphalt,668424932
n6259491400,n6259491420,road,1.52,plain,CA-M-008,2,secondary,0,0,paved,668424937
n6259491420,n6261456134,road,1.97,plain,CA-M-008,2,secondary,0,0,paved,668424942
n6261453903,n6261453949,road,2.39,plain,secondary,2,secondary,0,0,,668630669
n6261453949,n6261454048,road,4.58,hilly,secondary,2,secondary,0,0,,668630671
n6261454048,n6261454428,road,2.45,plain,secondary,2,secondary,0,0,,668630674
n6261454428,n6261454611,road,5.22,hilly,secondary,2,secondary,0,0,,668630682
n6261454714,n6261454725,road,1.08,plain,CA-M-009,2,secondary,0,0,asphalt,1326129313
n6261454725,n6261454758,road,3.5,mountain,CA-M-009,2,secondary,0,0,asphalt,540997685
n6261456134,n6261456180,road,4.03,hilly,CA-M-008,2,secondary,0,0,paved,668630721
n6262212035,n9717007692,road,0.48,plain,CA-M-014,2,secondary,0,0,unpaved,1328394168
n6262442470,n6262443163,road,1.57,plain,CA-M-004,2,secondary,0,0,paved,1321148060
n6262443115,n6262443163,road,2.85,plain,CA-M-003,2,secondary,0,0,paved,668733908
n6264794434,n6264794447,road,2.37,plain,SH-017,2,primary,0,0,asphalt,669009075
n6264794447,n6264794484,road,3.82,plain,SH-017,2,primary,0,0,asphalt,669009078
n6264794484,n6264797095,road,1.5,plain,SH-017,2,primary,0,0,asphalt,1313330365
n6264797095,n6264797114,road,1.78,plain,SH-017,2,primary,0,0,asphalt,669009080
n6264797114,n6265606877,road,0.11,plain,NH29,2,trunk,0,0,asphalt,386520066
n6265478884,n6265479399,road,0.7,plain,SH-018,2,primary,0,0,asphalt,1314689553
n6265478884,n6265479424,road,2.99,plain,secondary,2,secondary,0,0,unpaved,461729577
n6265479391,n6265479399,road,0.35,plain,SH-018,2,primary,0,0,asphalt,1315724538
n6265479424,n6265479430,road,0.66,plain,secondary,2,secondary,0,0,asphalt,1315754978
n6265606877,n6265606889,road,11.99,plain,SH-017,2,primary,0,0,asphalt,669096117
n6265606889,n6265607497,road,5.82,plain,SH-017,2,primary,0,0,,669096126
n6265607090,n6265607497,road,1.89,plain,SH-017,2,primary,0,0,,669096127
n6265607090,n6265607533,road,0.85,plain,SH-017,2,primary,0,0,unpaved,1313338044
n6265607533,n6265607562,road,1.25,plain,SH-017,2,primary,0,0,asphalt,1313338043
n6266422671,n6266423865,road,8.71,plain,secondary,2,secondary,0,0,,1123312779
n6266423865,n6266423935,road,4.43,plain,secondary,2,secondary,0,0,,669184461
n6268439091,n6268439292,road,3.07,mountain,primary,2,primary,0,0,,669395715
n6268439292,n6268439343,road,1.71,plain,primary,2,primary,0,0,,669395720
n6268439343,n6268439432,road,3.34,mountain,primary,2,primary,0,0,,669395726
n6268439432,n6268439450,road,1.64,plain,primary,2,primary,0,0,,669395728
n6268439450,n6268439479,road,0.47,plain,primary,2,primary,0,0,,669395730
n6268439479,n6268439594,road,1.3,plain,primary,2,primary,0,0,,669395734
n6268439594,n6268439609,road,0.67,plain,primary,2,primary,0,0,,669395736
n6268439609,n6268439745,road,1.55,plain,primary,2,primary,0,0,,669395738
n6268439745,n6268439828,road,2.18,plain,primary,2,primary,0,0,,669395742
n6268439828,n6268440829,road,21.52,mountain,primary,2,primary,0,0,,669395747
n6268440829,n6268441762,road,9.32,mountain,primary,2,primary,0,0,,669395799
n6268441762,n6268442132,road,7.93,mountain,primary,2,primary,0,0,,669395822
n6268442132,n6268442343,road,3.05,hilly,primary,2,primary,0,0,,669395856
n6268442343,n6268442454,road,3.61,plain,primary,2,primary,0,0,,669395863
n6268442454,n6268442466,road,0.57,plain,primary,2,primary,0,0,,669395872
n6268442466,n6268442496,road,1.2,plain,primary,2,primary,0,0,,669395890
n6268442496,n6268443277,road,15.99,mountain,primary,2,primary,0,0,,669395921
n6284459610,n958034891,road,1.03,plain,SH-005,2,primary,0,0,asphalt,1118638314
n6284459637,n7947044322,road,6.93,plain,NH115,2,trunk,0,0,,293149254
n6284459637,n958034784,road,1.83,plain,NH15,2,trunk,0,0,,851963461
n6336366879,n9761005422,road,4.47,plain,KJ-M-003,2,secondary,0,0,paved,1334735442
n6338287389,n6338287410,road,0.16,plain,NH6,2,trunk,1,0,,676867602
n6338287410,n6338287411,road,0.63,plain,NH6,2,trunk,0,0,asphalt,676867603
n6338287411,n6338287867,road,0.34,plain,secondary,2,secondary,0,0,asphalt,1344646431
n6338287418,n6338287421,road,3.82,mountain,Kj-M-15,2,secondary,0,0,asphalt,1344646439
n6338287421,n6338287648,road,2.74,plain,Kj-M-15,2,secondary,0,0,asphalt,1344646422
n6338287867,n6338287878,road,0.52,plain,secondary,2,secondary,0,0,asphalt,1344646435
n6352911443,n6359239941,road,11.14,mountain,secondary,2,secondary,0,0,,679125256
n6431000943,n6431000970,road,8.77,plain,1,2,secondary,1,0,asphalt,686129501
n653096746,n653096774,road,1.68,plain,secondary,2,secondary,1,0,asphalt,543647063
n653096746,n653096879,road,2.9,plain,secondary,2,secondary,0,0,,1135627820
n653096746,n653097024,road,0.96,plain,primary,2,primary,0,0,asphalt,51188438
n653096746,n653097048,road,0.86,plain,primary,2,primary,0,0,asphalt,51188438
n653096746,n653997449,road,0.8,plain,secondary,2,secondary,0,0,,1135617344
n653096764,n653096771,road,0.34,plain,secondary,1,secondary,1,0,asphalt,867774689
n653096764,n653997362,road,0.46,plain,secondary,2,secondary,0,0,,1267019487
n653096771,n653096774,road,0.71,plain,secondary,2,secondary,0,0,,565369280
n653096816,n653096822,road,0.3,plain,primary,2,primary,1,0,asphalt,51188429
n653096816,n653096879,road,1.38,plain,secondary,2,secondary,0,0,,588785839
n653096816,n653096938,road,1.08,plain,secondary,2,secondary,0,0,,588785841
n653096822,n653096999,road,1.28,plain,primary,2,primary,0,0,,761342362
n653096955,n653096968,road,0.36,plain,secondary,2,secondary,1,0,,51188919
n653096955,n653097048,road,0.92,plain,primary,1,primary,0,0,asphalt,98720786
n653096955,n653097058,road,0.09,plain,primary,2,primary,0,0,asphalt,761342359
n653096999,n653097008,road,0.52,plain,primary,2,primary,0,0,asphalt,51188438
n653097008,n653097024,road,1.39,plain,primary,2,primary,0,0,asphalt,51188438
n653097079,n653107307,road,0.13,plain,primary,2,primary,1,0,,51188926
n653097300,n653097329,road,0.39,plain,primary,2,primary,0,0,,393657586
n653097329,n653097342,road,0.66,plain,primary,2,primary,0,0,,393657586
n653097329,n653097352,road,1.33,plain,primary,2,primary,0,0,,662909140
n653097342,n653097352,road,0.67,plain,primary,2,primary,0,0,,1303639560
n653097342,n653097355,road,0.47,plain,primary,2,primary,1,0,,1303639554
n653097352,n653097365,road,0.64,plain,primary,2,primary,0,0,,98720787
n653097355,n653097365,road,0.46,plain,primary,2,primary,1,0,,1135608706
n653097365,n653097383,road,1.05,plain,primary,2,primary,0,0,,157584898
n653097365,n653109503,road,1.19,plain,secondary,2,secondary,0,0,,497520981
n653097383,n653097391,road,0.11,plain,primary,2,primary,0,0,,1303679232
n653097383,n653097400,road,0.86,plain,primary,2,primary,0,0,,1238593177
n653097391,n653097400,road,0.69,plain,primary,2,primary,0,0,,517941876
n653097400,n653107358,road,0.1,plain,primary,2,primary,0,0,,122027972
n653107305,n653107307,road,0.17,plain,primary,2,primary,0,0,,739795308
n653107330,n653107335,road,0.42,plain,primary,2,primary,0,0,,1267017649
n653107335,n653109436,road,0.81,plain,secondary,2,secondary,0,0,,157587547
n653997343,n653997349,road,0.65,plain,secondary,2,secondary,0,0,,51252624
n653997343,n653997350,road,1.32,plain,secondary,2,secondary,0,0,,611496537
n653997349,n653997350,road,0.67,plain,secondary,2,secondary,0,0,,51252625
n653997350,n653997467,road,0.33,plain,secondary,2,secondary,0,0,asphalt,1303693394
n653997362,n653997443,road,3.31,plain,secondary,2,secondary,0,0,asphalt,51252627
n6619010979,n8021477701,road,0.83,plain,MDR,2,secondary,0,0,,860615691
n6619010979,n8021477816,road,0.81,plain,MDR,2,secondary,0,0,,860615703
n6627298091,n6627298094,road,0.27,plain,secondary,2,secondary,0,0,,705400468
n6627298094,n6627298098,road,0.44,plain,secondary,2,secondary,0,0,,705400468
n6627298098,n6627298099,road,0.14,plain,primary,2,primary,0,0,,610288906
n6627298099,n6627298104,road,0.26,plain,secondary,2,secondary,0,0,,705400469
n6627298099,n6627298113,road,0.28,plain,primary,2,primary,0,0,,610288906
n6627298103,n6627298104,road,0.12,plain,secondary,2,secondary,0,0,,705400471
n6627298104,n6627298112,road,0.32,plain,secondary,2,secondary,0,0,,705400471
n6627298112,n6627298113,road,0.2,plain,primary,2,primary,0,0,,705400476
n6627298113,n6627298115,road,0.23,plain,primary,2,primary,0,0,,705400461
n664137361,n664138037,road,1.96,plain,AH1,2,secondary,0,0,,52116578
n664137361,n664138171,road,4.59,hilly,NH6,2,trunk,0,0,,977975334
n664138037,n664138101,road,1.04,plain,AH1,2,secondary,0,0,,52116579
n664138101,n664138171,road,0.79,plain,AH1,2,secondary,0,0,,52116579
n664138171,n9049119916,road,15.16,hilly,NH6,2,trunk,0,0,,977975338
n664140218,n9049119916,road,3.78,plain,NH6,2,trunk,0,0,,977963755
n6705466905,n6705507864,road,0.24,plain,secondary,2,secondary,0,0,,1009831902
n6705466905,n9317365529,road,0.14,plain,secondary,2,secondary,0,0,,1009831900
n6705507864,n9317365580,road,0.45,plain,secondary,2,secondary,0,0,,1009831906
n6707665147,n6710116229,road,0.67,plain,secondary,2,secondary,0,0,,1009831847
n6707665147,n9317365310,road,0.3,plain,secondary,2,secondary,0,0,,1009831848
n6708418097,n9317365493,road,0.33,plain,SH-013,2,primary,0,0,asphalt,1009831891
n6708418097,n9697450907,road,1.43,plain,SH-013,2,primary,0,0,asphalt,713479421
n6708418118,n9697450907,road,0.52,plain,SH-013,2,primary,0,0,asphalt,1055367077
n6708422959,n6708423121,road,1.17,plain,secondary,2,secondary,0,0,,1009831925
n6708423121,n9317365737,road,0.27,plain,secondary,2,secondary,0,0,,1009831927
n6709371815,n6822155537,road,1.35,plain,NH15,2,trunk,0,0,,1054971774
n6709371815,n7947044712,road,3.18,plain,NH15,2,trunk,0,0,,1054669186
n6709612061,n9317365440,road,1.05,plain,secondary,2,secondary,0,0,,1009831886
n6709612061,n9317365493,road,0.78,plain,SH-013,2,primary,0,0,asphalt,1009831888
n6709634381,n9317365395,road,0.88,plain,secondary,2,secondary,0,0,,1009831880
n6709634381,n9317365440,road,0.56,plain,secondary,2,secondary,0,0,,1009831884
n6709853383,n9317365336,road,0.08,plain,secondary,2,secondary,0,0,,1009831863
n6709853383,n9317365377,road,0.31,plain,secondary,2,secondary,0,0,,1009831874
n6709975095,n6709975105,road,0.35,plain,secondary,2,secondary,0,0,,1009831917
n6709975095,n9317365580,road,0.39,plain,secondary,2,secondary,0,0,,1009831912
n6710116229,n9317365232,road,0.36,plain,secondary,2,secondary,0,0,,1009831845
n6710132440,n6710132444,road,0.54,plain,secondary,2,secondary,0,0,,1009831933
n6710132440,n9317365750,road,1.4,plain,secondary,2,secondary,0,0,,1009831931
n6710132444,n6710132448,road,0.63,plain,secondary,2,secondary,0,0,,1009831933
n6710132448,n9317365831,road,0.4,plain,secondary,2,secondary,0,0,,1009831935
n6715092280,n9699656425,road,0.32,plain,SH-013,2,primary,0,0,,402883018
n6715107844,n9699656425,road,0.13,plain,SH-013,2,primary,0,0,,714370008
n6718610776,n6718610778,road,0.39,plain,secondary,2,secondary,0,0,,1056157919
n6718610776,n6760377610,road,2.39,plain,secondary,2,secondary,0,0,,714783494
n6718610778,n6718610781,road,1.0,plain,secondary,2,secondary,0,0,,1056157919
n6718610781,n6782612242,road,0.97,plain,secondary,2,secondary,0,0,,723121720
n6721538844,n6721538845,road,0.2,plain,NH15,2,trunk,1,0,,715148563
n6723554454,n7021077587,road,3.86,hilly,secondary,2,secondary,0,0,,750978156
n6723554614,n7021077587,road,1.43,plain,secondary,2,secondary,0,0,,1053819029
n6723554614,n7021077811,road,4.38,hilly,secondary,2,secondary,0,0,,715390493
n6726354274,n9317365849,road,0.41,plain,secondary,2,secondary,0,0,,1009831939
n6726354274,n9317365892,road,0.35,plain,secondary,2,secondary,0,0,,1009831946
n6728189225,n835196291,road,3.95,plain,NH515,2,trunk,0,0,,69863512
n6728629916,n9694223150,road,10.44,plain,NH15,2,trunk,0,0,,434021338
n673551333,n673551341,road,0.73,plain,SH3B,2,primary,0,0,,1133073676
n673551341,n673551351,road,0.68,plain,SH3B,2,primary,0,0,,760408590
n673551351,n673551369,road,0.91,plain,SH3B,2,primary,0,0,,760408588
n673551369,n673551499,road,8.22,hilly,SH3B,2,primary,0,0,,53216590
n673551464,n673551499,road,0.14,plain,SH3B,2,primary,1,0,,53216599
n673551464,n673551549,road,2.77,plain,SH3B,2,primary,0,0,,53216601
n673551771,n673551785,road,3.06,plain,SH3,2,primary,0,0,,53216589
n673551771,n673552359,road,0.8,plain,SH3,2,primary,0,0,,1133623075
n673551805,n673552447,road,6.89,plain,SH3,2,primary,0,0,,324171524
n673552359,n673552396,road,1.62,plain,SH3,2,primary,0,0,,970251956
n673552396,n673552453,road,4.33,plain,SH3,2,primary,0,0,,611885490
n673552447,n673552453,road,0.18,plain,SH3,2,primary,1,0,,611885489
n6736634107,n6736634121,road,1.47,plain,SH-002,2,primary,0,0,paved,717303433
n6736634121,n6736634124,road,0.86,plain,SH-002,2,primary,0,0,paved,717303435
n6737201205,n6737201419,road,2.85,plain,SH-005,2,primary,0,0,asphalt,717373834
n6737805892,n6737836897,road,0.08,plain,secondary,2,secondary,1,0,,1055255813
n6737806266,n6737836897,road,2.44,plain,secondary,2,secondary,0,0,,717444917
n6738011701,n6749239189,road,5.12,plain,trunk,2,trunk,0,0,,717464631
n6742707500,n6742707532,road,3.71,plain,SH-005,2,primary,0,0,asphalt,1125555522
n6742707500,n6742707554,road,0.3,plain,SH-005,2,primary,0,0,asphalt,1304926083
n6742707513,n6742707528,road,0.77,plain,SH-005,2,primary,0,0,paved,1304926082
n6742707528,n6742707533,road,1.07,plain,SH-005,2,primary,0,0,paved,1120734047
n6742707532,n6742707533,road,1.0,plain,SH-005,2,primary,0,0,paved,717953809
n6746431635,n6746431636,road,0.28,plain,secondary,2,secondary,1,0,,718402655
n6746431636,n6746431638,road,0.61,plain,secondary,2,secondary,0,0,,718402654
n6749238701,n6749239189,road,1.32,plain,trunk,2,trunk,0,0,,718801317
n6750024081,n6750072391,road,1.43,plain,SH24,2,primary,0,0,,1047025091
n6750024081,n6750527900,road,1.57,plain,SH24,2,primary,0,0,,718953437
n6750527900,n6750527918,road,1.06,plain,SH24,2,primary,0,0,,743123221
n6750527918,n978142414,road,0.51,plain,SH-007,2,primary,0,0,asphalt,1047025092
n6759087412,n9626329045,road,0.78,plain,NH2,2,trunk,0,0,,1046821947
n6760377610,n9702012914,road,0.4,plain,secondary,2,secondary,0,0,,961145674
n6768947857,n6774123491,road,0.36,plain,secondary,2,secondary,0,0,,1056142625
n6768947857,n8891192083,road,0.32,plain,secondary,2,secondary,0,0,,1056137443
n6768947861,n6768947863,road,0.45,plain,secondary,2,secondary,0,0,,961145677
n6768947861,n6964247569,road,0.2,plain,secondary,2,secondary,0,0,,1056143349
n6768947863,n6782612242,road,0.11,plain,secondary,2,secondary,1,0,,723121721
n6773981405,n8891192083,road,0.48,plain,secondary,2,secondary,0,0,,961145679
n6774123491,n6964247569,road,0.51,plain,secondary,2,secondary,0,0,,721559576
n6787321084,n6787335619,road,6.23,mountain,primary,2,primary,0,0,,723681672
n6787335619,n8754578311,road,10.23,mountain,primary,2,primary,0,0,,945660179
n6867526200,n6867526202,road,0.24,plain,NH6,2,trunk,1,0,,733327056
n6867526202,n6867526222,road,2.05,plain,NH6,2,trunk,0,0,,733327057
n6867526222,n6867526223,road,0.08,plain,NH6,2,trunk,1,0,,733327058
n692800692,n692800696,road,0.28,plain,NH110,2,trunk,0,0,,1452327782
n692800829,n692801451,road,9.96,mountain,NH110,2,trunk,0,0,,69233336
n692800829,n692803740,road,4.51,mountain,NH110,2,trunk,0,0,,636628548
n692801337,n692801451,road,1.03,plain,NH110,2,trunk,0,0,,251435131
n692803740,n692803974,road,2.03,plain,NH110,2,trunk,0,0,,636628546
n692803974,n692804079,road,1.84,plain,NH110,2,trunk,0,0,,636628544
n692804079,n692804124,road,3.18,mountain,NH110,2,trunk,0,0,,69233437
n692804124,n692804645,road,6.76,mountain,NH110,2,trunk,0,0,,249454070
n697258431,n697258466,road,3.91,mountain,secondary,2,secondary,0,0,,55484484
n697258466,n697258497,road,2.22,plain,secondary,2,secondary,0,0,,55484488
n697273377,n697273393,road,0.8,plain,secondary,2,secondary,0,0,,55488088
n697273393,n697273409,road,1.5,plain,secondary,2,secondary,0,0,,288670018
n697273409,n697273422,road,1.42,plain,primary,2,primary,0,0,,327755378
n697273422,n697273439,road,4.57,plain,NH317A,2,trunk,0,0,,288670016
n697273439,n697273455,road,3.17,plain,NH317A,2,trunk,0,0,,288670015
n697273455,n697273473,road,0.93,plain,NH317A,2,trunk,0,0,,131380097
n697273473,n697273563,road,1.02,plain,NH317A,2,trunk,0,0,,55488089
n697273490,n697273496,road,0.5,plain,NH317A,2,trunk,0,0,,130106451
n697273490,n697273563,road,3.21,plain,NH317A,2,trunk,0,0,,131380096
n697273496,n697273497,road,0.76,plain,AH48,2,secondary,0,0,,97822953
n697273496,n904954773,road,0.53,plain,NH317A,2,trunk,0,0,,76821980
n7020083189,n7020083331,road,5.23,mountain,secondary,2,secondary,0,0,,750842008
n7023629745,n904877091,road,0.1,plain,NH127D,2,trunk,0,0,,150831879
n7023629745,n904881351,road,0.2,plain,NH127D,2,trunk,1,0,,1207711897
n703560792,n703561197,road,0.9,plain,MDR,2,secondary,0,0,,84997650
n703561197,n985073281,road,10.02,mountain,MDR,2,secondary,0,0,,134417402
n715137671,n958143733,road,2.17,plain,primary,2,primary,0,0,,851963480
n715137671,n958143746,road,10.86,plain,primary,2,primary,0,0,,851963480
n7160576571,n7160576579,road,0.87,plain,secondary,2,secondary,0,0,,1380066298
n7160576579,n7160577316,road,30.72,mountain,secondary,2,secondary,0,0,,766691599
n7206704689,n7206705209,road,7.43,hilly,secondary,2,secondary,0,0,,1183608477
n7206704704,n7206705199,road,0.35,plain,secondary,2,secondary,0,0,,771962280
n7206704704,n7206705209,road,9.09,mountain,secondary,2,secondary,0,0,,771962294
n7216824088,n7216824344,road,4.72,mountain,primary,2,primary,0,0,paved,1070275195
n746931679,n746931800,road,0.57,plain,NH13,2,trunk,0,0,,60118162
n746931696,n746931800,road,0.82,plain,NH13,2,trunk,1,0,,22832880
n746931696,n835239014,road,0.63,plain,NH13,2,trunk,0,0,,69870106
n746931794,n958035154,road,6.84,plain,NH13,2,trunk,0,0,,481114993
n746951021,n958035121,road,1.29,plain,primary,2,primary,0,0,,82262480
n774477557,n774477560,road,10.7,mountain,NH717A,2,trunk,0,0,asphalt,366215639
n774477560,n774477581,road,1.19,plain,SH12,2,primary,0,0,asphalt,591879333
n7781216150,n7781216151,road,0.17,plain,SH10,2,primary,1,0,,833542468
n7781820611,n7781820612,road,0.49,plain,NH15,2,trunk,0,0,,978242793
n7848250588,n829889197,road,0.08,plain,MDR,2,secondary,1,0,asphalt,841126103
n7848250588,n835159073,road,0.87,plain,MDR,2,secondary,0,0,asphalt,841126102
n7869251189,n7869251213,road,1.81,plain,NH27,2,trunk,0,0,paved,1035908708
n7869311140,n7869322449,road,7.09,hilly,NH27,2,trunk,0,0,,843621721
n7869311140,n7869367345,road,21.25,hilly,NH27,2,trunk,0,0,,843621717
n7869322449,n7869322450,road,0.11,plain,NH27,2,trunk,1,0,,843621719
n7869361463,n7869377918,road,4.14,hilly,NH27,2,trunk,0,0,,843628173
n7869361463,n7869398431,road,0.74,plain,NH27,2,trunk,0,0,,843631896
n7869361842,n7869367345,road,4.79,plain,NH27,2,trunk,0,0,,1368873648
n7869361842,n7869377918,road,1.33,plain,NH27,2,trunk,0,0,,1368873669
n7869398431,n7869398456,road,7.5,hilly,NH27,2,trunk,0,0,,843631900
n7869398431,n7869398461,road,6.89,hilly,NH27,2,trunk,0,0,,843631895
n7869398456,n7869398461,road,0.6,plain,NH27,2,trunk,0,0,,843631894
n7869398456,n7869411538,road,3.21,mountain,NH27,2,trunk,0,0,,843631893
n7869398456,n7869411668,road,0.62,plain,NH27,2,trunk,0,0,,843631892
n7869403304,n7869403311,road,0.47,plain,NH27,2,trunk,0,0,,843631887
n7869403311,n7869403375,road,0.23,plain,NH27,2,trunk,1,0,,843631886
n7869411146,n7869411154,road,0.78,plain,NH27,2,trunk,0,0,,843631890
n7869411154,n7869411208,road,0.84,plain,NH27,2,trunk,0,0,,843631890
n7869411208,n7869411239,road,1.38,plain,NH27,2,trunk,0,0,,843631889
n7869411239,n7869411257,road,0.16,plain,NH27,2,trunk,1,0,,1363831850
n7869411257,n7869411538,road,2.06,plain,NH27,2,trunk,0,0,,1363831853
n7869411538,n7869411668,road,2.99,plain,NH27,2,trunk,0,0,,1363686578
n7869434217,n7869434234,road,1.07,plain,NH-27,2,trunk,0,0,,1116223513
n7869434234,n7869434264,road,1.17,plain,NH27,2,trunk,0,0,,1239837512
n7878341682,n8890517300,road,0.17,plain,NH13,2,trunk,0,0,,481114998
n7905971575,n7905971623,road,1.36,plain,trunk,2,trunk,0,0,,1073672790
n7905971626,n7905971627,road,0.2,plain,trunk,2,trunk,0,0,,1073672792
n7905971626,n9848961859,road,0.08,plain,trunk,2,trunk,1,0,,1073672789
n7905971627,n7905971634,road,2.77,plain,trunk,2,trunk,0,0,,1073672792
n7905971627,n7905971636,road,3.05,plain,trunk,2,trunk,0,0,,1353374232
n7905971634,n7905971636,road,0.28,plain,trunk,2,trunk,0,0,,1073679105
n7905971636,n9669878460,road,1.58,plain,NH29,2,trunk,0,0,,847247111
n7905971661,n7905971662,road,0.31,plain,trunk,2,trunk,0,0,,1353386491
n7905971662,n9667977875,road,1.94,plain,NH29,2,trunk,0,0,,1353386490
n7947044348,n958034784,road,5.85,plain,NH15,2,trunk,0,0,,851963464
n7947044583,n958143621,road,0.5,plain,NH15,2,trunk,0,0,,961168054
n8006179437,n8021477816,road,0.64,plain,MDR,2,secondary,0,0,,860615704
n8006179437,n8021477848,road,0.12,plain,MDR,2,secondary,1,0,,860615709
n8007236790,n835158982,road,2.1,plain,NH27,2,trunk,0,0,asphalt,541789660
n8007236790,n835159127,road,0.9,plain,NH27,2,trunk,0,0,asphalt,541789660
n8021477848,n8021477958,road,3.49,plain,MDR,2,secondary,0,0,,860615708
n8021477958,n8021477959,road,0.08,plain,MDR,2,secondary,1,0,,860615711
n8021477959,n8021477976,road,1.16,plain,MDR,2,secondary,0,0,,1046396876
n8021477976,n8021477994,road,0.69,plain,MDR,2,secondary,0,0,,860615710
n8021477994,n8021478004,road,0.88,plain,MDR,2,secondary,0,0,,1046401914
n8021478050,n829889197,road,6.5,plain,MDR,2,secondary,0,0,asphalt,97821833
n8047444780,n8047444791,road,0.7,plain,NH27,2,trunk,0,0,,863799330
n8058479669,n8058479671,road,0.19,plain,secondary,2,secondary,0,0,,864569488
n8058479669,n8058494625,road,0.26,plain,secondary,2,secondary,0,0,,864569497
n8058479669,n8058494649,road,0.4,plain,secondary,2,secondary,0,0,,864569499
n8058479671,n8058479673,road,0.26,plain,secondary,2,secondary,0,0,,864569490
n8058485818,n8058485832,road,0.22,plain,secondary,2,secondary,0,0,,864570679
n8224210858,n8224210888,road,1.3,plain,NH313,2,trunk,0,0,,884336337
n829889197,n835159502,road,1.91,plain,NH27,2,trunk,0,0,asphalt,842065591
n829889197,n835159569,road,0.12,plain,NH27,2,trunk,0,0,asphalt,842380105
n831395789,n831395834,road,4.99,plain,NH15,2,trunk,1,0,,69414698
n831395831,n8928118224,road,0.15,plain,NH15,2,trunk,1,0,,965124868
n831395861,n835196268,road,1.1,plain,primary,2,primary,0,0,,479929818
n8318501260,n8318501649,road,0.59,plain,secondary,2,secondary,0,0,,894910817
n8318501431,n8318501539,road,4.34,mountain,secondary,2,secondary,0,0,,894910804
n8318501649,n8318501651,road,1.08,plain,secondary,2,secondary,0,0,,894910818
n8318501651,n8318501682,road,1.62,plain,secondary,2,secondary,0,0,,894910819
n8318501682,n8318501683,road,0.57,plain,secondary,2,secondary,0,0,,894910825
n8318501683,n8318501764,road,0.68,plain,secondary,2,secondary,0,0,,894910821
n8318501683,n8318501901,road,1.8,plain,secondary,2,secondary,0,0,,894910826
n8318501901,n8318501908,road,0.3,plain,secondary,2,secondary,0,0,,894910831
n8318501908,n8318502060,road,2.21,plain,secondary,2,secondary,0,0,,894910828
n8318502060,n8318502124,road,0.45,plain,secondary,2,secondary,0,0,,894910836
n8318502124,n8318502139,road,1.02,plain,secondary,2,secondary,0,0,,894910837
n8318502139,n8318502178,road,0.82,plain,secondary,2,secondary,0,0,,894910840
n8318502178,n8318502220,road,3.23,mountain,secondary,2,secondary,0,0,,894910839
n8318502220,n8318502455,road,3.55,mountain,secondary,2,secondary,0,0,,894910847
n8318502455,n8318502581,road,4.83,hilly,secondary,2,secondary,0,0,,894910851
n8318502581,n8318502697,road,1.29,plain,secondary,2,secondary,0,0,,894910854
n8318502697,n8318502775,road,0.18,plain,secondary,2,secondary,0,0,,894910862
n8318502775,n8318502801,road,0.44,plain,secondary,2,secondary,0,0,,894910865
n8318502801,n8318502825,road,2.72,plain,secondary,2,secondary,0,0,,894910866
n8318502825,n8318560682,road,0.47,plain,secondary,2,secondary,0,0,,894918566
n8318560682,n8318560687,road,0.87,plain,secondary,2,secondary,0,0,,894918567
n8318560687,n8318562872,road,1.22,plain,secondary,2,secondary,0,0,,894918574
n8318562872,n8318563341,road,7.3,mountain,secondary,2,secondary,0,0,,894918585
n8318563333,n8318563540,road,1.18,plain,secondary,2,secondary,0,0,,894918592
n8345262449,n8345262475,road,1.3,plain,secondary,2,secondary,0,0,,897960263
n8345262475,n8345262852,road,1.31,plain,secondary,2,secondary,0,0,,897960282
n8345262475,n8345276409,road,3.74,mountain,secondary,2,secondary,0,0,,897960263
n8345262852,n9225777702,road,0.32,plain,secondary,1,secondary,1,0,,999327221
n8345276409,n8345276442,road,1.17,plain,secondary,2,secondary,0,0,,897961945
n835158848,n835159997,road,0.39,plain,NH15,2,trunk,0,0,,126752609
n835158853,n835158927,road,1.42,plain,NH27,2,trunk,0,0,paved,1450730754
n835158871,n835159569,road,0.2,plain,NH27,2,trunk,0,0,asphalt,69856706
n835158895,n835159102,road,0.89,plain,NH27,2,trunk,0,0,,97736218
n835158895,n8797643316,road,1.11,plain,NH27,2,trunk,0,0,,950298292
n835158927,n835158982,road,1.27,plain,NH27,2,trunk,0,0,,551743374
n835158995,n835160429,road,16.27,hilly,NH15,2,trunk,0,0,,162054416
n835159011,n835159442,road,0.08,plain,NH15,2,trunk,1,0,,162054414
n835159024,n835159816,road,0.2,plain,NH27,2,trunk,0,0,asphalt,1217474723
n835159024,n835160466,road,0.59,plain,NH27,2,trunk,0,0,asphalt,815753460
n835159031,n835159533,road,2.22,plain,NH27,2,trunk,0,0,,97833861
n835159031,n8797643316,road,0.54,plain,AH48,2,secondary,0,0,,1035946451
n835159042,n835159102,road,0.63,plain,NH27,2,trunk,0,0,,950298293
n835159073,n835159816,road,0.75,plain,NH27,2,trunk,0,0,asphalt,1449585268
n835159099,n835160444,road,1.53,plain,NH15,2,trunk,0,0,,242372856
n835159373,n835159567,road,0.43,plain,NH13,2,trunk,1,0,,69856707
n835159373,n9277435606,road,2.2,plain,NH113,2,trunk,0,0,,1005536505
n835159442,n835160408,road,0.12,plain,NH15,2,trunk,0,0,,157609832
n835159753,n835159834,road,23.22,plain,NH15,2,trunk,0,0,,69856704
n835159753,n835160444,road,0.13,plain,NH15,2,trunk,1,0,,69856709
n835159997,n958035675,road,3.04,hilly,NH15,2,trunk,0,0,asphalt,387646094
n835160466,n9441806906,road,1.18,plain,NH27,2,trunk,1,0,asphalt,1023902143
n835188809,n835188839,road,2.46,plain,NH113,2,trunk,0,0,,954579952
n835188809,n835188967,road,1.41,plain,NH113,2,trunk,0,0,,1358716321
n835188839,n835189752,road,3.71,mountain,NH113,2,trunk,0,0,,69856712
n835188872,n835188967,road,0.11,plain,NH113,2,trunk,1,0,,253467235
n835188872,n835189122,road,10.76,mountain,NH113,2,trunk,0,0,,253467244
n835188905,n835188995,road,5.19,hilly,NH113,2,trunk,0,0,,565151277
n835188905,n835189739,road,0.12,plain,NH113,2,trunk,1,0,,565151275
n835188922,n835188929,road,3.34,plain,NH113,2,trunk,0,0,,565151272
n835188922,n835189050,road,1.41,plain,NH113,2,trunk,0,0,,711990072
n835188929,n835189027,road,1.11,plain,NH113,2,trunk,0,0,,975711998
n835189027,n835189741,road,4.06,hilly,NH113,2,trunk,0,0,,565151270
n835189739,n835190522,road,2.8,plain,NH113,2,trunk,0,0,,565151276
n835196251,n835239767,road,7.5,plain,NH515,2,trunk,0,0,,479358847
n835196268,n835196300,road,2.37,plain,primary,2,primary,0,0,,480093421
n835196291,n835196299,road,7.39,plain,NH515,2,trunk,0,0,,69863512
n835196291,n835196345,road,3.78,plain,primary,2,primary,0,0,,69863515
n835235785,n835236800,road,5.03,mountain,NH13,2,trunk,0,0,,171051051
n835235785,n835238882,road,0.5,plain,NH13,2,trunk,0,0,,565001702
n835236272,n835239080,road,9.68,plain,NH515,2,trunk,0,0,,223988308
n835236359,n835236757,road,4.59,hilly,NH13,2,trunk,0,0,,904010278
n835236429,n835236532,road,1.09,plain,NH515,2,trunk,0,0,,223988297
n835236429,n835237044,road,0.14,plain,NH515,2,trunk,1,0,,223988302
n835236474,n835241083,road,1.55,plain,NH515,2,trunk,0,0,,223988306
n835236798,n835237088,road,16.3,mountain,NH13,2,trunk,0,0,,565001701
n835236800,n835237573,road,0.14,plain,NH13,2,trunk,1,0,,171051050
n835237044,n835239831,road,0.66,plain,NH515,2,trunk,0,0,,850939436
n835237136,n835240693,road,0.24,plain,NH515,2,trunk,0,0,,223988309
n835237136,n835242397,road,3.53,plain,NH515,2,trunk,0,0,,223988309
n835238882,n856798386,road,55.85,mountain,NH13,2,trunk,0,0,,72074382
n835239098,n835239767,road,0.19,plain,NH515,2,trunk,1,0,,223988301
n835239702,n835242397,road,1.11,plain,NH515,2,trunk,0,0,,223988300
n835241083,n835242226,road,3.79,plain,NH515,2,trunk,0,0,,223988306
n835331777,n835331778,road,2.78,plain,primary,2,primary,0,0,,69879641
n835331777,n835331973,road,0.12,plain,primary,2,primary,1,0,,907503021
n835331778,n835332094,road,0.26,plain,primary,2,primary,1,0,,485291848
n835331861,n835331873,road,4.33,mountain,NH713A,2,trunk,0,0,,238496658
n835331861,n835332216,road,2.9,plain,NH713A,2,trunk,0,0,,69879646
n835331862,n835333164,road,1.84,plain,NH415,2,trunk,0,0,,1127467488
n835331873,n835332288,road,2.79,plain,NH713A,2,trunk,0,0,,1126640065
n835331973,n835332260,road,2.18,plain,NH713A,2,trunk,0,0,,1126632393
n835332094,n835333164,road,1.92,plain,primary,2,primary,0,0,,485291849
n835332110,n835332183,road,5.21,mountain,NH415,2,trunk,0,0,,69879643
n835332163,n835332260,road,0.48,plain,NH713A,2,trunk,0,0,,1126643062
n835332163,n835332288,road,2.91,plain,NH713A,2,trunk,0,0,,1099368623
n835332216,n8426656750,road,1.03,plain,NH13,2,trunk,0,0,,1126428043
n835332668,n835332771,road,0.23,plain,NH415,2,trunk,0,0,,1243390202
n835357900,n835357905,road,0.48,plain,NH15,2,trunk,0,0,,1353112864
n835357900,n835357963,road,3.24,plain,NH15,2,trunk,0,0,,907503030
n835357900,n835357986,road,0.18,plain,NH15,2,trunk,0,0,,907503030
n835357903,n835357958,road,2.24,plain,NH15,2,trunk,0,0,,69884122
n835357903,n835357999,road,1.81,plain,NH15,2,trunk,0,0,,1353123498
n835357905,n835357921,road,0.29,plain,NH15,2,trunk,1,0,,230015246
n835357905,n835357986,road,0.3,plain,NH15,2,trunk,0,0,,230015247
n835357911,n835357928,road,0.97,plain,NH15,2,trunk,0,0,,1353123500
n835357914,n835357929,road,2.25,plain,NH15,2,trunk,0,0,asphalt,978242749
n835357921,n835357930,road,1.24,plain,NH15,2,trunk,0,0,,1353112862
n835357928,n835357958,road,0.8,plain,NH15,2,trunk,0,0,,1353123510
n835357929,n835357999,road,0.36,plain,NH15,2,trunk,1,0,,230203789
n835357963,n835357965,road,0.26,plain,NH15,2,trunk,0,0,,1353112865
n8426656750,n8426669383,road,0.52,plain,NH13,2,trunk,0,0,,1126604894
n8426669367,n8426669383,road,1.02,plain,NH13,2,trunk,0,0,,1126604892
n8426669367,n8426671183,road,1.59,plain,NH13,2,trunk,0,0,,1126626408
n8426671146,n8426671183,road,2.57,plain,NH13,2,trunk,0,0,,907503018
n8427511599,n9396859374,road,1.6,plain,NH13,2,trunk,0,0,asphalt,1018794192
n8430726636,n9676510459,road,0.43,plain,NH6,2,trunk,0,0,,1052943855
n8432198299,n9709059744,road,1.89,plain,CA-M-013,2,secondary,0,0,,1056601927
n8450405084,n8450405088,road,4.45,plain,MDR,2,secondary,1,0,asphalt,901888099
n8450405084,n8450405099,road,0.9,plain,MDR,2,secondary,0,0,asphalt,1356354489
n8450405099,n9235294584,road,0.89,plain,secondary,2,secondary,0,0,,1207367135
n856798332,n856798386,road,11.28,mountain,NH13,2,trunk,0,0,,238552196
n856798332,n856798627,road,10.24,mountain,NH13,2,trunk,0,0,,238552194
n856798627,n856798757,road,0.57,plain,NH13,2,trunk,0,0,,1239185806
n8677138884,n8677138889,road,0.2,plain,NH 13,2,trunk,0,0,asphalt,1137805248
n8677138889,n8677138905,road,0.72,plain,NH 13,2,trunk,0,0,asphalt,1137809533
n8677138905,n8677138909,road,0.47,plain,NH 13,2,trunk,0,0,asphalt,1137808813
n8677138909,n8677138910,road,0.33,plain,NH 13,2,trunk,0,0,asphalt,1137809978
n8677138910,n8677149264,road,4.64,plain,NH 13,2,trunk,0,0,asphalt,936444780
n8677149264,n8677149274,road,0.17,plain,NH 13,2,trunk,1,0,asphalt,936444782
n8677149274,n8677149298,road,1.2,plain,NH 13,2,trunk,0,0,asphalt,936444781
n8711264347,n958035959,road,0.59,plain,NH13,2,trunk,1,0,,940625238
n8711264347,n958036046,road,0.08,plain,NH13,2,trunk,0,0,,82262538
n8890830341,n9972039772,road,0.86,plain,NH15,2,trunk,0,0,,1088420816
n8890830459,n9974327941,road,1.37,plain,NH15,2,trunk,0,0,,1088420806
n8912759121,n8912759140,road,1.33,plain,NH15,2,trunk,0,0,,963538872
n8912759140,n8912759153,road,0.64,plain,NH15,2,trunk,0,0,,1125758150
n8928118126,n9708704034,road,0.3,plain,NH15,2,trunk,0,0,,1310914816
n8928118224,n9926237071,road,1.48,plain,NH15,2,trunk,0,0,,965124867
n8940020708,n8940020712,road,0.27,plain,secondary,2,secondary,0,0,,966317106
n8940020712,n8940020713,road,0.2,plain,secondary,2,secondary,1,0,,966317109
n8940020713,n8940020721,road,0.36,plain,secondary,2,secondary,0,0,,966317110
n8940020721,n8940020722,road,0.21,plain,secondary,2,secondary,1,0,,966317111
n8940040729,n8940040735,road,0.08,plain,secondary,2,secondary,0,0,,1142182422
n8986234962,n8986234964,road,0.41,plain,secondary,2,secondary,0,0,,970965216
n8986234962,n9001450604,road,0.57,plain,secondary,2,secondary,0,0,,972577369
n9009799189,n9009799192,road,0.2,plain,secondary,2,secondary,0,0,,973484682
n9009805591,n9009805595,road,0.09,plain,secondary,2,secondary,0,0,,1038888633
n904866536,n904866651,road,4.42,plain,SH,2,secondary,0,0,,1245332456
n904866651,n974649366,road,4.72,mountain,NH510,2,trunk,0,0,,134420012
n904876725,n904876906,road,10.79,plain,NH127D,2,trunk,0,0,,76811959
n904876725,n904880997,road,1.44,plain,NH127D,2,trunk,0,0,,76811959
n904876879,n904877247,road,2.27,plain,NH127D,2,trunk,0,0,,244457629
n904876906,n904878767,road,1.53,plain,NH127D,2,trunk,0,0,,76811959
n904876997,n904881351,road,20.8,plain,NH127D,2,trunk,0,0,,76811976
n904877091,n904880601,road,2.2,plain,NH127D,2,trunk,0,0,,227894211
n904877128,n904882190,road,0.23,plain,NH27,2,trunk,0,0,,1134766023
n904877247,n904880997,road,4.31,plain,NH127D,2,trunk,0,0,,244457628
n904878222,n904881445,road,2.07,plain,NH127D,2,trunk,0,0,,150831881
n904880601,n904881445,road,0.13,plain,NH127D,2,trunk,1,0,,227894210
n904881602,n904881649,road,0.14,plain,NH27,2,trunk,1,0,,228042857
n904881602,n904882190,road,1.81,plain,NH27,2,trunk,0,0,,1134766027
n9051873265,n9051873328,road,0.19,plain,NH15,2,trunk,1,0,,1266646011
n9051873328,n9987213276,road,0.56,plain,NH15,2,trunk,0,0,,1266646018
n9088531398,n9088571524,road,2.94,plain,primary,2,primary,0,0,concrete,982873489
n9088571524,n9088571536,road,0.72,plain,primary,2,primary,0,0,concrete,982873489
n9088571524,n9088571540,road,0.78,plain,primary,2,primary,0,0,concrete,982873490
n9088571524,n9088571583,road,1.51,plain,primary,2,primary,0,0,unpaved,982873492
n9088571536,n9088571540,road,0.19,plain,primary,2,primary,0,0,concrete,1393358708
n9088571540,n9088571588,road,0.42,plain,primary,2,primary,0,0,concrete,1393299229
n9088571588,n9088571706,road,1.25,plain,secondary,2,secondary,0,0,paved,1393296244
n9088571706,n9088571774,road,2.9,plain,secondary,2,secondary,0,0,paved,982873498
n9088571774,n9088571805,road,2.59,plain,SH46,2,primary,0,0,,363595958
n9122971053,n9122971069,road,1.58,plain,secondary,2,secondary,0,0,,986985972
n9122971069,n9122971085,road,0.78,plain,secondary,2,secondary,0,0,,986985973
n9195888914,n9195889006,road,10.14,mountain,secondary,2,secondary,0,0,,995883325
n9200209063,n9200209065,road,0.56,plain,NH17,2,trunk,0,0,asphalt,1254826132
n9200209065,n9200209066,road,0.13,plain,NH17,2,trunk,1,0,asphalt,1254826133
n9225777702,n9225808254,road,2.07,plain,secondary,1,secondary,0,0,,999329115
n9293909126,n9612624340,road,0.1,plain,NH8,2,trunk,0,0,asphalt,1330252327
n9317325899,n9317325914,road,0.37,plain,secondary,2,secondary,0,0,,1009831835
n9317325899,n9317365518,road,0.28,plain,secondary,2,secondary,0,0,,1009831834
n9317325914,n9317365228,road,0.08,plain,secondary,2,secondary,0,0,,1009831838
n9317365228,n9317365230,road,0.08,plain,secondary,2,secondary,0,0,,1009831840
n9317365230,n9317365232,road,0.08,plain,secondary,2,secondary,0,0,,1009831843
n9317365310,n9317365319,road,0.27,plain,secondary,2,secondary,0,0,,1009831856
n9317365319,n9317365334,road,0.17,plain,secondary,2,secondary,0,0,,1009831859
n9317365334,n9317365336,road,0.08,plain,secondary,2,secondary,0,0,,1009831861
n9317365377,n9317365385,road,0.19,plain,secondary,2,secondary,0,0,,1009831876
n9317365385,n9317365395,road,0.36,plain,secondary,2,secondary,0,0,,1009831878
n9317365518,n9317365529,road,0.19,plain,secondary,2,secondary,0,0,,1009831896
n9317365737,n9317365750,road,0.46,plain,secondary,2,secondary,0,0,,1009831929
n9317365831,n9317365849,road,0.08,plain,secondary,2,secondary,0,0,,1009831941
n9360311189,n9372001278,road,0.45,plain,trunk_link,2,trunk_link,0,0,,1095318065
n9360311189,n9372182165,road,0.98,plain,trunk_link,2,trunk_link,0,0,,1016077172
n9372001278,n9372182157,road,0.82,plain,NH12,2,trunk,0,0,,1078454390
n9372001278,n9884220986,road,1.78,plain,NH12,2,trunk,0,0,,1078090258
n9372751535,n9375472488,road,0.8,plain,NH12,2,trunk,0,0,,1320453457
n9372751535,n9884220986,road,1.77,plain,NH12,2,trunk,0,0,,1078090257
n9396858783,n9396859374,road,1.47,plain,NH13,2,trunk,0,0,asphalt,1018793699
n9396858783,n9396878651,road,0.08,plain,NH13,2,trunk,1,0,asphalt,1018793564
n9396862470,n9404074280,road,0.87,plain,NH13,2,trunk,0,0,asphalt,1019628381
n9396873796,n9396878651,road,7.83,hilly,NH13,2,trunk,0,0,asphalt,1018793474
n9404074280,n9404087007,road,0.1,plain,NH13,2,trunk,1,0,asphalt,1137850576
n9436788495,n9436788496,road,0.22,plain,NH27,2,trunk,1,0,asphalt,1023300954
n9436788495,n9436795777,road,0.3,plain,NH27,2,trunk,0,0,asphalt,1071429944
n9436791502,n9436886001,road,0.28,plain,NH27,2,trunk,0,0,asphalt,1071591733
n9436791505,n9436791512,road,0.77,plain,NH27,2,trunk,0,0,asphalt,1071922433
n9436791505,n9436886001,road,0.32,plain,NH27,2,trunk,0,0,asphalt,1071591741
n9436838641,n9436838649,road,0.1,plain,NH27,2,trunk,1,0,asphalt,1062808509
n9566681076,n9566681104,road,1.26,plain,NH15,2,trunk,0,0,asphalt,1306789169
n9566681076,n958034970,road,0.73,plain,NH15,2,trunk,0,0,asphalt,1306789202
n9566681104,n9566681110,road,1.22,plain,SH-007,2,primary,0,0,paved,1038837646
n9566681104,n958034962,road,14.04,mountain,NH15,2,trunk,0,0,asphalt,157609831
n9566681110,n9566699517,road,0.54,plain,SH-007,2,primary,0,0,paved,1306789170
n9566699517,n9566699526,road,0.79,plain,SH-007,2,primary,0,0,paved,1038837647
n9566699526,n9566699539,road,0.48,plain,SH-007,2,primary,0,0,asphalt,1306789200
n9566699539,n9566699565,road,0.68,plain,SH-007,2,primary,0,0,paved,1306789199
n958034853,n958034928,road,0.72,plain,primary,2,primary,0,0,,672122908
n958034853,n958036159,road,0.56,plain,secondary,2,secondary,0,0,,284666092
n958034891,n958035121,road,1.41,plain,primary,2,primary,0,0,,1304929267
n958034928,n958036241,road,5.41,plain,primary,2,primary,0,0,,82262517
n958034962,n958035333,road,0.13,plain,NH15,2,trunk,1,0,,238668523
n958036046,n958036050,road,2.57,plain,NH13,2,trunk,0,0,,82262541
n958143621,n958143785,road,2.78,plain,primary,2,primary,0,0,,851963468
n958143666,n958144178,road,3.81,plain,primary,2,primary,0,0,,162056024
n9612333644,n9682587993,road,0.64,plain,NH-108B,2,trunk,0,0,,1451323156
n9628772871,n9644941968,road,4.06,hilly,secondary,2,secondary,0,0,,1049108368
n9642747511,n9643308846,road,1.08,plain,secondary,2,secondary,0,0,,1049264730
n9643240714,n9644619494,road,0.75,plain,secondary,2,secondary,0,0,,1049524670
n9643240714,n9644984235,road,0.1,plain,secondary,2,secondary,1,0,,1049524667
n9643308846,n9644984235,road,0.68,plain,secondary,2,secondary,0,0,,653627821
n9644790306,n9645388039,road,4.17,plain,secondary,2,secondary,0,0,,1049511665
n9669878460,n9848949448,road,5.26,plain,trunk,2,trunk,0,0,,1073679106
n9673522012,n9674080676,road,2.84,plain,secondary,2,secondary,0,0,,1466800305
n9673980884,n9674080676,road,2.62,plain,secondary,2,secondary,0,0,,1466800307
n9676443258,n9676443261,road,0.23,plain,NH6,2,trunk,0,0,,1057111591
n9676681276,n9678994299,road,0.81,plain,trunk,2,trunk,0,0,,1053224741
n9676785237,n9678994299,road,1.5,plain,trunk,2,trunk,0,0,,1116252763
n9708535891,n9708535893,road,0.24,plain,SH-011,2,primary,0,0,asphalt,1056563022
n9709059744,n9712876629,road,0.76,plain,CA-M-013,2,secondary,0,0,asphalt,1328238297
n9712876629,n9712880134,road,1.04,plain,CA-M-013,2,secondary,0,0,paved,1057055613
n9712880134,n9712880189,road,2.28,plain,CA-M-013,2,secondary,0,0,asphalt,1057055614
n9712880189,n9712901123,road,2.58,plain,CA-M-013,2,secondary,0,0,asphalt,1328238295
n9712901123,n9712901162,road,2.46,plain,CA-M-013,2,secondary,0,0,asphalt,1057088462
n9712901162,n9713749504,road,1.17,plain,CA-M-013,2,secondary,0,0,asphalt,1057169206
n9719997408,n9719997419,road,0.49,plain,MDR,2,secondary,0,0,,1057834644
n9721852060,n9722339713,road,0.13,plain,CA-M-003,2,secondary,1,0,asphalt,1058088629
n9721968665,n9726067714,road,1.7,plain,CA-M-003,2,secondary,0,0,asphalt,1058052509
n9721974647,n9722064371,road,2.33,plain,CA-M-005,2,secondary,0,0,unpaved,668302856
n9722339713,n9726067714,road,2.82,plain,CA-M-003,2,secondary,0,0,asphalt,1058036515
n974476728,n974476824,road,4.15,hilly,MDR,2,secondary,0,0,,44851378
n974648649,n974649366,road,3.09,mountain,NH510,2,trunk,0,0,,134420014
n974648649,n985073112,road,5.22,hilly,NH710,2,trunk,0,0,,1254373718
n974680569,n974680615,road,0.41,plain,NH510,2,trunk,0,0,,83700095
n974680615,n974773719,road,0.9,plain,SH,2,primary,0,0,,1272035114
n974680615,n974862524,road,27.3,mountain,SH1,2,primary,0,0,asphalt,83704268
n974741264,n974756814,road,5.9,hilly,SH,2,primary,0,0,asphalt,704675589
n974756814,n974758476,road,2.6,plain,SH,2,primary,0,0,asphalt,1230461277
n974758476,n974758518,road,0.14,plain,SH,2,primary,1,0,asphalt,704675588
n974758518,n974762520,road,8.05,hilly,SH,2,primary,0,0,asphalt,594511550
n974762520,n974762583,road,1.44,plain,SH,2,primary,0,0,asphalt,594511550
n974762583,n974762604,road,1.26,plain,SH,2,primary,0,0,,594511545
n974762604,n974773719,road,16.1,mountain,SH,2,primary,0,0,,366840801
n975632561,n975632584,road,0.45,plain,secondary,2,secondary,0,0,,83796792
n975632561,n976342814,road,1.37,plain,SH-1007,2,primary,0,0,asphalt,83804020
n975632561,n977278706,road,1.33,plain,SH-1007,2,primary,0,0,asphalt,83796796
n975632584,n975649155,road,1.63,plain,secondary,2,secondary,0,0,,83804276
n975649155,n977278706,road,2.27,plain,NH315A,2,trunk,0,0,,84005083
n975649155,n986498387,road,3.74,plain,NH315A,2,trunk,0,0,,174078198
n977278706,n977423743,road,0.36,plain,SH-007,2,primary,0,0,asphalt,744146837
n977423743,n978142419,road,5.9,plain,SH-007,2,primary,0,0,asphalt,84005296
n978142414,n978142419,road,0.43,plain,SH-007,2,primary,0,0,asphalt,84079651
n983114377,n983114398,road,1.32,plain,NH10,2,trunk,0,0,,213887655
n983114398,n983118529,road,1.91,plain,NH10,2,trunk,0,0,,695987649
n983118529,n983120116,road,5.14,mountain,NH10,2,trunk,0,0,,349046578
n9848961852,n9848961857,road,0.27,plain,trunk,2,trunk,0,0,,1073672785
n9848961856,n9848961857,road,0.1,plain,trunk,2,trunk,1,0,,1073672787
n9848961856,n9848961859,road,0.34,plain,NH29,2,trunk,0,0,,1073672788
n985073112,n985073226,road,7.77,mountain,NH710,2,trunk,0,0,,83698799
n985073226,n985073281,road,5.52,mountain,MDR,2,secondary,0,0,,1271839298
n985073226,n985076183,road,7.55,mountain,MDR,2,secondary,0,0,asphalt,478555227
n985073226,n985087827,road,8.73,mountain,NH710,2,trunk,0,0,,84994695
n9933292694,n9976325400,road,1.42,plain,SH-002,2,primary,0,0,paved,1083966111
n9969290618,n9969368125,road,1.25,plain,secondary,2,secondary,0,0,,1088087457
n9969290618,n9971533199,road,0.75,plain,secondary,2,secondary,0,0,,1088350246
n9969362260,n9969368125,road,1.47,plain,secondary,2,secondary,0,0,,1088087459
n9969738079,n9971533200,road,1.18,plain,secondary,2,secondary,0,0,,1088350247
n9971533199,n9971533200,road,0.11,plain,secondary,2,secondary,1,0,,1088350241
n9989489383,n9989489384,road,0.11,plain,secondary,2,secondary,1,0,,1090624772
