id,name,state,lat,lon,kind,population,population_known,has_market,has_coldstore
s245753371,Niaunu,,26.823178,95.297982,village,0,0,0,0
s245755204,Chanu,,26.953334,95.337945,village,0,0,0,0
s245756182,Dilli,,27.1093,95.4178,village,0,0,0,0
s245758625,Yengil,,27.389044,93.021112,village,0,0,0,0
s245761427,Pemir,,27.717771,93.927504,village,0,0,0,0
s245761773,Lathao,,27.744217,95.910177,village,0,0,0,0
s245764243,Pareng,,28.1347,94.8042,village,0,0,0,0
s342097760,Tawang,,27.587919,91.863733,city,11000,1,0,0
s342097944,Senge,,27.45621,92.11212,town,0,0,0,0
s342097955,Lumpo,,27.720482,91.7144,village,254,1,0,0
s342097975,Zemithang,,27.710689,91.730053,town,336,1,0,0
s342098016,Gispu,,27.5798,91.68915,village,0,0,0,0
s342098096,Rahung,,27.31613,92.37305,hamlet,0,0,0,0
s342098150,Dirang,,27.36008,92.24121,town,0,0,0,0
s342098160,Rama Camp,,27.39166,92.20276,village,0,0,0,0
s342098262,New Maling,,27.635082,92.069362,hamlet,0,0,0,0
s342098270,Thingbu,,27.661535,92.098788,town,0,0,0,0
s342098872,Tumbin,,28.45791,94.684308,village,0,0,0,0
s342098886,Roying,,28.49991,94.65546,hamlet,0,0,0,0
s342098942,Payum,,28.577544,94.646517,hamlet,0,0,0,0
s342099065,洛克本,,28.23349,94.9411,hamlet,0,0,0,0
s342099080,Pangin,,28.233936,94.910843,hamlet,0,0,0,0
s342099167,Pobdi,,28.191236,94.744704,hamlet,0,0,0,0
s342100211,Lichi,,27.376248,93.879082,village,0,0,0,0
s342100394,Lengdu,,28.56171,94.18442,hamlet,0,0,0,0
s342101230,Babuk,,28.13736,95.10315,village,0,0,0,0
s832676201,Changlang,,27.13984,95.738248,town,0,0,0,0
s835236050,Rani,,27.964955,95.313006,village,0,0,0,0
s1185177134,Bana,,27.284996,92.853767,village,0,0,0,0
s1185177423,Palizi,,27.293477,92.777173,village,0,0,0,0
s1185179983,Dijungania,,27.342751,92.741271,village,0,0,0,0
s1185182418,Tuluhi,,27.315041,92.767912,village,0,0,0,0
s1296581671,Kathang,,27.294186,96.030729,hamlet,5000,1,0,0
s1404297652,Deban,,27.503591,96.376458,village,0,0,0,0
s1437215870,New Daring,,27.86337,94.802903,village,0,0,0,0
s1698582154,Namsai,,27.665839,95.861432,town,0,0,0,0
s1740001999,Guna Nagar,,27.809928,96.056706,village,0,0,0,0
s1740009465,Taushik,,27.790587,96.178805,village,0,0,0,0
s2463596060,Ringing,,28.142222,95.27234,village,0,0,0,0
s2463602631,Pangin,,28.211261,94.989599,village,0,0,0,0
s2529834311,Zirkhim,,27.759106,91.698704,hamlet,0,0,0,0
s2529834604,Hatung La,,27.776715,91.710181,hamlet,0,0,0,0
s2531348902,Rho,,27.614106,91.987227,village,0,0,0,0
s3017246155,Ramalingram,,27.18859,92.461821,village,0,0,0,0
s3018801081,Mandala,,27.273986,92.257246,village,0,0,0,0
s3477032980,Segong,,28.615033,94.072548,hamlet,0,0,0,0
s3703264834,Komkar,,28.499254,95.109452,village,0,0,0,0
s4040470091,Anelih,,28.517308,95.779836,village,0,0,0,0
s4041269232,Sarli,,27.952558,93.163373,village,0,0,0,0
s4041862409,Hebeng,,27.835431,93.936434,village,0,0,0,0
s4192814115,Jorong,,27.433957,96.006101,village,0,0,0,0
s4192815435,Namchik Havi,,27.431538,95.992926,village,0,0,0,0
s4193225242,Khasan Joglei,,27.442748,96.029497,village,0,0,0,0
s4193225243,Kuttom,,27.444214,96.026725,village,0,0,0,0
s4193225244,Nongtham,,27.448749,96.029035,village,0,0,0,0
s4193225407,Kaikhepother,,27.448491,96.065216,village,0,0,0,0
s4193225429,Neotan,,27.459303,96.088991,village,0,0,0,0
s4193225804,Neirong,,27.458031,96.094935,village,0,0,0,0
s4194547377,Old Plone,,27.432535,96.108487,village,0,0,0,0
s4194548238,Jotin Kaikhe,,27.457233,96.060915,village,0,0,0,0
s4194548239,Samkhidong,,27.452835,96.072867,village,0,0,0,0
s4194568182,Wagun Ponthai,,27.481905,95.931108,village,0,0,0,0
s4485112204,Bilat,,27.945613,95.180971,town,0,0,0,0
s4486210017,Pape Krong,,28.811383,94.262143,hamlet,0,0,0,0
s4621726549,Yomcha,,28.131715,94.569453,village,0,0,0,0
s4621727647,Chambang,,27.798435,93.776463,village,0,0,0,0
s4621727722,Tasi,,27.97569,94.516624,village,0,0,0,0
s4621727741,Baririjo,,27.944304,94.44959,town,0,0,0,0
s4621735951,Liromoba,,28.071346,94.496712,town,0,0,0,0
s4621736018,Tirbin,,28.025934,94.573358,village,0,0,0,0
s4622774785,Disi,,27.962652,94.716935,village,0,0,0,0
s4622775248,Kardo,,27.977245,94.549651,village,0,0,0,0
s4622776537,Gensi,,27.842817,94.625307,town,0,0,0,0
s4622794900,Monigong,,28.783732,94.278554,village,0,0,0,0
s4634003626,Molom,,28.315458,94.802313,village,0,0,0,0
s4643418242,Hiyo,,28.562044,94.632173,village,0,0,0,0
s4643418389,卡塔,,28.65258,94.620822,village,0,0,0,0
s4643418603,莎雄,,28.646483,94.65164,village,0,0,0,0
s4643418662,Gameng,,28.590593,94.672096,hamlet,0,0,0,0
s4643429878,Karle,,28.741104,94.302888,village,0,0,0,0
s4643992463,Konnu,,26.703659,95.316434,village,0,0,0,0
s4643995504,Khasa,,26.716993,95.358286,village,0,0,0,0
s4644007876,Noglo,,26.862218,95.593034,village,0,0,0,0
s4646200610,Upper Kolam,,26.936562,95.59867,village,0,0,0,0
s4646200672,Chinhan,,26.871683,95.589871,village,0,0,0,0
s4646200893,Sanliam,,26.929284,95.541708,village,0,0,0,0
s4646234749,Hukan,,26.949532,95.475904,village,0,0,0,0
s4646235605,Dadam,,26.921727,95.465176,village,0,0,0,0
s4646235664,Chinkoi,,26.91988,95.438234,village,0,0,0,0
s4646235673,Laho,,26.912197,95.410502,village,0,0,0,0
s4646244974,Raho,,26.860682,95.515714,village,0,0,0,0
s4646318907,Kothung,,26.91266,95.606017,village,0,0,0,0
s4646321042,Nogna,,26.945668,95.630177,village,0,0,0,0
s4646450437,Angolin,,28.566414,95.844025,village,0,0,0,0
s4646478502,Maroli,,28.85514,95.86048,hamlet,0,0,0,0
s4646478512,Alombro,,28.891293,95.813954,hamlet,0,0,0,0
s4650951737,Ranglum,,27.076339,95.862244,village,0,0,0,0
s4650975506,Ranghil,,27.095902,95.912102,village,0,0,0,0
s4650997500,Heqbok,,27.130841,95.938189,village,0,0,0,0
s4651014017,Borsatam,,27.138824,95.90177,village,0,0,0,0
s4652231150,Koelang,,27.09282,95.909933,village,0,0,0,0
s4652264391,Lunglom,,27.090187,95.902468,village,0,0,0,0
s4652412468,Koira,,27.169016,95.928516,village,0,0,0,0
s4652412492,Chasum,,27.178376,95.933712,village,0,0,0,0
s4658376613,Hunung,,27.874129,96.945103,hamlet,0,0,0,0
s4658410619,Mithumna,,28.234678,96.535261,hamlet,0,0,0,0
s4658534707,Glotong,,28.205164,96.685033,hamlet,0,0,0,0
s4658564869,Hawai,,27.884389,96.812447,city,0,0,0,0
s4658586779,Kaho,,28.304317,97.024277,village,0,0,0,0
s4658586783,Krobma,,28.006387,96.598986,hamlet,73,1,0,0
s4658587428,Metengliang,,28.205314,96.532553,town,0,0,0,0
s4658587514,Krosam,,28.017764,96.583162,hamlet,52,1,0,0
s4694758311,Ligwa,,27.510773,93.124284,hamlet,0,0,0,0
s4694758323,Harinablam,,27.54293,93.119325,hamlet,0,0,0,0
s4694758435,Pipu Dipu,,27.557122,93.117951,village,0,0,0,0
s4694758437,Pabua,,27.415345,93.058771,hamlet,0,0,0,0
s4694758447,Bameng,,27.54352,92.948341,village,0,0,0,0
s4694758460,Waii,,27.596569,92.946419,village,0,0,0,0
s4694758616,Tabey,,27.612219,92.912226,hamlet,0,0,0,0
s4694759412,Tagang Wagang,,27.463578,93.11844,hamlet,0,0,0,0
s4694759431,Tabri,,27.518041,93.053793,hamlet,0,0,0,0
s4694759455,Jejudada,,27.431002,93.07892,village,0,0,0,0
s4694759707,Kapu Dada,,27.493832,93.06847,hamlet,0,0,0,0
s4694759783,Watay,,27.555372,93.169021,hamlet,0,0,0,0
s4694759889,Richi Langu,,27.458424,93.113339,hamlet,0,0,0,0
s4694767073,Nari Camp,,27.646343,93.077439,hamlet,0,0,0,0
s4694774512,Bengde,,27.661928,93.037936,hamlet,0,0,0,0
s4694774563,Margingia Camp,,27.631307,93.038987,hamlet,0,0,0,0
s4694774662,Jokhio,,27.653148,93.02828,hamlet,0,0,0,0
s4967349522,Ahunli,,28.834547,95.95972,village,0,0,0,0
s4967349523,Akolin,,28.823678,95.941685,village,0,0,0,0
s5021583941,Aloo Baari,,27.161256,92.464866,hamlet,0,0,0,0
s5021583942,Brokpublang,,27.184569,92.412038,hamlet,0,0,0,0
s5021583944,Khellong,,27.013385,92.414518,hamlet,3,1,0,0
s5021583947,Thungri,,27.167215,92.39403,village,0,0,0,0
s5170680159,Kalaktang,,27.106115,92.116398,village,0,0,0,0
s5187607448,Angrim Valley Village,,28.884282,95.978621,village,0,0,0,0
s5187607453,Aropo,,28.82309,95.939707,village,0,0,0,0
s5187607828,Brango,,28.94056,95.817392,village,127,1,0,0
s5187607829,Emoli,,28.887116,95.835657,village,0,0,0,0
s5228170550,Pasighat,,28.058968,95.332494,town,0,0,0,0
s5314369747,Sangti,,27.403574,92.276767,village,0,0,0,0
s5329822669,Dorjeeling,,28.601772,94.162755,village,0,0,0,0
s5338961886,Bolung,,28.030692,95.759196,village,0,0,0,0
s5409179577,Dungjee,,27.498966,92.009787,hamlet,0,0,0,0
s5409193593,Jangda,,27.594232,91.974238,village,0,0,0,0
s5409193745,Mukto,,27.54593,91.925351,village,0,0,0,0
s5409200233,Khet,,27.54201,91.865141,village,0,0,0,0
s5409330579,Bongkhar,,27.523366,91.794766,town,0,0,0,0
s5411236851,Kapak Leyak Docha,,27.530315,92.846449,hamlet,0,0,0,0
s5411239609,Myora,,27.534528,92.96429,hamlet,0,0,0,0
s5411239940,Milorang,,27.522635,92.955728,hamlet,0,0,0,0
s5411240009,Lengdi Liang,,27.537629,92.923885,hamlet,0,0,0,0
s5411250783,郎塔,,27.514053,93.019736,hamlet,0,0,0,0
s5411251101,Rikhyong,,27.501777,93.002506,hamlet,0,0,0,0
s5411251164,Tatang,,27.514871,92.977143,hamlet,0,0,0,0
s5411251241,Effa,,27.506878,92.908521,hamlet,0,0,0,0
s5411308780,Chelong,,27.438835,92.507564,hamlet,0,0,0,0
s5411308786,Wathow,,27.485598,92.542925,hamlet,0,0,0,0
s5432467619,Retung,,28.012601,93.220157,hamlet,0,0,0,0
s5432491138,Thungri,,27.447022,92.380056,hamlet,0,0,0,0
s5432491191,Lagam,,27.424102,92.38069,village,0,0,0,0
s5432491195,普东,,27.427121,92.318205,village,0,0,0,0
s5638386699,Yorlung,,28.67205,93.970458,hamlet,0,0,0,0
s5638388693,Acheso,,28.926377,95.97448,hamlet,31,1,0,0
s5797143746,Khimiyang,,27.013454,95.708229,village,0,0,0,0
s5880408167,Jang,,27.579966,91.983,town,0,0,0,0
s5935645932,Lower Jongji Havi,,26.964973,95.702718,village,0,0,0,0
s5935670125,Khimyong,,27.001275,95.724527,village,0,0,0,0
s5935670290,Yanman,,27.057687,95.717877,village,0,0,0,0
s6151697254,Gotnu,,26.728253,95.377309,village,0,0,0,0
s6151697255,Kamhua Noksa,,26.749893,95.358168,village,0,0,0,0
s6151697432,Mintong,,26.798704,95.303062,village,0,0,0,0
s6151697433,Longphong,,26.782357,95.289445,village,0,0,0,0
s6151697434,Bonia,,26.744691,95.263181,village,0,0,0,0
s6151697435,Pangchau,,26.725297,95.271882,town,0,0,0,0
s6270119936,Kokila,,26.975056,93.661548,village,560,1,0,0
s6270120052,Datt,,27.071445,93.631641,village,0,0,0,0
s6426787788,Longding,,26.887282,95.320301,town,0,0,0,0
s6800141402,Nokyan,,26.897961,95.257757,village,0,0,0,0
s6815349786,Gangte,,27.876705,93.894331,village,0,0,0,0
s6815349787,Yangte,,27.824347,93.625503,village,0,0,0,0
s6815349886,Tarak Lengdi,,27.770254,93.820324,village,0,0,0,0
s6815355785,Palin,,27.695143,93.630196,city,0,0,0,0
s6815418387,Giba,,28.108288,94.048591,village,0,0,0,0
s6815432585,Dumporijo,,27.980948,94.279025,town,0,0,0,0
s6815657487,Rumgong,,28.310955,94.885912,village,0,0,0,0
s6815667885,Komsing,,28.261269,95.016042,village,0,0,0,0
s6815667985,戛龙,,28.267988,94.676356,town,0,0,0,0
s6815696385,Namsing,,27.926891,95.48737,village,0,0,0,0
s6815871086,Geku,,28.423863,95.088215,village,0,0,0,0
s6815893085,Katan,,28.314695,95.15924,town,0,0,0,0
s6815893185,马里扬,,28.489967,95.214343,village,0,0,0,0
s6815895088,Mipi,,28.950424,95.814436,town,25,1,0,0
s6815926385,Anelih,,28.518138,95.779817,village,0,0,0,0
s6815949187,Hunli,,28.324556,95.961864,village,0,0,0,0
s6816012387,Goiliang,,28.145249,96.639055,town,0,0,0,0
s6816114885,Manmao,,27.246656,95.916867,village,0,0,0,0
s6876122351,Nginu,,26.843189,95.380496,village,0,0,0,0
s6876122387,Ngisa,,26.810766,95.386912,village,0,0,0,0
s6876122404,Kaimoi,,26.852517,95.416335,village,0,0,0,0
s6876126287,Khogla,,26.847406,95.450796,village,0,0,0,0
s6876126305,Wakka,,26.791585,95.447993,town,0,0,0,0
s6876126313,Chongkhao,,26.767467,95.433209,village,0,0,0,0
s6876126325,Chop,,26.746803,95.42841,village,0,0,0,0
s6876126357,Kamhua Noknu,,26.766701,95.35403,village,0,0,0,0
s6877908204,Senua,,26.899264,95.335027,village,0,0,0,0
s6877908205,Senua Camp,,26.890227,95.360707,village,0,0,0,0
s6877908235,Longkhai,,26.882337,95.405633,village,0,0,0,0
s6877930993,Kaiho,,26.80004,95.422028,village,0,0,0,0
s6877931037,Khanu,,26.765924,95.388173,village,0,0,0,0
s6877941535,Kampong,,26.722205,95.410961,village,0,0,0,0
s6877941550,Jagan,,26.707101,95.359613,village,0,0,0,0
s6877970774,Longkhao,,26.773124,95.232833,village,0,0,0,0
s6877970775,Maihua,,26.787645,95.252735,village,0,0,0,0
s6878021258,Ozakho,,26.980029,95.351823,village,0,0,0,0
s6878021259,Chattong,,27.010478,95.364805,village,0,0,0,0
s6878021283,Chopsa,,27.050588,95.353872,village,0,0,0,0
s6878024834,Longsom,,26.938478,95.30762,village,0,0,0,0
s6878562867,Pumao,,26.82491,95.238958,village,0,0,0,0
s6878562939,Chatting,,26.872556,95.269143,village,0,0,0,0
s6880492587,Longding Baptist mission centre,,26.848373,95.316703,hamlet,0,0,0,0
s6880806525,Nokfan,,27.065682,95.362645,village,0,0,0,0
s6880806576,Otongkhua,,27.085752,95.369581,village,0,0,0,0
s6880806577,Longkhojan,,27.106928,95.363138,village,0,0,0,0
s6880868446,Moktowa,,26.876123,95.442636,village,0,0,0,0
s6885126045,Wanu,,26.929614,95.257858,village,0,0,0,0
s6885127207,Banfera,,26.957478,95.226497,village,0,0,0,0
s6887922522,Longhua,,27.00351,95.239336,village,0,0,0,0
s6888318326,Kamnu,,27.007608,95.287338,village,0,0,0,0
s6888318380,Lairang Russa,,27.039604,95.276413,village,0,0,0,0
s6888318381,Russa Rimpong,,27.048414,95.278712,village,0,0,0,0
s6888332990,Lawnu,,27.094351,95.365873,town,0,0,0,0
s6888332991,Naitong,,27.089576,95.369135,village,0,0,0,0
s6888333005,Chopnu,,26.997688,95.315598,village,0,0,0,0
s6888374064,Bera,,26.953014,95.392151,village,0,0,0,0
s6891787072,Langchuk,,27.106878,95.712356,village,0,0,0,0
s6891787073,Ngechang,,27.120515,95.731735,village,0,0,0,0
s6891858886,Zongsam,,27.107014,95.740557,village,0,0,0,0
s6891858893,Bubang-II,,27.10098,95.733346,village,0,0,0,0
s6891858896,Bubang-I,,27.094193,95.733778,village,0,0,0,0
s7089595148,Shergaon,,27.129596,92.260813,village,0,0,0,0
s7089595150,Dudunghar,,27.506934,91.653008,hamlet,0,0,0,0
s7162409559,Lyngok,,27.24285,95.8885,village,0,0,0,0
s7162409561,Soha,,27.215404,95.638647,village,0,0,0,0
s7162409563,Namsang,,27.126483,95.472951,village,0,0,0,0
s7162444300,Piyong,,27.639018,95.924034,village,0,0,0,0
s7162444301,Diyun,,27.539517,96.100759,village,0,0,0,0
s7162457087,Manchal,,27.984497,96.639117,town,108,1,0,0
s7162499806,莫泊穆,,28.37626,95.271184,village,0,0,0,0
s7164389280,Segi Gusar,,28.107995,94.18048,hamlet,0,0,0,0
s7164389283,Jomlo Mobuk,,28.217706,94.820337,village,0,0,0,0
s7164389284,Bagra,,28.093486,94.745536,village,0,0,0,0
s7164488648,帕让,,27.332449,93.505089,village,0,0,0,0
s7164489287,Sangdupota,,27.043341,93.388295,village,0,0,0,0
s7164489288,Taraso,,27.003773,93.417263,hamlet,0,0,0,0
s7164489289,Balijan,,26.949215,93.497729,village,0,0,0,0
s7164489291,Gumto,,27.139316,93.797171,village,0,0,0,0
s7164489292,皮鲁 Pistana,,27.505008,93.653737,hamlet,0,0,0,0
s7164489293,Kamporijo,,27.820413,93.932505,village,0,0,0,0
s7164508036,Parsi-Parlo,,27.98957,93.513801,village,0,0,0,0
s7164508037,Sangram,,27.811503,93.532341,town,0,0,0,0
s7164508038,Nyapin,,27.751545,93.394665,village,0,0,0,0
s7164628776,Thembang,,27.341999,92.387252,town,0,0,0,0
s7164628778,Khenawa,,27.618087,93.016777,village,0,0,0,0
s7164628779,Meomey Sullong,,27.470192,93.165661,hamlet,0,0,0,0
s7164628780,Richukrong,,27.383943,92.824731,village,0,0,0,0
s7164628781,Pizirang (Veo),,27.267486,93.088016,village,0,0,0,0
s7164628782,Seijosa,,26.959046,93.011348,village,0,0,0,0
s7164649886,Kangku,,27.565009,94.460492,village,0,0,0,0
s7227071016,Tutnu,,26.963732,95.633586,village,0,0,0,0
s7227071045,Thungjang,,26.963899,95.660729,village,0,0,0,0
s7406558618,Saleriang,,27.78546,93.320125,hamlet,0,0,0,0
s7406558622,Malo,,27.749208,93.3603,hamlet,0,0,0,0
s7406558624,Taris,,27.735841,93.348772,village,0,0,0,0
s7406558625,Raris,,27.768085,93.314627,hamlet,0,0,0,0
s7623754181,Gossang,,28.613619,95.018917,village,0,0,0,0
s7623754454,Lissing,,28.503507,94.802141,hamlet,0,0,0,0
s7623754725,Yibuk,,28.377261,94.78983,village,0,0,0,0
s7623754797,Sale,,28.153126,95.022265,village,0,0,0,0
s7623754815,Yemsing,,28.104361,95.004519,village,0,0,0,0
s7623945423,Likor,,28.826788,94.895546,village,0,0,0,0
s7623945567,Pushi Doke,,28.050621,94.710817,village,0,0,0,0
s7623945568,Bagra Tapku,,28.084476,94.774568,village,0,0,0,0
s7623966497,Durhati,,28.129957,94.784524,village,0,0,0,0
s7630041908,Lasak Cheda,,27.553719,93.190273,hamlet,0,0,0,0
s7630041909,Jotte Cheda,,27.551422,93.14474,village,0,0,0,0
s7630041910,Lochung,,27.527597,93.066634,hamlet,0,0,0,0
s7630041944,Fiago,,27.609455,93.121807,hamlet,0,0,0,0
s7630041945,Doka,,27.582166,93.133555,hamlet,0,0,0,0
s7630041969,Chege,,27.570169,93.105628,village,0,0,0,0
s7630041970,Bokar,,27.540644,93.094604,village,0,0,0,0
s7630047192,Attarang,,27.470582,93.047419,village,0,0,0,0
s7630047238,Rokjiwa,,27.440193,93.014696,village,0,0,0,0
s7630047239,Loffa,,27.394174,93.001027,village,0,0,0,0
s7630047240,Tassomiora,,27.385953,93.078436,village,0,0,0,0
s7630047291,Serewa,,27.40228,93.104335,hamlet,0,0,0,0
s7630047292,Chudda,,27.414591,93.116335,hamlet,0,0,0,0
s7630047339,Dokre,,27.474152,93.134907,hamlet,0,0,0,0
s7630047471,Laimoya,,27.415548,93.082566,hamlet,0,0,0,0
s7630073144,Weshy,,27.449333,93.002465,village,0,0,0,0
s7630073182,Tallong,,27.467517,93.014299,village,0,0,0,0
s7630073222,Recha,,27.436327,92.995663,village,0,0,0,0
s7630073249,Kamsa,,27.418005,92.985916,hamlet,0,0,0,0
s7630140630,Jomoh,,27.657398,92.998581,hamlet,0,0,0,0
s7630140643,Krema Pao,,27.65793,93.050809,hamlet,0,0,0,0
s7630140644,Mangfi Mangam,,27.644074,93.072492,village,0,0,0,0
s7630140661,Pangia,,27.633391,93.015876,hamlet,0,0,0,0
s7630140676,Pordung,,27.606545,93.018429,hamlet,0,0,0,0
s8320642117,Yorkodom,,28.815061,94.255967,village,0,0,0,0
s8320642121,Remang,,28.785516,94.281524,hamlet,0,0,0,0
s8320642124,Pongte,,28.735283,94.278212,hamlet,0,0,0,0
s8320642128,Sijak,,28.688705,94.297714,hamlet,0,0,0,0
s8397020398,Rashik,,28.008061,93.550848,hamlet,0,0,0,0
s8397020456,Nyokuriang,,28.006235,93.562203,village,0,0,0,0
s8888629061,Aningo,,28.621996,95.917248,hamlet,0,0,0,0
s8888629067,Arope,,28.631323,95.938997,village,0,0,0,0
s8910386476,Thamptong 266699,,28.067898,96.519264,hamlet,23,1,0,0
s8910562096,Lundong,,28.037954,96.580722,hamlet,0,0,0,0
s8910562111,Khuiliang 266751,,28.039083,96.604249,village,97,1,0,0
s8910565124,Tummla,,28.047466,96.582792,village,49,1,0,0
s8910565138,Kongra,,28.069586,96.573586,hamlet,28,1,0,0
s8910838653,Tehuliang,,28.032013,96.620568,village,161,1,0,0
s8910838664,Kanning,,28.044145,96.610013,village,62,1,0,0
s8910849210,Qunboo,,28.002649,96.564959,hamlet,46,1,0,0
s8910867493,Cheretong,,28.036549,96.611254,hamlet,36,1,0,0
s8910881676,Towan Gong,,28.001225,96.579884,hamlet,41,1,0,0
s8910887521,Zong,,28.013573,96.598397,hamlet,36,1,0,0
s8910887534,Chutong,,27.991769,96.57523,hamlet,16,1,0,0
s8911547475,Ekailing,,27.999236,96.612608,hamlet,69,1,0,0
s8912090266,Amliang,,28.058679,96.468836,village,336,1,0,0
s8912257106,Kambing,,27.990357,96.633064,hamlet,54,1,0,0
s8912272725,Towa,,27.990367,96.641442,hamlet,55,1,0,0
s8912287294,Klumliang,,28.048316,96.611421,hamlet,16,1,0,0
s8912362835,Khupa Village 266673,,28.077139,96.473667,village,330,1,0,0
s8912541076,Barafu,,28.101701,96.558488,village,80,1,0,0
s8912541085,Adomla,,28.113536,96.537511,hamlet,48,1,0,0
s8912541096,Tikromna,,28.118238,96.544781,hamlet,23,1,0,0
s8912680152,Paluliang,,28.116774,96.570636,hamlet,22,1,0,0
s8912680164,Tuboka,,28.12223,96.554294,hamlet,25,1,0,0
s8912680165,Chamemla,,28.128674,96.562027,hamlet,46,1,0,0
s8912680176,Tololiang,,28.125664,96.547808,hamlet,53,1,0,0
s8912699143,Blom,,28.07836,96.587603,hamlet,16,1,0,0
s8916159635,Khalega,,28.280648,96.571864,village,26,1,0,0
s8916159645,Chipra,,28.268734,96.564114,village,35,1,0,0
s8917805836,Tafraliang,,28.08864,96.452969,village,164,1,0,0
s8917805847,Hoiliang 266714,,28.098129,96.447887,hamlet,122,1,0,0
s8918183271,Langjon,,28.053427,96.458697,village,0,0,0,0
s8918183280,Chingraliang 266703,,28.046055,96.483572,hamlet,41,1,0,0
s8918183289,Khorlang,,28.025795,96.487329,hamlet,22,1,0,0
s8918183299,Huiliang,,28.018057,96.483983,hamlet,3,1,0,0
s8918212448,Luguthang,,27.594823,92.185747,village,58,1,0,0
s8921179486,Matiliang 266674,,28.107607,96.445203,hamlet,20,1,0,0
s8921179488,Chirang 266667,,28.068424,96.40695,hamlet,109,1,0,0
s8921181218,Chillang,,28.035647,96.422702,village,12,1,0,0
s8921181248,Karangliang,,28.032885,96.461915,village,77,1,0,0
s8923715928,Takaliang,,28.019069,96.416079,hamlet,14,1,0,0
s8923715929,Machinla 266715,,27.999899,96.405821,village,102,1,0,0
s8923715940,Dingliang,,27.991131,96.416796,village,17,1,0,0
s8924617539,Mologam,,27.996089,96.384391,hamlet,5,1,0,0
s8924617551,Chiphugam 266713,,28.01277,96.401432,hamlet,23,1,0,0
s8924617560,Kibom,,27.980734,96.423938,hamlet,11,1,0,0
s8924617572,Rahagam,,27.987321,96.44036,village,70,1,0,0
s8925149161,Talang,,28.084079,96.582092,hamlet,10,1,0,0
s8925149162,Kasaigam,,28.046624,96.607915,village,38,1,0,0
s8925149193,Khorolang,,28.054321,96.616,hamlet,22,1,0,0
s8925149204,Matong,,28.05939,96.618103,hamlet,17,1,0,0
s8925149205,Supnung,,28.057196,96.618247,village,177,1,0,0
s8925204054,Mele 266697,,28.053316,96.54702,hamlet,19,1,0,0
s8927916200,Yakitato,,28.375095,94.680069,village,227,1,0,0
s8927916215,Keak,,28.375135,94.685827,village,110,1,0,0
s8930042194,Hot Spring,,28.292897,97.163858,hamlet,4,1,0,0
s8930301829,Yakung,,28.199753,97.026347,village,64,1,0,0
s9049803066,Jote,,27.042104,93.463715,village,0,0,0,0
s9065019565,Supkung,,28.158881,97.036371,hamlet,23,1,0,0
s9067089799,Old Tupi,,26.985297,95.45176,village,0,0,0,0
s9067097720,Longo,,26.980521,95.419082,village,0,0,0,0
s9067097733,Luthong,,27.005554,95.470382,village,0,0,0,0
s9067097782,Lapnan,,26.991687,95.482412,village,0,0,0,0
s9067097843,Thincha,,26.943485,95.517064,village,0,0,0,0
s9069006872,Noksa,,26.999207,95.440217,village,0,0,0,0
s9069013368,Paniduria,,27.023016,95.426862,village,0,0,0,0
s9069013420,Kheti,,26.960653,95.509878,village,0,0,0,0
s9069013460,Kaimai,,27.038302,95.496251,village,0,0,0,0
s9069013508,Borduria,,27.029311,95.475707,village,0,0,0,0
s9069029695,Khela,,27.016971,95.534642,village,0,0,0,0
s9069039028,Wathin,,27.045126,95.547623,village,0,0,0,0
s9069039081,Lamsa,,27.031034,95.564258,village,0,0,0,0
s9069039119,New Bunting,,26.999518,95.540749,village,0,0,0,0
s9069039167,Old Bunting,,26.990194,95.54286,village,0,0,0,0
s9069241135,Makantong,,27.039772,95.730805,village,0,0,0,0
s9069241451,Kolagaon,,27.113193,95.668508,village,0,0,0,0
s9069241468,Laiwang,,27.102348,95.648714,village,0,0,0,0
s9069241489,Lanwang,,27.087806,95.614626,village,0,0,0,0
s9069241490,Old Katang,,27.057609,95.593734,village,0,0,0,0
s9072632823,Soha,,27.144418,95.561878,village,0,0,0,0
s9072632832,Barak,,27.18454,95.599273,village,0,0,0,0
s9072633042,Makat,,27.113667,95.522089,village,0,0,0,0
s9072633323,Sipini Pathar,,27.099581,95.469227,village,0,0,0,0
s9072776034,Ngointhong,,27.108296,95.592643,village,0,0,0,0
s9072777610,Turet,,27.139838,95.591183,village,0,0,0,0
s9073126191,Bubang-III,,27.129934,95.735233,village,0,0,0,0
s9074282496,Tengman,,27.227607,95.948114,village,0,0,0,0
s9102517106,Yashong Camp,,27.975259,96.96867,hamlet,89,1,0,0
s9102517395,Gai,,27.91679,96.94687,hamlet,29,1,0,0
s9102517409,Khrawit,,27.90447,96.943739,hamlet,22,1,0,0
s9112227266,Eranli,,28.596158,95.810621,hamlet,11,1,0,0
s9112239709,Arunli,,28.618959,95.750685,hamlet,10,1,0,0
s9112239903,兰里,,28.621101,95.733642,hamlet,12,1,0,0
s9112240014,阿包里,,28.652425,95.700575,hamlet,25,1,0,0
s9112240183,阿尔林,,28.682562,95.656536,hamlet,12,1,0,0
s9112240186,前里,,28.671053,95.670034,hamlet,8,1,0,0
s9159632834,Akhunli,,28.668513,96.059513,hamlet,0,0,0,0
s9159632845,Athunli,,28.657518,96.021839,village,61,1,0,0
s9159632908,Anose,,28.632276,96.014749,hamlet,21,1,0,0
s9161594225,昂里,,28.644437,95.992944,village,46,1,0,0
s9161594226,Aruko,,28.636512,96.007307,hamlet,13,1,0,0
s9162283957,Tsechu,,27.722841,92.014822,hamlet,0,0,0,0
s9230936605,Walongtoi,,27.235957,95.914203,village,0,0,0,0
s9250835095,Khāmdu,,27.335645,95.973736,hamlet,0,0,0,0
s9319842181,Chanli,,28.603309,96.028073,hamlet,56,1,0,0
s9325098143,Dambuen,,28.931081,95.975276,village,0,0,0,0
s9568801591,Karga,,28.270419,94.66507,hamlet,0,0,0,0
s9568801592,Kato,,28.2531,94.667494,hamlet,0,0,0,0
s9568801593,Lipu Bene,,28.257977,94.676799,village,0,0,0,0
s9568801612,Ruyi,,28.261709,94.685197,hamlet,0,0,0,0
s9568801613,Dego Kamki,,28.264853,94.683331,village,0,0,0,0
s9568830757,Kambu Moli,,28.268287,94.70147,village,0,0,0,0
s9568830758,Kambu,,28.267464,94.697546,hamlet,0,0,0,0
s9568879432,Bogne,,28.310934,94.707152,village,0,0,0,0
s9569543639,盘坎木,,28.128387,94.832922,hamlet,0,0,0,0
s9569561140,可木邦,,28.144283,94.832882,village,0,0,0,0
s9570899791,Wak,,28.194078,94.703999,hamlet,0,0,0,0
s9570899792,邦乃,,28.199196,94.716347,village,0,0,0,0
s9570934072,Paya,,28.199069,94.735078,village,0,0,0,0
s9570934270,Gunban,,28.191232,94.738895,hamlet,0,0,0,0
s9760016566,Sukdom,,28.811408,94.288465,hamlet,0,0,0,0
s9760016580,Kote Sokong,,28.789136,94.28355,village,0,0,0,0
s9760017423,Keth,,28.826602,94.24395,village,0,0,0,0
s9760017456,Nepkhang,,28.817027,94.251166,village,0,0,0,0
s9760017546,Komte,,28.692995,94.310455,hamlet,0,0,0,0
s9760017547,Dipu,,28.781012,94.264499,hamlet,0,0,0,0
s9760713337,Soiorgong,,28.813691,94.267126,hamlet,0,0,0,0
s9760713338,Simugong,,28.825407,94.287159,village,0,0,0,0
s9760713340,Tasum,,28.810094,94.245324,hamlet,0,0,0,0
s9760713341,Saline,,28.816526,94.299552,hamlet,0,0,0,0
s9760763999,Paning,,28.746144,94.296466,village,0,0,0,0
s9760764065,Singbu,,28.724764,94.288682,hamlet,0,0,0,0
s9760764066,Gekar,,28.735184,94.283359,hamlet,0,0,0,0
s9760764067,Geching,,28.715044,94.295435,village,0,0,0,0
s9760764069,Pangri,,28.686633,94.282534,hamlet,0,0,0,0
s9760764092,Ramo Sumi,,28.728693,94.301692,hamlet,0,0,0,0
s9760764093,Takiang Lingtak,,28.725718,94.300352,hamlet,0,0,0,0
s9760764127,Talamying,,28.739117,94.333803,hamlet,0,0,0,0
s9760764128,Hemi,,28.748219,94.354993,hamlet,0,0,0,0
s9762433977,Echito,,28.929159,95.975277,hamlet,0,0,0,0
s9762433978,Gipulin,,28.847922,95.966625,village,0,0,0,0
s9762433979,Achali,,28.842946,95.970478,hamlet,0,0,0,0
s9762433980,Atalin,,28.836897,95.965978,hamlet,0,0,0,0
s9762815809,Singo,,28.825792,95.945749,hamlet,0,0,0,0
s9762815810,Ayongo,,28.823067,95.941837,hamlet,0,0,0,0
s9762815811,Achengo,,28.823851,95.942839,village,0,0,0,0
s9762815812,Mihundo,,28.829056,95.939314,village,0,0,0,0
s9762815814,Makuni,,28.822143,95.931009,hamlet,0,0,0,0
s9762815815,Ahunli,,28.81407,95.941926,hamlet,0,0,0,0
s9762932919,Etabe,,28.807919,95.935197,village,0,0,0,0
s9762932925,Baro,,28.7934,95.928416,hamlet,0,0,0,0
s9762932926,Larango,,28.788072,95.918821,village,0,0,0,0
s9762932930,Tanga II,,28.813629,95.893295,hamlet,0,0,0,0
s9762932931,Angulin,,28.797203,95.885725,hamlet,0,0,0,0
s9763024462,Charkilo,,28.815658,95.877309,hamlet,0,0,0,0
s9763024463,Tapo,,28.815085,95.878443,hamlet,0,0,0,0
s9763024464,Maro,,28.831428,95.873596,village,0,0,0,0
s9763024491,Tyee Model Village,,28.54387,95.630675,hamlet,0,0,0,0
s9763024492,Grinli,,28.508893,95.808972,hamlet,0,0,0,0
s9763024493,Akuli,,28.525069,95.776167,hamlet,0,0,0,0
s9763024494,Atali,,28.534043,95.742379,hamlet,0,0,0,0
s9763033465,Ichigo,,28.515515,95.893784,hamlet,0,0,0,0
s9763033466,Wanli,,28.554815,95.824097,village,0,0,0,0
s9802524126,Longkhong,,27.081918,95.534254,village,0,0,0,0
s9802524127,Changnyak,,27.07704,95.567478,village,0,0,0,0
s9894646922,Niausa,,26.81909,95.295573,village,0,0,0,0
s9954074429,New Lisan,,27.42779,96.042568,village,0,0,0,0
s9978475863,Taktsang,,27.720213,91.798785,village,0,0,0,0
s9978475900,Nuranang,,27.549586,92.024668,hamlet,0,0,0,0
s10002389537,Wallong,,27.653064,92.968588,hamlet,0,0,0,0
s10002389573,Yacho,,27.639666,92.960184,hamlet,0,0,0,0
s10002389668,Paje Tassar,,27.788208,93.208104,hamlet,0,0,0,0
s10002389744,Baribayang,,27.94051,93.157651,hamlet,0,0,0,0
s10002389747,New Sarli,,27.958222,93.170524,village,0,0,0,0
s10002389749,Sipe,,27.947328,93.191973,hamlet,0,0,0,0
s10002389750,Nade,,27.961765,93.186915,village,0,0,0,0
s10002573878,Lee,,27.963307,93.202655,hamlet,0,0,0,0
s10002573879,Sewaring,,27.948742,93.209759,hamlet,0,0,0,0
s10002573880,Haleba,,27.953517,93.22126,hamlet,0,0,0,0
s10002573881,Upper Lichila,,27.97986,93.201573,hamlet,0,0,0,0
s10002573882,Kaney,,27.988089,93.199936,hamlet,0,0,0,0
s10002573900,Furang,,28.006934,93.214126,hamlet,0,0,0,0
s10002573901,Kodela,,28.016767,93.213229,hamlet,0,0,0,0
s10003855232,Koropu,,27.989905,93.202337,hamlet,0,0,0,0
s10003855233,Lower Lichila,,27.963424,93.228221,hamlet,0,0,0,0
s10003855234,Tai,,27.955712,93.250355,village,0,0,0,0
s10003855251,Chimpu,,27.952241,93.256628,hamlet,0,0,0,0
s10003855252,Chomi,,27.955673,93.259549,hamlet,0,0,0,0
s10003855253,Chote,,27.95244,93.26166,hamlet,0,0,0,0
s10003855254,Ruktepu,,27.945805,93.238736,hamlet,0,0,0,0
s10003855255,Topak,,27.937599,93.233947,hamlet,0,0,0,0
s10003855256,Rilong,,27.951066,93.267321,hamlet,0,0,0,0
s10003855257,Rakte,,27.926534,93.263614,hamlet,0,0,0,0
s10003994504,Buyang,,27.941993,93.286116,hamlet,0,0,0,0
s10003994505,Dome,,27.944567,93.288356,hamlet,0,0,0,0
s10003994506,Pariuk,,27.939309,93.290392,hamlet,0,0,0,0
s10003994507,Digging,,27.923566,93.283198,hamlet,0,0,0,0
s10003994508,Sebi,,27.928264,93.301899,hamlet,0,0,0,0
s10003994509,Relung,,27.926734,93.306316,hamlet,0,0,0,0
s10003994510,Toba,,27.915622,93.290744,hamlet,0,0,0,0
s10003994511,Kiodhriang,,27.858169,93.254183,hamlet,0,0,0,0
s10003994512,Tabumna,,27.859802,93.252866,hamlet,0,0,0,0
s10003994513,Najibibuk,,27.868364,93.264235,hamlet,0,0,0,0
s10003994514,Kokpunayer,,27.869611,93.263867,hamlet,0,0,0,0
s10003994515,Johak,,27.880729,93.281735,hamlet,0,0,0,0
s10003994516,Deyang,,27.885266,93.289217,hamlet,0,0,0,0
s10004036117,Chello,,27.884922,93.291646,hamlet,0,0,0,0
s10004036118,Nyobia,,27.886397,93.290726,hamlet,0,0,0,0
s10004036119,Buhan,,27.889545,93.283152,hamlet,0,0,0,0
s10004036120,Nyolo,,27.901265,93.307622,village,0,0,0,0
s10004036146,Mara,,27.911825,93.323631,hamlet,0,0,0,0
s10004036147,Kanchangjana,,27.912504,93.320943,hamlet,0,0,0,0
s10004036148,Tayeng,,27.911926,93.330198,hamlet,0,0,0,0
s10004036149,Jeevandept,,27.911501,93.333228,village,0,0,0,0
s10004850817,Manghe 1,,27.896488,93.390519,hamlet,0,0,0,0
s10004850818,Fua,,27.94481,93.263715,hamlet,0,0,0,0
s10004850819,Tate,,27.953931,93.269917,hamlet,0,0,0,0
s10004850820,Yapak 2,,27.900174,93.38028,hamlet,0,0,0,0
s10004850821,Radang,,27.907628,93.375548,hamlet,0,0,0,0
s10004850823,Furek,,27.914034,93.385904,hamlet,0,0,0,0
s10004850824,Chingkongne,,27.917278,93.386783,hamlet,0,0,0,0
s10004850825,Papu,,27.911152,93.391745,hamlet,0,0,0,0
s10004850826,Jiri,,27.90247,93.394667,hamlet,0,0,0,0
s10004850827,Tapone,,27.905549,93.400633,hamlet,0,0,0,0
s10004850828,Rate,,27.902523,93.403586,hamlet,0,0,0,0
s10004850841,Rite,,27.904622,93.41176,hamlet,0,0,0,0
s10004850842,Sangsar,,27.91238,93.421104,hamlet,0,0,0,0
s10004850843,Yarpu,,27.910136,93.426455,hamlet,0,0,0,0
s10004850844,Nangram,,27.907173,93.438784,village,0,0,0,0
s10004850862,Harrang,,27.931594,93.44207,hamlet,0,0,0,0
s10004850863,Sangkun,,27.929226,93.435367,hamlet,0,0,0,0
s10004850864,Pakba,,27.890362,93.399781,hamlet,0,0,0,0
s10004850866,Yumlam,,27.889796,93.456007,village,0,0,0,0
s10004850887,Byate,,27.887801,93.44443,hamlet,0,0,0,0
s10004850888,Panyi,,27.874202,93.452506,hamlet,0,0,0,0
s10004850889,Kush Lami,,27.875459,93.455965,hamlet,0,0,0,0
s10004850892,Kele,,27.903231,93.463236,hamlet,0,0,0,0
s10004850893,Keya,,27.88504,93.461254,hamlet,0,0,0,0
s10004850894,Pari,,27.87737,93.480646,hamlet,0,0,0,0
s10004850917,Dengba,,27.855979,93.479899,hamlet,0,0,0,0
s10004850918,Sangme,,27.855499,93.48572,village,0,0,0,0
s10004850956,Hiba,,27.867221,93.499932,hamlet,0,0,0,0
s10004850992,Nibi,,27.890661,93.515205,hamlet,0,0,0,0
s10004850993,Leba,,27.889732,93.517722,hamlet,0,0,0,0
s10004850994,Sara,,27.876465,93.516256,hamlet,0,0,0,0
s10004850995,Cheki,,27.868991,93.517539,hamlet,0,0,0,0
s10004850996,Dara,,27.861663,93.515888,village,0,0,0,0
s10004851049,Leel,,27.843783,93.475836,village,0,0,0,0
s10004851086,Tumlang,,27.828163,93.490413,hamlet,0,0,0,0
s10005217915,Dangu,,27.835467,93.528981,village,0,0,0,0
s10005227533,Powak Korar,,27.837559,93.52588,hamlet,0,0,0,0
s10005227534,Rowa,,27.842845,93.5297,village,0,0,0,0
s10005227574,Paching,,27.82251,93.529061,hamlet,0,0,0,0
s10005227575,Lower Happa,,27.825885,93.533283,hamlet,0,0,0,0
s10005227576,Kamrung,,27.83363,93.546706,hamlet,0,0,0,0
s10005227577,Byasi,,27.837218,93.543614,hamlet,0,0,0,0
s10005227578,Tachak,,27.841908,93.548468,hamlet,0,0,0,0
s10005227579,Nyori,,27.8476,93.555227,hamlet,0,0,0,0
s10005227581,Kaglang,,27.850158,93.561673,hamlet,0,0,0,0
s10005227582,Lengro,,27.8548,93.559177,hamlet,0,0,0,0
s10005227583,Reyup,,27.856772,93.561918,hamlet,0,0,0,0
s10005227584,Pagga,,27.850499,93.549424,hamlet,0,0,0,0
s10005227585,Pagrang,,27.850906,93.545298,hamlet,0,0,0,0
s10005227708,Gida Lower,,27.812502,93.562645,hamlet,0,0,0,0
s10005227728,Chiliang,,27.806011,93.556614,hamlet,0,0,0,0
s10005227729,Gida Upper,,27.814136,93.571563,hamlet,0,0,0,0
s10005227749,Keriumhapa,,27.798195,93.579424,hamlet,0,0,0,0
s10005227750,Pungrung,,27.791653,93.56311,hamlet,0,0,0,0
s10005227752,Layang,,27.795827,93.558433,village,0,0,0,0
s10005227798,Pitak,,27.780318,93.490994,hamlet,0,0,0,0
s10005227799,Raikpobe,,27.773337,93.497203,hamlet,0,0,0,0
s10005227800,Pirsepa,,27.7768,93.491636,village,0,0,0,0
s10005227801,Pagba,,27.776383,93.488743,village,0,0,0,0
s10005227802,Naiayahutung,,27.776428,93.487018,hamlet,0,0,0,0
s10005227803,Takapop,,27.775638,93.484469,hamlet,0,0,0,0
s10005227804,Kampong,,27.774826,93.482786,hamlet,0,0,0,0
s10005227860,Delung,,27.777872,93.478809,hamlet,0,0,0,0
s10005227861,Peel,,27.759202,93.481275,hamlet,0,0,0,0
s10005227862,Hiya,,27.775217,93.461446,village,0,0,0,0
s10005227894,Rangdo,,27.782095,93.457573,village,0,0,0,0
s10005227954,Takyo,,27.775505,93.474237,hamlet,0,0,0,0
s10005227955,Lumte,,27.786325,93.446526,hamlet,0,0,0,0
s10007383552,Yarda,,27.756944,93.4548,hamlet,0,0,0,0
s10007383553,Ragheyer,,27.747507,93.460002,hamlet,0,0,0,0
s10007383554,Leyang,,27.74869,93.448378,hamlet,0,0,0,0
s10007383555,Changkung,,27.746454,93.44144,hamlet,0,0,0,0
s10007383556,Panung,,27.751905,93.442669,hamlet,0,0,0,0
s10007383557,Youndo,,27.752294,93.439819,hamlet,0,0,0,0
s10007383558,Gaga,,27.75843,93.445226,village,0,0,0,0
s10007383559,Tapuk,,27.756883,93.440978,village,0,0,0,0
s10007383593,Yuba,,27.758968,93.43271,village,0,0,0,0
s10007392276,Jugriang,,27.770715,93.318228,hamlet,0,0,0,0
s10007392277,Pinchi,,27.773573,93.316873,hamlet,0,0,0,0
s10007405026,Tabing,,27.740434,93.429897,hamlet,0,0,0,0
s10007405027,Humga Jariang,,27.740588,93.436395,hamlet,0,0,0,0
s10007405028,Pach,,27.751607,93.429005,hamlet,0,0,0,0
s10007405029,Aeyer,,27.734403,93.422647,hamlet,0,0,0,0
s10007405030,Laba,,27.740357,93.418674,hamlet,0,0,0,0
s10007405031,Chebang,,27.736483,93.345562,hamlet,0,0,0,0
s10007405032,Kish,,27.756775,93.428249,hamlet,0,0,0,0
s10007405033,Kaberiang,,27.757921,93.422779,hamlet,0,0,0,0
s10007405034,Lower Guha,,27.756846,93.424687,hamlet,0,0,0,0
s10007405035,Guha,,27.759036,93.416482,hamlet,0,0,0,0
s10007405036,Longlefoth,,27.776484,93.415044,village,0,0,0,0
s10007405061,Dilanggang,,27.779617,93.41419,village,0,0,0,0
s10007405062,Kamayer,,27.790564,93.391009,hamlet,0,0,0,0
s10007405063,Taya Boksa,,27.722533,93.485312,hamlet,0,0,0,0
s10007405064,Rate,,27.712043,93.488142,hamlet,0,0,0,0
s10007405065,Suriu,,27.706749,93.492099,hamlet,0,0,0,0
s10007405066,Hote,,27.703808,93.504426,hamlet,0,0,0,0
s10007405067,Paji,,27.681478,93.491908,hamlet,0,0,0,0
s10007405068,Jiping,,27.677927,93.49774,hamlet,0,0,0,0
s10007405069,Maching,,27.676655,93.498781,hamlet,0,0,0,0
s10007405070,Maim,,27.664919,93.486875,hamlet,0,0,0,0
s10007405071,Reopo,,27.722101,93.495883,hamlet,0,0,0,0
s10007405072,Lower Lorio,,27.752357,93.41071,hamlet,0,0,0,0
s10007405073,Bik,,27.750788,93.408515,hamlet,0,0,0,0
s10007405126,Dolo,,27.75689,93.400991,hamlet,0,0,0,0
s10007405127,Langdo,,27.744522,93.391644,hamlet,0,0,0,0
s10007405128,Take,,27.737877,93.386991,hamlet,0,0,0,0
s10007405129,Gyanar,,27.731599,93.394001,hamlet,0,0,0,0
s10007405130,Sikey,,27.743641,93.378452,hamlet,0,0,0,0
s10007405140,Gangnee,,27.754149,93.373784,hamlet,0,0,0,0
s10007405141,Kampu,,27.742215,93.363991,hamlet,0,0,0,0
s10007405142,Mingpa,,27.739812,93.377665,hamlet,0,0,0,0
s10007405143,Pinchi Solung,,27.737585,93.360353,hamlet,0,0,0,0
s10007405144,Gufa,,27.734771,93.344262,village,0,0,0,0
s10007405145,Yorung,,27.737595,93.34272,hamlet,0,0,0,0
s10007405201,Ralung,,27.737186,93.353664,hamlet,0,0,0,0
s10007405202,Sango,,27.735347,93.321635,village,0,0,0,0
s10007405203,Diba Koyar,,27.738106,93.318712,hamlet,0,0,0,0
s10007405204,Rayer Sollung,,27.742677,93.31084,hamlet,0,0,0,0
s10007405205,Pinchi Sollung,,27.7385,93.314094,hamlet,0,0,0,0
s10007405206,Sulo,,27.736982,93.315414,hamlet,0,0,0,0
s10007405208,Raluguha,,27.735408,93.299088,hamlet,0,0,0,0
s10030463698,Ania Koyer,,27.812012,93.602855,hamlet,0,0,0,0
s10030463699,Chate,,27.815528,93.605641,hamlet,0,0,0,0
s10030463700,Niringha,,27.815246,93.607237,hamlet,0,0,0,0
s10030463701,Ribung,,27.817222,93.605167,hamlet,0,0,0,0
s10030463702,Hujuriang,,27.817205,93.608727,hamlet,0,0,0,0
s10030463703,Dokio Pep,,27.819378,93.612799,hamlet,0,0,0,0
s10030500637,Kikum,,27.822851,93.617114,village,0,0,0,0
s10030500638,Lyaba,,27.818814,93.607653,hamlet,0,0,0,0
s10030500639,Lenko,,27.818033,93.626298,hamlet,0,0,0,0
s10030500640,Yaba,,27.824703,93.618744,village,0,0,0,0
s10030500641,Rukpu,,27.826971,93.61882,hamlet,0,0,0,0
s10030500642,Koping,,27.829227,93.62098,hamlet,0,0,0,0
s10030500674,Serek,,27.825337,93.622034,hamlet,0,0,0,0
s10030500675,Hina,,27.826445,93.621429,hamlet,0,0,0,0
s10030500676,Gyachi,,27.825755,93.62629,village,0,0,0,0
s10030500677,Picha,,27.825473,93.62773,hamlet,0,0,0,0
s10030500678,Tagia,,27.824851,93.630402,hamlet,0,0,0,0
s10030500759,Howa,,27.833623,93.630889,hamlet,0,0,0,0
s10030500760,Pijo,,27.83117,93.631295,hamlet,0,0,0,0
s10030500761,Sanglum,,27.831899,93.631827,hamlet,0,0,0,0
s10030500762,Nioya,,27.830681,93.633318,hamlet,0,0,0,0
s10030500763,Chaba Pokpu,,27.829528,93.632992,hamlet,0,0,0,0
s10030500764,Sanglum Langi,,27.832052,93.634569,hamlet,0,0,0,0
s10030500765,Nyoung,,27.831128,93.642426,hamlet,0,0,0,0
s10030500766,Ringte,,27.841444,93.644262,hamlet,0,0,0,0
s10030500767,Singridolo,,27.845247,93.644253,hamlet,0,0,0,0
s10030500768,Tai,,27.825668,93.637448,hamlet,0,0,0,0
s10030500769,Kojar,,27.835693,93.64891,hamlet,0,0,0,0
s10032306623,Pilpu,,28.079887,93.365512,hamlet,0,0,0,0
s10032306624,Omla,,28.078947,93.37307,hamlet,0,0,0,0
s10032306625,Mariangha,,28.076819,93.377933,hamlet,0,0,0,0
s10032306626,Jali,,28.07131,93.394165,hamlet,0,0,0,0
s10032306627,Taba,,28.061636,93.412693,hamlet,0,0,0,0
s10032306628,Peni,,28.067511,93.390127,hamlet,0,0,0,0
s10032306657,Meruk,,28.072399,93.360448,hamlet,0,0,0,0
s10081861291,Sejik,,28.065176,93.421235,hamlet,0,0,0,0
s10081861292,Hanglik,,28.071284,93.454721,hamlet,0,0,0,0
s10081861293,Pachik,,28.043164,93.45634,village,0,0,0,0
s10081861310,Dare,,28.040746,93.456634,village,0,0,0,0
s10081861311,Mala,,28.043859,93.452731,hamlet,0,0,0,0
s10081861312,Chotte,,28.04744,93.455651,hamlet,0,0,0,0
s10081861313,Lamnia,,28.050454,93.455538,hamlet,0,0,0,0
s10081861314,Pagam,,28.049312,93.4585,hamlet,0,0,0,0
s10081861315,Mangio,,28.031837,93.468962,village,0,0,0,0
s10081872849,Hashi,,28.029797,93.46905,hamlet,0,0,0,0
s10081872850,Geyang,,28.032302,93.471834,hamlet,0,0,0,0
s10081872851,Kelin,,28.033454,93.467962,hamlet,0,0,0,0
s10081872852,Passik,,28.036002,93.470545,hamlet,0,0,0,0
s10081872853,Dape,,28.030506,93.476261,hamlet,0,0,0,0
s10081872854,Pariang,,28.032816,93.480381,hamlet,0,0,0,0
s10081872855,Pachang,,28.025052,93.472013,village,0,0,0,0
s10081872867,Solung,,28.016221,93.480577,hamlet,0,0,0,0
s10081872868,Pape,,28.012962,93.490259,hamlet,0,0,0,0
s10081872905,Patuk,,28.008413,93.493842,village,0,0,0,0
s10081872906,Joku,,28.007092,93.497361,hamlet,0,0,0,0
s10081872907,Mangdo,,28.005156,93.498412,hamlet,0,0,0,0
s10082195353,Leya,,27.978809,93.515714,hamlet,0,0,0,0
s10082195354,Boa,,27.982224,93.525628,hamlet,0,0,0,0
s10082195355,Renchiporing II,,27.98144,93.527967,hamlet,0,0,0,0
s10082195356,Renchiporing,,27.977553,93.533696,hamlet,0,0,0,0
s10082195357,Molo,,27.963467,93.527166,hamlet,0,0,0,0
s10082195358,Taram,,27.962813,93.536604,hamlet,0,0,0,0
s10082195359,Langbang,,27.954491,93.540336,village,0,0,0,0
s10082195396,Sera,,27.9554,93.554643,hamlet,0,0,0,0
s10082200429,Yerba,,27.96349,93.565402,hamlet,0,0,0,0
s10082200448,Pado,,27.975603,93.575788,hamlet,0,0,0,0
s10082200486,Made,,27.978018,93.578867,hamlet,0,0,0,0
s10082200508,Gonang,,27.988483,93.516991,hamlet,0,0,0,0
s10082200509,Labia,,27.993216,93.522825,village,0,0,0,0
s10082200510,Tumbia,,28.002127,93.532888,village,0,0,0,0
s10082200512,Pilop,,28.004125,93.567471,hamlet,0,0,0,0
s10082200513,Yerik,,28.008282,93.567043,hamlet,0,0,0,0
s10082200514,Konkup,,28.011137,93.572665,hamlet,0,0,0,0
s10082834826,Homi,,27.927093,93.688517,hamlet,0,0,0,0
s10082834827,Sodok,,27.926897,93.676396,hamlet,0,0,0,0
s10082834828,Tacheng,,27.924794,93.666214,hamlet,0,0,0,0
s10082834850,Gatom,,27.922515,93.673901,hamlet,0,0,0,0
s10082834851,Rangha,,27.923473,93.652587,hamlet,0,0,0,0
s10082834852,Denka,,27.911172,93.646395,hamlet,0,0,0,0
s10082834853,Magney,,27.908604,93.644584,hamlet,0,0,0,0
s10214217509,Eyanli,,28.346041,95.935377,village,0,0,0,0
s10285947117,Mathow,,27.435608,92.466074,hamlet,0,0,0,0
s10289588615,Chakzam,,27.557929,91.922058,hamlet,0,0,0,0
s10289910004,Shyo,,27.589142,91.859799,village,448,1,0,0
s10289910005,Mandreling,,27.591725,91.859587,village,279,1,0,0
s10302061253,Kanchi Mor,,27.627634,91.959142,hamlet,0,0,0,0
s10302075876,Broxer,,27.622647,91.963199,village,0,0,0,0
s10649728684,New Putok,,27.316593,96.209097,village,0,0,0,0
s10654585528,New Yukhi,,27.20257,95.859677,village,0,0,0,0
s10654585529,Old Yukhi,,27.191069,95.840482,village,0,0,0,0
s10784969482,Bushuthang,,27.354116,92.244956,hamlet,0,0,0,0
s10839474047,Kimi,,27.166227,92.675062,village,0,0,0,0
s10862337696,伯塔,,27.293938,93.136537,village,0,0,0,0
s10862337697,Gumtung,,27.309573,93.173508,village,0,0,0,0
s10862477140,迪当,,27.217445,92.339682,village,0,0,0,0
s10864153548,哈罗,,27.249238,92.915196,village,0,0,0,0
s10864153549,辛克列,,27.317938,92.897902,village,0,0,0,0
s10864184707,Talomsima,,27.380231,92.843717,village,0,0,0,0
s10864211688,Khazalang,,27.39384,92.630065,hamlet,0,0,0,0
s10864219605,Morshing,,27.173611,92.206147,village,0,0,0,0
s10864253763,Benig,,27.499111,91.735229,village,0,0,0,0
s10864253774,Kaben,,27.489457,91.727982,village,0,0,0,0
s10864370023,Kharung,,27.508321,91.744334,village,0,0,0,0
s10864370388,Jigaon,,27.170782,92.322349,hamlet,0,0,0,0
s10864519876,罗布泽,,27.41823,92.211455,village,0,0,0,0
s10864519889,Chug,,27.421622,92.206046,village,0,0,0,0
s10866786869,Foot Hills,,26.963651,92.422768,village,0,0,0,0
s10870214798,Khoina,,27.351766,92.522252,hamlet,0,0,0,0
s10870460350,Rurang,,27.3686,92.482672,hamlet,0,0,0,0
s10870893423,Namshu,,27.358067,92.321085,village,0,0,0,0
s10877035264,Thrizino,,27.341225,92.740073,town,0,0,0,0
s10882730420,Khoitam,,27.31209,92.39551,village,0,0,0,0
s10882730487,绒囊堆错,,27.212185,92.305386,village,0,0,0,0
s10917567485,Janaching,,27.431169,92.759755,hamlet,0,0,0,0
s10917567962,迪彬,,27.444444,92.511848,hamlet,0,0,0,0
s10921025737,Khellong,,27.372583,92.590645,village,0,0,0,0
s10925710454,赛气奔,,27.310485,92.593594,village,0,0,0,0
s10925710466,Bichom,,27.3049,92.612276,village,0,0,0,0
s10925710482,卡郎加尼亚,,27.325697,92.719537,village,0,0,0,0
s10928090869,Kapak Leyak,,27.53378,92.84651,hamlet,0,0,0,0
s10941933055,Rungja,,27.392324,92.3786,village,0,0,0,0
s10964879900,Namchar Bagang,,27.641524,93.125136,hamlet,0,0,0,0
s10978275464,元吉,,27.362487,93.026365,hamlet,0,0,0,0
s10978562689,Patiwa,,27.305848,93.021519,hamlet,0,0,0,0
s10992042856,姜母盆,,27.393533,92.816763,hamlet,0,0,0,0
s10992073940,Upper Dzang Village,,27.379972,92.553925,village,0,0,0,0
s10992130243,Nachibon,,27.406251,92.534397,village,0,0,0,0
s10992498530,Ditchik,,27.401982,92.507797,village,0,0,0,0
s11007465976,Lapusa,,27.393516,92.62141,village,0,0,0,0
s11007466335,Challan,,27.412917,92.728876,village,0,0,0,0
s11007521794,Nakhu,,27.40913,92.539421,village,0,0,0,0
s11007527105,Nijung,,27.374824,92.587332,hamlet,0,0,0,0
s11007775333,Dillung,,27.483844,92.509614,hamlet,0,0,0,0
s11009711790,Lapung,,27.562737,92.8898,hamlet,0,0,0,0
s11079168769,Taipo,,27.256499,95.911618,village,0,0,0,0
s11108610674,Anung,,27.775447,93.609051,hamlet,0,0,0,0
s11108610675,Dari,,27.776307,93.614403,hamlet,0,0,0,0
s11108610676,Dado,,27.77909,93.619113,hamlet,0,0,0,0
s11108610677,Tabu,,27.762128,93.610257,hamlet,0,0,0,0
s11108610678,Taha Tahu,,27.757279,93.612564,hamlet,0,0,0,0
s11108610679,Choba Jamin,,27.752719,93.615626,village,0,0,0,0
s11108610683,Dangdung,,27.744694,93.581641,hamlet,0,0,0,0
s11108610684,Sayata,,27.740418,93.570474,hamlet,0,0,0,0
s11108610685,Jaming Happa,,27.757973,93.584581,hamlet,0,0,0,0
s11108610686,Lengba,,27.742256,93.61628,hamlet,0,0,0,0
s11295521908,Tania,,27.300882,92.771909,hamlet,0,0,0,0
s11397971512,Surbin,,27.604473,91.64788,village,0,0,0,0
s11398074198,帕陆,,28.35123,95.022477,village,0,0,0,0
s11398074199,洛克本,,28.231047,94.917192,hamlet,0,0,0,0
s11518406604,Chijang,,27.311289,92.854289,village,0,0,0,0
s11518481094,Pitchang,,27.326355,92.823848,hamlet,0,0,0,0
s11731179155,邦金,,28.182072,95.204293,village,0,0,0,0
s11731179157,锡利,,28.230551,95.222896,village,0,0,0,0
s11731179158,扎如,,28.256418,95.201711,village,0,0,0,0
s11731179161,莫皮特,,28.298072,94.967967,village,0,0,0,0
s11731179164,苏木散,,28.368701,95.115732,village,0,0,0,0
s11731179165,杜库,,28.391838,95.248378,village,0,0,0,0
s11731179166,波阿克,,28.218199,94.85586,village,0,0,0,0
s11773258622,白则林,,27.05432,92.148012,village,0,0,0,0
s11883835080,Kitchang,,27.291801,92.886614,village,0,0,0,0
s11883835081,New Sapong,,27.314584,92.81674,village,0,0,0,0
s11883835082,Kaya Valley Village,,27.313088,92.806338,village,0,0,0,0
s12473025513,Menga Mandir,,28.100767,94.146127,hamlet,0,0,0,0
s12508496197,Peki-Modi,,28.575438,95.263251,village,0,0,0,0
s12508573307,Domkho,,27.174794,92.216128,village,0,0,0,0
s12508573308,Sanglem,,27.172374,92.190809,village,0,0,0,0
s12508612955,Cibi-Karhe,,27.738819,96.329763,village,0,0,0,0
s12732182354,Doripu Bagang,,27.63308,93.129988,hamlet,0,0,0,0
s12732182355,Pania Sullung,,27.617182,93.150023,hamlet,0,0,0,0
s13041257701,陆松,,28.338431,95.774974,village,0,0,0,0
s13155714265,Nizainghat,,28.293452,95.712359,village,0,0,0,0
s13155714266,新地卡,,28.265073,95.647797,village,0,0,0,0
s13155789858,密伦,,28.512017,95.219973,village,0,0,0,0
s13155789859,比金,,28.325398,95.005321,village,0,0,0,0
s13155789860,若波帕更,,28.31593,95.009348,village,0,0,0,0
s13155789861,Messing,,28.459049,94.79566,village,0,0,0,0
s13155789862,Mega,,28.474966,94.670046,village,0,0,0,0
s13155796457,Khelengteng,,27.700347,91.726082,village,0,0,0,0
s13155796458,学真,,27.741656,91.731853,hamlet,0,0,0,0
s13155810285,Muktur,,27.580056,91.662763,village,0,0,0,0
s13155810286,Chelengdung,,27.540267,91.659806,village,0,0,0,0
s13155810287,Marmey,,27.534608,91.659546,village,0,0,0,0
s13155811480,Blaiteng,,27.505442,91.657586,village,0,0,0,0
s13155811481,Ramyang,,27.514701,91.654966,village,0,0,0,0
s13155811483,Phomang,,27.512553,91.694958,village,0,0,0,0
s13155811484,Hoongla,,27.513302,91.722118,village,0,0,0,0
s13155870260,Singsore Ani Gompa,,27.605678,91.869212,village,0,0,0,0
s13155870262,Kitpi,,27.573119,91.90284,village,0,0,0,0
s13155870263,Bomja,,27.5629,91.996431,village,0,0,0,0
s13155870264,Namazing,,27.550626,91.97682,village,0,0,0,0
s13155904439,Pangma,,27.385417,92.373989,village,0,0,0,0
s13155904440,Cherrong,,27.380752,92.383195,hamlet,0,0,0,0
s13155904441,马尼堆,,27.358341,92.415263,hamlet,0,0,0,0
s13155911614,Balung Camper,,27.339902,92.318657,hamlet,0,0,0,0
s13155911615,Yewang,,27.336133,92.29409,village,0,0,0,0
s13155911616,列木来,,27.376234,92.243503,village,0,0,0,0
s13155911617,李错,,27.378459,92.223121,village,0,0,0,0
s13155911618,煎酒干娘,,27.456329,92.212585,hamlet,0,0,0,0
s13155911619,Phudung,,27.235272,92.236931,village,0,0,0,0
s13155911620,瓦布兰,,27.213358,92.24794,village,0,0,0,0
s13157321081,桑乃,,28.312524,94.641212,village,0,0,0,0
s13157321082,Rangku,,28.36412,94.693955,hamlet,0,0,0,0
s13157321083,Tuying Village,,28.423519,94.654688,village,0,0,0,0
s13157348144,Norang,,27.5824,92.978328,hamlet,0,0,0,0
s13157349696,Chenguinty,,27.885899,96.852033,hamlet,0,0,0,0
s13157349698,Shirong,,27.903587,96.940911,hamlet,0,0,0,0
s13157352702,Bora Rupak,,27.975935,94.39268,village,0,0,0,0
s13157352703,Marniu,,27.928784,94.382852,hamlet,0,0,0,0
s13157352704,Tapi,,27.998488,94.457544,village,0,0,0,0
s13157352706,Gangkak,,28.101539,94.591185,village,0,0,0,0
s13157352707,Boji Lite,,28.18132,94.58687,village,0,0,0,0
s13157352708,Darak,,28.217934,94.616858,village,0,0,0,0
s13157352709,Poyom,,28.261797,94.585369,hamlet,0,0,0,0
s13157352710,钦邦,,28.236532,94.665375,village,0,0,0,0
s13157352747,Dongmareng,,27.5065,91.661077,village,0,0,0,0
s13157364049,尼乌木,,28.159631,94.157167,village,0,0,0,0
s13157364050,Dagiam,,28.143269,94.14243,hamlet,0,0,0,0
s13157364051,Debom,,28.14815,94.162183,hamlet,0,0,0,0
s13157364052,Sippi Village,,28.066913,94.168659,village,0,0,0,0
s13157364053,Gussar,,28.066336,94.194133,village,0,0,0,0
s13157364054,Bator,,28.080813,94.20776,village,0,0,0,0
s13157364055,Bulo,,28.079466,94.262909,village,0,0,0,0
s13157364056,里娃,,28.052377,94.315988,village,0,0,0,0
s13157364057,普布,,28.045445,94.346643,village,0,0,0,0
s13157364058,格特若帕,,28.052387,94.37653,village,0,0,0,0
s13157369508,Bogu,,28.527303,94.648975,hamlet,0,0,0,0
s13157380716,Matkrong,,27.855904,96.982413,hamlet,0,0,0,0
s13157393820,得勒草地,,27.731778,91.713644,village,0,0,0,0
s13157808826,Thiksi,,27.674231,91.703922,village,0,0,0,0
s13157834322,Chaku,,27.102977,92.413731,village,0,0,0,0
s13157834323,Doimara,,26.989663,92.420599,hamlet,0,0,0,0
s13157834386,哥密里,,27.256114,92.670776,village,0,0,0,0
s13157834387,勃顿,,27.29914,92.708226,village,0,0,0,0
s13157834388,Nizau,,27.41292,92.64011,hamlet,0,0,0,0
s13157834390,Tengri,,27.348403,93.211523,hamlet,0,0,0,0
s13157847510,Tsokphuisa,,27.280403,92.181703,village,0,0,0,0
s13157847511,Omling Gumpha,,27.315411,92.148306,village,0,0,0,0
s13157847512,安卡林,,27.036503,92.145127,village,0,0,0,0
s13157847513,Rongthangjurpam,,27.038276,92.131506,village,0,0,0,0
s13157848071,下如,,27.574446,91.946476,village,0,0,0,0
s13157894248,Yadung,,27.048376,93.369974,hamlet,0,0,0,0
s13157894250,Habia,,27.114411,93.308343,hamlet,0,0,0,0
s13157894251,勒皮卡,,27.047046,93.307192,hamlet,0,0,0,0
s13157894252,Giladhari,,26.999195,93.148148,hamlet,0,0,0,0
s13157894275,Minjong,,27.944702,96.953185,hamlet,0,0,0,0
s13157898875,来普拉,,27.221042,93.177186,village,0,0,0,0
s13157898876,Palov,,27.153078,93.159526,hamlet,0,0,0,0
s13157898883,安巴,,27.139477,93.767808,village,0,0,0,0
s13157898886,利依普,,27.069822,93.528885,village,0,0,0,0
s13157911721,马拉,,27.888633,93.298026,hamlet,0,0,0,0
s13157911722,Kodela,,27.958918,93.24216,hamlet,0,0,0,0
s13157935709,Tanyo,,27.612522,93.816361,hamlet,0,0,0,0
s13157935712,列衣,,27.457053,93.801137,hamlet,0,0,0,0
s13157935713,Peni,,27.394287,93.760066,village,0,0,0,0
s13157935714,Toru,,27.371134,93.767162,village,0,0,0,0
s13157935717,Pania,,27.700754,93.696007,village,0,0,0,0
s13157998055,Hamatong,,27.990333,96.731653,hamlet,0,0,0,0
s13157998057,Langum,,28.121866,96.61129,hamlet,0,0,0,0
s13157998058,Keletong,,28.123006,96.619258,hamlet,0,0,0,0
s13157998059,Challang,,28.155189,96.65225,hamlet,0,0,0,0
s13157998060,Bringkong,,28.171585,96.650486,hamlet,0,0,0,0
s13157998061,Chareimna,,28.169579,96.658961,hamlet,0,0,0,0
s13157998062,Nilang,,28.17645,96.656441,hamlet,0,0,0,0
s13158059504,恰帕,,28.65876,96.010776,hamlet,0,0,0,0
s13158059507,Akunli,,28.811189,95.896252,village,0,0,0,0
s13158059508,Rilley,,28.859944,95.980917,hamlet,0,0,0,0
s13158067187,阿帕龙,,28.443428,95.848964,hamlet,0,0,0,0
s13158067188,Ihinli,,28.536699,95.700018,hamlet,0,0,0,0
s13158070637,鲁波,,28.449905,95.884353,hamlet,0,0,0,0
s13158070642,Hukani,,28.333156,95.98566,village,0,0,0,0
s13158070643,Pika,,28.31007,96.013334,hamlet,0,0,0,0
s13158070644,Marango,,28.306762,96.032319,hamlet,0,0,0,0
s13158070645,Chanli,,28.292349,96.029624,village,0,0,0,0
s13158070646,Desali,,28.294166,96.042367,village,0,0,0,0
s13158070647,Runli,,28.299199,96.074305,hamlet,0,0,0,0
s13158070648,Donli,,28.283994,96.078219,village,0,0,0,0
s13158072920,牙明,,28.19373,94.859321,village,0,0,0,0
s13158072921,Lorging,,28.229709,94.867605,village,0,0,0,0
s13158072922,空兴,,28.278487,94.977393,hamlet,0,0,0,0
s13158072923,Jomo,,28.294019,94.846416,village,0,0,0,0
s13158072924,Yogong,,28.368171,94.864478,hamlet,0,0,0,0
s13158072926,Tabasora,,28.114832,94.652825,hamlet,0,0,0,0
s13158072927,Pushi Nyorak,,28.112115,94.689495,village,0,0,0,0
s13158072929,Eshi Chiku,,28.003683,94.745372,village,0,0,0,0
s13158072932,拉鲁,,27.851969,94.801143,hamlet,0,0,0,0
s13158133680,Rilo,,27.752809,94.76813,village,0,0,0,0
s13158133682,Deni,,27.835704,94.675692,village,0,0,0,0
s13158133683,Taipudia,,27.816659,94.568879,village,0,0,0,0
s13158133686,果查姆,,27.768067,94.191132,village,0,0,0,0
s13158133687,比尼,,27.676983,94.143034,village,0,0,0,0
s13158133688,巴拉,,27.660722,94.136602,village,0,0,0,0
s13158133689,Kemlice,,27.798801,94.154948,village,0,0,0,0
s13158133690,Dek Godak,,27.844225,94.215282,village,0,0,0,0
s13158133691,Puchi Geko,,27.895185,94.264874,village,0,0,0,0
s13158133692,Mugli,,27.899945,94.269306,village,0,0,0,0
s13158136113,科纳,,27.833721,94.801678,hamlet,0,0,0,0
s13158136114,塔克,,27.877517,94.868722,hamlet,0,0,0,0
s13158136115,Lirdo,,27.899119,94.861128,village,0,0,0,0
s13158136116,卡多,,27.912111,94.924348,hamlet,0,0,0,0
s13158136117,利旁,,27.892433,94.939425,hamlet,0,0,0,0
s13158136118,Tabi Ripo,,27.89504,95.05374,village,0,0,0,0
s13158136119,Lipin,,27.884756,94.998309,village,0,0,0,0
s13158136121,特纳,,27.962057,95.052398,hamlet,0,0,0,0
s13158136122,多兴,,27.981192,95.052426,village,0,0,0,0
s13158136124,基伦,,27.969805,95.229179,village,0,0,0,0
s13158136125,米昆,,28.011339,95.232094,village,0,0,0,0
s13158136126,拉伦,,28.021797,95.265561,village,0,0,0,0
s13158160736,Gepen,,27.931475,94.25179,village,0,0,0,0
s13158160737,Baja,,27.939343,94.257171,village,0,0,0,0
s13158160738,Sikom,,28.014509,94.161841,village,0,0,0,0
s13158160739,Nioku,,27.943085,94.146923,village,0,0,0,0
s13158160740,Pobo,,27.914335,94.108349,village,0,0,0,0
s13158160742,奔斯,,27.732029,93.991086,village,0,0,0,0
s13158160743,Lapte,,27.78713,93.919533,village,0,0,0,0
s13158160744,宾都拉,,27.813698,93.901313,village,0,0,0,0
s13158160745,Riaga,,27.85679,93.925278,village,0,0,0,0
s13158171582,Warrangpam,,27.118604,92.074588,village,0,0,0,0
s13158175856,Guchi,,27.893835,93.950702,village,0,0,0,0
s13158175857,Lagaa,,27.873053,93.969598,village,0,0,0,0
s13158966493,昔拔布木,,28.317815,95.151408,village,0,0,0,0
s13158966495,Dachenthang,,28.626309,94.105045,village,0,0,0,0
s13158966496,Taching Panga,,28.583324,94.162172,village,0,0,0,0
s13158966497,Yorni,,28.585336,94.152762,hamlet,0,0,0,0
s13158966498,Puring,,28.540734,94.269442,village,0,0,0,0
s13158966499,Padusa,,28.525394,94.3029,hamlet,0,0,0,0
s13158999552,布仁,,28.552688,94.599321,village,0,0,0,0
s13158999553,Quying,,28.508426,94.459541,village,0,0,0,0
s13158999554,塔贾,,28.471338,94.397917,village,0,0,0,0
s13159001129,Chetam,,28.047673,94.052812,village,0,0,0,0
s13159001130,Luba,,27.856526,93.979489,village,0,0,0,0
s13159088878,Tagengs,,27.128082,93.591613,village,0,0,0,0
s13159127058,烟科,,28.439601,94.893768,village,0,0,0,0
s13159127059,舒普兴,,28.452319,94.904505,village,0,0,0,0
s13159247667,阿因,,28.14532,95.360924,village,0,0,0,0
s13162094038,Dissing Passo,,27.002026,93.183494,hamlet,0,0,0,0
s13162132761,Raka,,27.692226,93.876394,village,0,0,0,0
s13162132762,Tado,,27.716022,93.884836,hamlet,0,0,0,0
s13162132763,昂吉,,27.774047,93.886838,hamlet,0,0,0,0
s13162132764,塔林,,27.840627,93.873474,hamlet,0,0,0,0
s13162154396,Jomlo Mongku,,28.206204,94.811807,village,0,0,0,0
s13162176134,Boyer Kam Dak,,28.151352,94.661084,village,0,0,0,0
s13162176135,Kugi Pomte,,28.182578,94.72549,village,0,0,0,0
s13162239690,Ngomdir,,28.058283,94.828606,village,0,0,0,0
s13162239691,穆里,,28.087827,94.836682,village,0,0,0,0
s13162239692,塔东,,28.07981,94.84071,village,0,0,0,0
s13162239693,塔达,,28.074945,94.874137,hamlet,0,0,0,0
s13162275138,卡瑞,,28.062894,94.053848,village,0,0,0,0
s13162275139,沙拉克,,28.06694,94.17902,hamlet,0,0,0,0
s13162275140,康格,,28.033436,94.201496,village,0,0,0,0
s13162275141,来林,,28.095356,94.229198,village,0,0,0,0
s13162275142,尼杜克,,27.802673,94.083175,village,0,0,0,0
s13162275143,Boa,,27.684133,93.973121,village,0,0,0,0
s13162316057,Pugging,,28.74386,94.934583,village,0,0,0,0
s13162342577,林里,,28.541971,95.696373,hamlet,0,0,0,0
s13167238624,岷东,,28.773379,95.857396,hamlet,0,0,0,0
s13167255869,买翁里,,28.282237,96.09531,hamlet,0,0,0,0
s13185904003,薛康定,,27.577108,91.666804,village,0,0,0,0
s13185904008,Kharteng,,27.532274,91.68881,village,0,0,0,0
s13185904011,Sazo,,27.521187,91.691912,village,0,0,0,0
s13185904799,必雄参,,27.42933,92.268462,hamlet,0,0,0,0
s13185904800,纽辛参,,27.437321,92.314595,hamlet,0,0,0,0
s13185910475,Cingba,,28.612106,94.107297,village,0,0,0,0
s13185910476,松村,,28.615532,94.15637,hamlet,0,0,0,0
s13185910477,勾才,,28.607178,94.157672,hamlet,0,0,0,0
s13185928729,哈日,,28.535808,94.269456,hamlet,0,0,0,0
s13185928730,林崩西,,28.535118,94.280586,hamlet,0,0,0,0
s13185928731,达东更东,,28.51726,94.416952,village,0,0,0,0
s13185928732,洋布,,28.509311,94.442138,hamlet,0,0,0,0
s13185962005,育金,,28.60884,95.029171,hamlet,0,0,0,0
s13188282395,Chipru,,28.150374,96.537417,village,0,0,0,0
s13188282396,Tarafliang,,28.154185,96.51742,village,0,0,0,0
s13188282397,Pailiang,,28.196661,96.508369,village,0,0,0,0
s13188301533,阿蒙岗,,28.270002,96.094248,hamlet,0,0,0,0
s13188305238,卡木那,,27.856423,94.397525,hamlet,0,0,0,0
s13197264678,米龙岗,,27.366021,92.179319,village,0,0,0,0
s13197302513,Momai,,27.546814,91.90761,village,0,0,0,0
s13197302517,墨生,,27.35302,92.170318,village,0,0,0,0
s13200135820,Daring,,27.880295,94.822491,village,0,0,0,0
s13200135821,Tene Camp,,28.104044,95.169856,village,0,0,0,0
s13203965658,Dafri,,27.518028,93.11433,hamlet,0,0,0,0
s13243377861,巴塔尔,,27.721962,93.674532,hamlet,0,0,0,0
s13243377863,Hari Lemba,,27.583278,93.843395,village,0,0,0,0
s13243377865,帕尔,,27.828287,93.961964,village,0,0,0,0
s13243377866,可拉,,27.852417,93.851016,hamlet,0,0,0,0
s13243377867,力达,,28.076062,94.162901,hamlet,0,0,0,0
s13243377868,摩吉克,,28.091925,94.176091,hamlet,0,0,0,0
s13243377869,Mesheng,,28.061731,94.562233,hamlet,0,0,0,0
s13243377870,戛木基克,,28.08804,94.562928,hamlet,0,0,0,0
s13243377871,莫昔尔,,28.103386,94.551251,hamlet,0,0,0,0
s13243377873,但康,,28.083479,94.684976,village,0,0,0,0
s13243377875,立冈,,28.490896,94.403868,hamlet,0,0,0,0
s13243377876,包木,,28.514241,94.460142,hamlet,0,0,0,0
s13243377878,加勉,,28.634144,94.656666,hamlet,0,0,0,0
s13243377886,叶布克,,28.453675,94.844162,village,0,0,0,0
s13243377887,金宁,,28.215029,94.838769,village,0,0,0,0
s13243377888,沙共,,28.023015,94.823091,village,0,0,0,0
s13243377889,力由,,28.329278,95.057699,village,0,0,0,0
s13249851328,打陇宗,,27.174991,92.201312,hamlet,0,0,0,0
s13290022324,迪布,,27.158204,93.667859,hamlet,0,0,0,0
s13290022325,曲汉,,27.437606,93.650936,hamlet,0,0,0,0
s13290022326,塔明,,27.313221,93.693659,hamlet,0,0,0,0
s13290171560,Baligam,,28.143309,96.535629,hamlet,0,0,0,0
s13290171561,Chinagam,,28.162593,96.553076,hamlet,0,0,0,0
s13303052229,Taipi Duidam,,27.289396,96.070098,hamlet,0,0,0,0
s13313740500,龙达尔,,27.068801,92.142497,village,0,0,0,0
s13327721581,沙孔,,27.46273,92.792275,village,0,0,0,0
s13342504272,朗楚,,27.666548,92.018261,hamlet,0,0,0,0
s13342504273,乃林芒,,27.730458,91.712275,hamlet,0,0,0,0
s13363738085,Bulimina,,28.140622,96.658319,hamlet,0,0,0,0
s13417214332,Bulaisen,,27.74472,91.694027,hamlet,0,0,0,0
s13449278989,Baiga,,27.588911,91.879193,hamlet,0,0,0,0
s13449278990,Bangde,,27.58403,91.883441,hamlet,0,0,0,0
s13449278993,Aodong,,27.58032,91.893275,hamlet,0,0,0,0
s13449278994,Chimu,,27.5732,91.89056,hamlet,0,0,0,0
s13449278995,Sazhe,,27.577646,91.798821,hamlet,0,0,0,0
s13449278997,Kelong,,27.230372,92.242755,hamlet,0,0,0,0
s13449278998,Banre,,27.213632,92.254242,hamlet,0,0,0,0
s13463492881,Xiao Madengliang,,28.220855,96.515268,village,0,0,0,0
s13463492882,Jiliang,,28.21874,96.536865,village,0,0,0,0
s13463492886,Gujinboluo,,28.755314,94.911195,hamlet,0,0,0,0
s13542949718,Runu,,26.949448,95.228043,village,0,0,0,0
s13556093698,Ranglua Russa,,27.052739,95.278161,village,0,0,0,0
s13589387447,Bagajang Gompa,,27.50026,92.020396,hamlet,0,0,0,0
s13592846867,Lower Kolam,,26.930029,95.596232,village,0,0,0,0
s13610015492,Chanu Zaklo,,26.93323,95.341918,village,0,0,0,0
s13847971651,Pullong,,27.045917,95.449109,village,0,0,0,0
s13851535942,Longkhom Phonthai,,27.469855,95.922479,village,0,0,0,0
s13851535980,Kherem Bisa,,27.464775,95.887412,village,0,0,0,0
s13851535981,Galenja Ponthai,,27.464742,95.883955,village,0,0,0,0
s13851572902,Uper Jongji Havi,,26.968807,95.704192,village,0,0,0,0
s13851579829,Old Dongrong,,27.187469,95.618786,village,0,0,0,0
s13851609675,Old Dongrong,,27.187469,95.618786,village,0,0,0,0
s13891699802,Hija,,27.620561,93.841878,village,0,0,0,0
s13891699803,Hong,,27.522332,93.839277,village,0,0,0,0
s13891699805,Bree,,27.558242,93.847484,village,0,0,0,0
s13891699806,Bolya,,27.536235,93.854434,hamlet,0,0,0,0
s245721026,Manipur Bagan,,24.396247,92.56249,village,0,0,0,0
s245722358,Dengarband,,24.401,92.3017,village,0,0,0,0
s245724579,Pātbāri,,24.591539,92.953132,hamlet,0,0,0,0
s245728326,Kumbhir,,24.939854,92.96533,village,0,0,0,0
s245729854,Haflong,,25.164505,93.017599,town,0,0,0,0
s245735323,Lungding,,25.598688,93.178063,village,0,0,0,0
s245736203,Hatikhali,,25.641867,93.102802,village,0,0,0,0
s245739251,Kseh Kyntang,,25.833477,92.276012,village,0,0,0,0
s245739605,Mynser,,25.91633,92.40908,hamlet,0,0,0,0
s245740681,Burakek,,26.003048,93.16383,village,0,0,0,0
s245740851,Loharghat,,25.9564,91.4829,village,0,0,0,0
s245741680,Dhubri,,26.019642,89.991393,city,63388,1,0,0
s245742069,Baida,,26.028558,90.419884,village,0,0,0,0
s245743490,Goalpara,,26.178362,90.622668,city,100000,1,0,0
s245744465,Harirhat,,26.1804,89.8342,village,0,0,0,0
s245746325,Barpeta,,26.325782,91.007571,city,100000,1,0,0
s245746478,Santipur,,26.297263,93.846293,village,0,0,0,0
s245748181,Nalbari,,26.445568,91.435434,town,0,0,0,0
s245750035,Bagori,,26.577779,93.278836,village,0,0,0,0
s245750616,Singri,,26.612653,92.480805,village,0,0,0,0
s245750992,Hudukhata,,26.610995,91.102559,village,0,0,0,0
s245753934,Chariduar,,26.862862,92.780907,town,0,0,0,0
s245754927,Bhutiachang,,26.9423,92.603,village,0,0,0,0
s245755348,Sivasagar,,26.983494,94.639423,city,0,0,0,0
s245755518,Nargargaon,,27.011618,94.16528,village,0,0,0,0
s245756524,Borhat,,27.163159,95.276872,village,0,0,0,0
s245757880,Dejoo,,27.272781,94.024071,village,0,0,0,0
s245760898,Dijmur,,27.622825,94.893854,village,0,0,0,0
s245762207,Kundil Bazar,,27.839038,95.699158,village,0,0,0,0
s342099191,Helem,,26.843563,93.475993,village,0,0,0,0
s342100221,Sipajhar,,26.3974,91.89652,town,22355,1,0,0
s342100459,Kali Ghat,,27.063609,94.120265,hamlet,0,0,0,0
s566672798,Jorabat,,26.099316,91.87732,town,0,0,0,0
s567383142,Samaguri,,26.418938,92.844682,village,0,0,0,0
s567383143,Missa,,26.4851,92.944893,village,0,0,0,0
s569243331,Bongaigaon,,26.480013,90.558039,city,139034,1,0,0
s830103529,Abhayapuri,,26.334307,90.666904,town,0,0,0,0
s831176590,Nahorani,,26.670571,94.006622,village,0,0,0,0
s958035180,Saikhoa Ghat,,27.763215,95.56537,village,5000,1,0,0
s1133695017,Tipong,,27.313846,95.858339,suburb,0,0,0,0
s1352601587,Tihu,,26.47282,91.26958,village,4301,1,0,0
s1380070099,Sualkuchi,,26.169913,91.570852,town,0,0,0,0
s1403967931,Kakilabari,,26.749085,91.198572,hamlet,0,0,0,0
s1437215869,Bordoloni,,27.411129,94.422254,village,0,0,0,0
s1739922352,Fakirganj,,25.952839,90.072364,village,0,0,0,0
s1739986503,Bhatiu,,27.474365,95.137535,village,0,0,0,0
s1740005447,Tilak Nagar,,27.63798,95.667004,village,0,0,0,0
s1740028720,Naguli Ghat,,27.52544,95.013644,village,0,0,0,0
s1810911320,Bohori,,26.257001,91.137184,town,0,0,0,0
s1810911323,Panpur,,26.67767,92.936972,village,0,0,0,0
s1811210915,Sontoli,,26.142511,91.131967,village,0,0,0,0
s1934228034,Kaliapani,,26.838534,94.455446,village,0,0,0,0
s1937610133,Jamuguri,,26.870779,94.500103,village,0,0,0,0
s1937617872,Phulpanisiga,,26.910794,94.522063,village,0,0,0,0
s2081915203,Jātinga,,25.130977,93.02173,village,0,0,0,0
s2081966210,Hajaichak,,25.224973,93.338311,hamlet,0,0,0,0
s2081966224,Laisong Bāgān,,25.236037,93.354253,hamlet,0,0,0,0
s2138091867,Jorhat,,26.757793,94.207965,city,126736,1,0,0
s2319238562,Tamarhat,,26.301122,89.849471,village,0,0,0,0
s2365222326,Sarupeta,,26.498506,91.077616,town,0,0,0,0
s2385334057,Bechimari,,26.626304,92.177368,village,0,0,0,0
s2885039362,Amlakhi,,25.964684,93.49041,village,0,0,0,0
s2885091536,Badlichar,,26.547107,92.260877,village,0,0,0,0
s2885143477,Borghuli,,27.592351,95.323605,village,0,0,0,0
s2885248522,Burisuti,,27.686547,95.039151,village,0,0,0,0
s2885288331,Birinabari,,26.924545,94.058517,village,0,0,0,0
s2885288332,Kakarikata,,26.932716,94.121267,village,0,0,0,0
s3309060540,Diprang,,26.198958,92.064847,village,0,0,0,0
s3309060541,Hilloikhunda,,26.277364,92.016128,village,0,0,0,0
s3309060543,Sanaka,,26.267733,91.997074,village,0,0,0,0
s3309067379,Gobhali,,26.236451,92.006488,village,0,0,0,0
s3546761360,Junkareng,,27.781412,95.166784,village,0,0,0,0
s3773172323,Choladhara,,26.761317,94.194833,suburb,0,0,0,0
s3777828308,Atila Gaon,,26.748804,94.205698,suburb,0,0,0,0
s3777828309,Barbheta/ Bongal Pukhuri area,,26.740893,94.208206,suburb,0,0,0,0
s3777828310,Club Road Area,,26.741648,94.217273,suburb,0,0,0,0
s3777828311,Dohabora Chuk,,26.75254,94.214446,suburb,0,0,0,0
s3777828314,Tarazan/ Rupali Nagar,,26.74878,94.194587,suburb,0,0,0,0
s4160645674,Borigaon,,26.370276,92.462905,village,0,0,0,0
s4193235569,Wara,,27.350115,95.964826,village,0,0,0,0
s4193235570,Mungkam,,27.362073,95.956791,village,0,0,0,0
s4193235571,Upper Mallong I,,27.281174,95.770241,village,0,0,0,0
s4193235572,Mallong II,,27.286081,95.777048,village,0,0,0,0
s4194553499,Kharang Kong (Cholim Basti),,27.371568,95.836374,village,0,0,0,0
s4194553500,Kharang Kong,,27.373044,95.827115,village,0,0,0,0
s4194553501,Ninggam Tai Phake Village,,27.381,95.828242,village,0,0,0,0
s4194553502,Hewe Ninggam,,27.388983,95.81541,village,0,0,0,0
s4194553503,Phulbari,,27.371653,95.92124,village,0,0,0,0
s4196332289,Inthem (Singpho village),,27.389384,95.78039,village,0,0,0,0
s4196339705,Pawaimukh (Tai Khamyang Village),,27.288906,95.57294,village,0,0,0,0
s4196342889,Bisa (Singpho village in Assam),,27.325227,95.766889,village,0,0,0,0
s4196342890,Kumchai Kong (Singpho Village),,27.365543,95.797874,village,0,0,0,0
s4198158293,Namphakey,,27.282169,95.368719,village,0,0,0,0
s4509196600,Sorbogh,,26.490961,90.889279,village,0,0,0,0
s4667621489,Huliagaon,,27.580933,94.519925,village,0,0,0,0
s5623038879,North Guwahati,,26.191507,91.718438,suburb,0,0,0,0
s5623038882,Sunchali,,26.204003,91.803764,suburb,0,0,0,0
s5623038906,Kurua,,26.237613,91.820619,village,0,0,0,0
s5766103458,Tuolpui,,25.195253,93.267596,village,0,0,0,0
s5775285633,Panigaon,,27.140634,94.111301,town,0,0,0,0
s5789836398,Umparoi,,25.953144,92.326655,village,0,0,0,0
s5789836399,Rombai,,25.942764,92.333264,village,0,0,0,0
s5789836400,Ale Kunjil,,25.955247,92.353199,village,0,0,0,0
s5789836401,Rapdang,,25.926902,92.215075,village,0,0,0,0
s5789836402,Mawlen,,25.926555,92.234774,village,0,0,0,0
s5789836403,Umswai,,25.940641,92.238529,village,0,0,0,0
s5789836404,Umswah,,25.947221,92.23398,village,0,0,0,0
s5789836405,Chikdamakha,,25.942822,92.221663,village,0,0,0,0
s5789836406,Bormarlong,,25.951716,92.207415,village,0,0,0,0
s5806577175,Shitoyi,,25.998167,93.807793,village,0,0,0,0
s5806577176,Chongajan,,26.008967,93.847232,village,0,0,0,0
s5819395478,Tirap Sakan (Yongkuk Village),,27.29036,95.905389,village,0,0,0,0
s6096685708,Muktiar,,27.732247,95.054972,village,0,0,0,0
s6096685710,Dikhari,,27.725612,95.056058,village,0,0,0,0
s6096685711,Ramdhon,,27.729061,95.059498,village,0,0,0,0
s6096685715,Borhati,,27.745095,95.025252,village,0,0,0,0
s6148371634,Basbari,,26.189765,89.903451,village,0,0,0,0
s6160665854,Barsapara,,26.144942,91.739124,suburb,0,0,0,0
s6161187086,Noonmati,,26.197937,91.799858,suburb,0,0,0,0
s6168658413,Dhirenpara,,26.150256,91.729142,suburb,0,0,0,0
s6169689391,Chandrapur,,26.235111,91.925881,village,0,0,0,0
s6240693696,Gunjong,,25.317591,93.010147,village,0,0,0,0
s6244036969,Amreng,,25.743718,92.814796,village,0,0,0,0
s6244305246,Harangajao,,25.116699,92.857153,village,0,0,0,0
s6244446903,Malangpa,,25.212896,92.819061,hamlet,0,0,0,0
s6245693270,Kumbhirgram,,24.906932,92.981629,village,0,0,0,0
s6245693663,Subhang,,24.949429,92.802318,village,0,0,0,0
s6246654287,Longshep,,25.288144,93.157904,village,0,0,0,0
s6247258124,Thingje,,25.261207,93.377116,village,0,0,0,0
s6247491664,Lakhichara,,24.834585,93.131672,village,0,0,0,0
s6247491758,Diglāng,,24.8721,93.149986,hamlet,0,0,0,0
s6247909755,Kerhlām,,25.024659,93.18096,village,0,0,0,0
s6247910684,Hāngrum,,25.138651,93.302137,village,0,0,0,0
s6250025455,Lektheh,,25.973642,92.389467,hamlet,0,0,0,0
s6251245454,Digar Kharo,,25.351841,93.309943,hamlet,0,0,0,0
s6251245455,Bara Digar,,25.37188,93.305726,hamlet,0,0,0,0
s6888318382,Kamkuh Russa,,27.073284,95.270002,village,0,0,0,0
s7006897999,JUNAKI NAGAR,,26.521663,93.976525,suburb,0,0,0,0
s7006898000,JYOTI NAGAR,,26.526012,93.97881,suburb,0,0,0,0
s7007178002,PULIBOR,,26.528,93.973138,suburb,0,0,0,0
s7017989704,Tulsibari,,26.504521,91.597889,village,10000,1,0,0
s7037458926,PADUMANI,,26.528883,93.962486,suburb,0,0,0,0
s7037458927,BOGORIJENG — NARAKANWAR REGION,,26.536015,93.96034,suburb,0,0,0,0
s7079174910,Mornai,,26.104395,90.747575,village,0,0,0,0
s7159004379,Chapar,,26.271752,90.442285,town,0,0,0,0
s7159010046,Boitamari,,26.351998,90.510478,village,0,0,0,0
s7159026712,Bengtol,,26.639845,90.47915,village,0,0,0,0
s7159046934,Balijana,,26.080818,90.541377,village,0,0,0,0
s7159052459,Rangjuli,,25.968462,90.936713,village,0,0,0,0
s7159054303,Matia,,26.085694,90.802774,village,0,0,0,0
s7159255409,Kalgachia,,26.360131,90.870066,village,0,0,0,0
s7159255410,Srijangram,,26.381759,90.705807,village,0,0,0,0
s7159263817,Palasbari,,26.120649,91.452169,village,0,0,0,0
s7159263818,Mukalmua,,26.271982,91.34943,village,0,0,0,0
s7159270019,Goroimari,,26.10431,91.249931,village,0,0,0,0
s7159270020,Chamaria,,26.061718,91.161632,village,0,0,0,0
s7159270021,Nagarbera,,26.115947,91.001344,village,0,0,0,0
s7159287305,Baghmara,,26.615196,91.177382,village,0,0,0,0
s7159314357,Doomni,,26.717592,91.309969,village,0,0,0,0
s7159365221,Pipalibari,,26.391216,91.32956,village,0,0,0,0
s7159950254,Phuloni,,26.175775,93.137144,village,0,0,0,0
s7159959456,Morangi,,26.575325,93.822598,village,0,0,0,0
s7159969716,Laharighat,,26.419011,92.341694,village,0,0,0,0
s7159979489,Silonijan,,26.337115,93.875341,village,0,0,0,0
s7159998707,Khumtai,,26.60758,93.83882,village,0,0,0,0
s7160009137,Naobaicha,,27.16912,94.021232,village,0,0,0,0
s7160147293,Bilmukh,,27.301164,94.335737,village,0,0,0,0
s7160147294,Kadam,,27.317218,94.158583,village,0,0,0,0
s7160154171,Sadiya,,27.843478,95.673194,village,0,0,0,0
s7160154172,Sologuri,,27.079341,94.837718,village,0,0,0,0
s7301485443,Pathargaon,,26.567181,94.210922,village,0,0,0,0
s7577994492,Missa Cantonment,,26.472737,92.936438,suburb,0,0,0,0
s7781806786,Koupati,,26.578222,92.24164,village,0,0,0,0
s8236701359,Kasyābasti,,26.304289,93.155496,hamlet,0,0,0,0
s8399008415,Kumoi,,26.150045,92.253098,village,0,0,0,0
s8432198293,Jalalpur,,24.991878,92.458041,village,0,0,0,0
s8561471991,Uttar Nayābīl,,26.097674,92.944414,hamlet,0,0,0,0
s8561471999,Rowārpār,,26.111964,92.931982,hamlet,0,0,0,0
s8717754896,Gobindanagar,,25.489929,92.722822,village,0,0,0,0
s8717784813,4 Kilo,,25.4807,92.727684,village,0,0,0,0
s8717788304,New Tumbung,,25.49655,92.714463,village,0,0,0,0
s8925188026,Bilbari,,24.591134,92.29875,village,1020,1,0,0
s9091372770,Mounglang,,27.319605,95.718304,village,0,0,0,0
s9091372771,Nonglai,,27.341777,95.736699,village,0,0,0,0
s9091372773,Nonglai Nong Tikhak,,27.341491,95.739558,village,0,0,0,0
s9127379493,Kumarikata,,26.731152,91.555831,village,0,0,0,0
s9127805313,Nonaipara,,26.844137,91.873898,village,0,0,0,0
s9127828291,Silbori,,26.611724,92.291315,village,0,0,0,0
s9171945868,জয়্গুখ্ব গাঁও,,27.533857,95.395843,village,0,0,0,0
s9171945885,না-মাতাপুং গাঁও,,27.526065,95.43643,village,0,0,0,0
s9171959504,দেন্কা গাঁও,,27.535826,95.413835,village,0,0,0,0
s9171959505,টারজান গাঁও,,27.543894,95.403873,village,0,0,0,0
s9174932178,Ikarani 1,,27.343047,95.095307,village,0,0,0,0
s9212146099,No. 3 Karmi,,27.845768,95.54735,village,0,0,0,0
s9213360762,Changamari Habi,,27.426503,94.826707,village,0,0,0,0
s9234777448,Pundurimakhâ,,25.948571,92.232138,village,0,0,0,0
s9281140208,Phukonhabi Gaon,,26.678364,94.448971,village,0,0,0,0
s9427289489,Daflagarh,,26.915239,93.49406,village,0,0,0,0
s9450490090,Kakopathar,,27.632559,95.662546,town,0,0,0,0
s9566367368,Khagorimaijan,,27.509822,95.107602,village,0,0,0,0
s9566367370,Baratichuk,,27.519137,95.095282,hamlet,0,0,0,0
s9566367371,Chamoni Gaon,,27.505217,95.109512,hamlet,0,0,0,0
s9566367372,Barahi-Da-Pathar,,27.519581,95.122411,village,0,0,0,0
s9566367373,Niz-Rahmoria,,27.514268,95.132512,village,0,0,0,0
s9566367374,Dhupabor Maijan,,27.526248,95.143236,village,0,0,0,0
s9569576344,Hati Ghuli,,26.931386,94.511995,village,0,0,0,0
s9587442592,Mathuri Pathar,,27.639056,94.709873,village,0,0,0,0
s9589199698,Kendugurigaon,,27.582736,94.692825,village,0,0,0,0
s9589199699,Dhekiani Bam,,27.59382,94.674,hamlet,0,0,0,0
s9589199700,Kailashpur,,27.610101,94.68127,hamlet,0,0,0,0
s9589199701,Barati Gaon,,27.596885,94.691865,village,0,0,0,0
s9594277341,Malani,,27.656034,94.722579,hamlet,0,0,0,0
s9614163486,Bhebeli Gaon,,27.546732,94.656589,hamlet,0,0,0,0
s9621475214,No. 2 Tangani Majgaon,,27.516917,94.743256,village,0,0,0,0
s9621475215,No. 1 Tangani Majgaon,,27.527735,94.75327,village,0,0,0,0
s9627091748,No. 1 Chila Pathar,,27.595732,94.754938,hamlet,0,0,0,0
s9627094483,Silabaligaon,,27.597453,94.76574,village,0,0,0,0
s9627117726,Thekeraguri,,27.599926,94.756684,hamlet,0,0,0,0
s9627171489,Joriguri,,27.568894,94.767009,village,0,0,0,0
s9627171517,Mishingpur,,27.569647,94.747281,village,0,0,0,0
s9628955501,Archipathar,,27.658739,94.784202,village,0,0,0,0
s9646077729,Majorbari,,27.594601,94.848779,village,0,0,0,0
s9660184681,Yopakan,,27.273952,95.764377,village,0,0,0,0
s9709199012,Telgaram,,26.57181,93.767956,village,0,0,0,0
s9849518665,Rajkhowasuk,,27.065373,94.911403,village,20000,1,0,0
s9991472612,Kuhuboto,,25.916996,93.847261,village,0,0,0,0
s10221836219,Sibaraipur,,25.177591,93.003198,suburb,0,0,0,0
s10599423093,Borshahaki,,27.064584,94.912001,village,60000,1,0,0
s10692764768,Auniati,,26.936488,94.123815,village,0,0,0,0
s11038715217,"BHANJANG BASTI, HAFLONG",,25.158655,93.022067,village,0,0,0,0
s11062758505,Brelang,,25.19841,93.027506,hamlet,0,0,0,0
s11062758605,Jibro,,25.189059,93.03205,hamlet,0,0,0,0
s11090837906,Riao,,25.217794,93.044787,hamlet,0,0,0,0
s11090837907,Nānādisa,,25.180344,93.05647,hamlet,0,0,0,0
s11090838505,Wālodisa,,25.199582,93.069409,hamlet,0,0,0,0
s11090838605,Disagisim,,25.213263,93.044074,hamlet,0,0,0,0
s11127261397,Jungal Balahu,,26.211567,92.479024,village,0,0,0,0
s11127293365,Hariamukh,,26.221178,92.538442,village,0,0,0,0
s11132665783,Gozpuria Gaon,,26.796336,94.223909,village,0,0,0,0
s11132670519,Garmur,,26.744442,94.2555,village,0,0,0,0
s11132675927,Potiagaon,,26.805785,94.239358,village,0,0,0,0
s11160764043,Katahguri,,26.260147,92.54837,village,0,0,0,0
s11162873338,Bamunijan,,26.186105,92.484689,village,0,0,0,0
s11162885562,Gospara,,26.172647,92.4962,village,0,0,0,0
s11162914660,Basundhari,,26.17106,92.517233,village,0,0,0,0
s11162914661,Dalimbari,,26.148523,92.503709,village,0,0,0,0
s11428391449,Fakuagram,,24.660707,92.413806,village,0,0,0,0
s11597592478,Gambaribil,,26.502419,90.092514,village,0,0,0,0
s11637836227,Panijani Pt II,,26.371689,90.047314,village,0,0,0,0
s11917509984,Tipkai,,26.288841,90.033683,hamlet,0,0,0,0
s11917596006,Chechāpāni,,26.383258,90.228159,hamlet,0,0,0,0
s11927115203,kāla Māila,,26.692443,90.565217,hamlet,0,0,0,0
s11927115260,Āmteka,,26.737102,90.55364,hamlet,0,0,0,0
s11931701530,Tukrajār,,26.663853,90.451453,village,0,0,0,0
s11931701531,Bengtol,,26.638425,90.478785,village,0,0,0,0
s11931701532,Rānikhata,,26.633554,90.384006,village,0,0,0,0
s11931701533,Amguri,,26.622159,90.232269,hamlet,0,0,0,0
s11931701535,Malandubi,,26.716615,90.466683,village,0,0,0,0
s11931701536,Āmtika,,26.76136,90.527955,village,0,0,0,0
s11979012240,Kānhibāri,,26.380951,90.733037,hamlet,0,0,0,0
s11979012241,Kānhibāri,,26.384777,90.74368,hamlet,0,0,0,0
s11979012242,Kānhibāri,,26.380067,90.753593,hamlet,0,0,0,0
s11979012243,Kānhibāri,,26.375684,90.75943,hamlet,0,0,0,0
s11979012244,Kirtanpāra,,26.373185,90.766983,hamlet,0,0,0,0
s11999697372,Dhāligaon,,26.4958,90.522639,hamlet,0,0,0,0
s11999697373,Dhāligaon,,26.489914,90.538008,hamlet,0,0,0,0
s12036551525,Deoli,,26.067423,90.511765,hamlet,0,0,0,0
s12036551526,Deoli,,26.074285,90.513611,hamlet,0,0,0,0
s12036551527,Baikunthapur,,26.083594,90.520735,hamlet,0,0,0,0
s12051475376,Jalah,,26.641705,91.207466,hamlet,0,0,0,0
s12051475379,Khāgrābārigaon,,26.623138,91.461482,hamlet,0,0,0,0
s12051475380,Bagānpāra,,26.633247,91.45247,hamlet,0,0,0,0
s12051475398,Ghorāmāra,,26.589122,91.485879,hamlet,0,0,0,0
s12051475399,Kadamtola,,26.607158,91.482854,hamlet,0,0,0,0
s12051475400,Kadamtola,,26.6151,91.483326,hamlet,0,0,0,0
s12051475401,Simlābāri,,26.689682,91.463413,hamlet,0,0,0,0
s12051475402,Simlābāri,,26.685388,91.448865,hamlet,0,0,0,0
s12051475404,Simlābāri,,26.691331,91.451011,hamlet,0,0,0,0
s12081695763,Bor Dhania,,27.863284,95.867171,hamlet,0,0,0,0
s12081695764,Napātia,,27.864423,95.848503,hamlet,0,0,0,0
s12081695767,Mājhgaon,,27.883524,95.783765,hamlet,0,0,0,0
s12081695768,Napātia Āhmogaon,,27.86391,95.884767,hamlet,0,0,0,0
s12081734869,Napātia Limbugaon,,27.875387,95.888801,hamlet,0,0,0,0
s12081734870,Napātia Limbugaon,,27.888208,95.886376,hamlet,0,0,0,0
s12081734871,Napātia Limbugaon,,27.900725,95.883372,hamlet,0,0,0,0
s12081734872,Tokājān,,27.917828,95.835478,hamlet,0,0,0,0
s12081734873,Ambikāpur,,27.908917,95.876398,hamlet,0,0,0,0
s12081734874,Limbu Basti,,27.915458,95.855584,hamlet,0,0,0,0
s12081734875,Ambikāpur,,27.916387,95.887299,hamlet,0,0,0,0
s12081734876,Ambikāpur,,27.922929,95.87584,hamlet,0,0,0,0
s12081736811,Sunpura,,27.838298,95.864103,hamlet,0,0,0,0
s12081736812,Kukuramora,,27.856246,95.812111,hamlet,0,0,0,0
s12086052752,Pātidoi Gosala,,27.848307,95.695864,hamlet,0,0,0,0
s12086070242,Burāburi Deopānigaon,,27.928977,95.696862,hamlet,0,0,0,0
s12086070244,Jhiyāgaon,,27.873755,95.66798,hamlet,0,0,0,0
s12086070245,Borgora,,27.90831,95.702634,hamlet,0,0,0,0
s12086070247,Bājalgaon,,27.847481,95.674417,hamlet,0,0,0,0
s12086070248,Kundligaon,,27.834845,95.668859,hamlet,0,0,0,0
s12086070249,Ghurmura Muluk Chapāri,,27.837065,95.662787,hamlet,0,0,0,0
s12086123174,Bargolaāi,,27.274895,95.707076,hamlet,0,0,0,0
s12086123175,Bānsbān,,27.268725,95.699185,hamlet,0,0,0,0
s12086123176,Nāmdāng,,27.263595,95.701915,hamlet,0,0,0,0
s12086256648,Bishunpur,,27.554167,95.690596,hamlet,0,0,0,0
s12089656704,Saikhoaghat,,27.768412,95.597073,hamlet,0,0,0,0
s12090132459,Sankalāgaon,,26.619109,93.810539,hamlet,0,0,0,0
s12091863499,Birina Sāyak,,26.550182,94.140129,village,0,0,0,0
s12096003944,Hemelāigaon,,26.74653,94.462552,hamlet,0,0,0,0
s12101473810,Rājgarhgaon,,27.02072,94.869422,hamlet,0,0,0,0
s12101473859,Pithāguti Grant,,27.161598,95.030617,hamlet,0,0,0,0
s12102166434,Nām Hulung,,27.574976,95.775847,hamlet,0,0,0,0
s12102166440,Tongāna,,27.601754,95.754218,hamlet,0,0,0,0
s12102166442,Bātoni,,27.607896,95.75911,village,0,0,0,0
s12102225945,Nāmghar,,27.435927,95.701325,hamlet,0,0,0,0
s12102225946,Dhekiājān Bangaon,,27.435146,95.686412,hamlet,0,0,0,0
s12102225947,Pānbāri (No 2),,27.422138,95.641072,hamlet,0,0,0,0
s12102225948,Bābāpung,,27.401471,95.649869,suburb,0,0,0,0
s12102225949,Maliābāri,,27.402061,95.637724,suburb,0,0,0,0
s12102225950,Bhimpāthar Bangaon,,27.41351,95.667658,hamlet,0,0,0,0
s12102225951,Kherjān Bangaon,,27.425319,95.682099,hamlet,0,0,0,0
s12104727953,Raāngājāngaon,,26.484498,93.902507,hamlet,0,0,0,0
s12106506183,Kāsomārigaon,,27.102934,94.931746,hamlet,0,0,0,0
s12106853765,Barāhigaon,,27.054272,94.984875,hamlet,0,0,0,0
s12106962912,Khāmdu,,27.348622,95.970254,hamlet,0,0,0,0
s12118106199,Tippomia,,26.512516,94.170041,hamlet,0,0,0,0
s12118106200,Rājābāri,,26.49243,94.164591,hamlet,0,0,0,0
s12118115895,Phechuāl,,26.443025,94.036703,hamlet,0,0,0,0
s12118115896,Baruāgaon,,26.445235,94.032347,hamlet,0,0,0,0
s12118121101,Gohāingaon,,26.477795,94.159055,hamlet,0,0,0,0
s12118201333,Rahan Pathār No.1,,27.123829,95.123448,hamlet,0,0,0,0
s12118201337,Longpatiya,,27.0798,95.093021,hamlet,0,0,0,0
s12118201338,Banhabārigaon,,27.08684,95.061801,hamlet,0,0,0,0
s12118201339,Hāthīmuriyā īgaom,,27.082226,95.05281,hamlet,0,0,0,0
s12118201349,Bhojogaon,,27.075998,95.04869,hamlet,0,0,0,0
s12122742222,Nārempathār,,27.182329,95.312018,hamlet,0,0,0,0
s12122742224,Ghilāguri,,27.183074,95.255799,hamlet,0,0,0,0
s12122765792,Santipu,,27.195031,95.277649,hamlet,0,0,0,0
s12128194971,Kherbartāni,,27.192923,95.223613,hamlet,0,0,0,0
s12128194972,Godhāchalong,,27.198858,95.240564,hamlet,0,0,0,0
s12128194973,Shil Grant,,27.193743,95.239384,hamlet,0,0,0,0
s12128194974,Bartāni,,27.197427,95.234191,hamlet,0,0,0,0
s12128194975,Mamorāli,,27.193705,95.260842,hamlet,0,0,0,0
s12128194976,Mamorāli,,27.195537,95.252667,hamlet,0,0,0,0
s12128194979,Barhela,,27.19839,95.270144,hamlet,0,0,0,0
s12128194980,Bortony No 2,,27.200528,95.255081,hamlet,0,0,0,0
s12128194981,Kābola,,27.183083,95.225565,hamlet,0,0,0,0
s12128194982,Chrni,,27.178369,95.206211,hamlet,0,0,0,0
s12128194983,Shimulguri,,27.176068,95.19472,hamlet,0,0,0,0
s12128194984,Māhamara Alikinār,,27.171315,95.197799,hamlet,0,0,0,0
s12128194985,Got Pathār,,27.165282,95.195589,hamlet,0,0,0,0
s12128194986,Kalyānpur,,27.164843,95.182993,hamlet,0,0,0,0
s12128194987,Chapātali,,27.151708,95.176277,hamlet,0,0,0,0
s12128194988,Chapātali,,27.153369,95.171556,hamlet,0,0,0,0
s12128302305,Chengeli Chetia,,26.643546,94.109649,hamlet,0,0,0,0
s12128302306,Jakāi Chuk,,26.628307,94.113736,hamlet,0,0,0,0
s12128302312,Āthābārigaon,,26.571506,94.056444,hamlet,0,0,0,0
s12135700062,Bangaon,,26.582272,93.986299,hamlet,0,0,0,0
s12135700066,Maliāgaon,,26.60334,93.989711,hamlet,0,0,0,0
s12135700067,Kāthkatiāgaon,,26.606601,93.977909,hamlet,0,0,0,0
s12135700068,Kāthkatiāgaon,,26.61439,93.977008,hamlet,0,0,0,0
s12135700069,Kāthkatiāgaon,,26.621239,93.982673,hamlet,0,0,0,0
s12135700070,Barua Bāmungaon,,26.671257,93.989088,hamlet,0,0,0,0
s12144952928,Gelakey Chariali,,26.80403,94.701365,hamlet,0,0,0,0
s12144953518,Deopāni,,26.81419,94.645672,hamlet,0,0,0,0
s12144953519,Deopāni,,26.807104,94.648118,hamlet,0,0,0,0
s12144953522,Lāhangaon,,26.809096,94.730258,hamlet,0,0,0,0
s12144953524,Lāhangaon,,26.797413,94.736137,hamlet,0,0,0,0
s12149499887,Silanijāngaon,,26.330595,93.860407,hamlet,0,0,0,0
s12156245600,Chokihola,,26.430517,93.742218,village,0,0,0,0
s12156285320,Sonāpur,,26.266171,93.116856,village,0,0,0,0
s12164093506,Perhen,,26.518546,93.645757,hamlet,0,0,0,0
s12164093510,Māthani,,26.619915,93.514024,hamlet,0,0,0,0
s12164093512,Bachāgāon,,26.593026,93.450599,hamlet,0,0,0,0
s12164104130,Degrāmgaon,,26.532963,93.490241,hamlet,0,0,0,0
s12164104131,Burhaterāng Ānchachegaon,,26.540969,93.479662,hamlet,0,0,0,0
s12164104133,Langbaigaon,,26.556564,93.446016,hamlet,0,0,0,0
s12164104134,Ranghānggaon,,26.54619,93.477527,hamlet,0,0,0,0
s12164104135,Langkui Pāngso,,26.54832,93.465929,hamlet,0,0,0,0
s12164195689,Letekujān,,26.582917,93.805053,hamlet,0,0,0,0
s12164195690,Numaligarh,,26.573684,93.786914,hamlet,0,0,0,0
s12164228667,Sangterāng Waphang Hānse,,26.509645,93.681557,hamlet,0,0,0,0
s12164229030,Diethar Pathārgaon,,26.578395,93.717027,hamlet,0,0,0,0
s12164229031,Tarādon,,26.5816,93.722584,hamlet,0,0,0,0
s12164229033,Bālijāngaon,,26.443429,93.739364,hamlet,0,0,0,0
s12166706377,Khāgarijān No 2,,25.914242,93.109002,hamlet,0,0,0,0
s12166706379,Tapanpur,,26.01535,93.053427,hamlet,0,0,0,0
s12178495179,Rowārpār,,26.108799,92.924573,hamlet,0,0,0,0
s12178495181,Āmbāri,,26.094058,92.958348,hamlet,0,0,0,0
s12178589446,Silputātināli,,26.043655,93.156638,hamlet,0,0,0,0
s12184841905,Lāngtarāng,,25.484985,92.97502,hamlet,0,0,0,0
s12184841906,Sarungdisa,,25.492307,92.962253,hamlet,0,0,0,0
s12184841907,Dikārbi,,25.507336,92.966437,hamlet,0,0,0,0
s12184841910,Thāijuwāri,,25.569001,92.970858,hamlet,0,0,0,0
s12184841912,Lāngdisa,,25.576879,92.960494,hamlet,0,0,0,0
s12184841913,Lāngkol,,25.587669,92.942512,hamlet,0,0,0,0
s12184841914,Jārāmdisa,,25.592091,92.936729,hamlet,0,0,0,0
s12184841916,Old Gera,,25.639495,92.909097,hamlet,0,0,0,0
s12184841917,Lārbo,,25.64349,92.925517,hamlet,0,0,0,0
s12184841918,Railing,,25.660792,92.920808,hamlet,0,0,0,0
s12184841919,Kaila Disa,,25.673755,92.907348,hamlet,0,0,0,0
s12184841920,Adālāngso,,25.700131,92.90715,hamlet,0,0,0,0
s12184841921,Ardha,,25.707468,92.908748,hamlet,0,0,0,0
s12184841922,Ningthe,,25.716199,92.907904,hamlet,0,0,0,0
s12184841924,Probdisa,,25.731551,92.910293,hamlet,0,0,0,0
s12184841925,Probdisa,,25.740858,92.91555,hamlet,0,0,0,0
s12184841926,Kārbithepa,,25.748511,92.898052,hamlet,0,0,0,0
s12184848892,Klempu,,25.722262,92.891507,hamlet,0,0,0,0
s12184848893,Klempu,,25.718744,92.890112,hamlet,0,0,0,0
s12184848894,Klempu,,25.715187,92.888138,hamlet,0,0,0,0
s12184848895,New Gera,,25.658195,92.89574,hamlet,0,0,0,0
s12184848896,Boro Langlai,,25.47251,92.733385,hamlet,0,0,0,0
s12184848898,Kurungthar,,25.475823,92.766623,hamlet,0,0,0,0
s12184848899,Thāosenpur,,25.475087,92.78733,hamlet,0,0,0,0
s12184848900,Khunti,,25.495696,92.786,hamlet,0,0,0,0
s12184851601,Dorbin,,25.492771,92.800355,hamlet,0,0,0,0
s12184851602,Dithur,,25.496568,92.801385,hamlet,0,0,0,0
s12184851603,Wāridiplāi,,25.505399,92.814796,hamlet,0,0,0,0
s12184851604,Wāridiplāi,,25.513397,92.821341,hamlet,0,0,0,0
s12184851605,Dikārbi,,25.546468,92.835503,hamlet,0,0,0,0
s12184851609,Langchiru,,25.50354,92.763276,hamlet,0,0,0,0
s12184851611,Umrāngso (16km),,25.513668,92.763297,hamlet,0,0,0,0
s12184851612,Umrāngso,,25.540021,92.781494,hamlet,0,0,0,0
s12184851613,Umrāngshu,,25.545191,92.769198,hamlet,0,0,0,0
s12184851614,Umrāngshu,,25.538221,92.768941,hamlet,0,0,0,0
s12184851615,Mangle,,25.550611,92.809147,hamlet,0,0,0,0
s12184851617,Diamāi,,25.606721,92.874963,hamlet,0,0,0,0
s12184851618,Lāngkula,,25.601709,92.906914,hamlet,0,0,0,0
s12184851619,Pāklāngso,,25.566446,92.915196,hamlet,0,0,0,0
s12184851620,Lāngdisa,,25.565265,92.938006,hamlet,0,0,0,0
s12184851626,Dithur,,25.520155,92.945774,hamlet,0,0,0,0
s12184851631,Lānglāi No 1,,25.4456,92.984719,hamlet,0,0,0,0
s12185046687,Hārāngajao,,25.111312,92.855472,hamlet,0,0,0,0
s12185046688,Kobak,,25.285798,92.805427,village,0,0,0,0
s12186828446,Dimādao,,25.483377,92.928843,hamlet,0,0,0,0
s12186828447,Wāri Lāmpu,,25.47807,92.901592,hamlet,0,0,0,0
s12186828449,Dikongmābra,,25.398797,92.944379,hamlet,0,0,0,0
s12186828452,Christian Lānglut,,25.426435,92.841001,hamlet,0,0,0,0
s12186828453,Choto Lānglut,,25.43378,92.829044,hamlet,0,0,0,0
s12186828454,Hindu Lānglut,,25.452478,92.824645,hamlet,0,0,0,0
s12186828455,Bangphiri,,25.440387,92.799432,hamlet,0,0,0,0
s12186828456,Bangphiri,,25.430059,92.807994,hamlet,0,0,0,0
s12186828457,New Sangbar,,25.413497,92.792544,hamlet,0,0,0,0
s12187250119,Raising,,25.174825,92.84915,hamlet,0,0,0,0
s12187250120,Indanglo,,25.203745,92.877227,hamlet,0,0,0,0
s12187250121,Rānchirām,,25.239116,92.883761,hamlet,0,0,0,0
s12187250122,Mauldam,,25.210629,92.819839,hamlet,0,0,0,0
s12187250123,Jahāi,,25.212998,92.830052,hamlet,0,0,0,0
s12187250124,Mālangpa,,25.217502,92.826297,hamlet,0,0,0,0
s12187250125,Thāijal,,25.187758,92.804239,hamlet,0,0,0,0
s12187250126,Kanipiui,,25.195602,92.8231,hamlet,0,0,0,0
s12187250127,Thuruk,,25.179796,92.81529,hamlet,0,0,0,0
s12187250128,Khotlir,,25.245744,92.822499,hamlet,0,0,0,0
s12187250129,Khārtongsip,,25.252149,92.810976,hamlet,0,0,0,0
s12187250784,Kanan,,25.36586,92.867174,hamlet,0,0,0,0
s12187251505,Vaitongsip,,25.327309,92.813541,hamlet,0,0,0,0
s12187251870,Khudirāng,,25.330102,92.906291,hamlet,0,0,0,0
s12187253911,Khunti,,25.412559,92.777138,hamlet,0,0,0,0
s12187253912,Sangbār block,,25.403178,92.79557,hamlet,0,0,0,0
s12187253916,Khunti,,25.360392,92.818851,hamlet,0,0,0,0
s12187253917,Sangbār,,25.365957,92.822177,hamlet,0,0,0,0
s12188828671,Chota Lobāng,,25.438062,92.670171,hamlet,0,0,0,0
s12188828672,Lobāng,,25.444767,92.694569,hamlet,0,0,0,0
s12188885952,Khandong,,25.514172,92.668498,hamlet,0,0,0,0
s12188888738,Tlanghoi,,25.406236,92.740386,hamlet,0,0,0,0
s12197522168,Jaipur,,24.903214,93.058137,hamlet,0,0,0,0
s12197522169,Rāja Bāzār,,24.887897,93.068816,hamlet,0,0,0,0
s12197522170,Molong,,24.972625,93.147859,hamlet,0,0,0,0
s12197522190,Chaikambao,,25.203384,92.983236,hamlet,0,0,0,0
s12197522193,Leike,,25.290548,93.429508,hamlet,0,0,0,0
s12197523898,Shongkai,,25.094421,93.290706,hamlet,0,0,0,0
s12197523899,Nutan Shongkai,,25.086668,93.280621,hamlet,0,0,0,0
s12197526320,Diglāng,,24.864283,93.132337,hamlet,0,0,0,0
s12197526401,Purāna Hmārlūshei,,25.092731,93.252704,hamlet,0,0,0,0
s12197526402,Nutan Hmārlūshei,,25.084355,93.260236,hamlet,0,0,0,0
s12197526403,Muallien,,25.044645,93.196367,hamlet,0,0,0,0
s12197526404,Leiri,,25.064881,93.240109,hamlet,0,0,0,0
s12197526405,Dijung,,25.065095,93.235753,hamlet,0,0,0,0
s12197526406,Bālādhan,,25.064854,93.218382,hamlet,0,0,0,0
s12200349721,Kumāchara,,24.948933,93.132445,hamlet,0,0,0,0
s12200349722,Nutan Bāzār,,24.87828,93.069102,village,0,0,0,0
s12200349723,Jaipur,,24.907778,93.05936,hamlet,0,0,0,0
s12200349724,Jaipur,,24.893084,93.062364,hamlet,0,0,0,0
s12200349725,Harīnagar,,24.921099,93.115976,hamlet,0,0,0,0
s12200364577,Laisong,,25.217453,93.349725,hamlet,0,0,0,0
s12200364578,Nutan Nenglo,,25.217832,93.345219,hamlet,0,0,0,0
s12205922277,Purāna Paisa,,25.072306,93.144042,hamlet,0,0,0,0
s12205922368,Thīngburg,,25.114615,93.152921,hamlet,0,0,0,0
s12205922929,Khunglung,,25.040106,93.122714,hamlet,0,0,0,0
s12205922930,Gopikot,,25.043294,93.12929,hamlet,0,0,0,0
s12205989706,Dauban,,25.003853,93.099003,hamlet,0,0,0,0
s12205989707,Khangnam,,25.018612,93.114688,hamlet,0,0,0,0
s12207197321,Pānigrām,,24.911203,92.900444,hamlet,0,0,0,0
s12207386719,Duiheng,,25.085735,92.97096,hamlet,0,0,0,0
s12207765759,Ārda,,25.073783,92.937963,hamlet,0,0,0,0
s12216958361,Michikūr,,25.105653,92.801825,hamlet,0,0,0,0
s12216958362,Saidingbasti,,25.096967,92.799303,hamlet,0,0,0,0
s12216958363,Ditokchhara,,25.094033,92.803252,hamlet,0,0,0,0
s12216958365,Disāma,,25.070041,92.748578,hamlet,0,0,0,0
s12216958366,Disāma,,25.073336,92.746196,hamlet,0,0,0,0
s12216958367,New Nachangjāl,,25.081858,92.754634,hamlet,0,0,0,0
s12216958368,New Zoār,,25.081149,92.759585,hamlet,0,0,0,0
s12216958370,Kayāng Deshwālibasti,,25.089884,92.80279,hamlet,0,0,0,0
s12216958371,Kayāng,,25.091021,92.796031,hamlet,0,0,0,0
s12216958372,Zoār,,25.083626,92.774842,hamlet,0,0,0,0
s12216958373,Sāisi,,25.086163,92.782046,hamlet,0,0,0,0
s12216959852,Kayāng,,25.084365,92.796396,hamlet,0,0,0,0
s12216959854,Paschim Bāndarkhāl,,25.059599,92.797914,hamlet,0,0,0,0
s12216959855,Bāndarkhāl,,25.055765,92.799153,hamlet,0,0,0,0
s12216959857,Dālung Basti,,25.044305,92.781274,hamlet,0,0,0,0
s12216959858,Durbintola,,25.029778,92.777696,hamlet,0,0,0,0
s12224186901,Dakshin Mohanpur,,24.688639,92.934015,hamlet,0,0,0,0
s12224186903,Māchhkāl Khās,,24.696145,93.004353,hamlet,0,0,0,0
s12224186904,Māchhkāl,,24.699308,93.008999,hamlet,0,0,0,0
s12225705653,Bhubandhar No.6,,24.567684,92.872978,hamlet,0,0,0,0
s12225705654,Bhubandhar No.6,,24.581217,92.865286,hamlet,0,0,0,0
s12229339843,Debipur,,24.573968,92.862185,hamlet,0,0,0,0
s12229339848,Moroikāndi,,24.627015,92.872549,hamlet,0,0,0,0
s12249059032,Jamalpār,,24.635208,92.905873,hamlet,0,0,0,0
s12249059033,Kāshital,,24.559683,92.951288,hamlet,0,0,0,0
s12249059034,Nāgākhāl,,24.568396,92.973647,village,0,0,0,0
s12249059035,Mohankhāl,,24.584671,92.969527,hamlet,0,0,0,0
s12249059037,Dulālgrām,,24.604826,92.859407,hamlet,0,0,0,0
s12249059039,Bitila,,24.611244,92.864513,hamlet,0,0,0,0
s12249059041,Gangānagar,,24.623144,92.943403,hamlet,0,0,0,0
s12249059045,Barmanbasti,,24.575656,92.889581,hamlet,0,0,0,0
s12249059046,Sureshnagar,,24.563547,92.887162,hamlet,0,0,0,0
s12249059047,Rāmmānikyapur,,24.578515,92.958326,hamlet,0,0,0,0
s12249059048,Maniārkhāl,,24.575822,92.949153,village,0,0,0,0
s12249059049,Nutanbasti,,24.597656,92.93969,hamlet,0,0,0,0
s12249059050,Chandrapur,,24.590222,92.937352,hamlet,0,0,0,0
s12249059051,Pingthal,,24.590427,92.909746,hamlet,0,0,0,0
s12249059054,Burunga,,24.630039,92.934304,hamlet,0,0,0,0
s12249059055,Bantārāpur,,24.632974,92.917954,hamlet,0,0,0,0
s12249059056,Sundri,,24.643672,92.901903,hamlet,0,0,0,0
s12264415003,Sholanambar,,24.656349,92.842047,hamlet,0,0,0,0
s12264415006,Puthikhāl,,24.665124,92.812167,hamlet,0,0,0,0
s12269405278,Daramkhāl,,24.704927,92.794325,hamlet,0,0,0,0
s12269558083,Lamargaon,,24.716749,92.851918,hamlet,0,0,0,0
s12269716839,Phāisen,,24.380155,92.677901,hamlet,0,0,0,0
s12269716840,Phāisen,,24.39214,92.682257,hamlet,0,0,0,0
s12279681717,Rosekandi,,24.695345,92.715007,hamlet,0,0,0,0
s12279681718,Boālipār,,24.718679,92.579132,hamlet,0,0,0,0
s12279692856,Craigpark,,25.000002,92.533338,hamlet,0,0,0,0
s12279694584,Arunāchal,,24.866573,92.766795,village,0,0,0,0
s12282759798,Khunow,,24.794361,92.964034,hamlet,0,0,0,0
s12282759799,Tolengram,,24.792345,92.972767,village,0,0,0,0
s12288765941,Chandipur,,24.993215,92.506342,hamlet,0,0,0,0
s12288807058,Srigouri,,24.85889,92.522113,hamlet,0,0,0,0
s12288807073,Bhanga,,24.865033,92.475572,hamlet,0,0,0,0
s12290531456,Dudhpatli,,24.836586,92.78718,suburb,0,0,0,0
s12290531458,Kharilpār,,24.854726,92.787462,hamlet,0,0,0,0
s12290531498,Māchhughāt,,24.854763,92.776516,hamlet,0,0,0,0
s12290596562,Jhāpirband,,24.912284,92.865844,village,0,0,0,0
s12290766905,Gumvom,,25.154355,93.189763,hamlet,0,0,0,0
s12290767150,Hedelogolo,,25.178568,93.137423,hamlet,0,0,0,0
s12290767151,Longkai,,25.173835,93.151735,hamlet,0,0,0,0
s12290767152,Nengte,,25.132231,93.13046,hamlet,0,0,0,0
s12290767153,Pangmul,,25.170325,93.159352,hamlet,0,0,0,0
s12303142202,Rāngāmāti,,24.279986,92.290778,hamlet,0,0,0,0
s12303142203,Nīlkāntpur,,24.290841,92.293096,hamlet,0,0,0,0
s12303142206,Isābil,,24.407826,92.303986,hamlet,0,0,0,0
s12303142207,East Kālāchhara,,24.422183,92.322879,hamlet,0,0,0,0
s12303142208,Kālāchhara,,24.415657,92.307901,hamlet,0,0,0,0
s12308501189,Rauarpār,,24.40006,92.290917,hamlet,0,0,0,0
s12308501190,Uttar Solāmana,,24.384163,92.293393,hamlet,0,0,0,0
s12308501473,Dakshin Māgura,,24.348351,92.286466,hamlet,0,0,0,0
s12308501474,Māgurāpunji,,24.356809,92.288057,hamlet,0,0,0,0
s12308501811,Karīmganjbil,,24.380981,92.317647,hamlet,0,0,0,0
s12308501812,Basti No. 4,,24.386386,92.315491,hamlet,0,0,0,0
s12310303629,Belala,,24.733482,92.46178,hamlet,0,0,0,0
s12358670085,Singari,,24.584086,92.337341,hamlet,0,0,0,0
s12367194791,Bhairab Nagar,,24.701572,92.490702,hamlet,0,0,0,0
s12372494832,Golerband,,24.629971,92.488682,hamlet,0,0,0,0
s12372494889,Dalurpār,,24.603187,92.454736,hamlet,0,0,0,0
s12373756571,Alambag,,24.791268,92.684126,village,0,0,0,0
s12373756572,Madhcherra,,24.67184,92.666993,village,0,0,0,0
s12373756573,Mesipur,,24.67354,92.666185,village,0,0,0,0
s12373756574,Paglanala,,24.593133,92.687502,village,0,0,0,0
s12373756575,Aulicherra,,24.583098,92.674762,village,0,0,0,0
s12373756576,Munchicherra,,24.572994,92.707795,village,0,0,0,0
s12375834699,Harinagar,,24.920971,93.125413,village,0,0,0,0
s12375834700,Digli,,24.865849,93.124098,village,0,0,0,0
s12375838501,Bhuban Hills,,24.699044,92.918542,village,0,0,0,0
s12375838502,Hadama,,24.488741,92.806156,village,0,0,0,0
s12434159470,Khelma,,24.835193,92.754586,hamlet,0,0,0,0
s12434159471,Rāmnagar,,24.835797,92.76657,hamlet,0,0,0,0
s12434558313,Wāngirband,,24.411769,92.411392,hamlet,0,0,0,0
s12434558314,Nibiāchhara,,24.405458,92.417121,hamlet,0,0,0,0
s12434558315,Lāchhara,,24.45551,92.438493,hamlet,0,0,0,0
s12434558318,Gambhīrābasti,,24.421558,92.444458,hamlet,0,0,0,0
s12451419216,Sonatola,,24.673212,92.282638,hamlet,0,0,0,0
s12513977050,Old Khubing,,25.174233,92.9628,hamlet,0,0,0,0
s12513977201,Khubing,,25.186651,92.962897,hamlet,0,0,0,0
s12513977203,Michidui,,25.218113,92.95764,hamlet,0,0,0,0
s12513977730,Christian Kampāi,,25.242862,92.931933,hamlet,0,0,0,0
s12513977731,Nchubung,,25.234467,92.921526,hamlet,0,0,0,0
s12516605363,Gurbāri,,25.248578,93.021026,hamlet,0,0,0,0
s12516605365,Borodisa,,25.309619,92.965193,hamlet,0,0,0,0
s12516605367,Longren,,25.293246,92.963154,hamlet,0,0,0,0
s12516605368,Thangpui,,25.296745,92.892128,hamlet,0,0,0,0
s12516605370,Laskar,,25.25634,92.943907,hamlet,0,0,0,0
s12516605371,Nimkai,,25.247724,92.965836,hamlet,0,0,0,0
s12516605372,Ningal,,25.247779,92.971672,hamlet,0,0,0,0
s12516605373,Jiri,,25.266887,92.970632,hamlet,0,0,0,0
s12516605374,Pāija,,25.275377,92.954088,hamlet,0,0,0,0
s12516605375,Chaptuk,,25.311762,92.935463,hamlet,0,0,0,0
s12516661901,Bongong,,25.294817,92.930624,hamlet,0,0,0,0
s12516662203,Kajion,,25.267208,92.998624,hamlet,0,0,0,0
s12516736178,Hokāi,,25.164183,92.985449,hamlet,0,0,0,0
s12516771087,Bora Robi,,25.148878,93.005555,hamlet,0,0,0,0
s12516771088,Rāwtilla,,25.148315,92.994633,hamlet,0,0,0,0
s12516771090,Christian Hokāi,,25.153559,92.990813,hamlet,0,0,0,0
s12516786918,Dayuring,,25.154103,92.970493,hamlet,0,0,0,0
s12516786919,Old Dayuring,,25.146198,92.960773,hamlet,0,0,0,0
s12516786939,No. 5 village,,25.132814,92.978239,hamlet,0,0,0,0
s12516786954,Jātinga,,25.131512,93.005619,hamlet,0,0,0,0
s12516787722,Sampāridisa,,25.239805,93.006027,hamlet,0,0,0,0
s12517047788,Lower Hirāklio,,25.198573,92.930689,hamlet,0,0,0,0
s12517047789,Hirāklio,,25.203485,92.924402,hamlet,0,0,0,0
s12527884851,Bongledīsa,,25.381899,93.1774,hamlet,0,0,0,0
s12527884852,Nūtan Hājong,,25.382888,93.197344,hamlet,0,0,0,0
s12527884854,Mupa Nāiding,,25.344886,93.15356,hamlet,0,0,0,0
s12527885695,Wādrengdīsa,,25.343077,93.185782,hamlet,0,0,0,0
s12527887447,Nūtan Dukhāling,,25.292838,93.179653,hamlet,0,0,0,0
s12527887448,Singphalangdīsa,,25.314334,93.148232,hamlet,0,0,0,0
s12527887449,Nūtan Gālāphang,,25.302797,93.176789,hamlet,0,0,0,0
s12527887450,Jāgdi,,25.30847,93.208463,hamlet,0,0,0,0
s12527887451,Mupānābdi,,25.32648,93.194753,hamlet,0,0,0,0
s12527887452,Purāna Gālāphang,,25.32627,93.17363,hamlet,0,0,0,0
s12541240028,Saringyim,,26.646889,94.456809,village,0,0,0,0
s12580150772,Old Kalimābung,,25.172728,92.927363,hamlet,0,0,0,0
s12612911550,Lānglāi,,25.444263,92.963583,hamlet,0,0,0,0
s12616073555,Chanam,,25.280373,92.892655,hamlet,0,0,0,0
s12616088536,Purāna Kampāi,,25.260503,92.92334,hamlet,0,0,0,0
s12626084545,Motibra,,25.358337,93.071923,hamlet,0,0,0,0
s12626084558,Themdoling,,25.361992,93.011085,hamlet,0,0,0,0
s12626093175,Āmlangbra,,25.382611,93.009782,hamlet,0,0,0,0
s12626094059,Dimrābasti,,25.407074,93.050423,hamlet,0,0,0,0
s12626231496,Natunwāri,,25.21425,93.047966,hamlet,0,0,0,0
s12626231500,Lailong,,25.223364,93.111749,hamlet,0,0,0,0
s12626237101,Hāgjer,,25.25931,93.048105,hamlet,0,0,0,0
s12626237104,Riāb,,25.231925,93.039769,hamlet,0,0,0,0
s12626237123,Riām Bātāri,,25.227548,93.061634,hamlet,0,0,0,0
s12626237124,Motihojāi,,25.233875,93.070421,hamlet,0,0,0,0
s12626237125,Lāmphu,,25.2498,93.071108,hamlet,0,0,0,0
s12626237126,Rilai,,25.250305,93.096321,hamlet,0,0,0,0
s12626237127,Dījāmdolia,,25.256554,93.116019,hamlet,0,0,0,0
s12626237128,Dījāmbra,,25.275338,93.103037,hamlet,0,0,0,0
s12626237129,Nūtan Disāo,,25.296175,93.078146,hamlet,0,0,0,0
s12626237130,Chhota Bātāri,,25.283894,93.074798,hamlet,0,0,0,0
s12626237131,Phonglo,,25.28696,93.048277,hamlet,0,0,0,0
s12626237132,Waiongdīsa,,25.287464,93.025424,hamlet,0,0,0,0
s12626237134,Disāgutu,,25.275183,93.013987,hamlet,0,0,0,0
s12626237136,Chhota Wāpu,,25.266645,93.030188,hamlet,0,0,0,0
s12626237141,Thāīzupang,,25.397998,92.988405,hamlet,0,0,0,0
s12626237146,Goīdisa,,25.372006,92.957253,hamlet,0,0,0,0
s12626237147,Dimāino,,25.349553,92.922471,hamlet,0,0,0,0
s12626237151,Nāīdingpur,,25.345611,92.953685,hamlet,0,0,0,0
s12626237152,Hojaīdobolin,,25.358046,92.9491,hamlet,0,0,0,0
s12626237153,Thānālambra,,25.359045,92.981222,hamlet,0,0,0,0
s12626237154,Lāmādisa,,25.346537,92.983604,hamlet,0,0,0,0
s12626237155,Laiya,,25.332012,92.987788,hamlet,0,0,0,0
s12626329430,Goliābra,,25.299396,93.01682,hamlet,0,0,0,0
s12626600248,Thaishalinghawer,,25.427515,93.010433,hamlet,0,0,0,0
s12646600801,Chhota Lāngklam,,25.595047,92.892323,hamlet,0,0,0,0
s12646601777,Trilāngso,,25.688689,92.951589,hamlet,0,0,0,0
s12646601778,Hāzāwāri,,25.716347,92.933704,hamlet,0,0,0,0
s12646601779,Phonglodisa,,25.723239,92.923002,hamlet,0,0,0,0
s12646601781,Lāngphār,,25.752899,92.892044,hamlet,0,0,0,0
s12646603118,Phānglāngsu,,25.759914,92.936225,hamlet,0,0,0,0
s12646603119,Chhota Wāshling No. 1,,25.753536,92.933135,hamlet,0,0,0,0
s12677024698,Dismai Basti,,25.566746,92.842219,hamlet,0,0,0,0
s12677041735,Dikārbi,,25.548753,92.876422,hamlet,0,0,0,0
s12677770178,Gāngdāngkro,,25.503729,93.154004,hamlet,0,0,0,0
s12677770179,Dijāo,,25.534378,93.139182,hamlet,0,0,0,0
s12677778177,Gireso,,25.541909,93.076944,hamlet,0,0,0,0
s12677779570,Purānā Thangew Leikai,,25.570666,93.092694,hamlet,0,0,0,0
s12677779571,Māngādi,,25.575756,92.976887,hamlet,0,0,0,0
s12677779572,Rangphangdīsa,,25.585937,93.04641,hamlet,0,0,0,0
s12677779573,Daopher,,25.587233,93.04184,hamlet,0,0,0,0
s12677783074,Thaidiphang,,25.532393,93.086858,hamlet,0,0,0,0
s12677783415,Thaopung Dīsa,,25.505506,93.082395,hamlet,0,0,0,0
s12688661382,Dāodungkhor,,25.519718,93.016515,hamlet,0,0,0,0
s12762993670,Thumjāng,,25.179486,93.221891,hamlet,0,0,0,0
s12762993671,Nāga Tolpui,,25.201718,93.267381,hamlet,0,0,0,0
s12762993673,Purāna Laikul,,25.196845,93.213394,hamlet,0,0,0,0
s12763020954,Yāh,,25.251586,93.210475,hamlet,0,0,0,0
s12763020955,Ebra,,25.249558,93.171777,hamlet,0,0,0,0
s12763020956,Thāpa,,25.248645,93.187913,hamlet,0,0,0,0
s12763020957,Chhota Laisong,,25.241872,93.27487,hamlet,0,0,0,0
s12763020958,Hegokulwa,,25.2439,93.285373,hamlet,0,0,0,0
s12763020959,Hegokulwa,,25.246176,93.282678,hamlet,0,0,0,0
s12763020960,Chhota Laisong,,25.242076,93.270385,hamlet,0,0,0,0
s12763020961,Kapilo,,25.232313,93.340616,hamlet,0,0,0,0
s12763035018,Sulpīdong,,25.346479,93.394271,hamlet,0,0,0,0
s12763035019,Thlungjang,,25.367857,93.41471,hamlet,0,0,0,0
s12763035022,Thingvom,,25.375821,93.396385,hamlet,0,0,0,0
s12763035023,Mongjang,,25.39083,93.417349,hamlet,0,0,0,0
s12763035024,Tongikro,,25.402693,93.382244,hamlet,0,0,0,0
s12763035028,Kolādīsa,,25.47346,93.379476,hamlet,0,0,0,0
s12763035030,Prāsadimdik,,25.444534,93.417349,hamlet,0,0,0,0
s12763035031,Bongkhai,,25.434032,93.434955,hamlet,0,0,0,0
s12763154830,Didāodip,,25.253623,93.145544,hamlet,0,0,0,0
s12763154832,Mādāi Rāja Hājong,,25.323216,93.080335,hamlet,0,0,0,0
s12763154833,Jāmbirling,,25.321403,93.078918,hamlet,0,0,0,0
s12763154834,Nātudīsa,,25.318668,93.062106,hamlet,0,0,0,0
s12763154835,Nābīn,,25.334388,93.038492,hamlet,0,0,0,0
s12763154836,Longmalai,,25.339372,93.032935,hamlet,0,0,0,0
s12763154837,Āsrang,,25.334581,93.002089,hamlet,0,0,0,0
s12763154838,Longjai,,25.333845,93.085549,hamlet,0,0,0,0
s12763154839,Krāmtondolia,,25.345209,93.099861,hamlet,0,0,0,0
s12763154840,Kimkridīsa,,25.342572,93.106298,hamlet,0,0,0,0
s12763154841,Mahurpurna,,25.339139,93.106921,hamlet,0,0,0,0
s12763154842,Mahurwāpu,,25.336618,93.109882,hamlet,0,0,0,0
s12763154844,Dīsagisim,,25.326242,93.103573,hamlet,0,0,0,0
s12763155669,Dāmsodāingphai,,25.284651,93.127713,hamlet,0,0,0,0
s12763155671,Khāilimdīsa,,25.268197,93.160329,hamlet,0,0,0,0
s12763155672,Nūtan Wādrengdīsa,,25.274116,93.170478,hamlet,0,0,0,0
s12763155673,Mosāibāri,,25.280761,93.188696,hamlet,0,0,0,0
s12763155674,Purāna Dukhāling,,25.283332,93.201646,hamlet,0,0,0,0
s12763155675,Guilung,,25.287949,93.245709,hamlet,0,0,0,0
s12763155676,Semkhor,,25.278578,93.299063,hamlet,0,0,0,0
s12772101649,Hange,,25.16227,93.1167,hamlet,0,0,0,0
s12772101650,Nomjāng,,25.157958,93.10176,hamlet,0,0,0,0
s12772142993,Nutan Kāpurchhara,,25.116436,92.919627,hamlet,0,0,0,0
s12772142994,Māilongdisa,,25.1221,92.918125,hamlet,0,0,0,0
s12772143969,Chhota Hāflong,,25.13631,92.999482,hamlet,0,0,0,0
s12772143971,Chāikam,,25.20068,92.983813,hamlet,0,0,0,0
s12772143972,Dibarai,,25.173893,93.005029,suburb,0,0,0,0
s12772143973,Fiengpul,,25.168747,93.003688,suburb,0,0,0,0
s12772143974,Mahādeo,,25.15739,93.006241,hamlet,0,0,0,0
s12772143975,Hokāi,,25.168465,92.981962,hamlet,0,0,0,0
s12772151793,Kāpurchhara,,25.109966,92.915744,hamlet,0,0,0,0
s12772151795,Lāmpu,,25.116227,92.962097,hamlet,0,0,0,0
s12772151796,Retzol,,25.107372,92.979323,hamlet,0,0,0,0
s12772646080,Kāokang,,25.176165,93.175596,hamlet,0,0,0,0
s12772646081,Kāokang,,25.179029,93.17669,hamlet,0,0,0,0
s12772647110,Lungkhong,,25.197859,93.017973,suburb,0,0,0,0
s12772647111,Longkhāo,,25.202301,93.002143,hamlet,0,0,0,0
s12772647112,Bethel,,25.200621,93.003774,hamlet,0,0,0,0
s12772647113,Zion,,25.197923,93.0018,hamlet,0,0,0,0
s12772647114,Sherkum,,25.192933,93.009675,suburb,0,0,0,0
s12772647115,Lodi,,25.185816,93.005469,suburb,0,0,0,0
s12772647116,Baāgetār,,25.176078,93.004975,suburb,0,0,0,0
s12772647117,Longmāng,,25.179311,93.0124,suburb,0,0,0,0
s12772647118,Sarkāri Bāgān,,25.182389,93.014916,suburb,0,0,0,0
s12772647119,Khungsāi,,25.178491,93.028268,suburb,0,0,0,0
s12772647120,Mawlāi,,25.177262,93.021541,suburb,0,0,0,0
s12772647121,Honbheng,,25.173378,93.025253,hamlet,0,0,0,0
s12772647122,Bānjung,,25.16529,93.02433,suburb,0,0,0,0
s12772647123,Suongpijāng,,25.156385,93.025339,suburb,0,0,0,0
s12772647124,Bara Hāflong,,25.153695,93.027302,suburb,0,0,0,0
s12777284295,New Zoār,,25.21114,93.117133,hamlet,0,0,0,0
s12777303817,Jembāi,,25.204194,93.083628,hamlet,0,0,0,0
s12778196578,Samserpur,,25.222122,93.159578,hamlet,0,0,0,0
s12778201165,Thoi,,25.20367,93.146553,hamlet,0,0,0,0
s12784837283,Naithāng Punji,,24.933416,93.176208,hamlet,0,0,0,0
s12785501082,Tatephāi,,24.989209,93.238617,hamlet,0,0,0,0
s12810534491,Phaipi,,25.025048,93.22614,hamlet,0,0,0,0
s12810534492,Nenthe,,24.991183,93.183031,hamlet,0,0,0,0
s12810561848,Rāmbhom,,24.995649,93.207453,hamlet,0,0,0,0
s12810563320,Mauchār,,25.021874,93.197402,hamlet,0,0,0,0
s12810564149,Bara Ārkāp,,25.032018,93.193095,hamlet,0,0,0,0
s12832452124,Phāth,,25.390821,93.337076,hamlet,0,0,0,0
s12832452738,Dārangbra,,25.335532,93.279923,hamlet,0,0,0,0
s12832452739,Dārangbra,,25.331808,93.283088,hamlet,0,0,0,0
s12832452743,Dīdāmbra,,25.353121,93.283796,hamlet,0,0,0,0
s12832452744,Dīdam Kharo,,25.340933,93.294665,hamlet,0,0,0,0
s12832452745,Dārangi,,25.363514,93.317892,hamlet,0,0,0,0
s12832452746,Hājādīsa,,25.381254,93.295019,village,0,0,0,0
s12837597586,Hajāiluwa,,25.202621,93.32683,hamlet,0,0,0,0
s12837608126,Bara Nenglo,,25.192399,93.322372,hamlet,0,0,0,0
s12900355553,Asālu,,25.186292,93.178246,hamlet,0,0,0,0
s12900355594,Ngālsung,,25.139346,93.203558,hamlet,0,0,0,0
s12900355595,Chhota Leikek,,25.134025,93.220174,hamlet,0,0,0,0
s12900355596,Bara Leikek,,25.122177,93.206806,hamlet,0,0,0,0
s13157898887,塔索,,26.949603,93.400461,village,0,0,0,0
s13174553597,Dhal Pukhuri,,25.956066,92.906294,village,1055,1,0,0
s13270195093,Alni,,24.732959,93.044008,village,0,0,0,0
s13303052230,Nakapur,,27.54945,95.186892,village,0,0,0,0
s13322541951,Chandrapur,,24.811009,92.925299,village,0,0,0,0
s13610046528,Deopani,,27.126017,95.329231,village,0,0,0,0
s245720795,Thanlon,,24.268205,93.28323,village,1352,1,0,0
s245721490,Tinsong,,24.289784,93.19688,village,961,1,0,0
s245723348,Songsang,,24.485102,93.309146,village,0,0,0,0
s245724632,Kangkum,,24.601264,94.40697,village,0,0,0,0
s245728037,Khebuching,,24.922718,93.542221,village,0,0,0,0
s1848134157,Ukhrul,,25.097864,94.361071,city,92000,1,0,0
s2084596662,Phaipheng,,24.340842,93.457746,village,589,1,0,0
s2084597175,Henglep,,24.483256,93.523346,village,992,1,0,0
s2084662992,Kātang,,25.187606,93.563605,hamlet,0,0,0,0
s2084662993,Khoupum,,24.68235,93.47793,village,0,0,0,0
s2455512182,Parbung,,24.247337,93.107286,village,2545,1,0,0
s2455514195,Sipuikawn,,24.214394,93.036355,village,771,1,0,0
s2455548703,Taithu,,24.301219,93.126806,village,1173,1,0,0
s2455612532,Bukpi,,24.211859,93.239039,village,0,0,0,0
s2455649857,Suangpekmun,,24.31904,93.293378,village,219,1,0,0
s2455675390,Bungjang,,24.345969,93.328981,village,0,0,0,0
s2455704258,Mata Lambulane,,24.335652,93.645681,village,316,1,0,0
s2458560284,Khongkhang,,24.356733,94.192577,village,0,0,0,0
s2458565985,Tengnoupal,,24.38478,94.147263,village,0,0,0,0
s2459029260,T. M. Kasom,,24.963743,94.223373,village,570,1,0,0
s2459029884,Shokvao,,24.997767,94.260894,village,698,1,0,0
s2459047665,Hungpung,,25.06291,94.345632,town,0,0,0,0
s2459081243,Shiroy,,25.129884,94.419247,village,0,0,0,0
s2459082183,Lunghar,,25.170141,94.437376,village,0,0,0,0
s2501011503,Singngat,,24.146078,93.590164,town,3778,1,0,0
s2584650588,Paorei,,25.234752,94.397929,village,0,0,0,0
s2584650589,Phungcham,,25.212094,94.389156,village,0,0,0,0
s2584652059,Luirei Simphung,,25.267574,94.43118,village,0,0,0,0
s3693467779,Hiangtam V,,24.031253,93.570649,village,465,1,0,0
s3693467780,Bualkot,,24.056005,93.573715,village,223,1,0,0
s4283849570,Tamenglong,,24.98586,93.503997,town,0,0,0,0
s5156615408,Tousem,,25.100523,93.372599,village,0,0,0,0
s5481995099,Kakching Khunou,,24.402448,93.897185,village,0,0,0,0
s6201067247,Thanga,,24.534397,93.834985,village,0,0,0,0
s6229198926,Sekmai Bazar,,24.946141,93.881012,village,0,0,0,0
s6229200260,Lamphelpat,,24.835408,93.913557,village,0,0,0,0
s6229200930,Phayeng,,24.846244,93.816587,village,2728,1,0,0
s6229743111,Munpi,,24.321484,93.508372,village,0,0,0,0
s6233139095,Andro,,24.754793,94.046727,village,0,0,0,0
s6233955157,Heirok,,24.590661,94.072559,town,2974,1,0,0
s6233955870,Wangkhem,,24.664646,94.024226,village,0,0,0,0
s6234899184,Wangoi,,24.674362,93.900624,village,0,0,0,0
s6236727653,Monjrong,,24.791644,93.477731,village,0,0,0,0
s6236992441,Saparmeina,,25.044521,93.925311,village,0,0,0,0
s6236992857,Toubul,,24.622539,93.792751,village,0,0,0,0
s6237090100,Kaimai,,24.720034,93.259249,village,1162,1,0,0
s6237836939,Ithai,,24.4276,93.837946,village,0,0,0,0
s6248175355,Mukti Khulen,,24.650562,93.40853,village,0,0,0,0
s6248175392,Sibilong,,24.802469,93.324625,village,0,0,0,0
s6248308596,Wairangba,,24.935596,93.574022,village,0,0,0,0
s6248309046,Nungnang,,24.775521,93.527386,village,0,0,0,0
s6248310634,Okoklong,,24.784085,93.402243,village,0,0,0,0
s6248310635,Thingou,,24.806993,93.426361,village,0,0,0,0
s6248935883,Akhui,,24.915699,93.473343,village,0,0,0,0
s6248936585,Khongjrong,,24.966087,93.481116,village,0,0,0,0
s6251548356,Ileng,,25.307999,93.690215,hamlet,0,0,0,0
s6251548792,Magulong,,25.225587,93.547017,village,0,0,0,0
s6258352699,Ngampabung,,24.416264,93.09497,village,0,0,0,0
s6258353015,Tolbung,,24.38614,93.151521,hamlet,0,0,0,0
s6258353031,Phulpui,,24.384548,93.084819,village,0,0,0,0
s6376606248,Tharon,,25.050225,93.54764,village,0,0,0,0
s6376606249,Langmei,,25.13462,93.669627,village,0,0,0,0
s6376606250,Kabonram,,25.11222,93.635734,village,0,0,0,0
s6376606251,Buning,,25.13396,93.613429,village,0,0,0,0
s6376613229,Impa,,25.190299,93.518227,village,0,0,0,0
s6376614013,Lamlaba,,25.089962,93.620907,village,0,0,0,0
s6376614014,Inem,,25.186457,93.484983,village,0,0,0,0
s6377960585,Atengba,,24.926606,93.350658,hamlet,0,0,0,0
s6377960586,Bamgaijang,,24.935868,93.39823,village,0,0,0,0
s6381855186,New Magulong,,25.205067,93.450565,hamlet,0,0,0,0
s6381855200,Zening,,25.183311,93.443892,village,0,0,0,0
s6381855201,Ningjām,,25.13394,93.455544,hamlet,0,0,0,0
s6398219538,Tairenpokpi,,24.824764,93.803139,village,0,0,0,0
s6449561894,Tuivelzang,,24.134522,93.538448,village,0,0,0,0
s6449561954,Mongken,,24.136216,93.536316,village,0,0,0,0
s6449563149,Maukot,,24.13812,93.538349,village,0,0,0,0
s6449566318,Suangdoh,,24.089133,93.481241,village,0,0,0,0
s6449570331,Chiangpi,,24.135883,93.494731,village,0,0,0,0
s6449585930,Lungthul T,,24.1144,93.475619,village,0,0,0,0
s6449590070,Tuima,,24.131497,93.414422,village,0,0,0,0
s6449592477,Lungthul (D),,24.151278,93.44178,village,0,0,0,0
s6449594966,Lungthul (L),,24.145864,93.443529,village,823,1,0,0
s6449595742,Thuangtam,,24.154626,93.403398,village,0,0,0,0
s6449596088,Mualnuam,,24.194668,93.3866,village,1400,1,0,0
s6449600169,Khuanggin,,24.126396,93.326129,village,0,0,0,0
s6462162183,Tipaimukh,,24.236039,93.025139,village,0,0,0,0
s6828345585,Phungyar,,24.814628,94.357753,village,0,0,0,0
s6828345685,Kasom Khullen,,24.675624,94.272029,village,0,0,0,0
s7160628233,Shangshak Khullen,,25.009638,94.336671,village,0,0,0,0
s7160914647,Machi,,24.510147,94.142236,village,1403,1,0,0
s7160938883,Lamphelpat,,24.825301,93.929157,suburb,0,0,0,0
s7431176479,Muallum,,24.187787,93.624574,village,0,0,0,0
s7431176480,S.Zezaw,,24.210427,93.652396,village,0,0,0,0
s7431176481,S. Munhoih,,24.222413,93.650631,village,0,0,0,0
s7431176482,Lamjang,,24.245874,93.657095,village,0,0,0,0
s7431176483,Panglian singhat sub.div.,,24.229463,93.653705,village,0,0,0,0
s7431404595,Killian village,,24.238806,93.654303,village,0,0,0,0
s7431404596,S. Geltui,,24.21255,93.657621,village,0,0,0,0
s7431404597,Geljang,,24.258517,93.659241,village,0,0,0,0
s7431404600,Hiangdung,,24.233787,93.654215,village,0,0,0,0
s7596219110,New Bijang,,24.227293,93.873888,village,0,0,0,0
s7596219143,Jordan,,24.141748,93.780091,hamlet,0,0,0,0
s7596232079,"M. B, Saiching",,24.30393,93.859744,village,246,1,0,0
s7596232080,Jangmun,,24.224362,93.874077,village,157,1,0,0
s7596275220,Khaukual Khuman,,24.237514,93.858926,village,145,1,0,0
s7596275221,W.JouZang village,,24.1432,93.783776,hamlet,0,0,0,0
s7596275222,Longja,,24.165109,93.846872,village,0,0,0,0
s7596275223,Mualvom Vangkho,,24.257222,93.832224,village,0,0,0,0
s7596275224,Phaisan,,24.16389,93.808694,village,0,0,0,0
s7596275225,Singheu,,24.182556,93.825324,village,350,1,0,0
s7596275226,Haikha (L),,24.147529,93.842822,village,738,1,0,0
s7596397063,Chakap,,24.143396,93.839994,village,422,1,0,0
s7596426158,M.Tolpijang,,24.137475,93.840904,village,0,0,0,0
s7596429887,Langvon,,24.28183,93.838579,hamlet,0,0,0,0
s7596429903,Z. Khomunnuom,,24.200544,93.84292,village,0,0,0,0
s7596429921,Phoikon,,24.131754,93.837563,village,0,0,0,0
s7596429948,T. Phaicham,,24.159305,93.845273,village,0,0,0,0
s7596429949,Pantha,,24.302699,93.859992,village,195,1,0,0
s7596429950,D .Tuinol,,24.216105,93.860424,hamlet,0,0,0,0
s7596429951,Gelngai,,24.167807,93.852094,village,0,0,0,0
s7596430183,Saiboh,,24.246496,93.839067,village,179,1,0,0
s7596430184,H.Vangmun Village,,24.150331,93.799472,hamlet,0,0,0,0
s7596430299,P. Salem,,24.15296,93.842989,hamlet,0,0,0,0
s7596430337,T. Lamlai,,24.272759,93.834782,village,0,0,0,0
s7596430338,Mateijang,,24.288626,93.841084,village,0,0,0,0
s7596430385,T.K. Gunphai,,24.189054,93.836098,village,0,0,0,0
s7596430386,Makhao Bungmual,,24.309437,93.857274,village,234,1,0,0
s7596430413,T. Khuangkhai,,24.133918,93.774257,village,0,0,0,0
s7596430529,Sangaikot,,24.293529,93.839292,village,676,1,0,0
s7596430644,Songgual,,24.240481,93.850172,village,131,1,0,0
s7596430693,T. Talnuam,,24.145852,93.787708,hamlet,0,0,0,0
s7596430694,Sajik Tampak,,24.138582,93.839977,village,1562,1,0,0
s7596431936,Khoinoi,,24.215594,93.855295,village,197,1,0,0
s7596431946,Makhao Tampak,,24.305941,93.858328,village,320,1,0,0
s7596431986,Hita Khunou,,24.128252,93.773041,village,0,0,0,0
s7596432077,Sarang Tampak,,24.18924,93.879824,village,0,0,0,0
s7596432122,Kuvan,,24.262735,93.831501,hamlet,0,0,0,0
s7596432244,Alpha,,24.177309,93.819425,village,0,0,0,0
s7596432245,Gelbungjang,,24.141267,93.839684,village,0,0,0,0
s7596432327,L.Molnoi,,24.186266,93.832268,hamlet,0,0,0,0
s7596432328,Thompijang,,24.137896,93.843438,hamlet,0,0,0,0
s7596432413,L.Phainom,,24.207367,93.846072,village,0,0,0,0
s7596522152,D. Moljang,,24.365784,93.741843,village,0,0,0,0
s7654208926,New Namtiram,,25.061688,93.471122,hamlet,0,0,0,0
s7903872143,Sialbu,,24.184487,93.457664,village,179,1,0,0
s8484076954,Kuljang new Mombi,,24.152701,93.909164,village,0,0,0,0
s8484076955,Khangbarol,,24.106074,94.039238,village,0,0,0,0
s8484076983,Dingpi,,24.089081,93.984886,village,0,0,0,0
s8484076984,L. Molhoi,,24.168907,93.869373,hamlet,0,0,0,0
s8484084251,Lonpi,,24.131891,93.914904,village,0,0,0,0
s8484084500,T. Bolnoi,,24.086996,94.000021,hamlet,0,0,0,0
s8484086795,T. Munnomjang,,24.414851,93.730832,village,58,1,0,0
s8484112277,Saiton,,24.428103,93.750426,town,4660,1,0,0
s8777055305,Phailianbung,,24.275467,93.468729,village,0,0,0,0
s8906484781,Maklang,,24.808498,93.82468,village,1271,1,0,0
s9195838415,Louphong,,24.827307,94.149393,village,266,1,0,0
s9195838468,Chadong,,24.853964,94.148154,village,1027,1,0,0
s9635135901,Old Narum,,24.479673,94.320554,village,0,0,0,0
s9635160085,Saibol,,24.489713,94.337826,village,253,1,0,0
s9642317844,Narum,,24.454174,94.286727,village,268,1,0,0
s9642338733,Youngkhul,,24.501343,94.344932,village,170,1,0,0
s9642391972,Khulsaibung,,24.51548,94.101091,village,0,0,0,0
s9642392231,Bongmol,,24.530138,94.203645,village,0,0,0,0
s9642392241,Khongbung,,24.538249,94.247913,village,0,0,0,0
s9649696280,Maohleng,,24.546799,94.302633,village,0,0,0,0
s9649696314,Nambashi Khullen,,24.590989,94.400041,village,884,1,0,0
s9649701796,Kangpat Khullen,,24.672808,94.470523,village,353,1,0,0
s9728731317,Kangreng,,24.474601,93.047808,village,1795,1,0,0
s9820287174,Gomi,,24.519197,94.196042,village,0,0,0,0
s9820287175,Parengtong,,24.535466,94.158349,village,287,1,0,0
s9820494213,Kambang Khullen,,24.440298,94.241305,village,0,0,0,0
s9820494214,Khampang Khunou,,24.42389,94.276857,village,0,0,0,0
s9820494215,Rilam Center,,24.435563,94.287743,village,0,0,0,0
s9820494216,Kharou Khulen,,24.428608,94.30036,village,0,0,0,0
s9820496732,Kangoi Khunou,,24.460286,94.078827,village,0,0,0,0
s9820496750,Khudei Laipham,,24.428587,94.190185,village,0,0,0,0
s9820496751,Sita Khopi,,24.455294,94.223789,village,0,0,0,0
s9820516009,Lamlong Khullen,,24.511117,94.110791,village,0,0,0,0
s9820516011,Khunbi,,24.490249,94.087092,village,0,0,0,0
s9820516012,Langgol,,24.497663,94.075398,village,0,0,0,0
s9820516077,Khulsaibung (Karongthel),,24.534672,94.092688,village,0,0,0,0
s9820516109,Khudai Khunou,,24.481794,94.150622,village,0,0,0,0
s9820516117,Phungchong,,24.466887,94.128967,village,0,0,0,0
s9820523117,Kharoun Khuno,,24.436169,94.306754,village,0,0,0,0
s9820523118,Moirangthel,,24.481854,94.392959,village,116,1,0,0
s9821992043,Khoibu,,24.554702,94.180954,village,0,0,0,0
s9821992044,Semang,,24.507622,94.195993,village,0,0,0,0
s9821992046,Khudei Khullen,,24.452149,94.152005,village,0,0,0,0
s9821992047,Kangoi Khullen,,24.464779,94.10737,village,0,0,0,0
s9821992048,Phalbung,,24.406666,94.156607,village,0,0,0,0
s9821992049,Loikong,,24.412454,94.194343,village,0,0,0,0
s9822012165,Lamlong Khunou (Lampi),,24.418102,94.321213,village,0,0,0,0
s9822262617,Kwatha Meitei,,24.335935,94.277961,village,0,0,0,0
s9822262632,Langkhongching,,24.349976,94.258283,village,0,0,0,0
s9822508284,Chingkhan Yonyer,,24.566686,94.215419,village,0,0,0,0
s9822534539,Thamlai,,24.57291,94.120512,village,0,0,0,0
s9822534540,Wabaching,,24.581204,94.115436,village,0,0,0,0
s9822534542,Heinoukhong,,24.571956,94.104541,village,0,0,0,0
s9822534544,Konaitong,,24.551261,94.128633,village,0,0,0,0
s9822561828,Thabikeithel,,24.535111,94.135485,village,0,0,0,0
s9822592888,Z. Choro,,24.662514,94.468583,village,94,1,0,0
s9822612531,Sairel Saisem,,24.51341,94.343731,village,110,1,0,0
s9822622904,Khunthak,,24.207527,94.107028,village,0,0,0,0
s9822622908,Wamkhu,,24.254058,94.092909,village,0,0,0,0
s9822622911,Chamol,,24.371094,94.162626,village,0,0,0,0
s9822622914,Lamgang Khunou,,24.400158,94.076287,village,0,0,0,0
s9822629759,Paraolon,,24.353552,94.004414,village,0,0,0,0
s9822629764,Lamgang Khunkha,,24.396121,94.043446,village,0,0,0,0
s9822641817,Mawai,,24.670433,94.336661,village,0,0,0,0
s9822651722,Chongdan,,24.74639,94.244365,village,0,0,0,0
s9822651724,L. Songphel,,24.75573,94.124765,village,164,1,0,0
s9822651725,Itham,,24.770914,94.128251,village,769,1,0,0
s9822762617,Sarthang,,24.53776,94.292638,village,0,0,0,0
s9822762646,Molnom,,24.611814,94.331369,village,0,0,0,0
s9822762676,Itham,,24.790371,94.211671,village,0,0,0,0
s9822762677,Monglham,,24.788451,94.179667,village,0,0,0,0
s9822762699,Keipham,,24.524677,94.3072,village,0,0,0,0
s9822762756,Makan,,24.554551,94.397803,village,136,1,0,0
s9822762778,Laiching,,24.509353,94.038559,village,0,0,0,0
s9822793547,Langol Khunou,,24.489835,94.055651,village,0,0,0,0
s9822793576,Phungchung,,24.292095,94.021315,village,0,0,0,0
s9822793594,Khongjol,,24.291542,94.073164,village,0,0,0,0
s9822805837,Libung,,24.225797,94.190498,village,0,0,0,0
s9822805838,Laiching,,24.181539,94.169722,village,0,0,0,0
s9822859235,K. Tuinem,,24.475971,94.07409,village,0,0,0,0
s9822859312,Liwa Sarei,,24.366282,94.01699,village,0,0,0,0
s9822859360,Aivomjang,,23.924431,94.168006,village,0,0,0,0
s9822867941,Teigathang,,24.037167,93.633317,village,0,0,0,0
s9822867945,Lanchah,,24.135037,93.606695,village,138,1,0,0
s9822867946,Saichang,,24.13244,93.612477,village,151,1,0,0
s9822867961,Tuining,,24.307299,93.819477,village,710,1,0,0
s9824333342,Phiran Lehou,,24.266633,94.003067,hamlet,0,0,0,0
s9824333354,Lamphou Pasna,,24.302811,93.978613,village,0,0,0,0
s9824333355,Liwa Maring,,24.380523,94.013923,village,0,0,0,0
s9824624048,Konsen,,24.353866,93.917395,village,0,0,0,0
s9824624052,Unopat,,24.309984,93.89953,village,365,1,0,0
s9824624053,Khambathel,,24.298061,93.899295,village,271,1,0,0
s9824624055,Nungpan,,24.230575,93.901116,village,612,1,0,0
s9824684779,Sambum Phunal,,24.465468,93.977726,village,0,0,0,0
s9824684780,Khudei Khunou,,24.453355,93.977336,village,0,0,0,0
s9824684783,Aimol Khullen,,24.463183,94.050639,village,0,0,0,0
s9824684784,Kangsang,,24.469436,94.038904,village,0,0,0,0
s9824684788,Mumlo Ringpam,,24.621599,94.09761,village,0,0,0,0
s9824684790,Chandrakhong,,24.690147,94.122286,village,1162,1,0,0
s9827109534,K. Ashang Khullen,,24.540073,94.424054,village,205,1,0,0
s9827109674,Leirongthel,,24.700004,94.10454,village,0,0,0,0
s9827259430,Leibi,,24.395262,94.253203,village,0,0,0,0
s9827399018,Tollen,,24.608615,94.094524,village,0,0,0,0
s9827444173,Khunbi Khunou,,24.471213,94.049029,village,0,0,0,0
s9827504642,Aimol,,24.449843,94.041985,village,0,0,0,0
s9827504675,Molnom,,24.443479,94.046104,village,0,0,0,0
s9827856643,Lamkang Khunthak,,24.385121,94.131402,village,0,0,0,0
s9828146597,Pheitaiching,,24.759389,94.083246,village,0,0,0,0
s9828163861,Satang,,24.357333,94.353419,village,0,0,0,0
s9828163869,Choktong,,24.361418,94.362561,village,0,0,0,0
s9828163871,Yangoupokpi,,24.456239,94.39658,village,137,1,0,0
s9828163911,Wakshu,,24.417329,94.328658,village,0,0,0,0
s9828209849,Lirungtabi,,24.380597,94.009324,village,0,0,0,0
s9828209850,Liwa Khullen,,24.373618,94.011435,village,0,0,0,0
s9828209937,Tuisen,,24.470449,94.051348,village,0,0,0,0
s9828209938,Laiching Khuman,,24.489674,94.029067,village,0,0,0,0
s9828220560,Yamolching,,24.551096,94.183177,village,0,0,0,0
s9828220561,Haikot,,24.559776,94.180422,village,0,0,0,0
s9828220562,Thallem,,24.554478,94.201915,village,0,0,0,0
s9828220563,Thamlai,,24.574888,94.108755,village,0,0,0,0
s9828220564,Wapaching,,24.576295,94.099741,village,0,0,0,0
s9828220565,Kwarok,,24.657165,94.07955,village,0,0,0,0
s9828220570,Waithou Phunal,,24.704537,93.97801,village,0,0,0,0
s9828220577,Khamu Maring,,24.721623,94.075138,village,0,0,0,0
s9828220578,Sharonphai,,24.724702,94.08306,village,0,0,0,0
s9828220582,Andro Khunou,,24.734756,94.066366,village,0,0,0,0
s9828220583,Kamu Koireng,,24.731671,94.082141,village,324,1,0,0
s9828220584,Sandang Senba Maring,,24.736634,94.019259,village,0,0,0,0
s9828220585,Wangkham,,24.732352,94.009742,village,0,0,0,0
s9834146706,Thoyee,,24.921903,94.153195,village,1159,1,0,0
s9834146710,Riha,,24.902586,94.145696,village,0,0,0,0
s9836198328,Biyang,,24.549065,94.261424,village,0,0,0,0
s9836198329,Yamolching,,24.574439,94.269363,village,0,0,0,0
s9839806367,Langkhong,,24.870114,93.554957,village,0,0,0,0
s9839806368,Lukhambi,,24.89149,93.60584,hamlet,0,0,0,0
s9839806369,Pangkibot,,24.875713,93.466015,hamlet,0,0,0,0
s9839806370,Sempāng,,24.856036,93.432157,hamlet,0,0,0,0
s9839806372,Oinām,,24.688956,93.812922,hamlet,0,0,0,0
s9839806373,Lamdānmai,,24.726505,93.657632,hamlet,0,0,0,0
s9839806374,Charoi Chakoklong,,24.769912,93.635182,village,0,0,0,0
s9839806386,Haochong,,24.882388,93.684589,village,1235,1,0,0
s9930024012,Karang,,24.549114,93.831997,village,0,0,0,0
s10114946399,Damdiei,,24.320529,93.175123,village,0,0,0,0
s10123992407,Chalson Tengnoupal,,24.144091,94.240999,village,0,0,0,0
s10123996343,Nabin,,24.107046,94.235487,village,124,1,0,0
s10130973464,TS Laijang,,24.078323,94.242322,village,319,1,0,0
s10137564698,Lh. Jangnomphai,,23.851361,94.155373,village,121,1,0,0
s10139136596,Wanglee,,24.520155,94.413256,village,130,1,0,0
s10139136597,Namlee,,24.504475,94.428661,village,0,0,0,0
s10139136598,Kangkum,,24.56633,94.430734,village,0,0,0,0
s10945116814,Kangvai,,24.441672,93.713542,village,939,1,0,0
s10948742530,Motbung,,24.999437,93.904465,village,3601,1,0,0
s10960258725,Taphou Kuki,,25.243784,94.009547,village,0,0,0,0
s10960258726,Taphou,,25.253365,94.012995,village,0,0,0,0
s10960258727,Awang Sekmai,,24.942621,93.882947,village,0,0,0,0
s10994466804,Aigejang,,24.970714,94.072046,village,412,1,0,0
s10994536505,Khamenlok,,24.971638,94.068768,village,241,1,0,0
s10994536506,Khopibung,,24.966158,94.064925,village,208,1,0,0
s10994536550,Chullouphai,,24.97424,94.069998,hamlet,120,1,0,0
s10996224893,Vaipheimual,,24.246385,93.298218,hamlet,0,0,0,0
s10997475996,Lhanjang,,24.355717,93.592872,village,0,0,0,0
s10998421979,K. Munpi,,24.47768,93.589836,village,297,1,0,0
s10999578205,Monglham,,24.401651,93.608274,hamlet,0,0,0,0
s10999578206,L. Khongbung,,24.402273,93.604401,hamlet,0,0,0,0
s10999578207,Hengjang,,24.400144,93.669566,village,0,0,0,0
s10999578208,Gangpichai,,24.403559,93.680326,village,255,1,0,0
s10999578209,V. Sinai,,24.407336,93.677055,village,0,0,0,0
s10999578210,Vungbuk,,24.32293,93.584475,village,0,0,0,0
s10999578211,Boljang,,24.314625,93.585418,village,0,0,0,0
s11015343884,Bethel,,24.887918,93.821529,hamlet,192,1,0,0
s11022224926,Khoijumantabi,,24.358598,93.839525,village,0,0,0,0
s11022360877,Langza,,24.361283,93.820482,village,0,0,0,0
s11034596555,Khopuibung,,24.319407,93.737575,village,0,0,0,0
s11037674994,Leimaram,,24.715475,93.783546,village,0,0,0,0
s11055046789,B. Phainom,,24.66621,94.107974,village,225,1,0,0
s11057267736,Phowaibi,,24.667678,94.110317,village,230,1,0,0
s11057267739,Mayaikeithel,,24.682656,94.115884,village,0,0,0,0
s11063971496,Ukhatampak,,24.450404,93.708094,village,264,1,0,0
s11064118287,Yangnomphai,,24.383185,93.720627,village,0,0,0,0
s11064118288,Boljol,,24.396308,93.70296,village,0,0,0,0
s11069949488,Gelzang,,24.258229,93.661383,village,0,0,0,0
s11069949489,Zoumun,,24.256974,93.666482,village,0,0,0,0
s11085995108,Teiyang,,24.45167,93.664488,hamlet,0,0,0,0
s11087066696,Kwakta,,24.455028,93.737928,town,10735,1,0,0
s11087066697,Phougakchao Ikhai,,24.435833,93.722567,village,0,0,0,0
s11087106241,Zolzam,,24.404213,93.698883,village,501,1,0,0
s11094588103,Leisang,,24.40702,93.708804,village,0,0,0,0
s11164800543,Teikot,,24.125834,93.637071,hamlet,0,0,0,0
s11168089926,Patpuihmun,,24.353429,93.071299,village,1929,1,0,0
s11171654223,Hiangmual,,24.251731,93.568679,village,117,1,0,0
s11172132920,Sainouzang,,24.338757,93.356007,village,0,0,0,0
s11172427891,Senvon,,24.142139,93.046725,village,3136,1,0,0
s11172427901,Khuangjang,,24.351836,93.271642,village,208,1,0,0
s11172744276,Mongon,,24.289129,93.363686,village,0,0,0,0
s11172744287,Pamzal,,24.317842,93.372228,village,0,0,0,0
s11188906961,N. Chingphei,,24.549127,93.719743,village,84,1,0,0
s11188907014,Keirap Khullen,,24.547833,93.730497,village,220,1,0,0
s11200961783,L. Hengjang,,24.534438,93.59985,hamlet,0,0,0,0
s11267251603,Khenjang Zamvung,,23.953533,94.187806,village,0,0,0,0
s11267251604,Yangoulen,,23.965618,94.181257,village,0,0,0,0
s11333735632,Lajang,,23.862654,94.15186,village,214,1,0,0
s11333735633,New Somtal,,23.87536,94.153644,village,1737,1,0,0
s11361911863,Leitanpokpi,,24.999262,94.022947,village,1025,1,0,0
s11363369445,Kaprang,,24.410067,93.709109,village,0,0,0,0
s11393210153,Hanship,,24.159404,93.21207,village,0,0,0,0
s11403315723,Tuibong,,24.361034,93.701455,village,0,0,0,0
s11404786578,Leithao,,24.509595,94.305484,village,120,1,0,0
s11494308900,Kachai,,25.236678,94.27513,village,2107,1,0,0
s11494326993,Sumdal,,25.166212,94.285005,village,0,0,0,0
s11494410492,Lower Kachai,,25.187169,94.228261,village,0,0,0,0
s11519198401,Kanto Khullen,,24.934817,93.861404,village,0,0,0,0
s11520093548,Nilakuthi,,24.888095,93.9057,village,0,0,0,0
s11522102651,Bhutangkhal,,24.660984,93.111633,village,0,0,0,0
s11522842012,Khousabung,,24.504492,93.72835,village,564,1,0,0
s11524522477,Phumlou,,24.878071,93.85314,village,0,0,0,0
s11524522524,Kameng,,24.862686,93.885298,village,0,0,0,0
s11524522525,Mayang Langjing,,24.857702,93.860063,village,0,0,0,0
s11524522527,Lamdeng,,24.834516,93.874766,village,0,0,0,0
s11557003740,Tuisomjang,,24.964101,94.132038,village,366,1,0,0
s11557003741,Khongbal Kuki,,24.959353,94.130733,village,0,0,0,0
s11584778650,Kungpi Naosen,,24.627733,93.683607,village,281,1,0,0
s11584778667,Ukha Loikhai,,24.460314,93.637443,village,418,1,0,0
s11592309345,Chingmun,,24.701993,93.172558,village,221,1,0,0
s11606705460,Buksau,,24.203246,93.603353,village,192,1,0,0
s11608340725,Khochijang,,24.417767,93.673831,village,0,0,0,0
s11608897864,Thangjing Chiru,,24.711767,93.720721,village,59,1,0,0
s11608897865,Tingkhai Khullen,,24.712149,93.721454,village,195,1,0,0
s11609427139,Chairel,,24.340554,93.877707,village,0,0,0,0
s11615146065,Kolhen,,24.440209,93.494768,village,436,1,0,0
s11615157973,Kolchung,,24.561196,93.563944,village,161,1,0,0
s11617080670,Gouthang,,24.4725,93.569225,village,238,1,0,0
s11620146700,Khanpi,,24.537464,93.484647,village,453,1,0,0
s11620146736,Ainujang,,24.517455,93.514285,village,95,1,0,0
s11620146745,L. Phailen,,24.5422,93.545848,village,142,1,0,0
s11632529702,K. Songjang,,24.62781,93.694767,village,0,0,0,0
s11632529742,Dollang,,24.673386,93.674618,village,1026,1,0,0
s11632529792,Charoi Khullen,,24.608854,93.720101,village,803,1,0,0
s11633044286,Chaiba,,24.614768,93.732214,village,294,1,0,0
s11638624078,Teijang,,24.438,93.697392,village,459,1,0,0
s11638741656,Nabil Khuman,,24.505184,93.642255,village,0,0,0,0
s11646983104,S. Nabil,,24.496075,93.708389,village,1337,1,0,0
s11646983121,Mualsang,,24.485562,93.720125,village,0,0,0,0
s11650657324,Dialkhai,,24.228765,93.299759,village,0,0,0,0
s11650657345,Zabellei,,24.181431,93.569634,village,163,1,0,0
s11660942649,Gothol,,24.456073,93.712795,village,589,1,0,0
s11660942653,Tonglhang,,24.469095,93.698912,village,150,1,0,0
s11663810088,Hiangtam K,,24.059004,93.618884,village,167,1,0,0
s11680153207,Haotak Tampha Khunou,,24.401259,93.784123,village,0,0,0,0
s11693707201,Tanrui,,25.138651,94.166784,village,0,0,0,0
s11694154599,Sirarakhong,,25.078356,94.235501,village,1243,1,0,0
s11694154600,Tuinem,,25.115072,94.248368,town,4058,1,0,0
s11694154601,Phalee,,25.143248,94.284167,village,0,0,0,0
s11715764754,Awangkhul,,24.825731,93.561616,village,0,0,0,0
s11715953782,Thangsi,,24.511744,93.578482,village,0,0,0,0
s11715953867,Silen,,24.59116,93.669735,village,99,1,0,0
s11715953868,L. Phaikholum,,24.587408,93.667672,village,125,1,0,0
s11772693880,Samulamlan,,24.358431,93.808724,village,270,1,0,0
s11772693911,Tuiringphaisen,,24.375209,93.799343,village,409,1,0,0
s11772736498,Siden,,24.378883,93.766457,village,158,1,0,0
s11772736499,T. Boljang,,24.379535,93.775117,village,407,1,0,0
s11772736802,D Hermon,,24.375666,93.781585,village,0,0,0,0
s11780368889,Thingphai,,24.063949,94.232815,village,357,1,0,0
s11819962910,Nongdam Kuki,,24.819734,94.152063,village,0,0,0,0
s11819962911,Island,,24.779878,94.126063,village,0,0,0,0
s11819962912,Moirangphurel,,24.781188,94.130327,village,0,0,0,0
s11860973511,Naranseina,,24.516662,93.756332,village,0,0,0,0
s11860973526,Khoirentak Khuman,,24.517276,93.726067,village,483,1,0,0
s11860973527,Khoirentak Khunou,,24.512317,93.729991,village,390,1,0,0
s11860973528,Hermontlang,,24.510018,93.727148,village,153,1,0,0
s11863294658,Thamnapokpi,,24.510203,93.758577,village,0,0,0,0
s11863297975,Terakhongsongbi,,24.461265,93.739988,village,0,0,0,0
s11863297976,Tronglaobi,,24.4749,93.746634,village,0,0,0,0
s11863297977,Phubala,,24.534183,93.756276,village,0,0,0,0
s11863297978,Sunushiphai,,24.528888,93.755579,village,0,0,0,0
s11866651748,Satang Kuki,,25.013476,94.049983,village,361,1,0,0
s11866678276,Bilei Kuki,,25.017693,94.043462,village,318,1,0,0
s11866678277,New Boljang,,25.016599,94.062372,village,198,1,0,0
s11867586036,Dolaithabi,,25.005376,94.028399,village,0,0,0,0
s11867586058,Pukhao Naharup,,24.991758,94.026544,village,1479,1,0,0
s11869480101,Taretkhul,,24.910737,94.040156,village,511,1,0,0
s11869481601,Govajang,,24.982857,94.090233,village,160,1,0,0
s11869807021,Uyumpok,,24.943478,94.034359,village,2899,1,0,0
s11870069122,Semol,,24.935969,94.122288,village,268,1,0,0
s11870095809,Khongbal Tangkhul,,24.958701,94.061199,village,415,1,0,0
s11871709500,Sinam Kom,,24.953965,93.97067,village,264,1,0,0
s11872439947,Nongsum,,24.954371,94.053267,village,0,0,0,0
s11918692376,New Salbung,,24.207144,94.281625,village,0,0,0,0
s11918692397,H. Langcham,,24.211209,94.283715,village,0,0,0,0
s11919388250,Waroiching,,24.740426,93.762593,village,93,1,0,0
s11919388268,Loibol Khunou,,24.732756,93.761593,village,252,1,0,0
s11920252365,Irengbam,,24.698467,93.786244,village,0,0,0,0
s11920279895,Yumnam Khunou,,24.684514,93.792419,village,0,0,0,0
s11920279918,Yanglem Leikai,,24.680181,93.784408,village,0,0,0,0
s11920279935,Keinou Thongkha,,24.674527,93.786029,village,0,0,0,0
s11920279936,Oinam,,24.692756,93.806831,village,0,0,0,0
s11933550715,K Molnom,,24.232812,93.86992,village,357,1,0,0
s11933579372,Phaisan,,24.212151,93.85383,village,70,1,0,0
s11969072865,Kulbung,,24.730743,93.200352,village,156,1,0,0
s11969109586,Lower Kharkuplien,,24.518019,93.11294,village,600,1,0,0
s11969109587,Upper Kharkhuplien,,24.508691,93.116863,village,0,0,0,0
s11969432790,Khangbor,,24.557398,93.073819,village,0,0,0,0
s11972067878,Ābin,,24.988701,93.29981,village,0,0,0,0
s11975124194,Kotlen,,24.818245,93.749324,village,293,1,0,0
s11975138840,T. Laijang,,24.810451,93.734582,village,213,1,0,0
s11976451262,Leishabithol,,24.74265,93.154272,village,231,1,0,0
s11978452947,Konsakhul,,24.920003,93.807859,hamlet,295,1,0,0
s11978452948,Leilon Vaiphei,,24.926376,93.815551,village,694,1,0,0
s11978769478,Kaiphundai,,24.789686,93.223745,village,390,1,0,0
s11994686137,Lower Pholjang,,24.758479,93.785646,village,106,1,0,0
s11994686138,Namching,,24.766133,93.791421,village,0,0,0,0
s11994687918,Namthanjang Rongmei,,24.777491,93.786531,village,132,1,0,0
s12003249183,Suangphumun,,24.649886,93.176039,village,147,1,0,0
s12003263821,Tuaitengmun,,24.654371,93.177284,village,202,1,0,0
s12003263823,Tuisen,,24.623327,93.115482,village,657,1,0,0
s12003263857,Saikulphai,,24.666041,93.136476,village,221,1,0,0
s12003265040,Buangmun,,24.61546,93.122156,village,254,1,0,0
s12020119091,Penyang,,24.538159,94.196501,hamlet,0,0,0,0
s12053139945,Mongbung,,24.756692,93.127134,village,0,0,0,0
s12054051065,Sejang,,24.759169,93.12521,village,0,0,0,0
s12054051107,Kashimpur,,24.737885,93.133898,village,1307,1,0,0
s12055365295,Jarolpokpi,,24.755787,93.140962,village,1287,1,0,0
s12061686038,Mongbung Meitei,,24.758518,93.131015,village,0,0,0,0
s12067060926,Khoken,,24.810129,93.785907,village,387,1,0,0
s12067618145,Chanung,,24.923648,94.064181,village,0,0,0,0
s12067618156,Sekta,,24.88703,94.037104,village,0,0,0,0
s12083729114,Somphung,,25.125254,94.082807,village,0,0,0,0
s12083729115,Gallam,,25.136015,94.085953,village,0,0,0,0
s12084034571,Thayong,,24.798881,94.073564,village,0,0,0,0
s12084034572,Tuisenphai,,24.802417,94.056154,village,0,0,0,0
s12084034573,Takhel,,24.819583,94.046856,village,0,0,0,0
s12096936527,Pukhao Terapur,,24.998882,94.025812,village,0,0,0,0
s12096936528,Utonglok,,25.011901,94.034738,village,252,1,0,0
s12096936534,H Gelmol,,25.018603,94.036155,village,166,1,0,0
s12115782772,Kangchup Makhong,,24.85407,93.788887,village,276,1,0,0
s12115782780,Kangchup Ponlen,,24.866545,93.791629,village,168,1,0,0
s12116423924,Haraothel,,24.907476,93.825817,village,349,1,0,0
s12119048588,Chingdai Khullen,,24.927014,94.074246,village,0,0,0,0
s12119062602,L. Chajang,,24.92059,94.077142,village,286,1,0,0
s12119062635,Thingjang,,24.934849,94.074334,village,171,1,0,0
s12149550369,Koutruk,,24.893133,93.829572,village,0,0,0,0
s12149818034,Ireng Naga,,24.880042,93.796461,village,1038,1,0,0
s12149818036,Kharam Vaiphei,,24.901377,93.797419,hamlet,339,1,0,0
s12150582224,Makhan,,24.982914,93.870101,village,598,1,0,0
s12154211663,Senjam Chirang,,24.902716,93.843989,village,0,0,0,0
s12154211678,Senjam Khunou,,24.899805,93.849237,village,0,0,0,0
s12162532686,Nungphou,,24.743011,93.108731,village,595,1,0,0
s12162534726,Rashidpur,,24.760575,93.114581,village,210,1,0,0
s12170872558,Latingkhal,,24.728411,93.097848,village,1525,1,0,0
s12170898600,Berabak,,24.733167,93.104882,village,175,1,0,0
s12178834031,Leikhampokpi,,24.991258,93.873931,village,177,1,0,0
s12187185176,S. Bolen,,25.046445,93.842903,village,0,0,0,0
s12187185313,Lāngka,,25.047225,93.776003,hamlet,0,0,0,0
s12187185314,K. Haimol,,25.085166,93.796975,hamlet,0,0,0,0
s12187185315,Lasan,,25.088101,93.792029,hamlet,0,0,0,0
s12187185324,S. Songpibung,,25.102399,93.794583,hamlet,0,0,0,0
s12187185370,Riyar Tahar,,25.113344,93.837035,hamlet,0,0,0,0
s12187185570,Nungsai Chiru,,24.627893,93.726269,village,882,1,0,0
s12187250258,Tuikhang Aimol,,24.63938,93.722689,village,148,1,0,0
s12187276598,Bungte Chiru,,24.681551,93.762089,village,1172,1,0,0
s12205922874,Thilon,,24.983646,93.393842,hamlet,0,0,0,0
s12205922875,Thilon,,24.99199,93.397447,hamlet,0,0,0,0
s12219007695,New Keithelmanbi,,24.773881,93.791981,village,2269,1,0,0
s12219007696,Longa Koireng,,24.776425,93.789738,village,457,1,0,0
s12219048436,Keithelmanbi,,25.101025,93.944818,village,4075,1,0,0
s12219142844,Laimaton Thangbuh,,24.687459,93.741813,village,184,1,0,0
s12222698710,Longsai,,24.642974,93.667056,village,544,1,0,0
s12230182383,Ningel,,24.673831,94.117155,village,0,0,0,0
s12329641076,Ahamadabad,,24.731823,93.138146,village,0,0,0,0
s12338281900,Lhangnom,,24.785159,93.181504,village,306,1,0,0
s12339415447,Nungkhal,,24.732789,93.148595,village,318,1,0,0
s12343835722,Muolzawl,,24.745625,93.105625,village,150,1,0,0
s12346230220,Gilgal,,24.699559,93.085275,village,396,1,0,0
s12346230233,Lowarjiri P.T.V.,,24.71381,93.090471,village,0,0,0,0
s12346230290,Makhabosti,,24.715884,93.09385,village,575,1,0,0
s12347713952,Vangaichungpao - Part 2,,24.754161,93.173486,village,0,0,0,0
s12349615444,Bakhal,,24.776386,93.101819,village,0,0,0,0
s12349615458,Binselu,,24.754135,93.099499,village,0,0,0,0
s12349615459,Berabak,,24.74725,93.100472,village,0,0,0,0
s12349624211,Nungchappi,,24.765784,93.105562,village,0,0,0,0
s12349624212,Ningthembam,,24.771873,93.102501,village,0,0,0,0
s12363196005,Pangmol,,24.772587,93.202925,village,0,0,0,0
s12363196028,Old Kaiphundai,,24.780324,93.200139,village,227,1,0,0
s12363196029,Sabughat,,24.822933,93.192179,village,44,1,0,0
s12363196034,Borokhal,,24.80208,93.189292,village,44,1,0,0
s12363196035,Babukhal,,24.798324,93.181406,village,118,1,0,0
s12363196036,Muktokhal,,24.79164,93.176256,village,268,1,0,0
s12363196037,Tatbung,,24.790605,93.174523,village,268,1,0,0
s12368519685,Rovakot,,24.172387,93.036032,village,480,1,0,0
s12372569078,Mullargao,,24.754976,93.153696,village,836,1,0,0
s12380695921,Phailian,,24.635349,93.118449,village,74,1,0,0
s12387235357,P. Munlian,,24.605459,93.144371,village,42,1,0,0
s12387366326,P. Munte,,24.566067,93.107837,village,63,1,0,0
s12388332860,Kasurbali,,24.570563,93.065605,village,118,1,0,0
s12389010633,Thangboipunji,,24.595578,93.087633,village,0,0,0,0
s12389131484,Sartuinek,,24.298837,93.041901,village,707,1,0,0
s12389187261,Thingkal,,24.438298,93.107159,village,444,1,0,0
s12389187262,Kangreng,,24.455205,93.104262,village,1795,1,0,0
s12389199234,Kh. Jaikhan,,24.493549,93.114367,village,287,1,0,0
s12389261809,Thingtatbung,,24.752166,93.212403,village,106,1,0,0
s12391620974,Dawltang,,24.709767,93.149339,village,0,0,0,0
s12395672817,Leishabithol Kuki,,24.744928,93.151026,village,0,0,0,0
s12396486729,Vangaichungpao,,24.746123,93.187862,village,309,1,0,0
s12396926967,Kamaranga,,24.800231,93.14005,village,1915,1,0,0
s12398953804,Sibilong,,24.768196,93.327235,village,882,1,0,0
s12399027058,Khedagar,,24.720745,93.123827,village,0,0,0,0
s12399035388,Khedarga Khasi,,24.721578,93.128266,village,213,1,0,0
s12399035389,Khedraga Mikir,,24.717972,93.122318,village,0,0,0,0
s12421587398,Mollungthu,,24.457291,93.587038,village,0,0,0,0
s12421587399,L. Khaopijang,,24.456235,93.559582,village,0,0,0,0
s12421587400,Dahtum,,24.461295,93.549604,village,69,1,0,0
s12423564144,K. Kotlian,,24.439927,93.708202,village,145,1,0,0
s12440447900,Zikpi Tampak,,24.421098,93.699554,village,119,1,0,0
s12462716586,Sanasabi,,24.930344,94.128797,village,500,1,0,0
s12469775929,Sabungkhok,,24.895041,94.106707,village,400,1,0,0
s12469775975,Chingdai Khunou,,24.948976,94.123359,village,147,1,0,0
s12469775976,K. Nomjang,,24.946284,94.127448,village,138,1,0,0
s12469790708,T. Molnoi,,24.960628,94.133696,village,0,0,0,0
s12469844140,B. Boljang,,24.971758,94.130103,village,0,0,0,0
s12469844141,Sijang,,24.980389,94.145754,village,0,0,0,0
s12472007230,Sanakeithel,,25.034035,94.152633,village,2003,1,0,0
s12472012329,L. Molnom,,24.980606,94.155969,village,444,1,0,0
s12473272642,Samusong,,24.940417,94.123211,village,153,1,0,0
s12473296802,Saibol,,24.931894,94.111137,village,119,1,0,0
s12473296805,Kh. Phaipijang,,24.924887,94.133831,village,0,0,0,0
s12473296816,Mongyang,,24.98527,94.141041,village,75,1,0,0
s12473296930,Twichin,,24.923564,94.10671,village,218,1,0,0
s12473296932,Laikot Kharam,,24.904575,94.086184,village,185,1,0,0
s12473296933,Laikot Phaijol,,24.900357,94.08721,village,236,1,0,0
s12474552136,Laikot Kom,,24.904963,94.08881,village,200,1,0,0
s12479293577,P. Phaimol,,24.920662,94.110869,village,184,1,0,0
s12479502664,Lamlang Gate,,25.08491,94.282289,village,0,0,0,0
s12479502668,Jalenbung,,24.942056,94.156193,village,0,0,0,0
s12479519675,Nomjang,,24.9523,94.130632,village,0,0,0,0
s12513153821,Vaozang,,24.342578,93.653191,village,0,0,0,0
s12513153822,Old Gelmol,,24.352955,93.661678,village,0,0,0,0
s12626604280,Isingthembi,,24.965225,93.993543,village,0,0,0,0
s12705309086,Tonglon (P),,24.241127,93.536832,village,178,1,0,0
s12705576113,Chaljang,,24.156313,93.757786,village,0,0,0,0
s12705662124,Khuangnung,,24.303226,93.716662,village,0,0,0,0
s12705662125,Tuikham,,24.304448,93.714355,village,0,0,0,0
s12705662126,Ngurte,,24.298434,93.719009,village,0,0,0,0
s12705662127,Thenmuol Khelmuol,,24.293631,93.722066,village,0,0,0,0
s12705662128,Daijang,,24.295049,93.716917,village,0,0,0,0
s12705662129,Misao Lhavom,,24.274243,93.713363,village,0,0,0,0
s12705662130,Benazou Khoken,,24.252773,93.717882,village,0,0,0,0
s12705662131,M. Hapimollen,,24.222042,93.736483,village,0,0,0,0
s12705662132,S. Gelbung,,24.19797,93.734539,village,0,0,0,0
s12705662133,Tuidam,,24.159322,93.754535,village,0,0,0,0
s12705662139,K. Janglenphai,,24.142349,93.76808,village,0,0,0,0
s12708576217,Tuisomjang,,24.400746,93.686745,village,170,1,0,0
s12708576218,"T, Kholep",,24.395396,93.686245,village,0,0,0,0
s12709538203,Twilelon,,24.139731,93.84234,village,0,0,0,0
s12709538204,Paldai,,24.148416,93.84148,village,575,1,0,0
s12714019297,K. Phailen,,24.180175,93.857162,village,0,0,0,0
s12714023315,Teljang,,24.16772,93.858784,village,0,0,0,0
s12720551275,D. Leikot,,24.977115,94.084538,village,215,1,0,0
s12720551276,Thombol,,24.980337,94.08828,village,107,1,0,0
s12720551286,"T, Jordanphai",,24.98295,94.110227,village,169,1,0,0
s12720551287,Songjang,,24.984737,94.091599,village,183,1,0,0
s12723897088,Thangal Surung,,25.03563,93.999247,village,0,0,0,0
s12723897089,Y. Langkhong,,25.029178,93.996149,village,0,0,0,0
s12723897099,Lhungjang,,25.029373,93.962943,village,0,0,0,0
s12723909803,T. Lamkajang,,25.033462,93.967838,village,61,1,0,0
s12723909804,Thingsat,,24.988437,93.931295,village,0,0,0,0
s12723909824,Ankhombung Kho,,25.012362,93.945045,village,0,0,0,0
s12723909825,Twichamphai,,25.040271,93.958679,village,269,1,0,0
s12735406494,Leilon Khunou,,24.927686,93.82135,hamlet,273,1,0,0
s12735406496,L. Phaijang,,24.913588,93.825388,village,176,1,0,0
s12745033491,Thingkangphai,,24.318733,93.688338,village,2017,1,0,0
s12778371935,Haijang,,25.132281,93.972303,village,0,0,0,0
s12784837282,New Mandu,,25.034808,93.319545,hamlet,0,0,0,0
s12784884823,Longchai,,24.927209,93.276951,hamlet,0,0,0,0
s12784884824,Longkhalong,,24.880003,93.261834,hamlet,0,0,0,0
s12784887036,Kaiphundai,,24.831338,93.203673,hamlet,0,0,0,0
s12784887037,Baraikhāl,,24.850002,93.208281,hamlet,0,0,0,0
s12785519722,Kandihong,,25.016541,93.311187,hamlet,0,0,0,0
s12785519852,New Atengba,,24.956647,93.31602,hamlet,0,0,0,0
s12785768965,Phoklong Khullen,,25.180398,93.382244,hamlet,0,0,0,0
s12785768966,Phoklong Khund,,25.162299,93.401406,hamlet,0,0,0,0
s12785768967,Tousem Khullen,,25.114969,93.376418,hamlet,0,0,0,0
s12785768968,Mandu,,25.062257,93.337376,hamlet,0,0,0,0
s12785781077,New Phellong,,25.105983,93.447132,hamlet,0,0,0,0
s12785781078,Phellong,,25.095626,93.443935,hamlet,0,0,0,0
s12785781079,Namtiram,,25.073783,93.432691,hamlet,0,0,0,0
s12785832782,Kātang,,25.228469,93.406899,hamlet,0,0,0,0
s12794974059,Siden,,24.4111,93.736877,village,158,1,0,0
s12794974060,Changpikot,,24.40853,93.736658,village,202,1,0,0
s12794974061,S. Gangpijang,,24.404879,93.735739,village,0,0,0,0
s12795207772,Lhungjang,,24.402017,93.735993,village,98,1,0,0
s12795207773,Nomjang,,24.401078,93.735885,village,93,1,0,0
s12795207774,T. Kananphai,,24.409605,93.731922,village,205,1,0,0
s12795926751,Gotengphai,,24.416719,93.7505,village,86,1,0,0
s12795926756,Dopkon,,24.41494,93.749494,village,111,1,0,0
s12795926759,Leitanpokpi,,24.413798,93.75453,village,0,0,0,0
s12795926760,Khuangmun,,24.411777,93.750828,village,167,1,0,0
s12795926766,Nganukon,,24.420782,93.741754,village,0,0,0,0
s12795926767,Kulbung,,24.42397,93.736278,village,220,1,0,0
s12795926773,Saiton Khullen,,24.423053,93.750348,village,149,1,0,0
s12795926777,Saiton Khunou,,24.430108,93.735986,village,193,1,0,0
s12795926779,Moirang Mantak,,24.443011,93.781107,village,406,1,0,0
s12795926780,Ngairong,,24.441454,93.757026,village,183,1,0,0
s12795926792,Haotak Khullen,,24.40004,93.78754,village,108,1,0,0
s12795926793,Haotak Phailen,,24.394823,93.799489,village,165,1,0,0
s12795926794,Haotak Vajang Khuman,,24.393688,93.809013,village,70,1,0,0
s12795926799,Khonomphai,,24.369584,93.792918,village,171,1,0,0
s12797892586,T. Vajang,,24.303245,93.829996,village,101,1,0,0
s12797892587,K. Jangnomphai,,24.295964,93.827055,village,81,1,0,0
s12797892590,Bungsanglian,,24.357022,93.795932,village,79,1,0,0
s12797892591,Haotak Khullen,,24.353016,93.806143,village,108,1,0,0
s12797899333,Chinglangmei,,24.357129,93.817524,village,310,1,0,0
s12797899334,Borayangbi Thoubal Leikai,,24.361812,93.831428,village,0,0,0,0
s12797899335,Borayangbi,,24.367929,93.837469,village,0,0,0,0
s12797899336,Lulumbung,,24.370045,93.813383,village,227,1,0,0
s12797899337,Theikakpi,,24.367708,93.810332,village,45,1,0,0
s12798011187,Chairen,,24.351929,93.844989,village,785,1,0,0
s12798011188,Khodang,,24.336633,93.843643,village,308,1,0,0
s12798011189,Khengmual,,24.329961,93.841165,village,190,1,0,0
s12798011190,G. Songgel,,24.31157,93.850054,village,400,1,0,0
s12798011191,Leisen Tampak,,24.31618,93.84948,village,198,1,0,0
s12798011192,Patjang,,24.316264,93.842974,village,257,1,0,0
s12798011193,Tangjeng Khunjao,,24.321745,93.856026,village,1964,1,0,0
s12798011195,L. Cancnphai,,24.323359,93.846209,village,0,0,0,0
s12801159317,Zalenkot,,24.247056,93.861413,village,103,1,0,0
s12801338980,Walkhu,,24.213445,93.85937,village,238,1,0,0
s12842950026,Chingkao,,24.879507,93.310769,hamlet,0,0,0,0
s12846931566,Nungkao,,24.801013,93.28517,hamlet,0,0,0,0
s12846931567,Nungkao,,24.803136,93.281221,hamlet,0,0,0,0
s12847455282,Āziurām,,25.029335,93.415879,hamlet,0,0,0,0
s12847455466,Pabram,,24.946492,93.364241,hamlet,0,0,0,0
s12847455467,Joute,,24.951336,93.36585,hamlet,0,0,0,0
s12847455468,Saramba,,25.016473,93.412489,hamlet,0,0,0,0
s12847455469,Thilon,,25.000139,93.400794,hamlet,0,0,0,0
s12847456251,Vānchengphāi,,24.965109,93.412435,hamlet,0,0,0,0
s12847573256,Taijijong,,24.894174,93.379691,hamlet,0,0,0,0
s12856428314,Tingjang,,24.851309,93.462713,hamlet,0,0,0,0
s12856428315,Kaikao,,24.844628,93.442562,hamlet,0,0,0,0
s12859744299,Longdi Pabram,,25.073841,93.500647,hamlet,0,0,0,0
s12859745880,Dailong,,25.011243,93.52262,hamlet,0,0,0,0
s12859746429,Sonpram,,25.019837,93.591714,hamlet,0,0,0,0
s12859747670,Lāngparan,,25.150179,93.542512,hamlet,0,0,0,0
s12859748605,Taipram,,25.1129,93.497139,hamlet,0,0,0,0
s12861486041,Thenjāng,,25.162503,93.753623,hamlet,0,0,0,0
s12861551206,Punglām,,24.896441,93.526461,hamlet,0,0,0,0
s12873111837,Parvachawm,,24.105435,93.128616,village,1026,1,0,0
s12944253040,Kadi,,25.300967,93.763547,hamlet,0,0,0,0
s12944253307,New Takou,,25.230605,93.703326,hamlet,0,0,0,0
s12944253716,Chaton,,25.279383,93.719741,hamlet,0,0,0,0
s12944253717,Chaton,,25.296961,93.714312,hamlet,0,0,0,0
s12944388468,Thonglang Atongba,,25.239341,93.910354,hamlet,0,0,0,0
s12944388469,Thonglang Akutpa,,25.248612,93.92011,hamlet,0,0,0,0
s12944388472,Nāga Tapon,,25.202851,93.839696,hamlet,0,0,0,0
s12944388473,Gelnei,,25.215346,93.814719,hamlet,0,0,0,0
s12944388474,Tuyāng Waichong,,25.233693,93.846818,hamlet,0,0,0,0
s12944388476,Shongyāngjāng,,25.277551,93.904396,hamlet,0,0,0,0
s12944388477,Maokot,,25.271771,93.894966,hamlet,0,0,0,0
s12944388478,Kotlen,,25.27037,93.885516,hamlet,0,0,0,0
s12944388479,Geljāng,,25.276534,93.897688,hamlet,0,0,0,0
s12944388480,Khomunnou,,25.282484,93.894818,hamlet,0,0,0,0
s12954505164,Shalluk,,24.203513,93.888917,village,539,1,0,0
s12954505165,Teijang,,24.209098,93.870724,village,457,1,0,0
s12956742314,K. Phailen,,24.235648,93.873104,village,151,1,0,0
s12956811935,Julbalching,,24.310713,93.897148,village,190,1,0,0
s12956811936,Tokpa Ching,,24.304676,93.898087,village,127,1,0,0
s12956811938,Thungcheng,,24.291879,93.898545,village,312,1,0,0
s12961199034,Nāgājeng,,24.937259,93.628879,hamlet,0,0,0,0
s12961215139,Ejeirong,,24.895118,93.696535,village,426,1,0,0
s12961215140,Chingchen,,24.880782,93.702543,village,0,0,0,0
s12961215141,Phuanchongjāng,,24.930556,93.652654,hamlet,0,0,0,0
s12961215142,Oktān,,24.92386,93.701011,village,783,1,0,0
s12961215143,Kajinglong,,25.042876,93.677352,village,335,1,0,0
s12961215145,Thinggra,,25.010358,93.672438,hamlet,0,0,0,0
s12961215146,Thinggra,,25.002395,93.675399,hamlet,0,0,0,0
s12961215147,Thinggra,,24.99623,93.672674,hamlet,0,0,0,0
s12961228249,Kabui Khullen,,24.984354,93.645149,hamlet,0,0,0,0
s12961286924,Bhalok,,24.972754,93.565664,village,0,0,0,0
s12964496467,Mongjang,,24.142923,93.595353,village,87,1,0,0
s12964496468,N. Zalenphai,,24.140359,93.59485,village,150,1,0,0
s12971851081,Dulen,,25.185981,93.668382,hamlet,0,0,0,0
s12976078950,Maibung Likli,,25.000718,94.002465,village,161,1,0,0
s12976078951,Khokon,,24.992742,93.996617,village,189,1,0,0
s12978049571,Pukhao Santipur,,24.980685,94.040165,village,0,0,0,0
s12978049572,Changsang,,24.991411,94.04946,village,90,1,0,0
s12978049573,Pukhao Laipham,,24.970412,94.02392,village,618,1,0,0
s12978049574,Pukhao Khabam,,24.978706,94.023805,village,593,1,0,0
s12978049575,Pukhao Ahallup,,24.985018,94.021196,village,463,1,0,0
s12978318378,Maojang,,25.050158,94.061192,village,352,1,0,0
s12978318379,Zalenphai,,25.060037,94.06376,village,644,1,0,0
s12978318380,Ng. Phainom,,25.060272,94.060651,village,444,1,0,0
s12988719174,Songphel Khullen,,25.062798,94.053331,village,188,1,0,0
s13004689069,Denglen,,25.101391,94.080222,village,397,1,0,0
s13004689070,S. Khonomphai,,25.090556,94.093525,village,449,1,0,0
s13007507206,Tonglon (T),,24.240711,93.56213,village,208,1,0,0
s13007507207,Tonglon (K),,24.256546,93.546023,village,354,1,0,0
s13007507209,Allusingtam,,24.192147,93.556213,village,124,1,0,0
s13014467132,Sadar Joute,,24.737121,93.771901,village,160,1,0,0
s13014467144,Khonglong Kabui,,24.781831,93.785174,village,304,1,0,0
s13014467152,Namgailong,,24.769905,93.793085,village,0,0,0,0
s13014467153,Leingangpokpi,,24.764479,93.790223,village,15,1,0,0
s13014467154,Kangmong Langoljam,,24.753411,93.781189,village,0,0,0,0
s13014467169,Khoripok,,24.756444,93.777673,village,160,1,0,0
s13014472544,Ichum Keirap,,24.724444,93.765107,village,590,1,0,0
s13014472546,Tingkai Khunou,,24.707574,93.771099,village,285,1,0,0
s13014472560,Tuikhang,,24.700807,93.770269,village,148,1,0,0
s13014472562,Wainem,,24.686928,93.764971,village,282,1,0,0
s13014472565,Thangjing Chiru,,24.802388,93.781438,village,59,1,0,0
s13014472855,Chuangphun Kabui,,24.664756,93.763228,village,0,0,0,0
s13014472858,Laimanai Kabui,,24.55943,93.728306,village,208,1,0,0
s13014472883,Phunchonjang,,24.496271,93.718984,village,305,1,0,0
s13014472884,Molpheitampak,,24.470306,93.720989,village,356,1,0,0
s13015593683,Thiyam,,24.767325,93.794148,village,0,0,0,0
s13015595488,Mongbung Tongneh,,24.74899,93.779284,village,181,1,0,0
s13015630552,Manamjang,,24.751596,93.780018,village,352,1,0,0
s13015909231,Kangoi Paolian,,24.437071,93.681966,village,291,1,0,0
s13015909232,V. Kolmun,,24.434852,93.684514,village,106,1,0,0
s13015909233,Sijang,,24.436819,93.67204,village,104,1,0,0
s13015909234,T. Thingjang,,24.425808,93.691193,village,112,1,0,0
s13015923602,Zounoi,,24.529712,93.652856,village,174,1,0,0
s13015923766,Tumjangphai,,24.590979,93.663211,village,111,1,0,0
s13015923767,L. Khengjang,,24.583418,93.666107,village,370,1,0,0
s13015923768,Hengmol,,24.603149,93.629509,village,145,1,0,0
s13015923778,Majuron Kuki,,24.607203,93.658754,village,335,1,0,0
s13015923779,L. Boljol,,24.631495,93.641155,village,178,1,0,0
s13015923891,L. Gelmol,,24.603869,93.673671,village,0,0,0,0
s13015923899,Molphai,,24.605389,93.684563,village,0,0,0,0
s13015923900,K. Lhangnom,,24.607942,93.688193,village,120,1,0,0
s13015923902,New Kungpi,,24.611539,93.688662,village,369,1,0,0
s13015923905,Lamdan,,24.606109,93.692303,village,148,1,0,0
s13015923918,Lamdan Kabui,,24.599946,93.710485,village,371,1,0,0
s13016191638,L. Gamnonphai,,24.622506,93.652116,village,72,1,0,0
s13016329544,Loibol Khullen,,24.732305,93.712989,village,127,1,0,0
s13016467510,Joupi,,24.648853,93.706478,village,73,1,0,0
s13016467661,Kharam Pallen,,24.813039,93.712699,village,414,1,0,0
s13016467742,Molhoi,,24.95998,93.829038,village,441,1,0,0
s13016560988,Samuk,,24.9331,93.753711,village,333,1,0,0
s13019460493,Kanglatombi Tsipari,,24.972903,93.873888,village,0,0,0,0
s13019470521,Khengjang,,24.992269,93.885421,village,942,1,0,0
s13019792521,Upper Kalapahar,,25.122343,93.961677,village,0,0,0,0
s13019792522,Lower Kalapahar,,25.112025,93.955416,village,1725,1,0,0
s13026728853,Tuipiphai,,24.38207,93.341566,village,0,0,0,0
s13026892832,S. Laijang,,24.804735,93.762011,village,238,1,0,0
s13026892850,L. Hengjol,,24.809895,93.75832,village,120,1,0,0
s13027256508,Saichang,,24.4316,93.367515,village,55,1,0,0
s13027256511,Siangai Namdai,,24.646726,93.761997,village,219,1,0,0
s13027263543,Majuron Kabui,,24.595082,93.731047,village,476,1,0,0
s13027263544,Kukimun,,24.592192,93.682392,village,508,1,0,0
s13027263617,Nahlon,,24.541822,93.684791,village,442,1,0,0
s13028137608,K. Geljang,,24.54363,93.708548,village,189,1,0,0
s13030215428,Puandaijang,,24.748932,93.671539,village,0,0,0,0
s13030215483,Keirap Khuntak,,24.586388,93.735711,village,615,1,0,0
s13030215484,Tokpa Kabui,,24.588223,93.733438,village,333,1,0,0
s13030215538,Kha Aimol,,24.592193,93.726848,village,328,1,0,0
s13030215540,Sadu Khoiroi,,24.57463,93.734453,village,581,1,0,0
s13030215671,Kokodan Dahlon,,24.592324,93.732651,village,116,1,0,0
s13030215672,Kokodan Khullen,,24.596261,93.734289,village,143,1,0,0
s13030215704,Langjingmanbi,,24.531934,93.724829,village,43,1,0,0
s13030215714,Heichanglok,,24.527299,93.726906,village,50,1,0,0
s13030437406,Loilamkot,,24.507666,93.701912,village,138,1,0,0
s13030520978,S. Lonphai,,24.525437,93.718738,village,0,0,0,0
s13030520979,New Ningthiching,,24.513034,93.71561,village,396,1,0,0
s13030520980,Ningthiching,,24.510356,93.713806,village,332,1,0,0
s13036810537,Purum Khullen,,24.425121,93.950048,village,123,1,0,0
s13058761558,Khomunnom,,24.137731,93.595391,village,0,0,0,0
s13062000961,Gamhui,,24.35465,93.259247,village,168,1,0,0
s13062001083,Galkapkot,,24.349239,93.280984,village,140,1,0,0
s13063802231,Tieulien,,24.422836,93.042986,village,290,1,0,0
s13063813652,Jeisuo,,24.497474,93.038964,hamlet,0,0,0,0
s13063813653,Moinador,,24.549384,93.067962,hamlet,0,0,0,0
s13063883935,Thingkaldor,,24.440922,93.040335,hamlet,0,0,0,0
s13063883936,Thingpuikuol,,24.394839,93.027864,village,0,0,0,0
s13136702827,Sangaithel,,24.806369,93.79189,village,0,0,0,0
s13136917468,Saheibung,,24.823508,93.783304,hamlet,0,0,0,0
s13136917473,L. Jangnomphai,,24.828527,93.792146,village,176,1,0,0
s13136917476,New Boljang,,24.833407,93.780425,hamlet,0,0,0,0
s13175815989,D. Vaison,,24.405563,93.689164,village,0,0,0,0
s13175845253,Gamnom,,24.413968,93.684445,village,206,1,0,0
s13185815339,Lamlongei,,24.853258,93.926866,village,0,0,0,0
s13186365554,Chanbirok,,24.946606,93.909505,village,0,0,0,0
s13186365562,Khongnangpokpi,,24.953627,93.914412,village,330,1,0,0
s13186365577,Awang Leikinthabi,,24.927428,93.896857,village,0,0,0,0
s13186528669,Ngamju,,25.28756,94.224581,village,0,0,0,0
s13186528671,C. Phailen,,24.839797,93.759494,village,167,1,0,0
s13186649016,Mapao Khullen,,24.954812,93.924878,village,259,1,0,0
s13186649017,Mapao Thangal,,24.940835,93.922089,village,137,1,0,0
s13186649019,Potshangbam Khunou,,24.90138,93.904842,village,0,0,0,0
s13190865577,Masemjang,,24.465015,93.709444,village,253,1,0,0
s13190865578,P. Geljang,,24.462732,93.716136,village,90,1,0,0
s13190865592,Laikamualsau,,24.475007,93.726429,village,37,1,0,0
s13190881001,Leisanbung,,24.47372,93.718402,village,203,1,0,0
s13205535698,Phoikon,,25.182525,93.76624,hamlet,0,0,0,0
s13205568424,Makui Chaljāng,,25.134103,93.781915,hamlet,0,0,0,0
s13205568427,Saramjou,,25.103196,93.838641,hamlet,0,0,0,0
s13205568428,Makui,,25.127212,93.818101,hamlet,0,0,0,0
s13205568429,Makui Khullen,,25.130211,93.78779,hamlet,0,0,0,0
s13205568430,Makui Dong,,25.127337,93.789139,hamlet,0,0,0,0
s13205568431,Lāloi,,25.106479,93.814564,hamlet,0,0,0,0
s13250685907,Langol,,24.838039,93.905957,suburb,0,0,0,0
s13250685908,New Lambulane,,24.810015,93.948229,suburb,0,0,0,0
s13263860989,Taodaijang,,24.678674,93.493017,village,0,0,0,0
s13264959827,Khongsang,,24.822987,93.475418,village,0,0,0,0
s13274036744,Waphong Inthan,,24.890668,93.712597,village,235,1,0,0
s13274427988,Songlung Kholui,,24.886758,93.724716,hamlet,0,0,0,0
s13275554639,Selvung,,24.491375,93.480498,village,0,0,0,0
s13275554640,Lailong-S,,24.508381,93.433661,village,226,1,0,0
s13275554650,Lailong-L,,24.497381,93.438272,hamlet,138,1,0,0
s13275554651,Lailong-L,,24.483195,93.423089,village,138,1,0,0
s13275554664,Molcham,,24.56599,93.512251,village,82,1,0,0
s13275554665,Bolkot,,24.540923,93.539495,village,223,1,0,0
s13275554671,Kamkeilon,,24.465955,93.461352,village,319,1,0,0
s13275554674,Damjawl,,24.423119,93.501853,village,97,1,0,0
s13275554680,Leitan,,24.429317,93.464234,hamlet,0,0,0,0
s13275554686,Khengjanglhang,,24.441721,93.461699,hamlet,0,0,0,0
s13275554878,Aina,,24.396922,93.459436,village,251,1,0,0
s13275554893,K. Tuiliphai,,24.401026,93.475352,village,154,1,0,0
s13275554903,Lungchong,,24.379245,93.484482,village,191,1,0,0
s13275778502,Dohjang,,24.439719,93.529898,village,0,0,0,0
s13275778674,Santing,,24.397367,93.434695,village,507,1,0,0
s13275778675,Konpi,,24.433947,93.401992,village,157,1,0,0
s13275778682,Maomual,,24.422683,93.397586,village,195,1,0,0
s13275945799,Nungsai,,24.446222,93.439012,village,308,1,0,0
s13279813440,Najang,,24.513373,93.513389,village,378,1,0,0
s13279813573,Songphu,,24.550466,93.546079,village,244,1,0,0
s13281236111,Neilen,,24.578192,93.470025,village,0,0,0,0
s13281236118,Chingmei Kabui,,24.638898,93.45162,village,212,1,0,0
s13281236120,T. Khonomphai,,24.451808,93.542679,hamlet,0,0,0,0
s13281236163,D. Munlui,,24.428516,93.522815,village,161,1,0,0
s13281236192,Moldak,,24.399338,93.522465,village,257,1,0,0
s13282216509,Tusam,,25.07574,94.049187,village,359,1,0,0
s13282216510,Tengkonphai,,25.076342,94.059243,village,0,0,0,0
s13282216511,H. Twinomjang,,25.080739,94.053838,village,0,0,0,0
s13282216512,Pangjang,,25.08765,94.04716,village,620,1,0,0
s13282216576,Phaikon,,25.132664,94.078085,village,0,0,0,0
s13283628640,Ichai Goyang,,25.082606,94.010854,village,668,1,0,0
s13283628643,Saikho,,25.089224,94.002935,village,574,1,0,0
s13286094822,Molvom,,25.089603,93.952292,village,0,0,0,0
s13286094901,Molvom (old),,25.087012,93.967227,hamlet,0,0,0,0
s13286309906,Molvom,,25.089603,93.952292,village,0,0,0,0
s13287043028,Tingri,,24.921083,93.907537,village,520,1,0,0
s13287043029,Mapao Christian,,24.905611,93.926727,village,614,1,0,0
s13287043031,Sinam,,24.948096,93.985224,village,1015,1,0,0
s13287995983,Haipi,,25.121979,93.9358,village,0,0,0,0
s13287995984,Gopibung,,25.124398,93.934606,village,0,0,0,0
s13288674384,B. Khonom,,24.475247,93.720476,village,0,0,0,0
s13288674385,Mualngat,,24.468605,93.726988,village,138,1,0,0
s13288674386,Thoroilok,,24.464362,93.717865,village,0,0,0,0
s13288674387,Pholjang,,24.453032,93.713852,village,253,1,0,0
s13288674388,T. Chavangphai,,24.45249,93.711936,village,0,0,0,0
s13289693594,Wakan,,24.944948,93.979351,village,204,1,0,0
s13289742501,T. Wakanphai,,24.988391,93.990098,village,205,1,0,0
s13289894503,Lamboi Khul,,24.937938,94.044106,village,0,0,0,0
s13289894508,Taret Khul,,24.924245,94.041122,village,0,0,0,0
s13289894510,Taorem,,24.904457,93.95459,village,0,0,0,0
s13290637505,Tollen,,24.402213,93.705627,village,551,1,0,0
s13290637580,Monglianphai,,24.403816,93.706001,village,720,1,0,0
s13299241591,Tingpibung,,25.045537,94.132153,village,731,1,0,0
s13299241601,Leplen,,25.021135,94.147439,village,599,1,0,0
s13299241604,Dongsum,,25.012569,94.143015,village,633,1,0,0
s13299241627,Muolsohoi,,24.999369,94.149197,village,0,0,0,0
s13299241643,Makeng Ngamneh,,25.127619,94.061375,village,0,0,0,0
s13299241655,Walpabung,,25.127634,94.066179,village,0,0,0,0
s13311753826,Khundong Khunkhaiba,,24.957756,93.711472,village,755,1,0,0
s13317712603,Phaibong,,24.577509,93.482945,village,112,1,0,0
s13317712609,Vangtungbung,,24.572509,93.413813,village,164,1,0,0
s13317712614,Chingmei Kuki,,24.60773,93.433145,village,378,1,0,0
s13317712615,Luangpai,,24.644889,93.47942,village,0,0,0,0
s13317712629,Khongjanglok,,24.594279,93.500892,village,37,1,0,0
s13317712634,Muibung,,24.59502,93.489067,village,0,0,0,0
s13317712636,Mamong,,24.572895,93.514693,village,299,1,0,0
s13317712922,Songkong,,24.595789,93.529709,village,202,1,0,0
s13329382439,Purum Khunou,,25.003581,94.024938,village,182,1,0,0
s13332451483,Heibongpokpi,,24.835318,93.845192,village,595,1,0,0
s13337063745,Makeng Ngulrou,,25.076923,94.05149,village,0,0,0,0
s13337070111,Hangoipat,,25.078326,94.059498,hamlet,0,0,0,0
s13354275545,Sadu Chiru,,24.73858,93.753434,village,209,1,0,0
s13356242964,Kangmong,,24.739153,93.804417,village,0,0,0,0
s13356366324,Leimaram Waroiching,,24.730302,93.768168,village,655,1,0,0
s13358446865,Joupi,,24.742014,93.758386,village,73,1,0,0
s13359898006,Dolang Khunou,,24.666573,93.72061,village,1206,1,0,0
s13359988649,Nungang Kabui,,24.674009,93.72901,village,650,1,0,0
s13364471797,Phaikhothang,,24.280302,93.691249,village,171,1,0,0
s13364662438,M. Shimuol,,24.291486,93.697935,village,1333,1,0,0
s13364662439,Mualpi,,24.302271,93.698709,village,159,1,0,0
s13364662440,Mualsang,,24.302103,93.695244,village,65,1,0,0
s13364662441,Misao Lhahvom,,24.29835,93.696129,village,622,1,0,0
s13364662442,Mualkot,,24.305855,93.699334,village,63,1,0,0
s13367909052,Laimanai,,24.583618,93.706145,hamlet,0,0,0,0
s13370683759,Tokpa Ching,,24.297302,93.901308,village,127,1,0,0
s13373028555,G. Gamphazawl,,24.085957,93.767684,village,0,0,0,0
s13373028572,Sialshi,,24.113008,93.771353,village,0,0,0,0
s13375126863,Aigejang,,24.711807,93.7527,hamlet,0,0,0,0
s13375741049,Kabowakching,,24.720881,93.807187,village,0,0,0,0
s13375741067,Kabowakching Khunou,,24.725607,93.801904,village,0,0,0,0
s13375741068,Balramkhul,,24.722221,93.815865,village,0,0,0,0
s13379076565,Jampi,,25.000728,93.847484,village,0,0,0,0
s13383152934,S. Phaipijang,,24.412208,93.705032,village,68,1,0,0
s13387626108,Saidan,,24.368026,93.719646,village,1363,1,0,0
s13387658725,Dumlian,,24.342858,93.805356,village,194,1,0,0
s13387734064,T. Gamnom,,24.320612,93.744634,village,0,0,0,0
s13394219269,D. Gellenjang,,24.377053,93.774174,village,622,1,0,0
s13394219270,Sihjang,,24.378198,93.782837,village,104,1,0,0
s13394219271,Haotak Keirap,,24.37803,93.770781,village,0,0,0,0
s13438036186,O. Songlung,,24.396196,93.733808,village,0,0,0,0
s13438043861,Pumkot Minjang,,24.410076,93.7574,village,0,0,0,0
s13438052422,Lailampat,,24.409671,93.762758,village,0,0,0,0
s13443958836,Kha Thingungei,,24.446773,93.792545,village,0,0,0,0
s13443958837,Gamnomphai,,24.419859,93.746786,village,0,0,0,0
s13587535190,Maite,,24.343339,93.484282,village,278,1,0,0
s13587535191,Tuilijang,,24.340645,93.487499,village,204,1,0,0
s13587535192,L. Phungchongjang,,24.309228,93.478976,village,243,1,0,0
s13587535195,Sinjang,,24.306181,93.391748,village,114,1,0,0
s13590657652,Gelmol,,24.480805,93.738546,village,108,1,0,0
s13590657653,Ujungmakhong,,24.490132,93.741053,village,152,1,0,0
s13590657654,Senpangjar,,24.495858,93.741886,village,164,1,0,0
s13590657655,Kangathei,,24.504424,93.73908,village,240,1,0,0
s13590657656,Bunglon,,24.500932,93.724922,village,319,1,0,0
s13590657670,Bijang Gangte,,24.476844,93.72003,village,37,1,0,0
s13590657671,L. Maovom,,24.470003,93.714579,village,0,0,0,0
s13590657672,P. Boljang,,24.46923,93.718482,village,0,0,0,0
s13590657691,Bungpilon,,24.469982,93.702354,village,0,0,0,0
s13593155108,Bijang Tampak,,24.487337,93.719295,village,70,1,0,0
s13593155140,L. Phainom,,24.503354,93.733655,village,0,0,0,0
s13620908700,Laimanai Kuki,,24.468257,93.706137,village,304,1,0,0
s13638936947,Phoisanbung,,24.457326,93.716412,village,115,1,0,0
s13723913893,Phoisenphai,,24.449396,93.722975,village,156,1,0,0
s13723913894,Ukha Tampak,,24.451703,93.723404,village,264,1,0,0
s13738262194,Khebungphe,,24.179549,93.923835,village,0,0,0,0
s13748887102,South Changoubung,,25.172419,93.969334,village,592,1,0,0
s13749164275,Hengbung,,25.224171,93.998216,village,1226,1,0,0
s13764468310,Khomunnom,,25.092165,94.124239,village,0,0,0,0
s13764468311,Jangnoi,,25.098638,94.121597,village,0,0,0,0
s13764468328,Gangpikon,,25.055347,94.119854,village,0,0,0,0
s13764737230,Mullam,,25.033302,94.192452,village,416,1,0,0
s13764743627,Shongphel,,25.013028,94.185176,village,511,1,0,0
s13812146049,Wanglee Market,,24.510323,94.432625,village,0,0,0,0
s13812146050,Namlee Market,,24.500048,94.426805,village,0,0,0,0
s13812146076,Kangkum,,24.602666,94.428636,village,371,1,0,0
s13828520652,Kotzim,,24.863906,93.769548,village,0,0,0,0
s13874380711,Veitum Khullen,,24.820652,93.751051,village,0,0,0,0
s13877760195,Ramrei,,24.885093,94.134463,village,0,0,0,0
s13879258862,Shingta,,24.908225,94.24972,village,322,1,0,0
s13888871153,Lamlai Chingphei,,24.955646,94.165347,village,467,1,0,0
s13889845797,Sikibung Kuki,,24.933383,94.200809,village,0,0,0,0
s13899903476,Huime,,25.244988,94.31528,village,1267,1,0,0
s245725129,Meiti,,24.699976,94.48225,village,0,0,0,0
s245731955,Chingai,,25.316892,94.498352,village,0,0,0,0
s9649701797,Kangpat Centre,,24.675494,94.485256,village,0,0,0,0
s9649701830,Kangpat Khunou,,24.689737,94.489544,village,438,1,0,0
s9822651732,Ramphoi,,24.712885,94.498395,village,0,0,0,0
s9822651734,Grihang,,24.784992,94.476395,village,0,0,0,0
s9831518376,Skipe,,24.640664,94.527836,village,123,1,0,0
s9831518393,Molvailup,,24.790631,94.612896,village,0,0,0,0
s9952197355,Poi,,25.277661,94.556631,town,0,0,0,0
s9952210833,Huishu,,25.246068,94.552713,village,0,0,0,0
s10081235768,Pilong,,24.664895,94.542455,village,0,0,0,0
s11554140307,Chahong Khunou,,24.90818,94.627213,village,0,0,0,0
s11554140326,Lakhan,,24.818703,94.567678,village,0,0,0,0
s11554140327,Lakhan Khuman,,24.816755,94.557599,village,0,0,0,0
s13812146040,Nampisha,,24.715528,94.501795,village,601,1,0,0
s13816245044,Lanchah,,25.028183,94.550429,village,84,1,0,0
s13816269616,Sahamphung,,25.046031,94.550264,village,147,1,0,0
s13816269634,Roni,,25.055197,94.569857,village,206,1,0,0
s13817952182,Aloyo border trade centre,,24.588532,94.492408,village,0,0,0,0
s245734491,Chingmai Khullen,,25.4687,94.371617,village,0,0,0,0
s1848134138,Paomata,,25.476723,94.206367,village,0,0,0,0
s6251548357,Geljang,,25.34486,93.715836,village,0,0,0,0
s12944317351,Makuilong,,25.378974,93.750308,hamlet,0,0,0,0
s12944317369,Kuilong,,25.355404,93.780574,hamlet,0,0,0,0
s12944317379,New Kuiong,,25.339061,93.788373,hamlet,0,0,0,0
s9956578566,New Tusom,,25.422413,94.577482,village,0,0,0,0
s10864806334,Tusom Khullen,,25.405167,94.586237,village,0,0,0,0
s12883065262,Wahong,,25.487435,94.552111,village,0,0,0,0
s245729844,Khaddum,,25.155559,92.447072,hamlet,5000,1,0,0
s245730713,Burengapara,,25.226298,90.196655,village,5000,1,0,0
s245731637,Sutnga,,25.370212,92.436802,village,0,0,0,0
s245732730,Langkyrdem,,25.3488,91.8956,village,0,0,0,0
s245732875,Khliehriat,,25.358712,92.36697,town,0,0,0,0
s245733093,Laitmawsiang,,25.396161,91.604912,village,0,0,0,0
s245734988,Barato,,25.605255,92.452471,village,0,0,0,0
s245735667,Nartiang,,25.573656,92.21701,village,0,0,0,0
s245735780,Shillong,,25.575993,91.882787,city,143000,1,0,0
s245736242,Asananggiri,,25.619807,90.281925,village,0,0,0,0
s245736665,Rambrei,,25.598978,91.215414,village,0,0,0,0
s245737555,Umroi,,25.713886,92.039655,village,0,0,0,0
s245737768,Dambu,,25.715311,90.814206,village,5000,1,0,0
s245738741,Bangsi,,25.8031,90.7405,village,0,0,0,0
s245739851,Bajengdoba,,25.895133,90.505285,village,0,0,0,0
s1262013875,Rngat,,25.336535,92.233947,village,0,0,0,0
s1262013973,Mawsynram,,25.29882,91.582451,town,0,0,0,0
s1262014179,Nolikata,,25.210668,91.254696,village,0,0,0,0
s1262014344,Mynso,,25.552675,92.327684,village,0,0,0,0
s1262014463,Shella,,25.179515,91.637124,village,0,0,0,0
s1262014635,Muktapur,,25.165125,92.125947,village,0,0,0,0
s1262014743,Mawshynrut,,25.661461,91.061726,town,0,0,0,0
s1262014817,Balat,,25.201924,91.404086,village,0,0,0,0
s1262014838,Umling,,25.964962,91.856919,village,0,0,0,0
s1262014939,Laskein,,25.519585,92.434462,village,0,0,0,0
s1262015033,Saipung,,25.334611,92.627061,village,0,0,0,0
s1262015202,Mawkynrew,,25.457479,92.058728,hamlet,0,0,0,0
s1262015226,Bapung,,25.404739,92.309275,village,0,0,0,0
s1262015418,Pynursla,,25.309078,91.900512,town,0,0,0,0
s1262084462,Chokpot,,25.323475,90.421637,town,0,0,0,0
s1262084616,Zikzak,,25.388337,89.907478,village,0,0,0,0
s1262084701,Nengkhra,,25.512211,90.630889,village,0,0,0,0
s1262085093,Dalu,,25.239409,90.191877,town,0,0,0,0
s1262085191,Selsella,,25.639188,90.041558,town,0,0,0,0
s1262085291,Dadenggiri,,25.761652,90.220118,town,0,0,0,0
s1262085444,Nonshram,,25.598411,90.86538,village,0,0,0,0
s1329752259,Dainadubi,,25.818623,90.79041,village,5000,1,0,0
s1329752276,Nongdaju,,25.549578,90.916446,village,0,0,0,0
s3178190161,Mawlynnong,,25.201951,91.915515,hamlet,0,0,0,0
s3489223621,Mawphlang,,25.454668,91.758819,village,0,0,0,0
s3498512460,Mawkasiang,,25.600906,91.968519,village,0,0,0,0
s3498512461,Mawpdang,,25.586919,91.990355,village,0,0,0,0
s3498512462,Tynring,,25.593249,91.983908,village,0,0,0,0
s3498528953,Mawdiangdiang,,25.597494,91.949141,village,0,0,0,0
s3498593553,Ishyrwat,,25.590864,91.924434,village,0,0,0,0
s3933644721,Nongriat,,25.251023,91.671376,hamlet,0,0,0,0
s4022577378,Mawlong,,25.212619,91.694208,hamlet,0,0,0,0
s4022667266,Mawpud,,25.269109,91.380857,village,0,0,0,0
s4571405213,Naypyingsynn,,25.203384,91.928514,hamlet,0,0,0,0
s4571408897,Riwai,,25.20475,91.934663,hamlet,0,0,0,0
s4905897536,Nohwet,,25.208746,91.893468,village,0,0,0,0
s5352503441,Khasi Tribe,,25.723625,91.929887,hamlet,0,0,0,0
s5352802733,Ryngud,,25.225517,91.769317,hamlet,0,0,0,0
s5352802961,Sohbar Village,,25.212433,91.751058,village,0,0,0,0
s5352802962,Laittyra,,25.210792,91.737489,hamlet,0,0,0,0
s5352803475,Jasir,,25.196457,91.636421,hamlet,0,0,0,0
s5352803496,Sohsarat,,25.2063,91.642048,hamlet,0,0,0,0
s5352803497,Nongwar,,25.21788,91.64502,village,0,0,0,0
s5352807461,Laitiam,,25.232788,91.750898,hamlet,0,0,0,0
s5353084046,Village,,25.328957,91.680098,hamlet,0,0,0,0
s5353084090,Mawphu,,25.298503,91.642853,hamlet,0,0,0,0
s5353533661,Umblai,,25.279248,91.6339,hamlet,0,0,0,0
s5353533785,Mawsahew,,25.260047,91.646576,hamlet,0,0,0,0
s5353533864,Village,,25.252398,91.629458,hamlet,0,0,0,0
s5353533865,Tynrong,,25.246642,91.633363,hamlet,0,0,0,0
s5353533984,Pyndemdkhar,,25.252173,91.662752,hamlet,0,0,0,0
s5353534186,Mynteng,,25.242965,91.6625,hamlet,0,0,0,0
s5353534187,Mawjyndem,,25.247549,91.653888,hamlet,0,0,0,0
s5353534188,Mawlakhiat,,25.256248,91.661111,hamlet,0,0,0,0
s5353534647,Phlangmawsyrpat,,25.26141,91.59497,hamlet,0,0,0,0
s5353534648,Phlangsynnei,,25.256991,91.60107,hamlet,0,0,0,0
s5353534833,Lyngkhom,,25.251455,91.60748,hamlet,0,0,0,0
s5353534834,Tyngnger,,25.243041,91.603269,hamlet,0,0,0,0
s5353534835,Tyngnger,,25.235433,91.610237,hamlet,0,0,0,0
s5353534836,Dewsaw,,25.228537,91.61484,hamlet,0,0,0,0
s5354919981,Nongrim,,25.237092,91.519257,village,0,0,0,0
s5354920009,Sohmynken,,25.242522,91.523393,village,0,0,0,0
s5354920116,Mawdon,,25.214803,91.558701,hamlet,0,0,0,0
s5354920117,Mawkhan,,25.21623,91.563894,hamlet,0,0,0,0
s5354920167,Thyllaw,,25.229843,91.523924,village,0,0,0,0
s5355167393,Langar,,25.218332,91.767865,hamlet,0,0,0,0
s5355287501,Village,,25.369449,91.747505,village,0,0,0,0
s5355287589,Village,,25.386023,91.734692,hamlet,0,0,0,0
s5359722626,Mawkawir,,25.258136,91.653142,hamlet,0,0,0,0
s5359722851,Sohsarat,,25.21747,91.664144,hamlet,0,0,0,0
s5359722907,Mawryngkhong,,25.201277,91.631684,hamlet,0,0,0,0
s5371423637,Mayphlong,,25.203597,91.868395,village,0,0,0,0
s5371423638,Mevi,,25.194716,91.857988,hamlet,0,0,0,0
s5371423832,Lynnyang,,25.202029,91.836498,village,0,0,0,0
s5371424628,Mawlatang,,25.241525,91.801971,hamlet,0,0,0,0
s5371424629,Tyrngei,,25.236572,91.798456,hamlet,0,0,0,0
s5371425541,Sohkhmi,,25.236381,91.77748,village,0,0,0,0
s5372576400,Sepplang,,25.199714,91.920113,hamlet,0,0,0,0
s5372576826,Umkren,,25.186884,91.994247,hamlet,0,0,0,0
s5379579507,Lapalang,,25.195531,91.962381,hamlet,0,0,0,0
s5379579508,Nongtalang,,25.208848,92.066535,village,0,0,0,0
s5379579509,Lamin,,25.214716,92.028689,hamlet,0,0,0,0
s5380914170,Rasong,,25.440833,91.913906,hamlet,0,0,0,0
s5381238695,Jatah,,25.408944,92.045828,hamlet,0,0,0,0
s5381238696,Wahmawlein,,25.379693,91.986221,hamlet,0,0,0,0
s5381238697,Mawkynrew,,25.433852,91.9997,village,0,0,0,0
s5381238698,Jongksha,,25.470321,91.967969,village,0,0,0,0
s5381302708,Syntung,,25.352941,92.05351,village,0,0,0,0
s5383968521,Lynnongsynn,,25.207057,92.207324,village,0,0,0,0
s5383989465,Bataw,,25.235105,92.224018,hamlet,0,0,0,0
s5384484158,Sinai,,25.223719,91.588919,hamlet,0,0,0,0
s5384484159,Nonglait,,25.215612,91.587828,hamlet,0,0,0,0
s5384484160,Nongtrai,,25.210562,91.60409,village,0,0,0,0
s5411122666,Thieddieng Nongrim,,25.294007,91.626148,hamlet,0,0,0,0
s5411122667,Phlangkynshi,,25.303402,91.520383,hamlet,0,0,0,0
s5411122878,Jynpiat,,25.303923,91.558189,hamlet,0,0,0,0
s5411122879,Domskong,,25.301132,91.558986,hamlet,0,0,0,0
s5411122880,Mawkaphan,,25.300245,91.567676,hamlet,0,0,0,0
s5465498650,Thieddieng Nongthymmai,,25.298736,91.624077,hamlet,0,0,0,0
s5465498829,Kynshluid,,25.281561,91.602564,hamlet,0,0,0,0
s5465498830,Nongshluid,,25.278178,91.60994,hamlet,0,0,0,0
s5465546931,Laitryngew,,25.327658,91.73378,village,0,0,0,0
s5789836397,Mawlasnai,,25.730671,92.141175,village,0,0,0,0
s6191064769,Shnongpdeng,,25.207586,92.00884,hamlet,0,0,0,0
s6203746159,Zingmaham,,25.206892,91.900232,hamlet,0,0,0,0
s6250024029,Ingsaw,,25.824211,92.139265,village,0,0,0,0
s6253407673,Umlatodh,,25.19733,92.277088,hamlet,0,0,0,0
s6253407686,Lakadong,,25.186845,92.266874,hamlet,0,0,0,0
s6253407687,Umlynsha,,25.207582,92.264857,hamlet,0,0,0,0
s6253407688,Posadwar,,25.148373,92.209947,hamlet,0,0,0,0
s6253407689,Kharkhana,,25.158959,92.209883,hamlet,0,0,0,0
s6253407690,Borghat,,25.160978,92.228143,hamlet,0,0,0,0
s6253407691,Lama,,25.168824,92.240331,hamlet,0,0,0,0
s6253408770,Bataw,,25.23042,92.243893,village,0,0,0,0
s6253841484,Lummarjai,,25.534077,92.206085,village,0,0,0,0
s6253841710,Mupliang,,25.545655,92.205167,village,0,0,0,0
s6253845460,Raliang,,25.498901,92.393544,village,0,0,0,0
s6255618606,Nongkrem,,25.497052,91.880422,village,0,0,0,0
s6255619980,Lyngshing,,25.390763,91.99021,hamlet,0,0,0,0
s6255621436,Nongjrong,,25.478912,92.090288,village,0,0,0,0
s6255622148,Mawsna,,25.447944,92.082,hamlet,0,0,0,0
s6255622177,Thodong,,25.512289,91.95754,village,0,0,0,0
s6255623311,Khliehasem,,25.375855,92.033962,hamlet,0,0,0,0
s6255623378,Mawsna,,25.361749,92.020369,hamlet,0,0,0,0
s6255623671,Nohron,,25.33976,92.025046,hamlet,0,0,0,0
s6255623672,Nongryngkoh,,25.323027,92.01229,hamlet,0,0,0,0
s6255624287,Syangkhnai,,25.358919,92.085772,village,0,0,0,0
s6255680069,Thynroit,,25.494524,91.971069,village,0,0,0,0
s6255680215,Mawber,,25.516418,92.005466,hamlet,0,0,0,0
s6255778045,Laitlyngkot,,25.44676,91.839837,village,0,0,0,0
s6255781605,Umlympung,,25.473614,91.817025,hamlet,0,0,0,0
s6286817795,Byrnihat,,26.054335,91.86965,town,0,0,0,0
s7162274352,Jirang,,25.935007,91.578898,village,0,0,0,0
s7162274353,Mawphanlur,,25.54612,91.453221,village,189,1,0,0
s7162274355,Laitkroh,,25.449824,91.799741,village,0,0,0,0
s7162321057,Zikzak,,25.406803,89.860139,village,0,0,0,0
s7162321058,Dalu,,25.314585,90.120335,village,0,0,0,0
s7162321059,Gasuapara,,25.228935,90.333914,hamlet,0,0,0,0
s7162321063,Kharkutta,,25.923718,90.897124,village,0,0,0,0
s7162349311,Gambegre,,25.46602,90.139132,village,0,0,0,0
s7698287402,Nongnah,,25.268057,91.322169,village,0,0,0,0
s7838378983,Umkhoi,,25.428923,91.957017,hamlet,0,0,0,0
s8325386818,Shangpung,,25.479847,92.356723,village,0,0,0,0
s8792007305,Synnei,,25.264942,91.607232,hamlet,0,0,0,0
s8792575637,Phlangwanbroi,,25.253338,91.499335,village,0,0,0,0
s8792583777,Tlongpleng,,25.243828,91.443696,hamlet,0,0,0,0
s8792583778,Mawpen,,25.231506,91.4377,village,0,0,0,0
s8792619686,Rangweng,,25.23344,91.425619,hamlet,0,0,0,0
s8792619687,Kynrang,,25.235089,91.420428,hamlet,0,0,0,0
s8792619693,Pomblang,,25.232417,91.372086,hamlet,0,0,0,0
s8792655595,Ladmawlongbah,,25.202781,91.279126,hamlet,0,0,0,0
s8794012568,Kenmynsaw,,25.310432,91.559828,village,0,0,0,0
s8794012569,Kenbah,,25.308445,91.557071,village,0,0,0,0
s8898472255,Umtyllun,,25.228576,91.563844,hamlet,0,0,0,0
s8898472256,Mawtepïew,,25.227798,91.56076,village,0,0,0,0
s8898472257,Mawlongbna,,25.231703,91.561702,village,0,0,0,0
s8898472258,Lawbah,,25.232904,91.564667,village,0,0,0,0
s8907279921,Mawspong,,25.366785,91.630783,hamlet,0,0,0,0
s8907279923,Kyrphei,,25.395656,91.654672,hamlet,0,0,0,0
s8907279924,Rampna,,25.399879,91.654384,hamlet,0,0,0,0
s9186667385,Pongkung,,25.386794,91.583252,village,0,0,0,0
s10570216797,Meiong,,25.300247,91.831943,hamlet,0,0,0,0
s10570230615,Lyngshing,,25.389331,91.989407,hamlet,0,0,0,0
s10570239687,Umpdem,,25.40372,91.919872,hamlet,0,0,0,0
s10570246159,Shanghang,,25.421962,92.091947,hamlet,0,0,0,0
s10570246901,Mawlam,,25.251261,91.831573,hamlet,0,0,0,0
s10570246902,Khwad,,25.388838,91.971599,hamlet,0,0,0,0
s10570248059,Mawlyngngot,,25.406566,91.938452,hamlet,0,0,0,0
s10570248227,Mawdatap,,25.358351,92.084687,hamlet,0,0,0,0
s10570248754,Laitsophie,,25.307305,91.909853,village,0,0,0,0
s10570249434,Sohmynting,,25.442552,92.139993,village,0,0,0,0
s10570249800,Kongthong,,25.328969,91.822014,village,0,0,0,0
s10570251658,Rangphlang,,25.426438,91.903877,hamlet,0,0,0,0
s10570251660,Wahkhen,,25.346735,91.850201,hamlet,0,0,0,0
s10570253258,Sder,,25.284522,91.827508,hamlet,0,0,0,0
s10570253259,Mawmang,,25.315211,91.824715,hamlet,0,0,0,0
s10570254229,Jatah,,25.409128,92.049654,hamlet,0,0,0,0
s10570254230,Nongkwai,,25.312962,91.976509,hamlet,0,0,0,0
s10570254316,Ryngngi,,25.381555,91.952244,hamlet,0,0,0,0
s10709887836,Upper Sohra,,25.283719,91.720395,suburb,0,0,0,0
s10709921608,Kutmadan,,25.252214,91.753271,village,0,0,0,0
s10709921609,Suktia,,25.224465,91.797573,village,0,0,0,0
s10725655745,Lad Sohbar,,25.209198,91.743217,hamlet,0,0,0,0
s10725655747,Lad Ryngud,,25.221905,91.742889,village,0,0,0,0
s10725662331,Nohkalikai,,25.283668,91.715541,village,0,0,0,0
s10958222661,Mawsynram Dongrum,,25.297097,91.581125,suburb,0,0,0,0
s10958222662,Mawsynram Dongniang,,25.299466,91.584238,suburb,0,0,0,0
s10958222663,Mawsynram Dongshiling,,25.299615,91.579829,suburb,0,0,0,0
s11763920596,Emangre,,25.333454,90.571264,village,329,1,0,0
s12195541209,Latyrke,,25.342009,92.459199,hamlet,0,0,0,0
s12195541210,Shnongrim,,25.350425,92.518702,hamlet,0,0,0,0
s12195541211,Molasngi,,25.366364,92.535503,hamlet,0,0,0,0
s12195541213,Lāmarsiāng,,25.36014,92.486708,hamlet,0,0,0,0
s12195541214,Lāmarsiāng,,25.357367,92.484852,hamlet,0,0,0,0
s12243694657,Tolegre,,25.384629,90.603573,village,0,0,0,0
s12279692850,Miklipārā,,25.045512,92.427116,hamlet,0,0,0,0
s12450410523,Mawtangor,,25.392168,91.577096,village,0,0,0,0
s12462563220,Pombut,,25.490389,91.805876,village,0,0,0,0
s12465317247,Umsaw Myllium,,25.506994,91.856517,village,0,0,0,0
s12875788253,Jemānāi,,25.972581,92.02422,hamlet,0,0,0,0
s12875788254,Bleshāh,,25.981165,92.00846,hamlet,0,0,0,0
s12875788255,Bleshāh,,25.980374,92.006807,hamlet,0,0,0,0
s12875788256,Umden,,25.964025,91.990414,village,0,0,0,0
s12875788257,Nepāli Khunti,,25.947452,92.034681,hamlet,0,0,0,0
s12875788258,Māwlong,,25.95245,92.037385,hamlet,0,0,0,0
s12875788259,Umkon,,25.961479,92.019339,hamlet,0,0,0,0
s12875788260,Sohkhār,,25.960784,92.009897,hamlet,0,0,0,0
s13550836663,Sakwa,,25.203005,92.459024,village,0,0,0,0
s13550983409,Muallian,,25.198334,92.491837,village,0,0,0,0
s13568394638,Tlangmoi,,25.237621,92.488865,village,0,0,0,0
s13568394643,Tangnub,,25.303026,92.49984,village,0,0,0,0
s13568394644,Lelad,,25.310007,92.49557,village,0,0,0,0
s13568394653,Tongseng,,25.32598,92.501428,village,0,0,0,0
s13568394662,Umlawang,,25.346348,92.448884,village,0,0,0,0
s13572972983,Thlang Moi,,25.236517,92.488098,village,0,0,0,0
s245702605,Lomasu,,22.103858,92.848105,village,5000,1,0,0
s245704276,Bunglang,,22.355432,92.758122,village,5000,1,0,0
s245704318,Damdep,,22.294733,92.606624,village,0,0,0,0
s245704838,Fursuril,,22.385109,92.610623,village,0,0,0,0
s245705252,Lawngtlai,,22.528037,92.898086,town,0,0,0,0
s245705514,Amobyu,,22.434749,92.964433,village,0,0,0,0
s245706849,Thingeal,,22.492193,92.72583,village,5000,1,0,0
s245708693,Sangau,,22.738672,93.049585,village,0,0,0,0
s245710288,Lunglei,,22.893169,92.747039,town,47137,1,0,0
s245710527,Demagiri,,22.913789,92.447282,village,0,0,0,0
s245710577,Lungsen,,23.055599,92.70151,village,0,0,0,0
s245710645,Thingsei,,22.9261,93.1034,village,5000,1,0,0
s245711650,Farkawn,,23.079132,93.294704,village,0,0,0,0
s245711703,Holangchari,,23.111822,92.507096,village,0,0,0,0
s245711806,Lungchem,,23.126271,92.687146,village,0,0,0,0
s245711908,Vaphai,,23.148073,93.325372,village,0,0,0,0
s245712520,Lungdar,,23.212756,93.084297,village,0,0,0,0
s245712869,Leitham,,23.242843,93.270566,village,0,0,0,0
s245712879,Thenzawl,,23.281292,92.775339,town,0,0,0,0
s245713318,Laisawrai,,23.265857,92.475477,village,0,0,0,0
s245713805,Sabual,,23.460445,92.597432,village,0,0,0,0
s245714304,Champhai,,23.478718,93.319888,town,0,0,0,0
s245714375,Phuldungsei,,23.474522,92.42007,village,0,0,0,0
s245714410,N. Kawbung,,23.544397,93.311187,village,0,0,0,0
s245715530,Phalleng,,23.698093,92.48925,village,0,0,0,0
s245715707,Serkmun,,23.75676,92.356817,village,0,0,0,0
s245717775,Phullen,,23.848709,93.044963,village,0,0,0,0
s245718266,Twakzawl,,23.953634,92.776628,village,0,0,0,0
s245720464,Thingsat,,24.22935,92.955161,village,0,0,0,0
s245720768,Bikhawatlir,,24.289187,92.695503,village,5000,1,0,0
s245722057,Chhimluang,,24.3876,92.717559,village,5000,1,0,0
s856728488,Bualpui,,24.074685,92.673982,village,5000,1,0,0
s1795712165,Zyhno,,22.266643,93.044487,village,0,0,0,0
s1848820961,Phura,,22.233764,92.908469,village,0,0,0,0
s1848820962,Ahmypi,,22.218829,93.028741,village,0,0,0,0
s2017884064,Sairang,,23.810344,92.652259,town,0,0,0,0
s2083635814,Bualpul,,22.550412,93.035085,village,0,0,0,0
s2083635815,Chumkum,,22.81784,92.56188,village,0,0,0,0
s2083635817,Marpeta,,23.267422,92.403524,village,0,0,0,0
s2083635818,Mauzam,,23.184429,92.372056,village,0,0,0,0
s2083635820,Thanlum,,23.19918,92.585437,village,0,0,0,0
s2083680071,Baktawng,,23.536131,92.846307,village,0,0,0,0
s2083680073,Lallen,,23.654638,92.606556,village,0,0,0,0
s2083680074,Neihbawi,,23.932485,92.714896,village,5000,1,0,0
s2084596890,Vaitin,,24.224508,92.976832,village,0,0,0,0
s2084596946,Tinghmun,,24.316313,92.989417,hamlet,0,0,0,0
s2135982229,Zokhawthar,,23.36595,93.383898,town,0,0,0,0
s2135988032,Bulfekzawl,,23.317407,93.365124,village,0,0,0,0
s2455229369,Darlawn,,24.017343,92.928702,village,0,0,0,0
s2455229535,Sesawng,,23.750199,92.853592,village,0,0,0,0
s2455262478,Ratn,,24.10942,92.922235,village,0,0,0,0
s2455486911,New Vervek,,24.185378,92.945523,hamlet,0,0,0,0
s2491833516,Kolasib,,24.226466,92.677349,town,19008,1,0,0
s2501070214,Ngopa,,23.88505,93.21119,village,0,0,0,0
s2501374379,Kawlkulk,,23.618414,93.082769,village,0,0,0,0
s2501392970,Sachal,,23.692999,92.965428,village,10966,1,0,0
s2518720215,Bymari,,22.107311,92.871729,village,0,0,0,0
s2518720479,Tokalo,,22.173402,92.889947,village,0,0,0,0
s2518720637,Kawrthingdeng,,22.315965,92.792696,village,0,0,0,0
s2518804531,Lopu,,22.069495,92.911723,village,0,0,0,0
s2518842117,Kiasie,,22.243005,92.924409,village,0,0,0,0
s3158801851,Mawhro,,22.237316,93.10299,village,0,0,0,0
s3158802298,Chakhei,,22.292233,93.139017,village,0,0,0,0
s3158802307,Chheihlu,,22.294468,93.080658,village,0,0,0,0
s3158802416,Siata,,22.342078,93.150848,village,0,0,0,0
s3158802941,Theiri,,22.368402,93.038957,village,0,0,0,0
s3885088826,Vanbawng,,24.041186,93.049811,village,0,0,0,0
s3885089326,N. Khawlek,,24.067804,93.020465,village,0,0,0,0
s3885106214,Buhban,,23.815372,92.96076,village,0,0,0,0
s5232413103,Vairengte,,24.495662,92.760487,town,0,0,0,0
s5380417193,Hmunnuam,,22.417813,92.74538,village,0,0,0,0
s5380417201,Parva,,22.085004,92.646246,village,0,0,0,0
s5380417370,Hmawngbu,,22.162785,92.806545,village,0,0,0,0
s5380417421,Ngenpuitlang,,22.295063,92.777674,village,0,0,0,0
s5380417435,Hmunlai,,22.587485,92.672188,village,0,0,0,0
s5702255825,Kelkang,,23.40369,93.318839,village,0,0,0,0
s5822801358,Zawsei,,23.1695,93.202429,village,0,0,0,0
s6188504443,Tiabung,,22.907487,92.468898,village,0,0,0,0
s6202256842,Durtlang,,23.781624,92.727597,village,0,0,0,0
s6202381605,Serkawn,,22.907828,92.758507,village,0,0,0,0
s6202382789,Saza,,22.977004,92.726068,village,0,0,0,0
s6205513687,Murlen,,23.6596,93.284826,village,0,0,0,0
s6205920888,Ngur,,23.538465,93.373704,village,0,0,0,0
s6205920998,Vapar,,23.619499,93.349628,village,0,0,0,0
s6205920999,Rapung,,23.683212,93.201957,village,0,0,0,0
s6205921914,Tuapui,,23.588426,93.243782,village,0,0,0,0
s6205938165,Tualcheng,,23.724609,93.303569,village,0,0,0,0
s6206020924,Lamzawl,,23.817655,93.20561,village,0,0,0,0
s6206079133,Selam,,23.804252,93.292379,village,0,0,0,0
s6206079134,Luagphunllan,,23.757735,93.305286,village,0,0,0,0
s6206079135,Pamcheng,,23.725969,93.237528,village,0,0,0,0
s6206079140,Kawlbem,,23.87115,93.307004,village,0,0,0,0
s6206207760,Silsuri,,23.381569,92.365247,village,0,0,0,0
s6206323710,Rawpui,,23.146575,92.897987,village,0,0,0,0
s6206323711,Bungtlang,,23.188353,92.899881,village,0,0,0,0
s6207231256,Maite,,23.52126,92.993817,village,0,0,0,0
s6207231388,Hmuntha,,23.492581,92.940731,village,0,0,0,0
s6207231389,Hualtu,,23.528737,92.915969,village,0,0,0,0
s6207231390,Lenchim,,23.598953,92.93129,village,0,0,0,0
s6207231391,Tawizo,,23.561733,92.957822,village,0,0,0,0
s6207231392,Mualpheng,,23.609767,92.975428,village,0,0,0,0
s6208692951,Darngawn,,23.344014,92.529312,village,0,0,0,0
s6208778433,Tieu,,23.205206,92.534409,village,0,0,0,0
s6210677028,Tialdawngl,,22.602839,93.097544,village,0,0,0,0
s6210677029,Archhuang,,22.632164,93.07887,village,0,0,0,0
s6210677032,Sentetfiang,,22.713262,93.049092,village,0,0,0,0
s6210677033,Thaltlang,,22.692398,93.061742,village,0,0,0,0
s6210677034,Cheural,,22.711312,93.014261,village,0,0,0,0
s6210677035,Rawlbuk,,22.674758,92.997336,village,0,0,0,0
s6210677036,S. Lungpher,,22.61927,93.009685,village,0,0,0,0
s6210677037,Siachangkawn,,22.600798,93.025414,village,0,0,0,0
s6210677038,Vawnbuk,,22.595509,93.077631,village,0,0,0,0
s6210831107,Khawmawi,,22.504459,92.772857,village,0,0,0,0
s6239245721,Khaikhy,,22.018081,92.926547,village,0,0,0,0
s6512763291,Iana,,22.378281,93.161268,village,0,0,0,0
s6512796825,Siatlai,,22.265641,93.033309,village,0,0,0,0
s6586137905,Tipa 'B',,22.309681,92.999592,village,0,0,0,0
s6586155061,New Laty,,22.377835,92.921668,village,0,0,0,0
s6586159894,Maisa,,22.284486,92.916386,village,0,0,0,0
s6586176715,Miepu,,22.169971,92.923369,village,0,0,0,0
s6586180775,Riasika,,22.530781,92.947965,village,0,0,0,0
s6586189285,Tipi Ferry,,22.515418,92.937907,village,0,0,0,0
s6586189768,Lobo,,22.471475,93.102256,village,0,0,0,0
s6586194632,No-aotlah III,,22.461944,93.051143,village,0,0,0,0
s6586196583,Tisopi,,22.555162,92.99882,village,0,0,0,0
s6586199424,Chhaolo,,22.440204,93.100024,village,0,0,0,0
s6586201638,Thiahra,,22.597105,92.971545,village,0,0,0,0
s6586208174,Siasi,,22.278738,93.189889,village,0,0,0,0
s6588373707,Hruitezawl,,22.244642,92.831027,village,0,0,0,0
s6588409248,Rulkual,,22.394343,92.877241,village,0,0,0,0
s6588411341,Sabualtlang,,22.118225,92.808571,village,0,0,0,0
s6588417781,Vanhne R,,22.406378,92.89922,village,0,0,0,0
s6588443125,Saizaw East,,22.365448,92.832502,village,0,0,0,0
s6590383612,Lodaw,,22.27555,92.838029,village,0,0,0,0
s6590409226,Tuidang,,22.254375,92.828461,village,0,0,0,0
s6595802081,Kaki,,22.133789,92.842254,village,0,0,0,0
s6824936286,Reiek,,23.699295,92.606936,village,0,0,0,0
s6824937385,Zawlnuam,,24.13289,92.332449,village,0,0,0,0
s6826316787,Khawbung,,23.171709,93.220131,town,0,0,0,0
s6827118489,Hnahthial,,22.966568,92.928538,town,0,0,0,0
s7047092741,Supha,,22.120607,92.922911,village,0,0,0,0
s7162161882,West Bunghmun,,23.182066,92.488875,village,0,0,0,0
s7162161883,Lungsen,,22.878765,92.586958,village,0,0,0,0
s7162182743,Thingsulthliah,,23.690571,92.860351,village,0,0,0,0
s7379321416,Hmunpui,,23.86136,92.581326,village,0,0,0,0
s9846000394,Mualvum,,24.021851,92.665221,village,0,0,0,0
s9917457945,Tiangsam,,23.461357,93.3601,village,0,0,0,0
s9917468717,Mualkawi,,23.42092,93.333106,village,0,0,0,0
s9917744605,Bulungsury,,22.864164,92.480142,hamlet,0,0,0,0
s9917764822,Hortoki,,24.06261,92.595777,village,0,0,0,0
s9917804358,Tungasora,,22.658695,92.537579,hamlet,0,0,0,0
s10095674124,Lungzarhtum,,22.52419,93.032573,village,0,0,0,0
s10095757591,Saihatlangkawn,,22.496233,92.996371,village,0,0,0,0
s12249036273,Tuirini,,23.848221,92.829977,hamlet,0,0,0,0
s12249233747,Saipum,,24.355649,92.881148,hamlet,0,0,0,0
s12249233748,Saipum,,24.353196,92.84923,hamlet,0,0,0,0
s12256431687,Mauchar,,24.353797,92.920765,hamlet,0,0,0,0
s12256449181,Sakawrdai,,24.227692,92.953928,village,0,0,0,0
s12256461760,Thingsat,,24.197782,92.940307,hamlet,0,0,0,0
s12256464970,Darlawn,,24.284526,92.947022,hamlet,0,0,0,0
s12256464976,Palsang,,24.284951,92.914217,hamlet,0,0,0,0
s12269716838,Buchhang,,24.33564,92.657683,hamlet,0,0,0,0
s12272115214,Rasdhali,,24.147243,92.569599,hamlet,0,0,0,0
s12272115216,Meidum,,24.175536,92.571791,hamlet,0,0,0,0
s12434558865,Rengdil,,24.06594,92.387783,hamlet,0,0,0,0
s12811469927,Lungpho,,23.381222,93.001459,village,0,0,0,0
s12872853039,Longpuighat,,22.361327,92.638542,town,0,0,0,0
s13005440749,Khawlian,,23.996011,93.126955,village,0,0,0,0
s13005440783,Tangnuam,,24.01796,93.131936,village,0,0,0,0
s13005444801,New Serchhip,,23.333337,92.855204,village,0,0,0,0
s245732146,Tening,,25.349896,93.598218,village,0,0,0,0
s245736456,Khonoma,,25.65429,94.022013,village,0,0,0,0
s245736606,Phek,,25.709834,94.463343,town,0,0,0,0
s245741532,Shamator Town,,26.071415,94.874522,town,0,0,0,0
s245745090,Sanis,,26.205933,94.201778,village,0,0,0,0
s245750654,Changtongya,,26.534864,94.679741,town,7532,1,0,0
s830367831,Chare,,26.303671,94.614812,village,0,0,0,0
s1431554634,Merima,,25.713488,94.090521,suburb,0,0,0,0
s1676893235,Longleng,,26.488885,94.813153,town,0,0,0,0
s2084899505,Ngwalwa,,25.66114,93.78705,village,0,0,0,0
s2084956629,Chozuba,,25.736256,94.331671,village,0,0,0,0
s2084973726,Longching,,26.515488,94.934204,village,0,0,0,0
s2084973729,Wazeho,,25.664585,94.719524,village,0,0,0,0
s2084973884,Salomi,,25.793556,94.892798,village,0,0,0,0
s2455740979,Tseminyu,,25.923015,94.222351,village,0,0,0,0
s2459266817,Kiphire,,25.88673,94.786349,town,0,0,0,0
s2682295768,Yimyu,,26.333527,94.500538,suburb,0,0,0,0
s2682789681,Changki,,26.421844,94.388936,village,0,0,0,0
s2717284577,Yisemyong,,26.393753,94.595244,village,0,0,0,0
s2717326100,Mongsenyimti,,26.427115,94.6202,village,0,0,0,0
s2717339767,Mongsenyimti Compound,,26.426019,94.615715,village,0,0,0,0
s2719492929,Japu,,26.505276,94.411181,village,0,0,0,0
s2720295490,Ungma,,26.296976,94.504503,village,0,0,0,0
s2720296299,Alichen,,26.271292,94.455345,town,0,0,0,0
s2720307180,Kubza,,26.325806,94.448327,village,0,0,0,0
s2720307181,Mangmetong,,26.294189,94.40166,village,0,0,0,0
s2725104185,Mokokchung Village,,26.326827,94.533383,village,0,0,0,0
s3253385745,Zunheboto,,26.015029,94.528873,town,22633,1,0,0
s3613137018,Kohima,,25.661876,94.101916,city,115283,1,0,0
s3834459648,Longkhim,,26.219189,94.677598,village,0,0,0,0
s3901517090,Peren,,25.540353,93.735064,town,0,0,0,0
s3925317113,Mezoma,,25.672995,94.017968,village,2177,1,0,0
s4100970859,Khar,,26.468805,94.466112,village,0,0,0,0
s4260263035,Baghty,,26.251368,94.197454,village,0,0,0,0
s4269670653,Bandhari,,26.286416,94.121372,village,0,0,0,0
s4273504145,Barjan,,26.781837,94.832338,village,0,0,0,0
s4315550898,Chui,,26.69297,95.018793,village,0,0,0,0
s4514882420,Khuokhi Dolong,,25.768769,93.807608,village,0,0,0,0
s5757542021,Mezo Basa,,25.681508,94.033053,village,0,0,0,0
s5757543119,Sechuma,,25.694731,94.033583,village,0,0,0,0
s5757552042,Jotsoma,,25.674192,94.062384,village,0,0,0,0
s5763175304,Sirhi Angami,,25.726566,93.881245,village,0,0,0,0
s5763183353,Medziphema,,25.760326,93.883122,town,0,0,0,0
s5870291398,Impai,,25.416498,93.717488,village,0,0,0,0
s5938675294,Besumpuikam,,25.692227,93.539561,village,0,0,0,0
s5951766963,Lozaphohemi,,25.634821,94.486435,village,0,0,0,0
s5951964665,Hungphoi,,26.780346,95.020173,village,0,0,0,0
s5951965122,Wangla,,26.807197,95.00513,village,0,0,0,0
s6148448564,Tzudikong,,26.71602,94.635479,suburb,0,0,0,0
s6151697397,Yimpang,,26.284758,94.986527,village,0,0,0,0
s6151697399,Pesao,,26.403479,95.047703,village,0,0,0,0
s6151697401,Monyakshu,,26.440297,95.030279,village,0,0,0,0
s6151697404,Totokshinkhu,,26.645541,95.028241,village,0,0,0,0
s6151697408,Tanhai,,26.735196,94.943239,village,0,0,0,0
s6151697409,Leangha,,26.713414,94.986506,village,0,0,0,0
s6151697419,Wangti,,26.512794,95.073141,village,0,0,0,0
s6151697428,Longshen,,26.693095,95.075769,village,0,0,0,0
s6151698438,Tang,,26.704922,95.119307,village,0,0,0,0
s6244035401,Sailhim,,25.428916,93.645337,village,0,0,0,0
s6244035402,Tesenmi,,25.468134,93.666603,village,0,0,0,0
s6244035745,Mechangbung,,25.332225,93.524004,hamlet,0,0,0,0
s6244035746,Insung,,25.330116,93.55014,village,0,0,0,0
s6257013736,Ntu,,25.26877,93.610296,village,0,0,0,0
s6284526881,Phezhu,,25.666536,94.07567,village,0,0,0,0
s6286190569,Lerie,,25.652262,94.108608,suburb,0,0,0,0
s6286331613,Kezo Town,,25.642793,94.199803,village,0,0,0,0
s6286331614,Chedema,,25.681524,94.145343,village,0,0,0,0
s6286587448,High School Colony,,25.694751,94.09687,suburb,0,0,0,0
s6286587449,Bayavü,,25.686639,94.105689,suburb,0,0,0,0
s6286587450,Porter Lane,,25.655227,94.099787,suburb,0,0,0,0
s6286587451,Hospital Colony,,25.67048,94.095432,suburb,0,0,0,0
s6286587452,PWD Colony,,25.663422,94.103737,suburb,0,0,0,0
s6286587454,Daklane,,25.671739,94.10599,suburb,0,0,0,0
s6286587460,Midland Colony,,25.666188,94.104252,suburb,0,0,0,0
s6286587461,AG Colony,,25.656498,94.108028,suburb,0,0,0,0
s6286587462,Chandmari,,25.661372,94.104788,suburb,0,0,0,0
s6286587463,Minister Hill,,25.650463,94.099231,suburb,0,0,0,0
s6818305739,Angphang,,26.499391,94.981409,town,0,0,0,0
s6818305779,Aboi,,26.602841,94.965563,town,0,0,0,0
s6818318518,Chen,,26.580852,95.078473,village,0,0,0,0
s6818321786,Phomching,,26.689011,95.183508,village,0,0,0,0
s6818321787,Shangnyu,,26.770978,95.136022,town,0,0,0,0
s6818978587,Yongam,,26.551603,94.849278,village,0,0,0,0
s6818978588,Niam,,26.595195,94.859197,village,0,0,0,0
s6818978589,Tangha,,26.60357,94.770802,village,0,0,0,0
s6818978590,Yongya,,26.593727,94.810767,village,0,0,0,0
s6818979588,Pongo,,26.483519,94.866857,village,0,0,0,0
s6818979589,Sakchi,,26.406659,94.867909,village,0,0,0,0
s6818979590,Yaong,,26.513745,94.735064,village,0,0,0,0
s6818979591,Kangching,,26.645339,94.71748,village,0,0,0,0
s6818979687,Yongphao,,26.450797,94.862534,village,0,0,0,0
s6818979688,Orangkong,,26.506371,94.80021,village,0,0,0,0
s6818979689,Yachem,,26.520542,94.72352,village,0,0,0,0
s6818979691,Bora Namsang,,26.722537,94.797474,town,0,0,0,0
s6819061578,Noksen,,26.367956,94.722866,village,0,0,0,0
s6819068386,Chessore,,26.08238,94.734657,town,0,0,0,0
s6819100585,Patsho,,26.111102,94.931703,village,0,0,0,0
s6819105785,Thonoknyu Town,,25.988543,94.907327,town,0,0,0,0
s6819152693,Amahator,,25.941754,94.746947,village,0,0,0,0
s6819152799,Kiusam,,25.907023,94.915524,village,0,0,0,0
s6819153988,Seyochung,,25.925088,94.644299,village,0,0,0,0
s6819154386,Pungro,,25.813838,94.845786,town,0,0,0,0
s6819934390,Khuza,,25.77547,94.472208,village,0,0,0,0
s6819961591,Zapami,,25.535394,94.246216,village,0,0,0,0
s6819961685,Chozuba,,25.717681,94.316704,village,0,0,0,0
s6819961692,Khezhakeno,,25.513901,94.20786,village,0,0,0,0
s6819961694,Sakraba,,25.616366,94.361534,village,0,0,0,0
s6819961695,Phokhungri,,25.603025,94.835207,village,0,0,0,0
s6819961696,Phor,,25.737572,94.774332,village,0,0,0,0
s6819961697,Sekruzu,,25.785788,94.415731,village,0,0,0,0
s6820746526,Mishilimi,,25.887025,94.262953,town,0,0,0,0
s6820746586,Aghunato,,26.012477,94.635029,village,0,0,0,0
s6820746592,Satoi,,25.832632,94.571857,village,0,0,0,0
s6820757827,Ghathashi,,25.853044,94.330287,village,0,0,0,0
s6820875485,Asuto,,26.11797,94.643762,village,0,0,0,0
s6820875685,Suruhuto,,26.147945,94.590955,village,0,0,0,0
s6821014212,Kubolong,,26.413347,94.534349,village,0,0,0,0
s6821022288,Alongkima,,26.542946,94.516904,village,0,0,0,0
s6821169685,Aitepyong,,26.302937,94.251859,village,0,0,0,0
s6821170952,Wozhuro,,26.009873,94.181564,village,0,0,0,0
s6821180870,Ralan,,26.012361,94.012349,village,0,0,0,0
s6823553389,Dhansiripar,,25.780339,93.625617,village,0,0,0,0
s6823699595,Khelma,,25.459879,93.421469,village,0,0,0,0
s6823831685,Kikruma,,25.580518,94.219544,village,0,0,0,0
s6871220210,Nyasa,,26.768239,95.179207,village,0,0,0,0
s6871220278,Wetting,,26.714928,95.1794,village,0,0,0,0
s6878533651,Zangkham Chingnyu,,26.809025,95.19122,village,0,0,0,0
s6888255508,Longnakshia,,26.970651,95.171765,village,0,0,0,0
s6888256493,Nokyan,,26.894786,95.197704,village,0,0,0,0
s7160202172,Kedima,,25.559516,94.178495,village,0,0,0,0
s7160202173,Kezocha,,25.60136,94.194245,village,0,0,0,0
s7160202174,Razieba,,25.521375,94.326296,village,0,0,0,0
s7160227764,Sitimi,,25.838078,94.666078,village,0,0,0,0
s7160227765,Mopong,,26.425252,94.953418,village,0,0,0,0
s7160227766,Hunta,,26.996745,95.193189,village,0,0,0,0
s7160248166,Jakhama HQ,,25.580699,94.125652,village,0,0,0,0
s7160366344,Chiephobozou,,25.814824,94.139571,village,0,0,0,0
s7160367649,Englan,,26.171577,94.250422,village,0,0,0,0
s7160367650,Sungro,,26.267788,94.33548,village,0,0,0,0
s7160367651,Ongpangkong,,26.335999,94.49976,village,0,0,0,0
s7160367652,V.K.,,26.181649,94.414101,village,0,0,0,0
s7160367653,Atoizu,,26.106044,94.51478,village,0,0,0,0
s7160367654,Akuhaito,,26.07918,94.455342,village,0,0,0,0
s7160367655,Saptiqa,,25.98969,94.397557,village,0,0,0,0
s7160394994,Chunlika,,25.981425,94.236903,village,0,0,0,0
s7160409547,Lotsu,,26.07149,94.079962,village,0,0,0,0
s7160464304,Longchem,,26.615043,94.499459,village,0,0,0,0
s7160464305,Changpang,,26.396665,94.20285,village,0,0,0,0
s7418609008,Dimapur,,25.911744,93.721703,city,122800,1,0,0
s7924945335,Chedema Model,,25.688512,94.153533,village,0,0,0,0
s7924945336,Chakhabama,,25.670559,94.196404,village,0,0,0,0
s7924945337,Rusoma Village,,25.72447,94.138093,village,0,0,0,0
s8148061477,Atophumi,,26.474652,94.410728,village,0,0,0,0
s8148061479,Mongchem,,26.502115,94.476159,village,0,0,0,0
s8148061480,Dibua,,26.525904,94.500099,village,0,0,0,0
s8148061481,Woromong,,26.556846,94.528166,village,0,0,0,0
s8148061483,Otting,,26.844562,94.95663,village,0,0,0,0
s8148080629,Tuimei,,26.816349,95.07333,village,0,0,0,0
s8148080630,Zakho,,26.821824,95.098538,village,0,0,0,0
s8148080631,Nganting,,26.860508,95.088916,village,0,0,0,0
s8148080952,Longting,,26.895939,95.165247,village,0,0,0,0
s8148080953,Yannyu,,26.88156,95.200463,village,0,0,0,0
s8148087804,Kiphire Town,,25.884215,94.787307,village,0,0,0,0
s8148087805,Zimkiur,,25.890625,94.853747,village,0,0,0,0
s8148087806,Metonger,,25.921861,94.891571,village,0,0,0,0
s8148087807,Sukimi,,25.993302,94.857718,village,0,0,0,0
s8148087808,Chessore Village,,26.091818,94.749023,village,0,0,0,0
s8148087809,Sibongsang,,26.1812,94.70895,village,0,0,0,0
s8148089571,Atiyung,,26.293906,94.246786,village,0,0,0,0
s8148110403,Tobu Village,,26.356667,94.932433,village,0,0,0,0
s8148110404,Tobu HQ,,26.36951,94.937601,village,0,0,0,0
s8148110405,Shannyu,,26.367796,94.966863,village,0,0,0,0
s8148110406,Tamkong,,26.381744,95.005721,village,0,0,0,0
s8148110407,Yongkhao,,26.379151,95.044959,village,0,0,0,0
s8148110408,Taknyu,,26.309407,95.031943,village,0,0,0,0
s8148110409,Waoshu,,26.269228,94.953362,village,0,0,0,0
s8148110411,Kuthur,,26.175865,94.814577,village,0,0,0,0
s8148110412,Thsotoku,,26.154015,94.766907,village,0,0,0,0
s8148110413,Longtoker,,26.139121,94.713387,village,0,0,0,0
s8148110414,Koiboto,,26.102856,94.668709,village,0,0,0,0
s8148110415,Lizutomi,,26.088562,94.662163,village,0,0,0,0
s8148110416,Phuleshetomi,,26.051665,94.617225,village,0,0,0,0
s8148124917,Zunheboto HQ,,26.022255,94.530144,village,0,0,0,0
s8148124918,Ghukiye,,25.997952,94.44808,village,0,0,0,0
s8148124919,Shoipu,,25.961616,94.427097,village,0,0,0,0
s8148124920,Satakha HQ,,25.929042,94.447624,village,4964,1,0,0
s8148124921,Ghatashi HQ,,25.852372,94.330086,village,0,0,0,0
s8148128731,Gariphema,,25.813956,94.227488,village,0,0,0,0
s8148128732,Ighanumi,,25.760301,94.311756,village,0,0,0,0
s8148128733,Chozuba HQ,,25.736753,94.337957,village,0,0,0,0
s8148134751,Ruzaphema,,25.719875,93.794519,village,0,0,0,0
s8148134753,Saijang IRB HQ,,25.595695,93.648966,village,0,0,0,0
s8148134754,Kejanglwa,,25.587263,93.681771,village,0,0,0,0
s8148134756,Nsenlwa,,25.469768,93.463435,village,0,0,0,0
s8148134757,Bamsiakilwa,,25.358691,93.501128,village,0,0,0,0
s8148134758,Lalong,,25.294922,93.551296,hamlet,0,0,0,0
s8148134759,Nzauna,,25.242815,93.570557,village,0,0,0,0
s8148134760,Nzau Old,,25.312643,93.637635,village,0,0,0,0
s8148134761,Puilwa,,25.47935,93.792001,village,0,0,0,0
s8148134762,Rebwak,,25.580729,93.909753,village,0,0,0,0
s8148134763,Poilwa,,25.584368,93.926982,village,0,0,0,0
s8148134764,Benreu,,25.57419,93.858648,village,0,0,0,0
s8148134766,Viswema,,25.563971,94.146585,village,0,0,0,0
s8148354465,Ngoromi,,25.756484,94.720759,village,0,0,0,0
s8148354466,Satuza,,25.698827,94.757484,village,0,0,0,0
s8148354467,Hutsu,,25.710109,94.744202,village,0,0,0,0
s8148354468,Waziho,,25.691296,94.718474,village,0,0,0,0
s8148354470,Thakiye,,25.801096,94.64222,village,0,0,0,0
s8148354471,Tsuhoto,,25.803085,94.61469,village,0,0,0,0
s8148354472,Tsuruhu,,25.823027,94.566232,village,0,0,0,0
s8148354473,Ghokhuvi,,25.848081,94.55252,village,0,0,0,0
s8148354474,Sukhai,,25.881093,94.503756,village,0,0,0,0
s8148354477,Khukiye,,25.919935,94.426406,village,0,0,0,0
s8148354478,Tukunasami,,25.942615,94.391981,village,0,0,0,0
s8148354479,Kitami,,25.980207,94.308234,village,0,0,0,0
s8148354480,Tsaphimi,,25.981418,94.298445,village,0,0,0,0
s8148354481,Ehenu,,25.977587,94.270325,village,0,0,0,0
s8148354483,Nsunyu,,25.980068,94.235221,village,0,0,0,0
s8148354484,Tesophenyu Old,,25.971364,94.211352,village,0,0,0,0
s8148354485,Ziphenyu,,25.963128,94.20853,village,0,0,0,0
s8148354991,Yongshei,,26.559393,94.779139,village,0,0,0,0
s8148354992,Noksosang,,26.526918,94.724435,village,0,0,0,0
s8148354993,Wanching,,26.660754,94.847163,village,0,0,0,0
s8148354994,Shiyong,,26.69664,94.921703,village,0,0,0,0
s8148354995,Longmeang,,26.608823,94.989547,village,0,0,0,0
s8148354996,Chuhangchinleng,,26.578499,94.994972,village,0,0,0,0
s8148354997,Nganching,,26.578221,94.970311,village,0,0,0,0
s8148354998,Aopao,,26.578695,94.932216,village,0,0,0,0
s8148355000,Sowa Old,,26.535338,94.918316,village,0,0,0,0
s8148355392,Changlang,,26.499543,94.954929,village,0,0,0,0
s8148355393,Angtangyang,,26.483722,94.949345,village,0,0,0,0
s8148355394,Changyu,,26.456089,94.989346,village,0,0,0,0
s8148355395,Yei,,26.468376,95.004143,village,0,0,0,0
s8148355396,Yakore,,26.151321,94.861178,village,0,0,0,0
s8148355398,Y. Anner,,26.103888,94.787965,village,0,0,0,0
s8148355399,Shothum A,,26.016817,94.726977,village,0,0,0,0
s8148355400,Phisami,,25.999426,94.686162,village,0,0,0,0
s8148355401,Tsukomi,,25.990398,94.639676,village,0,0,0,0
s8148355402,Viyilho,,25.974638,94.602395,village,0,0,0,0
s8148355403,Tokiye,,25.96237,94.585611,village,0,0,0,0
s8148355404,Yezashimi,,25.964215,94.620485,village,0,0,0,0
s8148355405,Yangzitong,,25.944522,94.651485,village,0,0,0,0
s8148355406,Thazuvi,,25.854163,94.6912,village,0,0,0,0
s8148355408,Nitoi,,25.844844,94.698488,village,0,0,0,0
s8148355409,Tsongphong,,25.817619,94.751149,village,0,0,0,0
s8148355410,Longmatra,,25.797323,94.742494,village,0,0,0,0
s8148355411,Longmatra HQ,,25.786074,94.746338,village,0,0,0,0
s8148434763,Khuzama,,25.535404,94.135246,village,0,0,0,0
s8148434764,Sweba,,25.568694,94.134999,village,0,0,0,0
s8148434765,Jakhama,,25.584539,94.135016,village,0,0,0,0
s8148434767,Mima,,25.609784,94.143471,village,0,0,0,0
s8148434768,Mitelephe,,25.625439,94.18287,village,0,0,0,0
s8148434770,Chakhabama,,25.647309,94.207047,village,0,0,0,0
s8148434771,Pfuchama,,25.643518,94.129706,village,0,0,0,0
s8148437992,Gukhanyu,,25.929391,94.260981,village,0,0,0,0
s8148437994,Sendenyu,,25.906124,94.121148,village,0,0,0,0
s8148437995,Tsonsunyu,,25.899059,94.128436,village,0,0,0,0
s8148437996,Tsiemekhuma,,25.884797,94.133575,village,0,0,0,0
s8148437998,Seiyhama,,25.863591,94.108938,village,0,0,0,0
s8148437999,Phekerkrie Bawe,,25.861794,94.056223,village,0,0,0,0
s8148438000,Phekerkrie Basa,,25.8838,94.040424,village,0,0,0,0
s8148438001,Viphoma,,25.841127,94.007779,village,0,0,0,0
s8148438003,Zhadima,,25.791176,94.064445,village,0,0,0,0
s8148438005,Chiephobozou,,25.797661,94.130404,village,0,0,0,0
s8148438006,Ciechama,,25.809368,94.139931,village,0,0,0,0
s8148438007,Gariphema,,25.777876,94.209918,village,0,0,0,0
s8148438008,Kijumetouma,,25.764858,94.230754,village,0,0,0,0
s8148438009,Dihoma,,25.73393,94.197069,village,0,0,0,0
s8148438012,Mengujuma,,25.769564,94.004188,village,0,0,0,0
s8148438013,Tsiese Basa,,25.755077,94.079773,village,0,0,0,0
s8148438015,Dzuleke,,25.620576,93.955699,village,0,0,0,0
s8366454266,Leshemi,,25.53276,94.232719,village,0,0,0,0
s8366454267,Lasumi,,25.536517,94.238135,village,0,0,0,0
s8366454268,Zuketsa,,25.538203,94.233241,village,0,0,0,0
s8366454269,Kade,,25.530635,94.267943,village,0,0,0,0
s8366454270,Kewetheza,,25.526664,94.256206,village,0,0,0,0
s8366454271,Kami,,25.545997,94.2661,village,0,0,0,0
s8366454272,Lekromi,,25.548139,94.271222,village,0,0,0,0
s9355820992,Longzang,,26.720497,95.208911,village,0,0,0,0
s9355820993,Pukha,,26.746797,95.213859,village,0,0,0,0
s9790589852,Hukpang,,26.469132,94.803738,village,0,0,0,0
s9790589853,Pongching,,26.463827,94.772975,village,0,0,0,0
s9790589854,Mongtikang,,26.459997,94.735399,village,0,0,0,0
s9790620531,Bhumnyu,,26.518155,94.843626,village,0,0,0,0
s9796151642,Shinnyiu,,26.343763,95.083596,village,0,0,0,0
s9802475755,Zangkham Tingsa,,26.84637,95.165536,village,0,0,0,0
s9848477225,Rājbāri,,25.866667,93.733334,village,0,0,0,0
s9894642410,Chen Moho,,26.580334,95.097741,village,0,0,0,0
s10620682238,Langnok,,26.165289,95.066777,village,0,0,0,0
s10620682239,Aniashu,,26.125299,95.078218,village,0,0,0,0
s10620682241,Choklangan,,26.069132,95.117103,village,0,0,0,0
s10620757162,Nyinyem,,26.297249,94.930919,village,0,0,0,0
s10620757190,Maksha,,26.316337,94.896012,village,0,0,0,0
s10620761550,Nokhu,,26.150807,95.027385,village,0,0,0,0
s10620761551,Lengnyu,,26.16117,94.985893,village,0,0,0,0
s10620761552,Tsuwao,,26.170975,94.977676,village,0,0,0,0
s10620761554,Wolam Nyuking,,26.265226,95.104159,village,1121,1,0,0
s10620761555,Dan village,,26.276573,95.122304,village,636,1,0,0
s10620966781,Wonthoi,,26.223838,95.086374,village,924,1,0,0
s10648078215,Kenjong,,26.011018,95.031785,village,0,0,0,0
s10648078216,Wui,,26.035569,95.066298,village,0,0,0,0
s10648078217,Sanglao East,,26.066885,95.015439,village,0,0,0,0
s10648078218,Peshu,,26.042548,94.992252,village,0,0,0,0
s10669054105,Sangsangnyu,,26.327908,94.896417,village,0,0,0,0
s10669054106,Halchang,,26.313145,94.877958,village,0,0,0,0
s10669071328,Kejok,,26.274004,94.855347,village,0,0,0,0
s10669071361,Saochu,,26.367316,94.889397,village,0,0,0,0
s10669071371,Auching,,26.3851,94.886827,village,0,0,0,0
s10719014271,Lumoking,,26.133495,94.95479,village,0,0,0,0
s10719014287,Yakhao,,26.152664,94.928137,village,0,0,0,0
s10719014288,Kingniu,,26.105261,94.989743,village,0,0,0,0
s10732480825,Kusong,,26.210226,95.014199,village,0,0,0,0
s10732480826,Thang Nokyan,,26.21518,95.025153,village,0,0,0,0
s10732480827,Nokyan B,,26.212796,95.032138,village,0,0,0,0
s10732489662,Kingpao,,26.111876,95.078169,village,0,0,0,0
s10732507676,Ekhao,,26.124285,94.93786,village,0,0,0,0
s10799080117,Usutomi,,25.973798,94.383311,village,2000,1,0,0
s10799080118,Zhevishe,,25.977718,94.388691,village,1000,1,0,0
s10944476433,Noke,,26.079692,94.96912,village,0,0,0,0
s10944476434,Thongtso,,26.053396,94.945129,village,0,0,0,0
s10944476450,Sanglao West,,26.062547,95.003959,village,0,0,0,0
s11054690766,Shihaphumi,,26.44353,94.332441,village,0,0,0,0
s11054690795,Satsukba,,26.472762,94.353359,village,0,0,0,0
s11054712786,Merayim,,26.438804,94.387321,village,0,0,0,0
s11101167576,Longsemdang,,26.511287,94.427307,village,0,0,0,0
s11412171812,Longkhum,,26.260991,94.413393,village,0,0,0,0
s11533305482,Porba,,25.616689,94.331393,village,2764,1,0,0
s11533381704,Sakraba HQ,,25.623826,94.365727,village,0,0,0,0
s11533567268,Gidemi,,25.621483,94.383549,village,0,0,0,0
s11533650694,Lower Khomi,,25.641364,94.394226,village,0,0,0,0
s11533650695,Enhulumi,,25.586717,94.367057,village,0,0,0,0
s11533650696,Mesulumi,,25.578958,94.342641,village,0,0,0,0
s11987579191,Pang,,25.939227,94.957812,village,0,0,0,0
s11987579192,Chilliso,,26.000356,94.945073,village,0,0,0,0
s11987579193,Chipur,,25.978432,94.995399,village,0,0,0,0
s12498253334,Lapa,,26.899578,95.031331,village,0,0,0,0
s12498253335,Lunglam,,26.890507,94.988158,village,0,0,0,0
s12541101432,Changdang,,26.587446,94.453751,village,0,0,0,0
s12541101457,Nokpu,,26.606356,94.482583,village,0,0,0,0
s12541240037,Lirmen,,26.650482,94.508876,village,0,0,0,0
s12638756480,ITC Dan,,26.285442,95.124035,town,0,0,0,0
s12850344988,Thongsonyu,,25.879639,94.984934,village,0,0,0,0
s12850351618,Moya,,25.775129,94.848429,village,0,0,0,0
s12880810290,Tuthezu,,25.815384,94.7982,village,0,0,0,0
s12880810291,New Vongti,,25.792766,94.806574,village,0,0,0,0
s12881142089,Khulazu Basa,,25.655565,94.279871,village,0,0,0,0
s12881142091,Thipuzu,,25.625727,94.267717,village,0,0,0,0
s12886908154,Chendang,,26.192632,94.870836,village,0,0,0,0
s12886908169,K.Wongthu,,26.185593,94.842683,village,0,0,0,0
s12894596382,Laruri,,25.679165,94.83807,village,0,0,0,0
s12894596383,Sütsü,,25.698405,94.84058,village,0,0,0,0
s12894596384,New Phor,,25.751797,94.77537,village,0,0,0,0
s12894596386,Tethuyo,,25.82085,94.77404,village,0,0,0,0
s12894596387,Samphure,,25.83269,94.773268,village,0,0,0,0
s12944266094,Azailong,,25.414783,93.645834,hamlet,0,0,0,0
s12944266096,Nchangram,,25.398599,93.633756,hamlet,0,0,0,0
s12944266099,Nkio,,25.392775,93.573197,hamlet,0,0,0,0
s12944267600,Tapein,,25.346496,93.658817,hamlet,0,0,0,0
s12944267968,Kandung,,25.376079,93.705142,hamlet,0,0,0,0
s12944267969,Baupungwa,,25.40961,93.653521,hamlet,0,0,0,0
s12960840174,Aonokpu,,26.629086,94.506604,village,0,0,0,0
s13014920182,Lisire,,26.220943,94.700391,village,0,0,0,0
s13014920183,Angangba,,26.215505,94.696196,village,0,0,0,0
s13049752729,Yaongyimchen,,26.514487,94.725438,village,0,0,0,0
s13052363744,Yikhum,,26.163307,94.243851,village,0,0,0,0
s13334781335,Chamcha,,25.301045,93.615403,hamlet,0,0,0,0
s13341515682,Ngaulong,,25.324361,93.476872,hamlet,0,0,0,0
s13346909338,Nsung,,25.322901,93.555635,hamlet,0,0,0,0
s13346909339,Namtsi Ngaulong,,25.298787,93.505451,hamlet,0,0,0,0
s13355210108,Anatongre,,25.968529,94.831349,village,0,0,0,0
s13355227282,Maihpok,,25.957302,94.838537,village,0,0,0,0
s13355227283,Chikiuponger,,25.917794,94.919961,village,0,0,0,0
s13355604897,Vongva,,25.848671,94.855924,village,0,0,0,0
s13355646547,Tikenvong,,25.835762,94.866113,village,0,0,0,0
s13357466770,Yaongyimti Old,,26.426925,94.667734,village,0,0,0,0
s13357466771,Yaongyimti New,,26.419162,94.66046,village,0,0,0,0
s13357466772,Phangsang,,26.428981,94.660503,village,0,0,0,0
s13357466773,Chakpa,,26.406018,94.659961,village,0,0,0,0
s13357492521,Longkong,,26.391321,94.621395,village,0,0,0,0
s13358890075,Meyilong,,26.279239,94.571223,village,0,0,0,0
s13358890077,New Chungliyimti,,26.272795,94.584513,village,0,0,0,0
s13358890078,Chungliyimti,,26.260953,94.607401,village,0,0,0,0
s13358890079,Old Tsadang,,26.256193,94.616755,village,0,0,0,0
s13358890096,Sapotimi,,26.201033,94.543141,village,0,0,0,0
s13358890097,Longsa,,26.207237,94.545874,village,0,0,0,0
s13359848826,Phelungre,,25.922574,94.81561,village,0,0,0,0
s13359848828,Old Risethsi,,25.966499,94.761286,village,0,0,0,0
s13359848829,New Resithsi,,25.962626,94.749429,village,0,0,0,0
s13359848830,Yangmüdum,,25.93412,94.726644,village,0,0,0,0
s13359848831,Kisetong,,25.958076,94.701986,village,0,0,0,0
s13359848832,Kichang,,25.969152,94.7051,village,0,0,0,0
s13359848833,Lukhami,,25.976536,94.661903,village,0,0,0,0
s13359868754,Langa,,26.142195,94.808472,village,0,0,0,0
s13360941982,Wuzu,,25.73355,94.776272,village,0,0,0,0
s13360970462,Keor,,25.924642,94.733593,village,0,0,0,0
s13360970481,Singrep,,25.919829,94.767526,village,0,0,0,0
s13360970548,Khongka,,25.677803,94.882151,village,0,0,0,0
s13360970549,Hakkomute,,25.647535,94.883247,village,0,0,0,0
s13360998322,Aso,,25.787816,94.734393,village,0,0,0,0
s13587276059,Chuha Chingnyu,,26.553991,94.999285,village,0,0,0,0
s13592325196,Shemnyuching,,26.740801,94.760124,village,0,0,0,0
s13592356504,Dungkhao,,26.514401,94.836671,village,0,0,0,0
s13592427510,Anaki Phom,,26.724433,94.731005,village,0,0,0,0
s13598195308,Chohzu,,26.596788,95.042913,village,0,0,0,0
s13608739678,Nutsü,,25.968954,94.850711,village,0,0,0,0
s13608797770,Sukiur,,25.993137,94.844405,village,0,0,0,0
s13608797771,Longtsunger,,25.884949,94.895519,village,0,0,0,0
s13608851991,Thonoknyu Village,,25.970612,94.90458,village,0,0,0,0
s13608853051,Leangkonger,,26.066277,94.855031,village,0,0,0,0
s13608853052,Shamator village,,26.060867,94.875703,village,0,0,0,0
s13608855294,Sangkumti,,25.914445,94.872638,village,0,0,0,0
s13668292381,Phuvkiu,,25.865695,94.83365,village,0,0,0,0
s13668292382,Jenty,,25.823621,94.85834,village,0,0,0,0
s13673439693,Zaonger,,25.856578,94.904389,village,0,0,0,0
s13673439694,Throngkim,,25.865554,94.914113,village,0,0,0,0
s13673439695,Thulun,,25.861392,94.920167,village,0,0,0,0
s13705438695,Thsoiphu,,25.977345,94.96584,village,0,0,0,0
s342098357,Makha,,27.311426,88.455179,village,0,0,0,0
s342098565,Pelling,,27.300372,88.23565,village,0,0,0,0
s342098725,Tsomgo,,27.375437,88.75668,village,0,0,0,0
s342104453,Gyalshing,,27.29004,88.2573,town,0,0,0,0
s496992033,Yuksom,,27.369243,88.218482,village,0,0,0,0
s974465706,Pemayangtse,,27.299063,88.249866,village,0,0,0,0
s1477920206,Manpur,,27.102518,88.3633,village,0,0,0,0
s1477920223,Sakyong,,27.56967,88.408231,hamlet,0,0,0,0
s1478006142,Pabong,,27.228464,88.446786,village,0,0,0,0
s1478006149,Simchuthang,,27.244161,88.450571,village,0,0,0,0
s1478006151,Yangang,,27.294892,88.414385,village,0,0,0,0
s3295104378,Takchang,,27.215668,88.634156,village,0,0,0,0
s4217506952,Assangthang,,27.155038,88.32857,village,0,0,0,0
s4491382813,Burdāng,,27.217871,88.492303,village,0,0,0,0
s4571035218,Sentam,,27.517144,88.549118,village,0,0,0,0
s4571035579,Nanga,,27.540913,88.622046,village,0,0,0,0
s5525442757,Soreng,,27.170641,88.199457,village,0,0,0,0
s5526569892,Chumbong,,27.136309,88.236861,village,0,0,0,0
s5526614760,Chakung,,27.150295,88.253378,village,0,0,0,0
s5528237369,Zoom,,27.145011,88.26335,village,0,0,0,0
s5532229344,Singling,,27.182134,88.199208,village,0,0,0,0
s5536314733,Sribadam,,27.216367,88.207233,village,0,0,0,0
s6617643134,Rongek,,27.345944,88.650463,village,0,0,0,0
s6617643281,Samdong,,27.376293,88.513659,village,0,0,0,0
s8568637913,Changgu,,27.377884,88.770921,village,0,0,0,0
s9351622454,Rinchingpong,,27.242638,88.270395,village,0,0,0,0
s9534144197,"Gnon-Sangdong, Lower Dzongu",,27.454299,88.503363,village,0,0,0,0
s9534195011,Lingzya,,27.556445,88.45343,village,0,0,0,0
s9645176146,Gnon,,27.446851,88.505545,village,0,0,0,0
s9645284999,Sudur,,27.47341,88.511349,village,0,0,0,0
s9645309731,Rapchyong,,27.470041,88.508839,village,0,0,0,0
s11694774371,Thansing,,27.516882,88.18392,hamlet,0,0,0,0
s11694774372,Kokchurung,,27.503157,88.175325,hamlet,0,0,0,0
s11697106182,Dzongri,,27.481688,88.157999,hamlet,0,0,0,0
s12854457861,Lingmoo,,27.338526,88.470916,village,0,0,0,0
s13148720740,Chungthang,,27.604236,88.64652,village,0,0,0,0
s13190504525,Golitar,,27.366015,88.565358,hamlet,0,0,0,0
s245716839,Sakhan,,23.807578,92.158132,village,0,0,0,0
s245717374,Agartala,,23.831238,91.282382,city,400000,1,0,0
s245717567,Sabual,,23.863794,92.263347,village,0,0,0,0
s245719153,Halahali,,24.104924,91.825619,village,0,0,0,0
s1472750570,Auliraipara,,23.893398,91.88614,village,0,0,0,0
s2461591963,Khayerpur,,23.847809,91.345181,village,0,0,0,0
s2461651935,Luaogang Bazar,,23.288557,91.553304,village,0,0,0,0
s2555537352,Dasda Bazar,,23.946239,92.207161,village,0,0,0,0
s2555537354,Gachirampara,,23.901047,92.206194,village,0,0,0,0
s2555537355,Borchora,,23.862591,92.206215,village,0,0,0,0
s5232535021,"Raishyabari, PHC",,23.453089,91.912994,village,0,0,0,0
s7021034861,Narsingarh,,23.909585,91.252463,suburb,0,0,0,0
s7160962613,Baikhora,,23.267645,91.573491,town,0,0,0,0
s7161051034,Jampuii Hills,,23.965137,92.278333,village,0,0,0,0
s7161894055,Tulashikhar,,24.065509,91.665416,village,0,0,0,0
s7161894057,Chawmanu,,23.854207,91.996465,village,0,0,0,0
s7161894058,Kadamtala,,24.454963,92.211878,village,0,0,0,0
s7161931783,Bardos,,23.23551,91.392775,village,0,0,0,0
s7161971603,Killa,,23.614761,91.518559,village,0,0,0,0
s7161971605,Boxanagar,,23.611576,91.16704,village,0,0,0,0
s7161987054,Mandwi,,23.86186,91.481051,village,0,0,0,0
s7162005131,Kalyanpur,,23.932329,91.607737,village,0,0,0,0
s7284724233,Silachari,,23.231586,91.773498,village,0,0,0,0
s10223133166,Khumulwng,,23.800179,91.440933,town,0,0,0,0
s10548616320,Champaknagar,,23.804295,91.489129,village,2600,1,0,0
s10548646444,Takarjala,,23.705938,91.419814,village,6156,1,0,0
s12138120130,পশ্চিম কালাজরি R.F. পার্ট,,23.413754,91.805735,village,0,0,0,0
s12308317670,Kāthuāchhara,,24.410528,92.253442,hamlet,0,0,0,0
s13277563613,Sindhukumar Para,,23.952081,91.960917,village,3313,1,0,0
s245750160,Belakoba,,26.588255,88.590141,village,0,0,0,0
s568606426,Nagrakata,,26.887366,88.911567,village,0,0,0,0
s568606427,Ramshai,,26.7243,88.85437,village,0,0,0,0
s697273373,Gorubathan,,26.959279,88.697292,village,0,0,0,0
s697273374,Mateli,,26.938752,88.805999,town,0,0,0,0
s1138145006,Salbari,,26.764706,88.387058,village,0,0,0,0
s1464961578,Sitalkuchi,,26.171039,89.190074,town,0,0,0,0
s1478619253,Buxaduar,,26.732327,89.561562,village,0,0,0,0
s1692916215,Tikarchula,,26.170854,88.067451,village,0,0,0,0
s1893734008,Nizeline,,26.746293,89.337218,village,0,0,0,0
s1894235028,Beech Tea Garden,,26.761067,89.349082,village,0,0,0,0
s2554084452,Dhotre,,27.049792,88.110715,village,0,0,0,0
s2554084504,Rimbick,,27.11443,88.111578,village,0,0,0,0
s2554092089,Rammam,,27.157715,88.080066,village,0,0,0,0
s2554092102,Samanden,,27.18194,88.071826,village,0,0,0,0
s2554092126,Gorkhey,,27.187435,88.071947,village,0,0,0,0
s2560561826,Sukhiapokhri,,26.997366,88.166956,town,0,0,0,0
s2720805753,Gurdum,,27.12151,88.056678,hamlet,0,0,0,0
s2900638855,Algarah,,27.117344,88.583621,village,0,0,0,0
s3487433046,Pokhriabong,,26.950515,88.179455,town,0,0,0,0
s3677482325,Binnaguri Cantonment,,26.745069,89.072928,suburb,0,0,0,0
s4167394380,Samkona,,27.009409,88.293065,village,0,0,0,0
s4290979572,Sonada,,26.961433,88.274899,town,0,0,0,0
s4873380341,Chatakpur,,26.966982,88.310804,village,90,1,0,0
s4879813354,Pedong,,27.15513,88.611796,village,0,0,0,0
s4991027364,Pothiar,,25.93655,87.902963,village,0,0,0,0
s4991214365,Chhota Tarial,,25.969208,87.968446,village,0,0,0,0
s4991214366,Tarial,,25.973993,87.965735,village,0,0,0,0
s4991214367,Dala,,25.980806,87.979802,village,0,0,0,0
s4991214368,Saur,,25.971077,87.991312,village,0,0,0,0
s4991214369,Dhanalia,,25.966628,87.98738,village,0,0,0,0
s4991214370,Bajisaur,,25.960313,87.994127,village,0,0,0,0
s4993551484,Dighli,,26.062142,87.939463,village,0,0,0,0
s4993551485,Kamarsal,,26.055491,87.933036,village,0,0,0,0
s4993555667,Kahanian,,26.024124,87.901397,village,0,0,0,0
s4993555668,Bharna,,26.029754,87.91779,village,0,0,0,0
s4993555669,Sathaur,,26.034111,87.924228,village,0,0,0,0
s4993555670,Bijulia,,26.045641,87.939505,village,0,0,0,0
s4993555671,Thakurbari,,26.047607,87.934527,village,0,0,0,0
s4993555672,Lahil,,26.055356,87.939548,village,0,0,0,0
s4993555673,Korjana,,26.058633,87.922769,village,0,0,0,0
s4993555674,Kanja,,26.039895,87.91425,village,0,0,0,0
s5475067404,Gariabas,,27.024001,88.865655,village,0,0,0,0
s5641875850,Todey,,27.110827,88.825228,village,0,0,0,0
s5940474808,Purbba Gomaidighi,,26.267692,88.346257,village,0,0,0,0
s6127940020,Kuchlibari,,26.271501,88.991404,village,0,0,0,0
s6129018763,Samsing,,26.989166,88.803606,village,0,0,0,0
s6146234514,Lapchaka,,26.752633,89.591247,hamlet,0,0,0,0
s6146234516,Pana Forest Basti,,26.767836,89.470339,village,0,0,0,0
s6146234517,Raimatang,,26.765547,89.503802,village,0,0,0,0
s6146234520,Chunavati,,26.765398,89.571185,village,0,0,0,0
s6146234522,Sadar Bazar,,26.754784,89.576479,village,0,0,0,0
s6274741466,Bakshirhat,,26.325201,89.765993,village,0,0,0,0
s6535361149,Bindu,,27.098612,88.871643,village,0,0,0,0
s6535361155,Rongo,,27.038563,88.835878,village,0,0,0,0
s6897345212,Poobong,,26.99766,88.19448,village,0,0,0,0
s7156924165,Rangli Rangliot,,27.025394,88.346976,village,0,0,0,0
s7156930489,Rajganj,,26.555595,88.515665,village,0,0,0,0
s7156954949,Chakulia,,26.024162,87.960491,village,0,0,0,0
s7156954950,Goalpokhar,,26.085829,88.12505,village,0,0,0,0
s7157132723,Nishiganj,,26.314613,89.302797,village,0,0,0,0
s7157132730,Sitai,,26.047568,89.325188,village,0,0,0,0
s7157132731,Saheb Ganj,,26.119338,89.600501,village,0,0,0,0
s7603349927,Patharjhora Tea Garden,,26.949824,88.655285,village,0,0,0,0
s7603559906,Turibari,,26.918601,88.646342,village,0,0,0,0
s7603559907,Manabari,,26.900951,88.63397,village,0,0,0,0
s7603559910,Odlabari Tea Garden,,26.830334,88.6189,village,0,0,0,0
s7604959065,Targhera,,26.825467,88.631422,village,0,0,0,0
s7604959066,Dakshin Phulbari,,26.835363,88.592041,village,0,0,0,0
s7604959068,Leesh River Tea Garden,,26.852027,88.587176,village,0,0,0,0
s7604959069,Saogaon Tea Garden,,26.830482,88.574649,village,0,0,0,0
s7604959070,Saogaon,,26.824154,88.561518,village,0,0,0,0
s7604959072,Kalagaity Tea Garden,,26.851161,88.547558,village,0,0,0,0
s7604959075,Sundaribasti,,26.845652,88.527808,village,0,0,0,0
s7604959076,Purbba Totgaon,,26.856195,88.503185,village,0,0,0,0
s7604959077,Paschim Totgaon,,26.872435,88.486059,village,0,0,0,0
s7605288785,Hanskhali,,26.793214,88.586884,village,0,0,0,0
s7605288788,Dalingkote Tea Garden,,26.916548,88.722398,village,0,0,0,0
s7605288791,Rangamati Tea Garden,,26.890521,88.70001,village,0,0,0,0
s7605605798,Nidam Jhora Tea Garden,,26.890888,88.719101,village,0,0,0,0
s7605605799,Gurjang Jhora Tea Garden,,26.902736,88.730439,village,0,0,0,0
s7605605800,Malnadi Tea Garden,,26.90868,88.737932,village,0,0,0,0
s7605605803,Hay Hay Pathar Tea Garden II,,26.848969,88.728586,village,0,0,0,0
s7605605804,New Glenco Tea Garden,,26.851403,88.716421,village,0,0,0,0
s7605841075,Damdim Hat,,26.851828,88.671752,village,0,0,0,0
s7605841076,Kumlai Tea Garden,,26.847684,88.681307,village,0,0,0,0
s7605841077,Betbari Tea Garden,,26.856083,88.664626,village,0,0,0,0
s7605841078,Damdim Tea Garden,,26.8278,88.665695,village,0,0,0,0
s7605841079,Paschim Damdim,,26.83439,88.64851,village,0,0,0,0
s7605841080,Bainguri Tea Garden,,26.811823,88.701978,village,0,0,0,0
s7606137034,Purbba Damdim,,26.795672,88.706956,village,0,0,0,0
s7606137035,Nipuchhapur,,26.776194,88.719765,village,0,0,0,0
s7606137036,Nipuchhapur Tea Garden,,26.792498,88.734709,village,0,0,0,0
s7606137037,Tesimala,,26.837052,88.738837,village,0,0,0,0
s7606137038,Hay Hay Pathar,,26.811657,88.743093,village,0,0,0,0
s7606137039,Demka Jhora,,26.815637,88.725628,village,0,0,0,0
s7606137040,Nich Chalsa,,26.787875,88.750478,village,0,0,0,0
s7677314322,SRIKHOLA,,27.131931,88.076368,hamlet,0,0,0,0
s7677319202,SEPI,,27.127305,88.079618,hamlet,800,1,0,0
s7677343516,BICHGAON,,27.131715,88.073471,hamlet,680,1,0,0
s7679637849,Bara Gharia,,26.767151,88.702358,village,0,0,0,0
s7679637851,Anandapur,,26.759903,88.690352,village,0,0,0,0
s7679637852,Anandapur Tea Garden,,26.758219,88.666873,village,0,0,0,0
s7679637857,Kodal Kati,,26.733701,88.721192,village,0,0,0,0
s7679637861,Malhati Tea Garden,,26.715952,88.675433,village,0,0,0,0
s7679637863,Uttar Hanskhali,,26.757556,88.652495,village,0,0,0,0
s7679637864,Gachimari,,26.723934,88.64283,village,0,0,0,0
s7679637865,Sidabari,,26.730168,88.631423,village,0,0,0,0
s7679637866,Apal Chand,,26.726698,88.618865,village,0,0,0,0
s7679637867,Neola Basti,,26.706425,88.64483,village,0,0,0,0
s7679646988,Pashchim Dolaigaon,,26.701224,88.665714,village,0,0,0,0
s7679646989,Golabari,,26.69625,88.651827,village,0,0,0,0
s7679647073,Chengmari Dangapara,,26.663383,88.677496,village,0,0,0,0
s7680009265,Purbba Dolaigaon,,26.683073,88.672472,village,0,0,0,0
s7680009266,Chengmari Hat,,26.673626,88.675298,village,0,0,0,0
s7688079742,Jhar Majhgram,,26.729327,88.70366,village,0,0,0,0
s7688079746,Uttar Khalpara,,26.689059,88.689523,village,0,0,0,0
s7688079748,Dakshin Khalpara,,26.67381,88.709874,village,0,0,0,0
s7688079749,Pashchim Mauamari,,26.635746,88.683215,village,0,0,0,0
s7688079750,Dakshin Chengmari,,26.656818,88.695076,village,0,0,0,0
s7688079751,Pashchim Sangapara,,26.656836,88.715294,village,0,0,0,0
s7688079752,Chapadanga,,26.653647,88.733666,village,0,0,0,0
s7688079754,Purbba Sangapara,,26.64255,88.738523,village,0,0,0,0
s7688079755,Basusuba,,26.622104,88.741374,village,0,0,0,0
s7688079756,Purbba Mauamari,,26.638457,88.697128,village,0,0,0,0
s7688079757,Pashchim Premganj,,26.629927,88.695271,village,0,0,0,0
s7688079758,Purbba Premganj,,26.621494,88.723348,village,0,0,0,0
s7688079759,Premganj Majhiali,,26.615707,88.72811,village,0,0,0,0
s7908848385,Totopara,,26.835707,89.307532,village,0,0,0,0
s8599315953,Kalimpong,,27.070287,88.472368,town,50000,1,0,0
s8974969402,Daling,,26.997695,88.717752,village,0,0,0,0
s9313388764,Sillery Gaon,,27.139728,88.580361,village,0,0,0,0
s9347252369,Nagri,,26.914887,88.208911,village,0,0,0,0
s9347252542,Simana,,26.984652,88.135692,village,0,0,0,0
s9347252543,जोरेपोखरी,,26.990876,88.157235,village,0,0,0,0
s9560376500,Shibdangi Para,,26.254189,88.178938,suburb,0,0,0,0
s9567086965,Dumpha Line,,26.745223,89.225586,hamlet,0,0,0,0
s9759272800,Kadigaon,,26.196292,88.170823,village,0,0,0,0
s9759316691,Daribhir,,26.170368,88.177304,village,0,0,0,0
s9759321744,Mahua,,26.121376,88.151208,village,0,0,0,0
s9759324409,Panditpota,,26.212992,88.172241,village,0,0,0,0
s9759331840,Amalijhari,,26.194729,88.176609,village,0,0,0,0
s9759334865,Phulhar,,26.204645,88.178287,village,0,0,0,0
s9759335879,Bijekhor,,26.20118,88.184752,village,0,0,0,0
s9759362733,Barbila,,26.106881,88.149363,village,0,0,0,0
s9759408980,Chaprajhar (P),,26.235968,88.209165,village,0,0,0,0
s9759445239,Phulbari,,26.242793,88.229876,village,0,0,0,0
s9759485954,Chapasar,,26.269953,88.233844,village,1905,1,0,0
s9759903510,Agurasia,,26.203346,88.156868,village,2194,1,0,0
s9759912714,Kunargaon,,26.188,88.16443,village,0,0,0,0
s9759952582,Purba Panchurasia,,26.198329,88.155445,village,554,1,0,0
s9759959569,Maruagaon,,26.190493,88.142507,village,2473,1,0,0
s9759985844,Narayanpur,,26.206311,88.165334,village,1559,1,0,0
s9760022154,Sabudanga,,26.150077,88.118814,village,666,1,0,0
s9760036708,Ojhapokhar,,26.155612,88.109764,village,0,0,0,0
s9760040466,Kalanagin,,26.149681,88.130764,village,3265,1,0,0
s9760048113,Daulatpur,,26.161561,88.120453,village,511,1,0,0
s9760065140,Purab Mankadanga,,26.194504,88.119713,village,734,1,0,0
s9763436632,Samsergaon,,26.219985,88.171457,village,309,1,0,0
s9763515297,Khabargaon,,26.224792,88.205956,village,5148,1,0,0
s9836602584,Kulthar,,26.303567,88.256459,village,2589,1,0,0
s9836602587,Madaripur,,26.308565,88.261695,village,970,1,0,0
s9836697047,Uttar Khojagaon,,26.326592,88.301384,village,0,0,0,0
s9836697048,Dakshin Khojagaon,,26.312283,88.295661,village,0,0,0,0
s9836731221,Sapnikla,,26.321326,88.320742,village,0,0,0,0
s9836731302,Masid Kismat,,26.310267,88.308339,village,0,0,0,0
s9840427853,Shantinagar,,26.257063,88.17808,suburb,0,0,0,0
s9843778313,Gangamaila,,26.182615,88.181905,village,0,0,0,0
s9843778314,Benikandar Alias Satvita,,26.165875,88.207274,village,1093,1,0,0
s9843778315,Benikandar,,26.170414,88.189374,village,2901,1,0,0
s9843979644,Durgapur,,26.237585,88.243133,village,4674,1,0,0
s9843979645,Bhojpur,,26.215868,88.271735,village,11055,1,0,0
s9843979646,Kurhila,,26.221491,88.233374,village,307,1,0,0
s9843979647,Tarabari,,26.229994,88.266162,village,1424,1,0,0
s9854845599,Baniani Kismat,,26.259742,88.272519,village,1153,1,0,0
s9854848809,Gobindapur,,26.265783,88.289098,village,1110,1,0,0
s9854856042,Topamari,,26.274459,88.278928,village,1051,1,0,0
s9854868997,Phulhara,,26.30796,88.278095,village,11113,1,0,0
s9854901791,Kuargaon,,26.2885,88.307034,village,3853,1,0,0
s9858006122,Pouti,,25.92043,88.079705,hamlet,0,0,0,0
s9858006123,Goamdighi,,25.91281,88.080438,hamlet,0,0,0,0
s9858006124,Dumuria,,25.908218,88.084754,hamlet,0,0,0,0
s9858006125,Kadarganj,,25.910657,88.075953,hamlet,0,0,0,0
s9858006126,Jinnatpur,,25.93024,88.045886,hamlet,0,0,0,0
s9858006127,Kalugoan,,25.921797,88.035237,hamlet,0,0,0,0
s9858006128,Tabbari,,26.153032,88.121077,hamlet,0,0,0,0
s9858006129,Singhpara,,26.155069,88.11041,hamlet,0,0,0,0
s9858006130,Bengbosti,,26.158646,88.107973,hamlet,0,0,0,0
s9858006131,Alipur,,26.158244,88.098634,hamlet,0,0,0,0
s9858006132,Jinnatpur Dangibasti,,26.152325,88.100844,hamlet,0,0,0,0
s9858006133,Purba Nanda,,26.150331,88.095517,hamlet,0,0,0,0
s9858006134,Bagladargi,,26.141391,88.086898,hamlet,0,0,0,0
s9858006135,Dohapara Nangranat,,26.140607,88.089383,hamlet,0,0,0,0
s9858006137,Gomari,,26.131821,88.085568,hamlet,0,0,0,0
s9858006138,Udaynagar,,26.130282,88.088864,hamlet,0,0,0,0
s9858006139,Gochinagar Nayabosti,,26.127723,88.091807,hamlet,0,0,0,0
s9858006140,Sahyutola,,26.114906,88.077002,hamlet,0,0,0,0
s9858006141,Kathalbari,,26.113805,88.07078,hamlet,0,0,0,0
s9858006142,Banbari Nayabasti,,26.10903,88.070742,hamlet,0,0,0,0
s9858006143,Moulabipara,,26.102985,88.068875,hamlet,0,0,0,0
s9858006148,Hemdang Bamontola,,26.058403,88.060497,hamlet,0,0,0,0
s9858006149,Khagore Nayabosti,,26.074063,88.047438,hamlet,0,0,0,0
s9858006152,Beltola Kelabari,,26.158748,88.094955,hamlet,0,0,0,0
s9858006153,Parbosti Kachna,,26.175234,88.104024,hamlet,0,0,0,0
s9858006157,Kamat bosti,,26.193739,88.13904,hamlet,0,0,0,0
s9858022656,Kajibosti,,26.213735,88.181201,hamlet,0,0,0,0
s9858022657,Kasidanga,,26.214463,88.184779,hamlet,0,0,0,0
s9858036670,Zeropani,,26.209595,88.182374,hamlet,0,0,0,0
s9858525214,Bijukhor,,26.205149,88.179572,hamlet,0,0,0,0
s9858525215,Golapara Hat,,26.196625,88.175931,hamlet,0,0,0,0
s9858525216,Joilal Para,,26.194364,88.180056,hamlet,0,0,0,0
s9858543017,Dholibosti,,26.182363,88.172952,hamlet,0,0,0,0
s9858543020,Natabatoi,,26.123045,88.155173,hamlet,0,0,0,0
s9858543021,Betbari,,26.122458,88.150872,hamlet,0,0,0,0
s9928141054,Ambioch,,27.006961,88.700547,village,0,0,0,0
s11161553207,Japujote,,26.692227,88.186156,hamlet,0,0,0,0
s11161553208,Nehaljote,,26.687036,88.186011,village,0,0,0,0
s11500806069,Yelbong,,26.938317,88.570975,village,0,0,0,0
s11664636917,Lava,,27.085999,88.660494,village,0,0,0,0
s11867330701,Baniyarbāri,,26.50966,88.896024,hamlet,0,0,0,0
s11867330702,Sālbāri,,26.53136,88.883386,hamlet,0,0,0,0
s11867330758,Gartali,,26.532138,88.871101,hamlet,0,0,0,0
s11867330766,Bhuskādānga,,26.534902,88.849225,hamlet,0,0,0,0
s11867330767,Bhuskādānga,,26.538147,88.836629,hamlet,0,0,0,0
s11871378034,Marichbari,,26.467759,89.493851,hamlet,0,0,0,0
s11871387379,Gopalpur,,26.430229,89.449986,hamlet,0,0,0,0
s11871387380,Bararangras,,26.44279,89.423094,hamlet,0,0,0,0
s11871387381,Kalarayerkuthi,,26.450573,89.368337,hamlet,0,0,0,0
s11871387382,Dakshin Sonapur,,26.476604,89.392083,hamlet,0,0,0,0
s11871387383,Patlakhawa,,26.480647,89.356844,hamlet,0,0,0,0
s11871387384,Panchkolguri,,26.480782,89.40021,hamlet,0,0,0,0
s11871387393,Purba Simlabari,,26.515362,89.356248,hamlet,0,0,0,0
s11871387394,Pukuritola,,26.50363,89.446499,hamlet,0,0,0,0
s11871387395,Nathuatari,,26.525006,89.418704,hamlet,0,0,0,0
s11871387396,Chillapata,,26.545988,89.38027,hamlet,0,0,0,0
s11871412322,Bariguri,,26.536208,89.515413,hamlet,0,0,0,0
s11875053284,Nārathali,,26.499075,89.774478,hamlet,0,0,0,0
s11875078919,Madhya Narathali,,26.500073,89.755077,hamlet,0,0,0,0
s11875078920,Khoardanga,,26.510457,89.767973,hamlet,0,0,0,0
s11875078921,Chuota Daldali,,26.515694,89.775907,hamlet,0,0,0,0
s11875135619,Garoder Hat,,26.43686,89.774521,hamlet,0,0,0,0
s11875135620,Madhurbhāsha,,26.433305,89.784227,hamlet,0,0,0,0
s11875135621,Shingimāri,,26.423167,89.786053,hamlet,0,0,0,0
s11895512558,Baraibari,,26.35064,89.240168,hamlet,0,0,0,0
s12663224295,Ghoksadanga,,26.42527,89.276827,town,0,0,0,0
s12871934479,Domohani,,26.582279,88.768387,village,0,0,0,0
s13253391955,Bonapara,,26.358901,88.731455,village,0,0,0,0
s13253391961,Malkanipara,,26.367783,88.711896,village,0,0,0,0
s13253391967,Malkanihat,,26.370349,88.730671,village,0,0,0,0
s13253391968,Berubari,,26.410273,88.703935,village,0,0,0,0
s13253504483,Sinjar Hat,,26.273341,88.824774,village,0,0,0,0
s13253855368,South Berubari,,26.30564,88.739614,village,0,0,0,0
s13253855384,Binnaguri,,26.312343,88.685481,village,0,0,0,0
s13324912385,Bhagalpur Khas,,26.412704,88.300466,village,0,0,0,0
s13324912387,Ariagaon,,26.43999,88.355141,village,0,0,0,0
s13324912390,Bhata,,26.440143,88.303041,village,0,0,0,0
s13324912393,Chhota Dangapara,,26.448904,88.312998,village,0,0,0,0
s13324912394,Powakhali,,26.450441,88.289394,village,0,0,0,0
s13324912395,Chitalghata,,26.468806,88.267164,village,0,0,0,0
s13324912396,Kaimari,,26.461583,88.285961,village,0,0,0,0
s13324912398,Jhanjri,,26.477872,88.298149,village,0,0,0,0
s13324912399,Bara Dangapara,,26.472878,88.31892,village,0,0,0,0
s13324922202,Barabilla,,26.479677,88.306775,village,0,0,0,0
s13324932186,Paschim Jaipura,,26.431536,88.431015,village,0,0,0,0
s13324932187,Paschim Andharijhari,,26.413242,88.36441,village,0,0,0,0
s13324932188,Uttar Jaypura,,26.441834,88.43874,village,0,0,0,0
s13324932189,Purbba Andharijhari,,26.424926,88.398399,village,0,0,0,0
s13324932190,Uttar Besarbari,,26.426924,88.379516,village,0,0,0,0
s13324932191,Dakshin Kundal Pokhore,,26.440144,88.371277,village,0,0,0,0
s13324932192,Athiala,,26.443371,88.419857,village,0,0,0,0
s13324932193,Chuagari,,26.443064,88.400459,village,0,0,0,0
s13324932194,Purba Ariagaon,,26.455359,88.380031,village,0,0,0,0
s13324932195,Uttar Kundalpokhar,,26.466424,88.373508,village,0,0,0,0
s13324932196,Dakshin Atharokhai,,26.4529,88.432388,village,0,0,0,0
s13324932197,Khochabari,,26.461968,88.420715,village,0,0,0,0
s13324932198,Baigargachh,,26.450441,88.449039,village,0,0,0,0
s13324932199,Gendagachh,,26.439375,88.465519,village,0,0,0,0
s13324932200,Teligachh,,26.454591,88.448696,village,0,0,0,0
s13324944501,Uttar Gorasahid,,26.447521,88.47599,village,0,0,0,0
s13324944502,Uttar Jibhakata,,26.461507,88.450584,village,0,0,0,0
s13324944503,Uttar Atharkhai,,26.467346,88.428268,village,0,0,0,0
s13324944504,Paschim Atharokhai,,26.471802,88.409729,village,0,0,0,0
s13324944505,Butijhari,,26.472417,88.389988,village,0,0,0,0
s13324944506,Uttar Ariagaon,,26.479178,88.367672,village,0,0,0,0
s13325864494,Uttar Dhamorgachh,,26.395381,88.332629,village,0,0,0,0
s13325864495,Bhagabati,,26.3788,88.296829,village,0,0,0,0
s13325864496,Thutipokhore,,26.409046,88.324187,village,0,0,0,0
s13325864497,Dakshin Bhagalpur,,26.390644,88.277607,village,0,0,0,0
s13325864500,Bhotamari,,26.399207,88.256859,village,0,0,0,0
s13334380331,Lalitgachh,,26.411089,88.403549,village,0,0,0,0
s13334380332,Dhiaghar,,26.40617,88.395653,village,0,0,0,0
s13334380333,Dakshin Besarbari,,26.402172,88.383636,village,0,0,0,0
s13334380334,Naogach,,26.396944,88.370762,village,0,0,0,0
s13334380336,Paschim Chutiakhore,,26.361266,88.360634,village,0,0,0,0
s13334380337,Purbba Chutiakhore,,26.367418,88.379345,village,0,0,0,0
s13334380339,Narayanpur,,26.383873,88.346901,village,0,0,0,0
s13334380340,Photamari,,26.395714,88.359089,village,0,0,0,0
s13334380341,Dakshin Ariagaon,,26.402479,88.342266,village,0,0,0,0
s13334380345,Gadiatol,,26.254626,88.319435,village,0,0,0,0
s13334380347,Bhagmahima,,26.260322,88.329048,village,0,0,0,0
s13334380348,Pothia,,26.247236,88.317547,village,0,0,0,0
s13334380349,Bhangamali,,26.255395,88.332996,village,0,0,0,0
s13334380351,Nandoi,,26.243541,88.344154,village,0,0,0,0
s13334380352,Goalgachh,,26.258936,88.342438,village,0,0,0,0
