u,v,mode,distance_km,terrain,route_ref,lanes,highway,bridge,tunnel,surface,osm_way_id
s245753371,n5443285696,road,9.74,plain,access,1,access,0,0,,0
s245755204,n5443196340,road,6.98,plain,access,1,access,0,0,,0
s245756182,n3675635796,road,2.21,plain,access,1,access,0,0,,0
s245758625,n7206704689,road,3.38,plain,access,1,access,0,0,,0
s245761427,n2463753376,road,3.37,plain,access,1,access,0,0,,0
s245761773,n835160429,road,9.67,plain,access,1,access,0,0,,0
s245764243,n835236798,road,5.26,plain,access,1,access,0,0,,0
s342097760,TWG,road,2.73,plain,access,1,access,0,0,,0
s342097944,n2463233843,road,4.2,plain,access,1,access,0,0,,0
s342097955,n3007271430,road,4.74,plain,access,1,access,0,0,,0
s342097975,n3007271430,road,4.1,plain,access,1,access,0,0,,0
s342098016,n1463090962,road,3.93,plain,access,1,access,0,0,,0
s342098096,n2463277463,road,4.99,plain,access,1,access,0,0,,0
s342098150,n2463277836,road,4.8,plain,access,1,access,0,0,,0
s342098160,n2463278738,road,5.48,plain,access,1,access,0,0,,0
s342098262,n2463227466,road,14.38,plain,access,1,access,0,0,,0
s342098270,n2463227466,road,19.87,plain,access,1,access,0,0,,0
s342098872,n3176054721,road,5.5,plain,access,1,access,0,0,,0
s342098886,n3176054721,road,12.12,plain,access,1,access,0,0,,0
s342098942,n3176058965,road,19.51,plain,access,1,access,0,0,,0
s342099065,n342099041,road,5.4,plain,access,1,access,0,0,,0
s342099080,n2463715273,road,2.88,plain,access,1,access,0,0,,0
s342099167,n1821511784,road,2.86,plain,access,1,access,0,0,,0
s342100211,n3176043408,road,10.03,plain,access,1,access,0,0,,0
s342100394,n3176072973,road,8.59,plain,access,1,access,0,0,,0
s342101230,n2463594422,road,2.7,plain,access,1,access,0,0,,0
s832676201,n3959120551,road,3.6,plain,access,1,access,0,0,,0
s835236050,n2335379379,road,4.1,plain,access,1,access,0,0,,0
s1185177134,n1185176969,road,4.17,plain,access,1,access,0,0,,0
s1185177423,n1185176969,road,6.16,plain,access,1,access,0,0,,0
s1185179983,n1185176969,road,13.8,plain,access,1,access,0,0,,0
s1185182418,n1185176969,road,8.5,plain,access,1,access,0,0,,0
s1296581671,n3878170990,road,2.11,plain,access,1,access,0,0,,0
s1404297652,n5228172254,road,21.75,plain,access,1,access,0,0,,0
s1437215870,n6268442132,road,2.25,plain,access,1,access,0,0,,0
s1698582154,NMS,road,2.81,plain,access,1,access,0,0,,0
s1740001999,n835160408,road,3.09,plain,access,1,access,0,0,,0
s1740009465,n835159834,road,4.83,plain,access,1,access,0,0,,0
s2463596060,n2463594294,road,3.43,plain,access,1,access,0,0,,0
s2463602631,n3176093870,road,3.42,plain,access,1,access,0,0,,0
s2529834311,n3007271430,road,10.65,plain,access,1,access,0,0,,0
s2529834604,n3007271430,road,13.16,plain,access,1,access,0,0,,0
s2531348902,n2463227579,road,5.99,plain,access,1,access,0,0,,0
s3017246155,n1698434987,road,3.65,plain,access,1,access,0,0,,0
s3018801081,n2463277836,road,10.61,plain,access,1,access,0,0,,0
s3477032980,n3176072975,road,8.33,plain,access,1,access,0,0,,0
s3703264834,n3703192980,road,2.21,plain,access,1,access,0,0,,0
s4040470091,n3877610763,road,5.73,plain,access,1,access,0,0,,0
s4041269232,n3877648331,road,26.26,plain,access,1,access,0,0,,0
s4041862409,n2463754150,road,14.97,plain,access,1,access,0,0,,0
s4192814115,n3179739996,road,2.97,plain,access,1,access,0,0,,0
s4192815435,n4193528572,road,2.69,plain,access,1,access,0,0,,0
s4193225242,n3179739996,road,2.84,plain,access,1,access,0,0,,0
s4193225243,n3179739996,road,3.01,plain,access,1,access,0,0,,0
s4193225244,n3179739996,road,3.72,plain,access,1,access,0,0,,0
s4193225407,n3179739570,road,4.05,plain,access,1,access,0,0,,0
s4193225429,n3179739570,road,2.39,plain,access,1,access,0,0,,0
s4193225804,n3179739570,road,2.05,plain,access,1,access,0,0,,0
s4194547377,n3179739570,road,2.51,plain,access,1,access,0,0,,0
s4194548238,n3179739570,road,4.96,plain,access,1,access,0,0,,0
s4194548239,n3179739570,road,3.24,plain,access,1,access,0,0,,0
s4194568182,n4194569457,road,2.74,plain,access,1,access,0,0,,0
s4485112204,n8890657875,road,3.48,plain,access,1,access,0,0,,0
s4486210017,n4643790795,road,2.3,plain,access,1,access,0,0,,0
s4621726549,n2463629447,road,16.42,plain,access,1,access,0,0,,0
s4621727647,n3175965095,road,20.84,plain,access,1,access,0,0,,0
s4621727722,n2463654457,road,4.8,plain,access,1,access,0,0,,0
s4621727741,n2463654535,road,6.91,plain,access,1,access,0,0,,0
s4621735951,n2463654457,road,11.08,plain,access,1,access,0,0,,0
s4621736018,n2463629447,road,5.58,plain,access,1,access,0,0,,0
s4622774785,n4622774589,road,4.27,plain,access,1,access,0,0,,0
s4622775248,n2463654457,road,4.7,plain,access,1,access,0,0,,0
s4622776537,n6268440829,road,14.25,plain,access,1,access,0,0,,0
s4622794900,n4643790795,road,2.42,plain,access,1,access,0,0,,0
s4634003626,n3176054713,road,16.51,plain,access,1,access,0,0,,0
s4643418242,n3176058965,road,16.78,plain,access,1,access,0,0,,0
s4643418389,n3176058965,road,24.74,plain,access,1,access,0,0,,0
s4643418603,n3176058965,road,26.52,plain,access,1,access,0,0,,0
s4643418662,n3176058965,road,23.41,plain,access,1,access,0,0,,0
s4643429878,n8318563341,road,3.82,plain,access,1,access,0,0,,0
s4643992463,n5443289005,road,26.77,plain,access,1,access,0,0,,0
s4643995504,n5443289005,road,24.59,plain,access,1,access,0,0,,0
s4644007876,n4646200593,road,5.61,plain,access,1,access,0,0,,0
s4646200610,n4646200593,road,6.61,plain,access,1,access,0,0,,0
s4646200672,n4646200593,road,4.14,plain,access,1,access,0,0,,0
s4646200893,n4646200593,road,6.81,plain,access,1,access,0,0,,0
s4646234749,n3941366657,road,4.24,plain,access,1,access,0,0,,0
s4646235605,n3941366657,road,8.35,plain,access,1,access,0,0,,0
s4646235664,n3941366657,road,9.57,plain,access,1,access,0,0,,0
s4646235673,n5443196345,road,6.05,plain,access,1,access,0,0,,0
s4646244974,n4324640181,road,2.68,plain,access,1,access,0,0,,0
s4646318907,n4646200593,road,4.52,plain,access,1,access,0,0,,0
s4646321042,n4646200593,road,10.19,plain,access,1,access,0,0,,0
s4646450437,n3940789882,road,3.31,plain,access,1,access,0,0,,0
s4646478502,n3940781754,road,10.47,plain,access,1,access,0,0,,0
s4646478512,n3940781754,road,18.5,plain,access,1,access,0,0,,0
s4650951737,n3959120551,road,15.91,plain,access,1,access,0,0,,0
s4650975506,n3959122329,road,16.78,plain,access,1,access,0,0,,0
s4650997500,n3959122329,road,13.48,plain,access,1,access,0,0,,0
s4651014017,n3959122329,road,10.2,plain,access,1,access,0,0,,0
s4652231150,n3959122329,road,17.15,plain,access,1,access,0,0,,0
s4652264391,n3959122329,road,17.33,plain,access,1,access,0,0,,0
s4652412468,n3959122329,road,8.4,plain,access,1,access,0,0,,0
s4652412492,n3959122329,road,8.21,plain,access,1,access,0,0,,0
s4658376613,n5443824131,road,3.98,plain,access,1,access,0,0,,0
s4658410619,n8211834970,road,20.98,plain,access,1,access,0,0,,0
s4658534707,n8211834970,road,20.8,plain,access,1,access,0,0,,0
s4658564869,n835188949,road,2.6,plain,access,1,access,0,0,,0
s4658586779,n835189752,road,3.47,plain,access,1,access,0,0,,0
s4658586783,n3890098212,road,4.38,plain,access,1,access,0,0,,0
s4658587428,n8211834970,road,16.94,plain,access,1,access,0,0,,0
s4658587514,n3890098212,road,6.13,plain,access,1,access,0,0,,0
s4694758311,n7206705199,road,13.07,plain,access,1,access,0,0,,0
s4694758323,n7206705199,road,14.81,plain,access,1,access,0,0,,0
s4694758435,n7206705199,road,16.08,plain,access,1,access,0,0,,0
s4694758437,n7206705209,road,6.41,plain,access,1,access,0,0,,0
s4694758447,n7206705199,road,14.38,plain,access,1,access,0,0,,0
s4694758460,n7206705199,road,20.55,plain,access,1,access,0,0,,0
s4694758616,n7206705199,road,25.14,plain,access,1,access,0,0,,0
s4694759412,n7206704704,road,11.77,plain,access,1,access,0,0,,0
s4694759431,n7206705199,road,6.13,plain,access,1,access,0,0,,0
s4694759455,n7206705209,road,9.02,plain,access,1,access,0,0,,0
s4694759707,n7206705199,road,5.22,plain,access,1,access,0,0,,0
s4694759783,n7206705199,road,21.34,plain,access,1,access,0,0,,0
s4694759889,n7206704704,road,11.3,plain,access,1,access,0,0,,0
s4694767073,n7206705199,road,25.37,plain,access,1,access,0,0,,0
s4694774512,n7206705199,road,26.97,plain,access,1,access,0,0,,0
s4694774563,n7206705199,road,22.38,plain,access,1,access,0,0,,0
s4694774662,n7206705199,road,25.64,plain,access,1,access,0,0,,0
s4967349522,n3940781754,road,9.13,plain,access,1,access,0,0,,0
s4967349523,n3940781754,road,6.26,plain,access,1,access,0,0,,0
s5021583941,n1698434919,road,7.62,plain,access,1,access,0,0,,0
s5021583942,n1698495015,road,3.71,plain,access,1,access,0,0,,0
s5021583944,n5444825524,road,22.97,plain,access,1,access,0,0,,0
s5021583947,n1698495015,road,6.18,plain,access,1,access,0,0,,0
s5170680159,n3454892796,road,2.33,plain,access,1,access,0,0,,0
s5187607448,n3940781754,road,16.27,plain,access,1,access,0,0,,0
s5187607453,n3940781754,road,6.01,plain,access,1,access,0,0,,0
s5187607828,n3940781754,road,24.4,plain,access,1,access,0,0,,0
s5187607829,n3940781754,road,16.28,plain,access,1,access,0,0,,0
s5228170550,PSG,road,2.24,plain,access,1,access,0,0,,0
s5314369747,n2463277836,road,9.05,plain,access,1,access,0,0,,0
s5329822669,n3176072973,road,3.63,plain,access,1,access,0,0,,0
s5338961886,n3908989762,road,9.0,plain,access,1,access,0,0,,0
s5409179577,n2463226845,road,8.02,plain,access,1,access,0,0,,0
s5409193593,n2463227579,road,2.54,plain,access,1,access,0,0,,0
s5409193745,n2463227579,road,7.23,plain,access,1,access,0,0,,0
s5409200233,n2519160722,road,4.65,plain,access,1,access,0,0,,0
s5409330579,n1463091034,road,5.22,plain,access,1,access,0,0,,0
s5411236851,n7206705199,road,25.67,plain,access,1,access,0,0,,0
s5411239609,n7206705199,road,11.89,plain,access,1,access,0,0,,0
s5411239940,n7206705199,road,11.76,plain,access,1,access,0,0,,0
s5411240009,n7206705199,road,16.56,plain,access,1,access,0,0,,0
s5411250783,n7206705199,road,5.01,plain,access,1,access,0,0,,0
s5411251101,n7206705199,road,4.84,plain,access,1,access,0,0,,0
s5411251164,n7206705199,road,8.73,plain,access,1,access,0,0,,0
s5411251241,n7206705199,road,16.78,plain,access,1,access,0,0,,0
s5411308780,n10845972441,road,11.39,plain,access,1,access,0,0,,0
s5411308786,n10845972370,road,17.73,plain,access,1,access,0,0,,0
s5432467619,n3877648331,road,24.06,plain,access,1,access,0,0,,0
s5432491138,n1698495570,road,18.77,plain,access,1,access,0,0,,0
s5432491191,n1698495570,road,15.65,plain,access,1,access,0,0,,0
s5432491195,n2463277836,road,13.99,plain,access,1,access,0,0,,0
s5638386699,n3176072975,road,24.03,plain,access,1,access,0,0,,0
s5638388693,n3940781754,road,21.44,plain,access,1,access,0,0,,0
s5797143746,n3940835308,road,14.28,plain,access,1,access,0,0,,0
s5880408167,n2463227579,road,2.57,plain,access,1,access,0,0,,0
s5935645932,n4646200593,road,19.65,plain,access,1,access,0,0,,0
s5935670125,n3940835308,road,17.09,plain,access,1,access,0,0,,0
s5935670290,n3940835308,road,11.23,plain,access,1,access,0,0,,0
s6151697254,n5443289005,road,23.26,plain,access,1,access,0,0,,0
s6151697255,n5443289005,road,19.67,plain,access,1,access,0,0,,0
s6151697432,n5443285696,road,13.39,plain,access,1,access,0,0,,0
s6151697433,n5443285696,road,15.95,plain,access,1,access,0,0,,0
s6151697434,n5443285696,road,22.16,plain,access,1,access,0,0,,0
s6151697435,n5443285696,road,24.77,plain,access,1,access,0,0,,0
s6270119936,n10158835784,road,3.05,plain,access,1,access,0,0,,0
s6270120052,n1431589497,road,3.28,plain,access,1,access,0,0,,0
s6426787788,n5443285696,road,2.27,plain,access,1,access,0,0,,0
s6800141402,n6800141481,road,2.6,plain,access,1,access,0,0,,0
s6815349786,n2463754150,road,23.31,plain,access,1,access,0,0,,0
s6815349787,n3175920440,road,8.8,plain,access,1,access,0,0,,0
s6815349886,n2463753117,road,18.08,plain,access,1,access,0,0,,0
s6815355785,n3175965095,road,5.97,plain,access,1,access,0,0,,0
s6815418387,n835236800,road,24.96,plain,access,1,access,0,0,,0
s6815432585,n2463653710,road,5.77,plain,access,1,access,0,0,,0
s6815657487,n3178199100,road,9.99,plain,access,1,access,0,0,,0
s6815667885,n3176093865,road,4.85,plain,access,1,access,0,0,,0
s6815667985,n3176055376,road,2.58,plain,access,1,access,0,0,,0
s6815696385,n9212884877,road,4.27,plain,access,1,access,0,0,,0
s6815871086,n3178209387,road,7.01,plain,access,1,access,0,0,,0
s6815893085,n3877536812,road,4.9,plain,access,1,access,0,0,,0
s6815893185,n3703358669,road,5.72,plain,access,1,access,0,0,,0
s6815895088,n3940781754,road,25.89,plain,access,1,access,0,0,,0
s6815926385,n3877610763,road,5.73,plain,access,1,access,0,0,,0
s6815949187,n3877591968,road,3.18,plain,access,1,access,0,0,,0
s6816012387,n8211834970,road,10.12,plain,access,1,access,0,0,,0
s6816114885,n3959122329,road,8.16,plain,access,1,access,0,0,,0
s6876122351,n5443289005,road,7.42,plain,access,1,access,0,0,,0
s6876122387,n5443289005,road,11.92,plain,access,1,access,0,0,,0
s6876122404,n5443289005,road,10.56,plain,access,1,access,0,0,,0
s6876126287,n4324640181,road,10.92,plain,access,1,access,0,0,,0
s6876126305,n4324640181,road,16.42,plain,access,1,access,0,0,,0
s6876126313,n4324640181,road,20.49,plain,access,1,access,0,0,,0
s6876126325,n5443289005,road,23.02,plain,access,1,access,0,0,,0
s6876126357,n5443289005,road,17.11,plain,access,1,access,0,0,,0
s6877908204,n5443289005,road,3.08,plain,access,1,access,0,0,,0
s6877908205,n5443289005,road,2.7,plain,access,1,access,0,0,,0
s6877908235,n5443196345,road,7.12,plain,access,1,access,0,0,,0
s6877930993,n5443289005,road,15.96,plain,access,1,access,0,0,,0
s6877931037,n5443289005,road,18.17,plain,access,1,access,0,0,,0
s6877941535,n5443289005,road,25.38,plain,access,1,access,0,0,,0
s6877941550,n5443289005,road,26.08,plain,access,1,access,0,0,,0
s6877970774,n6800141481,road,17.88,plain,access,1,access,0,0,,0
s6877970775,n6800141481,road,15.77,plain,access,1,access,0,0,,0
s6878021258,n5443196340,road,10.17,plain,access,1,access,0,0,,0
s6878021259,n5443286009,road,13.43,plain,access,1,access,0,0,,0
s6878021283,n3675635796,road,12.24,plain,access,1,access,0,0,,0
s6878024834,n5443282743,road,4.73,plain,access,1,access,0,0,,0
s6878562867,n6800141481,road,10.08,plain,access,1,access,0,0,,0
s6878562939,n5443285339,road,4.91,plain,access,1,access,0,0,,0
s6880492587,n5443289005,road,6.02,plain,access,1,access,0,0,,0
s6880806525,n3675635796,road,10.03,plain,access,1,access,0,0,,0
s6880806576,n3675635796,road,8.07,plain,access,1,access,0,0,,0
s6880806577,n4324640922,road,5.29,plain,access,1,access,0,0,,0
s6880868446,n4324640181,road,11.12,plain,access,1,access,0,0,,0
s6885126045,n5443282743,road,3.92,plain,access,1,access,0,0,,0
s6885127207,n5443282743,road,6.58,plain,access,1,access,0,0,,0
s6887922522,n5443287335,road,2.93,plain,access,1,access,0,0,,0
s6888318326,n5443286009,road,5.86,plain,access,1,access,0,0,,0
s6888318380,n4324640774,road,6.41,plain,access,1,access,0,0,,0
s6888318381,n4324640774,road,5.52,plain,access,1,access,0,0,,0
s6888332990,n4324640922,road,7.17,plain,access,1,access,0,0,,0
s6888332991,n4324640922,road,7.9,plain,access,1,access,0,0,,0
s6888333005,n5443286009,road,6.81,plain,access,1,access,0,0,,0
s6888374064,n5443196345,road,6.96,plain,access,1,access,0,0,,0
s6891787072,n3959120551,road,8.43,plain,access,1,access,0,0,,0
s6891787073,n3959120551,road,5.15,plain,access,1,access,0,0,,0
s6891858886,n3959120551,road,5.65,plain,access,1,access,0,0,,0
s6891858893,n3959120551,road,6.95,plain,access,1,access,0,0,,0
s6891858896,n3959120551,road,7.75,plain,access,1,access,0,0,,0
s7089595148,n3454445028,road,2.55,plain,access,1,access,0,0,,0
s7089595150,n1463090962,road,9.42,plain,access,1,access,0,0,,0
s7162409559,n3959122329,road,5.99,plain,access,1,access,0,0,,0
s7162409561,n3880127344,road,9.86,plain,access,1,access,0,0,,0
s7162409563,n3675636086,road,4.67,plain,access,1,access,0,0,,0
s7162444300,n835158995,road,6.7,plain,access,1,access,0,0,,0
s7162444301,n3179739570,road,14.3,plain,access,1,access,0,0,,0
s7162457087,n3890098212,road,5.16,plain,access,1,access,0,0,,0
s7162499806,n3877537566,road,5.44,plain,access,1,access,0,0,,0
s7164389280,n835236800,road,14.86,plain,access,1,access,0,0,,0
s7164389283,n245764416,road,7.76,plain,access,1,access,0,0,,0
s7164389284,n2463618261,road,4.0,plain,access,1,access,0,0,,0
s7164488648,n2463852503,road,12.44,plain,access,1,access,0,0,,0
s7164489287,n10577981170,road,23.61,plain,access,1,access,0,0,,0
s7164489288,n835357903,road,20.78,plain,access,1,access,0,0,,0
s7164489289,n12466591367,road,12.51,plain,access,1,access,0,0,,0
s7164489291,n1702510995,road,3.17,plain,access,1,access,0,0,,0
s7164489292,n3903454125,road,12.41,plain,access,1,access,0,0,,0
s7164489293,n2463754150,road,13.7,plain,access,1,access,0,0,,0
s7164508036,n3877647577,road,18.11,plain,access,1,access,0,0,,0
s7164508037,n3175912216,road,2.2,plain,access,1,access,0,0,,0
s7164508038,n3175912311,road,18.05,plain,access,1,access,0,0,,0
s7164628776,n2463277463,road,6.3,plain,access,1,access,0,0,,0
s7164628778,n7206705199,road,20.47,plain,access,1,access,0,0,,0
s7164628779,n7206704704,road,17.86,plain,access,1,access,0,0,,0
s7164628780,n1185176969,road,14.73,plain,access,1,access,0,0,,0
s7164628781,n9404087007,road,3.87,plain,access,1,access,0,0,,0
s7164628782,n5739565438,road,23.94,plain,access,1,access,0,0,,0
s7164649886,n2164274830,road,12.22,plain,access,1,access,0,0,,0
s7227071016,n4646200593,road,12.55,plain,access,1,access,0,0,,0
s7227071045,n4646200593,road,15.03,plain,access,1,access,0,0,,0
s7406558618,n3877648331,road,18.33,plain,access,1,access,0,0,,0
s7406558622,n3175912311,road,22.55,plain,access,1,access,0,0,,0
s7406558624,n3175912311,road,24.58,plain,access,1,access,0,0,,0
s7406558625,n3877648331,road,21.04,plain,access,1,access,0,0,,0
s7623754181,n3703293159,road,4.16,plain,access,1,access,0,0,,0
s7623754454,n3176054721,road,20.46,plain,access,1,access,0,0,,0
s7623754725,n3176054721,road,16.18,plain,access,1,access,0,0,,0
s7623754797,n835236359,road,3.08,plain,access,1,access,0,0,,0
s7623754815,n835236757,road,10.14,plain,access,1,access,0,0,,0
s7623945423,n8345276442,road,26.87,plain,access,1,access,0,0,,0
s7623945567,n1437216069,road,4.33,plain,access,1,access,0,0,,0
s7623945568,n835237088,road,3.83,plain,access,1,access,0,0,,0
s7623966497,n835237088,road,5.04,plain,access,1,access,0,0,,0
s7630041908,n7206705199,road,23.7,plain,access,1,access,0,0,,0
s7630041909,n7206705199,road,18.3,plain,access,1,access,0,0,,0
s7630041910,n7206705199,road,8.25,plain,access,1,access,0,0,,0
s7630041944,n7206705199,road,22.55,plain,access,1,access,0,0,,0
s7630041945,n7206705199,road,20.23,plain,access,1,access,0,0,,0
s7630041969,n7206705199,road,16.47,plain,access,1,access,0,0,,0
s7630041970,n7206705199,road,12.13,plain,access,1,access,0,0,,0
s7630047192,n7206704704,road,2.48,plain,access,1,access,0,0,,0
s7630047238,n7206705209,road,2.45,plain,access,1,access,0,0,,0
s7630047239,n7206705209,road,4.71,plain,access,1,access,0,0,,0
s7630047240,n7206704689,road,5.71,plain,access,1,access,0,0,,0
s7630047291,n7206704689,road,9.86,plain,access,1,access,0,0,,0
s7630047292,n7206704689,road,12.16,plain,access,1,access,0,0,,0
s7630047339,n7206704704,road,13.73,plain,access,1,access,0,0,,0
s7630047471,n7206704689,road,8.74,plain,access,1,access,0,0,,0
s7630073144,n7206705209,road,3.98,plain,access,1,access,0,0,,0
s7630073182,n7206704704,road,2.99,plain,access,1,access,0,0,,0
s7630073222,n7206705209,road,2.82,plain,access,1,access,0,0,,0
s7630073249,n7206705209,road,3.56,plain,access,1,access,0,0,,0
s7630140630,n7206705199,road,26.64,plain,access,1,access,0,0,,0
s7630140643,n7206705199,road,26.48,plain,access,1,access,0,0,,0
s7630140644,n7206705199,road,24.88,plain,access,1,access,0,0,,0
s7630140661,n7206705199,road,22.77,plain,access,1,access,0,0,,0
s7630140676,n7206705199,road,18.72,plain,access,1,access,0,0,,0
s8320642117,n4643790795,road,3.23,plain,access,1,access,0,0,,0
s8320642121,n4643790795,road,2.35,plain,access,1,access,0,0,,0
s8320642124,n8318563333,road,4.71,plain,access,1,access,0,0,,0
s8320642128,n8318560682,road,3.8,plain,access,1,access,0,0,,0
s8397020398,n3877647577,road,23.42,plain,access,1,access,0,0,,0
s8397020456,n3877647577,road,24.29,plain,access,1,access,0,0,,0
s8888629061,n3940789967,road,5.7,plain,access,1,access,0,0,,0
s8888629067,n3940789967,road,8.86,plain,access,1,access,0,0,,0
s8910386476,n3890100664,road,2.36,plain,access,1,access,0,0,,0
s8910562096,n3890100618,road,6.2,plain,access,1,access,0,0,,0
s8910562111,n3890098212,road,4.62,plain,access,1,access,0,0,,0
s8910565124,n3890100618,road,5.33,plain,access,1,access,0,0,,0
s8910565138,n3890100618,road,2.77,plain,access,1,access,0,0,,0
s8910838653,n3890098212,road,2.43,plain,access,1,access,0,0,,0
s8910838664,n3890098212,road,4.72,plain,access,1,access,0,0,,0
s8910849210,n3890098212,road,8.84,plain,access,1,access,0,0,,0
s8910867493,n3890098212,road,3.7,plain,access,1,access,0,0,,0
s8910881676,n3890098212,road,7.02,plain,access,1,access,0,0,,0
s8910887521,n3890098212,road,4.15,plain,access,1,access,0,0,,0
s8910887534,n3890098212,road,8.17,plain,access,1,access,0,0,,0
s8911547475,n3890098212,road,3.56,plain,access,1,access,0,0,,0
s8912090266,n3890100202,road,2.35,plain,access,1,access,0,0,,0
s8912257106,n3890098212,road,4.15,plain,access,1,access,0,0,,0
s8912272725,n3890098212,road,4.42,plain,access,1,access,0,0,,0
s8912287294,n3890098212,road,5.16,plain,access,1,access,0,0,,0
s8912362835,n3890100202,road,2.76,plain,access,1,access,0,0,,0
s8912541076,n8211834970,road,3.04,plain,access,1,access,0,0,,0
s8912541085,n3890101070,road,3.85,plain,access,1,access,0,0,,0
s8912541096,n3890101070,road,4.82,plain,access,1,access,0,0,,0
s8912680152,n8211834970,road,2.76,plain,access,1,access,0,0,,0
s8912680164,n8211834970,road,4.8,plain,access,1,access,0,0,,0
s8912680165,n8211834970,road,4.88,plain,access,1,access,0,0,,0
s8912680176,n8211834970,road,5.79,plain,access,1,access,0,0,,0
s8912699143,n8211834970,road,3.5,plain,access,1,access,0,0,,0
s8916159635,n8211834970,road,27.0,plain,access,1,access,0,0,,0
s8916159645,n8211834970,road,25.28,plain,access,1,access,0,0,,0
s8917805836,n3890099786,road,4.47,plain,access,1,access,0,0,,0
s8917805847,n3890099786,road,5.7,plain,access,1,access,0,0,,0
s8918183271,n3890099825,road,2.41,plain,access,1,access,0,0,,0
s8918183280,n3890100202,road,2.47,plain,access,1,access,0,0,,0
s8918183289,n3890100202,road,5.49,plain,access,1,access,0,0,,0
s8918183299,n3890098193,road,5.83,plain,access,1,access,0,0,,0
s8918212448,n2463226654,road,16.69,plain,access,1,access,0,0,,0
s8921179486,n3890099786,road,7.09,plain,access,1,access,0,0,,0
s8921179488,n3890099786,road,4.81,plain,access,1,access,0,0,,0
s8921181218,n3890099147,road,2.26,plain,access,1,access,0,0,,0
s8921181248,n3890099147,road,3.15,plain,access,1,access,0,0,,0
s8923715928,n3890097930,road,2.38,plain,access,1,access,0,0,,0
s8923715929,n3890097930,road,3.35,plain,access,1,access,0,0,,0
s8923715940,n3890097930,road,3.05,plain,access,1,access,0,0,,0
s8924617539,n3890096756,road,3.68,plain,access,1,access,0,0,,0
s8924617551,n3890097930,road,3.75,plain,access,1,access,0,0,,0
s8924617560,n3890095818,road,3.84,plain,access,1,access,0,0,,0
s8924617572,n3890097930,road,3.47,plain,access,1,access,0,0,,0
s8925149161,n8211834970,road,2.54,plain,access,1,access,0,0,,0
s8925149162,n3890098212,road,5.18,plain,access,1,access,0,0,,0
s8925149193,n3890098212,road,5.76,plain,access,1,access,0,0,,0
s8925149204,n3890098212,road,6.42,plain,access,1,access,0,0,,0
s8925149205,n3890098212,road,6.1,plain,access,1,access,0,0,,0
s8925204054,n3890100597,road,2.55,plain,access,1,access,0,0,,0
s8927916200,n3176054721,road,7.0,plain,access,1,access,0,0,,0
s8927916215,n3176054721,road,7.06,plain,access,1,access,0,0,,0
s8930042194,n835188967,road,19.9,plain,access,1,access,0,0,,0
s8930301829,n835189122,road,2.15,plain,access,1,access,0,0,,0
s9049803066,ITN,road,19.35,plain,access,1,access,0,0,,0
s9065019565,n5443825607,road,2.12,plain,access,1,access,0,0,,0
s9067089799,n3941366657,road,2.67,plain,access,1,access,0,0,,0
s9067097720,n3941366657,road,6.77,plain,access,1,access,0,0,,0
s9067097733,n3941366657,road,4.26,plain,access,1,access,0,0,,0
s9067097782,n3941367812,road,2.36,plain,access,1,access,0,0,,0
s9067097843,n3941367812,road,6.46,plain,access,1,access,0,0,,0
s9069006872,n3941366657,road,5.13,plain,access,1,access,0,0,,0
s9069013368,n2505844229,road,6.66,plain,access,1,access,0,0,,0
s9069013420,n3941367812,road,3.72,plain,access,1,access,0,0,,0
s9069013460,n2505844229,road,6.62,plain,access,1,access,0,0,,0
s9069013508,n2505844229,road,5.54,plain,access,1,access,0,0,,0
s9069029695,n3940834740,road,7.14,plain,access,1,access,0,0,,0
s9069039028,n3940834740,road,3.91,plain,access,1,access,0,0,,0
s9069039081,n3940834740,road,2.82,plain,access,1,access,0,0,,0
s9069039119,n3941367812,road,6.42,plain,access,1,access,0,0,,0
s9069039167,n3941367812,road,6.28,plain,access,1,access,0,0,,0
s9069241135,n3940835308,road,14.0,plain,access,1,access,0,0,,0
s9069241451,n3940835308,road,5.41,plain,access,1,access,0,0,,0
s9069241468,n3940835308,road,2.53,plain,access,1,access,0,0,,0
s9069241489,n3940835308,road,3.47,plain,access,1,access,0,0,,0
s9069241490,n3940834740,road,2.84,plain,access,1,access,0,0,,0
s9072632823,n3940835308,road,13.59,plain,access,1,access,0,0,,0
s9072632832,n5867508668,road,10.01,plain,access,1,access,0,0,,0
s9072633042,n3675636086,road,11.4,plain,access,1,access,0,0,,0
s9072633323,n3675635748,road,4.46,plain,access,1,access,0,0,,0
s9072776034,n3940835308,road,7.15,plain,access,1,access,0,0,,0
s9072777610,n3940835308,road,10.31,plain,access,1,access,0,0,,0
s9073126191,n3959120551,road,4.15,plain,access,1,access,0,0,,0
s9074282496,n3959122329,road,9.86,plain,access,1,access,0,0,,0
s9102517106,n5443824637,road,2.69,plain,access,1,access,0,0,,0
s9102517395,n5443824383,road,2.15,plain,access,1,access,0,0,,0
s9102517409,n5443824131,road,3.13,plain,access,1,access,0,0,,0
s9112227266,n3940789882,road,4.47,plain,access,1,access,0,0,,0
s9112239709,n3940789882,road,13.05,plain,access,1,access,0,0,,0
s9112239903,n3940789882,road,15.27,plain,access,1,access,0,0,,0
s9112240014,n3940790135,road,20.41,plain,access,1,access,0,0,,0
s9112240183,n3940790135,road,26.43,plain,access,1,access,0,0,,0
s9112240186,n3940790135,road,24.48,plain,access,1,access,0,0,,0
s9159632834,n3940790271,road,24.95,plain,access,1,access,0,0,,0
s9159632845,n3940789967,road,20.46,plain,access,1,access,0,0,,0
s9159632908,n3940789967,road,18.58,plain,access,1,access,0,0,,0
s9161594225,n3940789967,road,16.22,plain,access,1,access,0,0,,0
s9161594226,n3940789967,road,17.74,plain,access,1,access,0,0,,0
s9162283957,n3008480899,road,16.21,plain,access,1,access,0,0,,0
s9230936605,n3959122329,road,6.72,plain,access,1,access,0,0,,0
s9250835095,n2465087639,road,4.02,plain,access,1,access,0,0,,0
s9319842181,n3940789967,road,20.1,plain,access,1,access,0,0,,0
s9325098143,n3940781754,road,22.12,plain,access,1,access,0,0,,0
s9568801591,n3176055376,road,3.01,plain,access,1,access,0,0,,0
s9568801592,n3176055376,road,5.06,plain,access,1,access,0,0,,0
s9568801593,n3176055376,road,4.04,plain,access,1,access,0,0,,0
s9568801612,n3176055376,road,3.48,plain,access,1,access,0,0,,0
s9568801613,n3176055376,road,2.98,plain,access,1,access,0,0,,0
s9568830757,n3176055376,road,3.64,plain,access,1,access,0,0,,0
s9568830758,n3176055376,road,3.37,plain,access,1,access,0,0,,0
s9568879432,n3176054713,road,4.43,plain,access,1,access,0,0,,0
s9569543639,n835237088,road,6.36,plain,access,1,access,0,0,,0
s9569561140,n245764416,road,5.95,plain,access,1,access,0,0,,0
s9570899791,n1821511784,road,8.25,plain,access,1,access,0,0,,0
s9570899792,n1821511784,road,6.78,plain,access,1,access,0,0,,0
s9570934072,n1821511784,road,4.43,plain,access,1,access,0,0,,0
s9570934270,n1821511784,road,3.62,plain,access,1,access,0,0,,0
s9760016566,n4643790795,road,2.85,plain,access,1,access,0,0,,0
s9760016580,n4643790795,road,2.09,plain,access,1,access,0,0,,0
s9760017423,n8318564632,road,2.74,plain,access,1,access,0,0,,0
s9760017456,n4643790795,road,3.88,plain,access,1,access,0,0,,0
s9760017546,n8318560682,road,2.21,plain,access,1,access,0,0,,0
s9760017547,n4643790795,road,2.86,plain,access,1,access,0,0,,0
s9760713337,n4643790795,road,2.32,plain,access,1,access,0,0,,0
s9760713338,n4643790795,road,4.45,plain,access,1,access,0,0,,0
s9760713340,n4643790795,road,3.91,plain,access,1,access,0,0,,0
s9760713341,n4643790795,road,4.47,plain,access,1,access,0,0,,0
s9760763999,n8318563333,road,2.87,plain,access,1,access,0,0,,0
s9760764065,n8318562872,road,3.44,plain,access,1,access,0,0,,0
s9760764066,n8318563333,road,4.53,plain,access,1,access,0,0,,0
s9760764067,n8318562872,road,2.12,plain,access,1,access,0,0,,0
s9760764069,n8318562872,road,5.55,plain,access,1,access,0,0,,0
s9760764092,n8318562872,road,2.61,plain,access,1,access,0,0,,0
s9760764093,n8318562872,road,2.34,plain,access,1,access,0,0,,0
s9760764127,n8318560687,road,4.8,plain,access,1,access,0,0,,0
s9760764128,n8318560687,road,7.6,plain,access,1,access,0,0,,0
s9762433977,n3940781754,road,21.86,plain,access,1,access,0,0,,0
s9762433978,n3940781754,road,11.13,plain,access,1,access,0,0,,0
s9762433979,n3940781754,road,11.03,plain,access,1,access,0,0,,0
s9762433980,n3940781754,road,10.0,plain,access,1,access,0,0,,0
s9762815809,n3940781754,road,6.88,plain,access,1,access,0,0,,0
s9762815810,n3940781754,road,6.22,plain,access,1,access,0,0,,0
s9762815811,n3940781754,road,6.4,plain,access,1,access,0,0,,0
s9762815812,n3940781754,road,6.58,plain,access,1,access,0,0,,0
s9762815814,n3940781754,road,5.08,plain,access,1,access,0,0,,0
s9762815815,n3940781754,road,5.49,plain,access,1,access,0,0,,0
s9762932919,n3940781754,road,4.3,plain,access,1,access,0,0,,0
s9762932925,n3940781754,road,3.15,plain,access,1,access,0,0,,0
s9762932926,n3940781754,road,2.29,plain,access,1,access,0,0,,0
s9762932930,n3940781754,road,2.9,plain,access,1,access,0,0,,0
s9762932931,n4034954757,road,2.27,plain,access,1,access,0,0,,0
s9763024462,n3940781754,road,4.56,plain,access,1,access,0,0,,0
s9763024463,n3940781754,road,4.39,plain,access,1,access,0,0,,0
s9763024464,n3940781754,road,6.58,plain,access,1,access,0,0,,0
s9763024491,n3877610763,road,25.74,plain,access,1,access,0,0,,0
s9763024492,n3877610763,road,2.16,plain,access,1,access,0,0,,0
s9763024493,n3877610763,road,6.35,plain,access,1,access,0,0,,0
s9763024494,n3877610763,road,11.0,plain,access,1,access,0,0,,0
s9763033465,n3877610886,road,8.12,plain,access,1,access,0,0,,0
s9763033466,n3940789882,road,5.66,plain,access,1,access,0,0,,0
s9802524126,n3940834740,road,7.83,plain,access,1,access,0,0,,0
s9802524127,n3940834740,road,4.81,plain,access,1,access,0,0,,0
s9894646922,n5443285696,road,10.38,plain,access,1,access,0,0,,0
s9954074429,n3179739996,road,2.34,plain,access,1,access,0,0,,0
s9978475863,n1463092405,road,10.21,plain,access,1,access,0,0,,0
s9978475900,n2463227466,road,2.06,plain,access,1,access,0,0,,0
s10002389537,n7206705199,road,26.96,plain,access,1,access,0,0,,0
s10002389573,n7206705199,road,25.45,plain,access,1,access,0,0,,0
s10002389668,n3877648331,road,25.97,plain,access,1,access,0,0,,0
s10002389744,n3877648331,road,26.55,plain,access,1,access,0,0,,0
s10002389747,n3877648331,road,25.6,plain,access,1,access,0,0,,0
s10002389749,n3877648331,road,22.4,plain,access,1,access,0,0,,0
s10002389750,n3877648331,road,23.74,plain,access,1,access,0,0,,0
s10002573878,n3877648331,road,21.9,plain,access,1,access,0,0,,0
s10002573879,n3877648331,road,20.22,plain,access,1,access,0,0,,0
s10002573880,n3877648331,road,19.06,plain,access,1,access,0,0,,0
s10002573881,n3877648331,road,23.15,plain,access,1,access,0,0,,0
s10002573882,n3877648331,road,23.97,plain,access,1,access,0,0,,0
s10002573900,n3877648331,road,24.1,plain,access,1,access,0,0,,0
s10002573901,n3877648331,road,25.16,plain,access,1,access,0,0,,0
s10003855232,n3877648331,road,23.84,plain,access,1,access,0,0,,0
s10003855233,n3877648331,road,18.87,plain,access,1,access,0,0,,0
s10003855234,n3877648331,road,15.74,plain,access,1,access,0,0,,0
s10003855251,n3877648331,road,14.76,plain,access,1,access,0,0,,0
s10003855252,n3877648331,road,14.69,plain,access,1,access,0,0,,0
s10003855253,n3877648331,road,14.19,plain,access,1,access,0,0,,0
s10003855254,n3877648331,road,16.47,plain,access,1,access,0,0,,0
s10003855255,n3877648331,road,16.65,plain,access,1,access,0,0,,0
s10003855256,n3877648331,road,13.45,plain,access,1,access,0,0,,0
s10003855257,n3877648331,road,12.4,plain,access,1,access,0,0,,0
s10003994504,n3877648331,road,10.61,plain,access,1,access,0,0,,0
s10003994505,n3877648331,road,10.58,plain,access,1,access,0,0,,0
s10003994506,n3877648331,road,9.92,plain,access,1,access,0,0,,0
s10003994507,n3877648331,road,9.78,plain,access,1,access,0,0,,0
s10003994508,n3877648331,road,7.76,plain,access,1,access,0,0,,0
s10003994509,n3877648331,road,7.14,plain,access,1,access,0,0,,0
s10003994510,n3877648331,road,8.51,plain,access,1,access,0,0,,0
s10003994511,n3877648331,road,14.87,plain,access,1,access,0,0,,0
s10003994512,n3877648331,road,14.91,plain,access,1,access,0,0,,0
s10003994513,n3877648331,road,13.0,plain,access,1,access,0,0,,0
s10003994514,n3877648331,road,12.97,plain,access,1,access,0,0,,0
s10003994515,n3877648331,road,10.14,plain,access,1,access,0,0,,0
s10003994516,n3877648331,road,8.98,plain,access,1,access,0,0,,0
s10004036117,n3877648331,road,8.69,plain,access,1,access,0,0,,0
s10004036118,n3877648331,road,8.74,plain,access,1,access,0,0,,0
s10004036119,n3877648331,road,9.58,plain,access,1,access,0,0,,0
s10004036120,n3877648331,road,6.1,plain,access,1,access,0,0,,0
s10004036146,n3877648331,road,4.14,plain,access,1,access,0,0,,0
s10004036147,n3877648331,road,4.51,plain,access,1,access,0,0,,0
s10004036148,n3877648331,road,3.32,plain,access,1,access,0,0,,0
s10004036149,n3877648331,road,2.92,plain,access,1,access,0,0,,0
s10004850817,n3877648331,road,5.03,plain,access,1,access,0,0,,0
s10004850818,n3877648331,road,13.4,plain,access,1,access,0,0,,0
s10004850819,n3877648331,road,13.39,plain,access,1,access,0,0,,0
s10004850820,n3877648331,road,3.59,plain,access,1,access,0,0,,0
s10004850821,n3877648331,road,2.97,plain,access,1,access,0,0,,0
s10004850823,n3877648331,road,4.55,plain,access,1,access,0,0,,0
s10004850824,n3877648331,road,4.84,plain,access,1,access,0,0,,0
s10004850825,n3877648331,road,5.18,plain,access,1,access,0,0,,0
s10004850826,n3877647577,road,4.82,plain,access,1,access,0,0,,0
s10004850827,n3877647577,road,4.21,plain,access,1,access,0,0,,0
s10004850828,n3877647577,road,3.68,plain,access,1,access,0,0,,0
s10004850841,n3877647577,road,2.84,plain,access,1,access,0,0,,0
s10004850842,n3877647577,road,2.93,plain,access,1,access,0,0,,0
s10004850843,n3877647577,road,2.4,plain,access,1,access,0,0,,0
s10004850844,n3877647577,road,2.25,plain,access,1,access,0,0,,0
s10004850862,n3877647577,road,5.81,plain,access,1,access,0,0,,0
s10004850863,n3877647577,road,5.27,plain,access,1,access,0,0,,0
s10004850864,n3877647577,road,4.03,plain,access,1,access,0,0,,0
s10004850866,n3877647577,road,3.54,plain,access,1,access,0,0,,0
s10004850887,n3877647577,road,2.18,plain,access,1,access,0,0,,0
s10004850888,n3877647577,road,4.28,plain,access,1,access,0,0,,0
s10004850889,n3877647577,road,4.49,plain,access,1,access,0,0,,0
s10004850892,n3877647577,road,4.63,plain,access,1,access,0,0,,0
s10004850893,n3877647577,road,4.4,plain,access,1,access,0,0,,0
s10004850894,n3877647577,road,7.22,plain,access,1,access,0,0,,0
s10004850917,n3175911973,road,4.88,plain,access,1,access,0,0,,0
s10004850918,n3175911973,road,4.3,plain,access,1,access,0,0,,0
s10004850956,n3175911973,road,5.13,plain,access,1,access,0,0,,0
s10004850992,n3175911973,road,8.65,plain,access,1,access,0,0,,0
s10004850993,n3175911973,road,8.57,plain,access,1,access,0,0,,0
s10004850994,n3175911973,road,6.57,plain,access,1,access,0,0,,0
s10004850995,n3175911973,road,5.52,plain,access,1,access,0,0,,0
s10004850996,n3175911973,road,4.4,plain,access,1,access,0,0,,0
s10004851049,n3175911973,road,4.35,plain,access,1,access,0,0,,0
s10004851086,n3175911973,road,2.28,plain,access,1,access,0,0,,0
s10005217915,n3175911973,road,3.0,plain,access,1,access,0,0,,0
s10005227533,n3175911973,road,2.65,plain,access,1,access,0,0,,0
s10005227534,n3175911973,road,3.38,plain,access,1,access,0,0,,0
s10005227574,n3175911973,road,3.42,plain,access,1,access,0,0,,0
s10005227575,n3175911973,road,3.74,plain,access,1,access,0,0,,0
s10005227576,n3175912216,road,5.06,plain,access,1,access,0,0,,0
s10005227577,n3175911973,road,4.96,plain,access,1,access,0,0,,0
s10005227578,n3175911973,road,5.71,plain,access,1,access,0,0,,0
s10005227579,n3175911973,road,6.81,plain,access,1,access,0,0,,0
s10005227581,n3175911973,road,7.74,plain,access,1,access,0,0,,0
s10005227582,n3175911973,road,7.69,plain,access,1,access,0,0,,0
s10005227583,n3175911973,road,8.14,plain,access,1,access,0,0,,0
s10005227584,n3175911973,road,6.24,plain,access,1,access,0,0,,0
s10005227585,n3175911973,road,5.78,plain,access,1,access,0,0,,0
s10005227708,n3175912216,road,3.23,plain,access,1,access,0,0,,0
s10005227728,n3175912216,road,2.05,plain,access,1,access,0,0,,0
s10005227729,n3175912216,road,4.37,plain,access,1,access,0,0,,0
s10005227749,n3175920440,road,4.02,plain,access,1,access,0,0,,0
s10005227750,n3175912216,road,2.98,plain,access,1,access,0,0,,0
s10005227752,n3175912216,road,2.18,plain,access,1,access,0,0,,0
s10005227798,n3175912311,road,4.58,plain,access,1,access,0,0,,0
s10005227799,n3175912311,road,4.15,plain,access,1,access,0,0,,0
s10005227800,n3175912311,road,4.63,plain,access,1,access,0,0,,0
s10005227801,n3175912311,road,5.01,plain,access,1,access,0,0,,0
s10005227802,n3175912311,road,5.23,plain,access,1,access,0,0,,0
s10005227803,n3175912311,road,5.59,plain,access,1,access,0,0,,0
s10005227804,n3175912311,road,5.84,plain,access,1,access,0,0,,0
s10005227860,n3175912311,road,6.23,plain,access,1,access,0,0,,0
s10005227861,n3175912311,road,7.07,plain,access,1,access,0,0,,0
s10005227862,n3175912311,road,8.57,plain,access,1,access,0,0,,0
s10005227894,n3175912311,road,8.95,plain,access,1,access,0,0,,0
s10005227954,n3175912311,road,6.91,plain,access,1,access,0,0,,0
s10005227955,n3175912311,road,10.39,plain,access,1,access,0,0,,0
s10007383552,n3175912311,road,10.29,plain,access,1,access,0,0,,0
s10007383553,n3175912311,road,10.39,plain,access,1,access,0,0,,0
s10007383554,n3175912311,road,11.61,plain,access,1,access,0,0,,0
s10007383555,n3175912311,road,12.58,plain,access,1,access,0,0,,0
s10007383556,n3175912311,road,12.07,plain,access,1,access,0,0,,0
s10007383557,n3175912311,road,12.39,plain,access,1,access,0,0,,0
s10007383558,n3175912311,road,11.36,plain,access,1,access,0,0,,0
s10007383559,n3175912311,road,11.97,plain,access,1,access,0,0,,0
s10007383593,n3175912311,road,12.9,plain,access,1,access,0,0,,0
s10007392276,n3877648331,road,20.54,plain,access,1,access,0,0,,0
s10007392277,n3877648331,road,20.17,plain,access,1,access,0,0,,0
s10007405026,n3175912311,road,14.36,plain,access,1,access,0,0,,0
s10007405027,n3175912311,road,13.6,plain,access,1,access,0,0,,0
s10007405028,n3175912311,road,13.75,plain,access,1,access,0,0,,0
s10007405029,n3175912311,road,15.65,plain,access,1,access,0,0,,0
s10007405030,n3175912311,road,15.69,plain,access,1,access,0,0,,0
s10007405031,n3175912311,road,24.95,plain,access,1,access,0,0,,0
s10007405032,n3175912311,road,13.57,plain,access,1,access,0,0,,0
s10007405033,n3175912311,road,14.2,plain,access,1,access,0,0,,0
s10007405034,n3175912311,road,14.01,plain,access,1,access,0,0,,0
s10007405035,n3175912311,road,14.95,plain,access,1,access,0,0,,0
s10007405036,n3175912311,road,14.65,plain,access,1,access,0,0,,0
s10007405061,n3175911973,road,14.69,plain,access,1,access,0,0,,0
s10007405062,n3877647577,road,16.42,plain,access,1,access,0,0,,0
s10007405063,n3175912311,road,10.92,plain,access,1,access,0,0,,0
s10007405064,n3175912311,road,12.17,plain,access,1,access,0,0,,0
s10007405065,n3175912311,road,12.71,plain,access,1,access,0,0,,0
s10007405066,n3175912311,road,12.68,plain,access,1,access,0,0,,0
s10007405067,n3175912311,road,16.33,plain,access,1,access,0,0,,0
s10007405068,n3175964719,road,16.63,plain,access,1,access,0,0,,0
s10007405069,n3175964719,road,16.63,plain,access,1,access,0,0,,0
s10007405070,n3175912311,road,18.91,plain,access,1,access,0,0,,0
s10007405071,n3175912311,road,10.38,plain,access,1,access,0,0,,0
s10007405072,n3175912311,road,15.99,plain,access,1,access,0,0,,0
s10007405073,n3175912311,road,16.34,plain,access,1,access,0,0,,0
s10007405126,n3175912311,road,17.02,plain,access,1,access,0,0,,0
s10007405127,n3175912311,road,18.76,plain,access,1,access,0,0,,0
s10007405128,n3175912311,road,19.69,plain,access,1,access,0,0,,0
s10007405129,n3175912311,road,19.22,plain,access,1,access,0,0,,0
s10007405130,n3175912311,road,20.46,plain,access,1,access,0,0,,0
s10007405140,n3175912311,road,20.63,plain,access,1,access,0,0,,0
s10007405141,n3175912311,road,22.36,plain,access,1,access,0,0,,0
s10007405142,n3175912311,road,20.75,plain,access,1,access,0,0,,0
s10007405143,n3175912311,road,23.03,plain,access,1,access,0,0,,0
s10007405144,n3175912311,road,25.2,plain,access,1,access,0,0,,0
s10007405145,n3877648331,road,25.01,plain,access,1,access,0,0,,0
s10007405201,n3175912311,road,23.9,plain,access,1,access,0,0,,0
s10007405202,n3877648331,road,25.66,plain,access,1,access,0,0,,0
s10007405203,n3877648331,road,25.32,plain,access,1,access,0,0,,0
s10007405204,n3877648331,road,24.86,plain,access,1,access,0,0,,0
s10007405205,n3877648331,road,25.38,plain,access,1,access,0,0,,0
s10007405206,n3877648331,road,25.57,plain,access,1,access,0,0,,0
s10007405208,n3877648331,road,26.31,plain,access,1,access,0,0,,0
s10030463698,n3175920440,road,5.91,plain,access,1,access,0,0,,0
s10030463699,n3175920440,road,6.52,plain,access,1,access,0,0,,0
s10030463700,n3175920440,road,6.54,plain,access,1,access,0,0,,0
s10030463701,n3175920440,road,6.75,plain,access,1,access,0,0,,0
s10030463702,n3175920440,road,6.88,plain,access,1,access,0,0,,0
s10030463703,n3175920440,road,7.38,plain,access,1,access,0,0,,0
s10030500637,n3175920440,road,8.08,plain,access,1,access,0,0,,0
s10030500638,n3175920440,road,7.07,plain,access,1,access,0,0,,0
s10030500639,n3175920440,road,8.05,plain,access,1,access,0,0,,0
s10030500640,n3175920440,road,8.42,plain,access,1,access,0,0,,0
s10030500641,n3175920440,road,8.74,plain,access,1,access,0,0,,0
s10030500642,n3175920440,road,9.17,plain,access,1,access,0,0,,0
s10030500674,n3175920440,road,8.7,plain,access,1,access,0,0,,0
s10030500675,n3175920440,road,8.81,plain,access,1,access,0,0,,0
s10030500676,n3175920440,road,9.03,plain,access,1,access,0,0,,0
s10030500677,n3175920440,road,9.09,plain,access,1,access,0,0,,0
s10030500678,n3175920440,road,9.2,plain,access,1,access,0,0,,0
s10030500759,n3175920440,road,10.36,plain,access,1,access,0,0,,0
s10030500760,n3175920440,road,10.07,plain,access,1,access,0,0,,0
s10030500761,n3175920440,road,10.2,plain,access,1,access,0,0,,0
s10030500762,n3175920440,road,10.15,plain,access,1,access,0,0,,0
s10030500763,n3175920440,road,9.98,plain,access,1,access,0,0,,0
s10030500764,n3175920440,road,10.41,plain,access,1,access,0,0,,0
s10030500765,n3175920440,road,10.9,plain,access,1,access,0,0,,0
s10030500766,n3175920440,road,12.3,plain,access,1,access,0,0,,0
s10030500767,n3175920440,road,12.77,plain,access,1,access,0,0,,0
s10030500768,n3175920440,road,9.85,plain,access,1,access,0,0,,0
s10030500769,n3175920440,road,11.98,plain,access,1,access,0,0,,0
s10032306623,n3877648331,road,26.46,plain,access,1,access,0,0,,0
s10032306624,n3877648331,road,26.4,plain,access,1,access,0,0,,0
s10032306625,n3877648331,road,26.15,plain,access,1,access,0,0,,0
s10032306626,n3877648331,road,25.69,plain,access,1,access,0,0,,0
s10032306627,n3877648331,road,24.94,plain,access,1,access,0,0,,0
s10032306628,n3877648331,road,25.03,plain,access,1,access,0,0,,0
s10032306657,n3877648331,road,25.3,plain,access,1,access,0,0,,0
s10081861291,n3877647577,road,25.65,plain,access,1,access,0,0,,0
s10081861292,n3877647577,road,26.75,plain,access,1,access,0,0,,0
s10081861293,n3877647577,road,22.6,plain,access,1,access,0,0,,0
s10081861310,n3877647577,road,22.25,plain,access,1,access,0,0,,0
s10081861311,n3877647577,road,22.63,plain,access,1,access,0,0,,0
s10081861312,n3877647577,road,23.22,plain,access,1,access,0,0,,0
s10081861313,n3877647577,road,23.67,plain,access,1,access,0,0,,0
s10081861314,n3877647577,road,23.56,plain,access,1,access,0,0,,0
s10081861315,n3877647577,road,21.27,plain,access,1,access,0,0,,0
s10081872849,n3877647577,road,20.97,plain,access,1,access,0,0,,0
s10081872850,n3877647577,road,21.43,plain,access,1,access,0,0,,0
s10081872851,n3877647577,road,21.47,plain,access,1,access,0,0,,0
s10081872852,n3877647577,road,21.93,plain,access,1,access,0,0,,0
s10081872853,n3877647577,road,21.33,plain,access,1,access,0,0,,0
s10081872854,n3877647577,road,21.83,plain,access,1,access,0,0,,0
s10081872855,n3877647577,road,20.39,plain,access,1,access,0,0,,0
s10081872867,n3877647577,road,19.48,plain,access,1,access,0,0,,0
s10081872868,n3877647577,road,19.51,plain,access,1,access,0,0,,0
s10081872905,n3877647577,road,19.1,plain,access,1,access,0,0,,0
s10081872906,n3877647577,road,19.14,plain,access,1,access,0,0,,0
s10081872907,n3877647577,road,18.95,plain,access,1,access,0,0,,0
s10082195353,n3877647577,road,17.03,plain,access,1,access,0,0,,0
s10082195354,n3877647577,road,18.31,plain,access,1,access,0,0,,0
s10082195355,n3877647577,road,18.44,plain,access,1,access,0,0,,0
s10082195356,n3877647577,road,18.59,plain,access,1,access,0,0,,0
s10082195357,n3877647577,road,16.56,plain,access,1,access,0,0,,0
s10082195358,n3877647577,road,17.49,plain,access,1,access,0,0,,0
s10082195359,n3877647577,road,17.21,plain,access,1,access,0,0,,0
s10082195396,n3877647577,road,18.92,plain,access,1,access,0,0,,0
s10082200429,n3877647577,road,20.76,plain,access,1,access,0,0,,0
s10082200448,n3877647577,road,22.87,plain,access,1,access,0,0,,0
s10082200486,n3877647577,road,23.41,plain,access,1,access,0,0,,0
s10082200508,n3877647577,road,18.25,plain,access,1,access,0,0,,0
s10082200509,n3877647577,road,19.29,plain,access,1,access,0,0,,0
s10082200510,n3877647577,road,21.17,plain,access,1,access,0,0,,0
s10082200512,n3877647577,road,24.58,plain,access,1,access,0,0,,0
s10082200513,n3877647577,road,24.96,plain,access,1,access,0,0,,0
s10082200514,n3877647577,road,25.8,plain,access,1,access,0,0,,0
s10082834826,n3175920440,road,26.34,plain,access,1,access,0,0,,0
s10082834827,n3175920440,road,25.57,plain,access,1,access,0,0,,0
s10082834828,n3175920440,road,24.71,plain,access,1,access,0,0,,0
s10082834850,n3175920440,road,24.83,plain,access,1,access,0,0,,0
s10082834851,n3175912216,road,23.57,plain,access,1,access,0,0,,0
s10082834852,n3175912216,road,21.62,plain,access,1,access,0,0,,0
s10082834853,n3175912216,road,21.17,plain,access,1,access,0,0,,0
s10214217509,n3877609074,road,4.31,plain,access,1,access,0,0,,0
s10285947117,n10867319160,road,12.38,plain,access,1,access,0,0,,0
s10289588615,n2463227579,road,6.46,plain,access,1,access,0,0,,0
s10289910004,TWG,road,2.61,plain,access,1,access,0,0,,0
s10289910005,TWG,road,2.96,plain,access,1,access,0,0,,0
s10302061253,n2463227579,road,7.16,plain,access,1,access,0,0,,0
s10302075876,n2463227579,road,6.39,plain,access,1,access,0,0,,0
s10649728684,n1296578977,road,12.0,plain,access,1,access,0,0,,0
s10654585528,n3959122329,road,2.62,plain,access,1,access,0,0,,0
s10654585529,n3959122329,road,5.52,plain,access,1,access,0,0,,0
s10784969482,n2463277836,road,3.95,plain,access,1,access,0,0,,0
s10839474047,n5444831555,road,3.63,plain,access,1,access,0,0,,0
s10862337696,n9404074280,road,4.78,plain,access,1,access,0,0,,0
s10862337697,n9404074280,road,10.07,plain,access,1,access,0,0,,0
s10862477140,n3454068821,road,3.95,plain,access,1,access,0,0,,0
s10864153548,n1185178063,road,5.41,plain,access,1,access,0,0,,0
s10864153549,n1185176909,road,6.42,plain,access,1,access,0,0,,0
s10864184707,n1185176969,road,14.45,plain,access,1,access,0,0,,0
s10864211688,n10845972370,road,12.93,plain,access,1,access,0,0,,0
s10864219605,n3454445028,road,10.01,plain,access,1,access,0,0,,0
s10864253763,n3007133833,road,6.28,plain,access,1,access,0,0,,0
s10864253774,n3007133833,road,7.51,plain,access,1,access,0,0,,0
s10864370023,n3007133833,road,5.53,plain,access,1,access,0,0,,0
s10864370388,n3454068821,road,3.69,plain,access,1,access,0,0,,0
s10864519876,n2463278738,road,7.52,plain,access,1,access,0,0,,0
s10864519889,n2463278738,road,7.16,plain,access,1,access,0,0,,0
s10866786869,n2369000788,road,23.8,plain,access,1,access,0,0,,0
s10870214798,n10845972441,road,2.31,plain,access,1,access,0,0,,0
s10870460350,n10867319160,road,2.1,plain,access,1,access,0,0,,0
s10870893423,n2463277836,road,6.9,plain,access,1,access,0,0,,0
s10877035264,n1185176969,road,13.79,plain,access,1,access,0,0,,0
s10882730420,n2463277463,road,2.03,plain,access,1,access,0,0,,0
s10882730487,n3454068821,road,5.35,plain,access,1,access,0,0,,0
s10917567485,n1185176969,road,23.37,plain,access,1,access,0,0,,0
s10917567962,n10845972370,road,12.04,plain,access,1,access,0,0,,0
s10921025737,n10845972370,road,7.1,plain,access,1,access,0,0,,0
s10925710454,n10845972370,road,11.36,plain,access,1,access,0,0,,0
s10925710466,n10845972370,road,13.69,plain,access,1,access,0,0,,0
s10925710482,n2463825218,road,12.48,plain,access,1,access,0,0,,0
s10928090869,n7206705199,road,25.81,plain,access,1,access,0,0,,0
s10941933055,n1698495570,road,11.89,plain,access,1,access,0,0,,0
s10964879900,n7206705199,road,26.95,plain,access,1,access,0,0,,0
s10978275464,n7206704689,road,2.2,plain,access,1,access,0,0,,0
s10978562689,n2463838404,road,2.48,plain,access,1,access,0,0,,0
s10992042856,n1185176969,road,16.19,plain,access,1,access,0,0,,0
s10992073940,n10845972370,road,2.85,plain,access,1,access,0,0,,0
s10992130243,n10845972370,road,5.82,plain,access,1,access,0,0,,0
s10992498530,n10845972441,road,6.2,plain,access,1,access,0,0,,0
s11007465976,n10845972370,road,11.82,plain,access,1,access,0,0,,0
s11007466335,n1185176969,road,22.8,plain,access,1,access,0,0,,0
s11007521794,n10845972370,road,6.24,plain,access,1,access,0,0,,0
s11007527105,n10845972370,road,6.71,plain,access,1,access,0,0,,0
s11007775333,n10845972370,road,17.85,plain,access,1,access,0,0,,0
s11009711790,n7206705199,road,22.39,plain,access,1,access,0,0,,0
s11079168769,n3959122329,road,9.02,plain,access,1,access,0,0,,0
s11108610674,n3175920440,road,2.29,plain,access,1,access,0,0,,0
s11108610675,n3175920440,road,3.01,plain,access,1,access,0,0,,0
s11108610676,n3175920440,road,3.69,plain,access,1,access,0,0,,0
s11108610677,n3175920440,road,3.0,plain,access,1,access,0,0,,0
s11108610678,n3175964719,road,2.9,plain,access,1,access,0,0,,0
s11108610679,n3175964719,road,2.65,plain,access,1,access,0,0,,0
s11108610683,n3175964719,road,2.56,plain,access,1,access,0,0,,0
s11108610684,n3175964719,road,3.99,plain,access,1,access,0,0,,0
s11108610685,n3175920440,road,2.57,plain,access,1,access,0,0,,0
s11108610686,n3175964719,road,2.1,plain,access,1,access,0,0,,0
s11295521908,n1185176969,road,7.12,plain,access,1,access,0,0,,0
s11397971512,n1463091791,road,9.83,plain,access,1,access,0,0,,0
s11398074198,n3703192312,road,5.31,plain,access,1,access,0,0,,0
s11398074199,n2463715273,road,3.52,plain,access,1,access,0,0,,0
s11518406604,n1185176969,road,5.71,plain,access,1,access,0,0,,0
s11518481094,n1185176969,road,6.09,plain,access,1,access,0,0,,0
s11731179155,n2463594556,road,9.85,plain,access,1,access,0,0,,0
s11731179157,n3877536812,road,11.1,plain,access,1,access,0,0,,0
s11731179158,n3877536812,road,6.56,plain,access,1,access,0,0,,0
s11731179161,n3178203894,road,3.8,plain,access,1,access,0,0,,0
s11731179164,n3703192312,road,7.33,plain,access,1,access,0,0,,0
s11731179165,n3877537566,road,2.96,plain,access,1,access,0,0,,0
s11731179166,n2463715273,road,4.81,plain,access,1,access,0,0,,0
s11773258622,n3455680160,road,4.89,plain,access,1,access,0,0,,0
s11883835080,n1185176909,road,2.32,plain,access,1,access,0,0,,0
s11883835081,n1185176969,road,4.39,plain,access,1,access,0,0,,0
s11883835082,n1185176969,road,4.63,plain,access,1,access,0,0,,0
s12473025513,n835236800,road,15.36,plain,access,1,access,0,0,,0
s12508496197,n5443919977,road,14.48,plain,access,1,access,0,0,,0
s12508573307,n3454445028,road,9.5,plain,access,1,access,0,0,,0
s12508573308,n3454445028,road,11.12,plain,access,1,access,0,0,,0
s12508612955,n835159753,road,4.59,plain,access,1,access,0,0,,0
s12732182354,n7206705199,road,26.15,plain,access,1,access,0,0,,0
s12732182355,n7206705199,road,25.66,plain,access,1,access,0,0,,0
s13041257701,n3877609308,road,18.95,plain,access,1,access,0,0,,0
s13155714265,n2463596055,road,11.51,plain,access,1,access,0,0,,0
s13155714266,n1699697625,road,3.18,plain,access,1,access,0,0,,0
s13155789858,n3703358669,road,5.6,plain,access,1,access,0,0,,0
s13155789859,n3178203894,road,4.49,plain,access,1,access,0,0,,0
s13155789860,n3178203894,road,5.13,plain,access,1,access,0,0,,0
s13155789861,n3176054721,road,16.49,plain,access,1,access,0,0,,0
s13155789862,n3176054721,road,8.07,plain,access,1,access,0,0,,0
s13155796457,n3007271430,road,2.61,plain,access,1,access,0,0,,0
s13155796458,n3007271430,road,8.36,plain,access,1,access,0,0,,0
s13155810285,n1463090962,road,6.07,plain,access,1,access,0,0,,0
s13155810286,n1463090962,road,5.6,plain,access,1,access,0,0,,0
s13155810287,n1463090962,road,6.02,plain,access,1,access,0,0,,0
s13155811480,n1463090962,road,9.22,plain,access,1,access,0,0,,0
s13155811481,n1463090962,road,8.37,plain,access,1,access,0,0,,0
s13155811483,n3007133833,road,5.35,plain,access,1,access,0,0,,0
s13155811484,n3007133833,road,3.89,plain,access,1,access,0,0,,0
s13155870260,n2463170723,road,3.69,plain,access,1,access,0,0,,0
s13155870262,n2463170748,road,3.49,plain,access,1,access,0,0,,0
s13155870263,n2463227466,road,2.21,plain,access,1,access,0,0,,0
s13155870264,n2463227466,road,4.51,plain,access,1,access,0,0,,0
s13155904439,n1698495570,road,11.58,plain,access,1,access,0,0,,0
s13155904440,n1698495570,road,10.21,plain,access,1,access,0,0,,0
s13155904441,n1698495570,road,4.84,plain,access,1,access,0,0,,0
s13155911614,n2463277836,road,6.24,plain,access,1,access,0,0,,0
s13155911615,n2463277836,road,3.14,plain,access,1,access,0,0,,0
s13155911616,n2463277836,road,6.22,plain,access,1,access,0,0,,0
s13155911617,n2463277836,road,8.37,plain,access,1,access,0,0,,0
s13155911618,n2463278738,road,11.48,plain,access,1,access,0,0,,0
s13155911619,n3454068821,road,15.0,plain,access,1,access,0,0,,0
s13155911620,n3454068821,road,12.44,plain,access,1,access,0,0,,0
s13157321081,n3176054713,road,5.82,plain,access,1,access,0,0,,0
s13157321082,n3176054721,road,8.89,plain,access,1,access,0,0,,0
s13157321083,n3176054721,road,3.11,plain,access,1,access,0,0,,0
s13157348144,n7206705199,road,16.6,plain,access,1,access,0,0,,0
s13157349696,n835188949,road,3.13,plain,access,1,access,0,0,,0
s13157349698,n5443824131,road,2.74,plain,access,1,access,0,0,,0
s13157352702,n2463654535,road,3.85,plain,access,1,access,0,0,,0
s13157352703,n2463654535,road,9.52,plain,access,1,access,0,0,,0
s13157352704,n2463655758,road,3.62,plain,access,1,access,0,0,,0
s13157352706,n2463629447,road,11.19,plain,access,1,access,0,0,,0
s13157352707,n3176055376,road,19.9,plain,access,1,access,0,0,,0
s13157352708,n3176055376,road,13.13,plain,access,1,access,0,0,,0
s13157352709,n3176055376,road,13.12,plain,access,1,access,0,0,,0
s13157352710,n3176055376,road,7.51,plain,access,1,access,0,0,,0
s13157352747,n1463090962,road,8.82,plain,access,1,access,0,0,,0
s13157364049,n835236800,road,23.1,plain,access,1,access,0,0,,0
s13157364050,n835236800,road,21.36,plain,access,1,access,0,0,,0
s13157364051,n835236800,road,21.27,plain,access,1,access,0,0,,0
s13157364052,n835236800,road,9.47,plain,access,1,access,0,0,,0
s13157364053,n835236800,road,8.4,plain,access,1,access,0,0,,0
s13157364054,n835236800,road,10.56,plain,access,1,access,0,0,,0
s13157364055,n835237573,road,13.07,plain,access,1,access,0,0,,0
s13157364056,n2463653700,road,14.35,plain,access,1,access,0,0,,0
s13157364057,n2463654535,road,13.61,plain,access,1,access,0,0,,0
s13157364058,n2463655758,road,11.42,plain,access,1,access,0,0,,0
s13157369508,n3176054721,road,16.32,plain,access,1,access,0,0,,0
s13157380716,n5443824131,road,9.54,plain,access,1,access,0,0,,0
s13157393820,n3007271430,road,6.42,plain,access,1,access,0,0,,0
s13157808826,n3007271430,road,2.43,plain,access,1,access,0,0,,0
s13157834322,n1698495015,road,15.8,plain,access,1,access,0,0,,0
s13157834323,n5444825524,road,24.86,plain,access,1,access,0,0,,0
s13157834386,n2463825168,road,5.85,plain,access,1,access,0,0,,0
s13157834387,n2463825218,road,9.04,plain,access,1,access,0,0,,0
s13157834388,n10845972370,road,15.25,plain,access,1,access,0,0,,0
s13157834390,n9396862470,road,16.98,plain,access,1,access,0,0,,0
s13157847510,n2463277836,road,15.32,plain,access,1,access,0,0,,0
s13157847511,n2463278738,road,12.02,plain,access,1,access,0,0,,0
s13157847512,n3455680160,road,6.79,plain,access,1,access,0,0,,0
s13157847513,n3455680160,road,5.88,plain,access,1,access,0,0,,0
s13157848071,n2463227579,road,2.44,plain,access,1,access,0,0,,0
s13157894248,n10577981170,road,22.64,plain,access,1,access,0,0,,0
s13157894250,n8677138905,road,10.81,plain,access,1,access,0,0,,0
s13157894251,n2385461483,road,18.5,plain,access,1,access,0,0,,0
s13157894252,n2385461483,road,18.69,plain,access,1,access,0,0,,0
s13157894275,n5443824383,road,2.39,plain,access,1,access,0,0,,0
s13157898875,n4552000699,road,4.96,plain,access,1,access,0,0,,0
s13157898876,n10606226017,road,4.54,plain,access,1,access,0,0,,0
s13157898883,n835331777,road,2.33,plain,access,1,access,0,0,,0
s13157898886,ITN,road,9.82,plain,access,1,access,0,0,,0
s13157911721,n3877648331,road,7.71,plain,access,1,access,0,0,,0
s13157911722,n3877648331,road,16.92,plain,access,1,access,0,0,,0
s13157935709,n2463770993,road,2.08,plain,access,1,access,0,0,,0
s13157935712,n2463791557,road,4.48,plain,access,1,access,0,0,,0
s13157935713,n2463790889,road,2.23,plain,access,1,access,0,0,,0
s13157935714,n2463790694,road,2.7,plain,access,1,access,0,0,,0
s13157935717,n3175965095,road,9.3,plain,access,1,access,0,0,,0
s13157998055,n3890095028,road,3.66,plain,access,1,access,0,0,,0
s13157998057,n8211834970,road,5.05,plain,access,1,access,0,0,,0
s13157998058,n8211834970,road,6.0,plain,access,1,access,0,0,,0
s13157998059,n8211834970,road,12.41,plain,access,1,access,0,0,,0
s13157998060,n8211834970,road,14.0,plain,access,1,access,0,0,,0
s13157998061,n8211834970,road,14.54,plain,access,1,access,0,0,,0
s13157998062,n8211834970,road,15.06,plain,access,1,access,0,0,,0
s13158059504,n3940789967,road,19.16,plain,access,1,access,0,0,,0
s13158059507,n3940781754,road,2.39,plain,access,1,access,0,0,,0
s13158059508,n3940781754,road,13.74,plain,access,1,access,0,0,,0
s13158067187,n3877609965,road,3.02,plain,access,1,access,0,0,,0
s13158067188,n3877610763,road,16.54,plain,access,1,access,0,0,,0
s13158070637,n3877609624,road,2.23,plain,access,1,access,0,0,,0
s13158070642,n3877591968,road,6.54,plain,access,1,access,0,0,,0
s13158070643,n3877591968,road,9.4,plain,access,1,access,0,0,,0
s13158070644,n3877591968,road,11.93,plain,access,1,access,0,0,,0
s13158070645,n3877591968,road,11.93,plain,access,1,access,0,0,,0
s13158070646,n3877591968,road,13.51,plain,access,1,access,0,0,,0
s13158070647,n3877591968,road,17.56,plain,access,1,access,0,0,,0
s13158070648,n3877591968,road,18.47,plain,access,1,access,0,0,,0
s13158072920,n2463715273,road,6.36,plain,access,1,access,0,0,,0
s13158072921,n2463715273,road,3.21,plain,access,1,access,0,0,,0
s13158072922,n342099041,road,6.73,plain,access,1,access,0,0,,0
s13158072923,n2463715273,road,11.9,plain,access,1,access,0,0,,0
s13158072924,n3178199100,road,13.52,plain,access,1,access,0,0,,0
s13158072926,n1437216069,road,11.44,plain,access,1,access,0,0,,0
s13158072927,n1437216069,road,10.55,plain,access,1,access,0,0,,0
s13158072929,n4622774243,road,8.13,plain,access,1,access,0,0,,0
s13158072932,n6268442132,road,3.14,plain,access,1,access,0,0,,0
s13158133680,n6268439745,road,6.88,plain,access,1,access,0,0,,0
s13158133682,n6268440829,road,7.51,plain,access,1,access,0,0,,0
s13158133683,n6268440829,road,21.4,plain,access,1,access,0,0,,0
s13158133686,n856798386,road,13.75,plain,access,1,access,0,0,,0
s13158133687,n856798332,road,18.67,plain,access,1,access,0,0,,0
s13158133688,n856798627,road,20.14,plain,access,1,access,0,0,,0
s13158133689,n856798386,road,7.14,plain,access,1,access,0,0,,0
s13158133690,n835238882,road,10.72,plain,access,1,access,0,0,,0
s13158133691,n835238882,road,2.44,plain,access,1,access,0,0,,0
s13158133692,n835238882,road,2.46,plain,access,1,access,0,0,,0
s13158136113,n6268441762,road,4.09,plain,access,1,access,0,0,,0
s13158136114,n6268442132,road,10.91,plain,access,1,access,0,0,,0
s13158136115,n6268442132,road,10.83,plain,access,1,access,0,0,,0
s13158136116,n4962435724,road,5.87,plain,access,1,access,0,0,,0
s13158136117,n4962435724,road,8.34,plain,access,1,access,0,0,,0
s13158136118,n4962436988,road,9.18,plain,access,1,access,0,0,,0
s13158136119,n4962435724,road,12.06,plain,access,1,access,0,0,,0
s13158136121,n4962436988,road,2.61,plain,access,1,access,0,0,,0
s13158136122,n4962436988,road,4.65,plain,access,1,access,0,0,,0
s13158136124,n8890657875,road,3.88,plain,access,1,access,0,0,,0
s13158136125,n8890657875,road,9.08,plain,access,1,access,0,0,,0
s13158136126,n1699637756,road,6.56,plain,access,1,access,0,0,,0
s13158160736,n835238882,road,3.61,plain,access,1,access,0,0,,0
s13158160737,n835238882,road,4.82,plain,access,1,access,0,0,,0
s13158160738,n835236800,road,5.24,plain,access,1,access,0,0,,0
s13158160739,n835235785,road,10.85,plain,access,1,access,0,0,,0
s13158160740,n856798386,road,13.36,plain,access,1,access,0,0,,0
s13158160742,n2463754150,road,4.7,plain,access,1,access,0,0,,0
s13158160743,n2463753376,road,11.33,plain,access,1,access,0,0,,0
s13158160744,n2463753376,road,15.96,plain,access,1,access,0,0,,0
s13158160745,n2463754150,road,18.4,plain,access,1,access,0,0,,0
s13158171582,n3454892796,road,6.5,plain,access,1,access,0,0,,0
s13158175856,n2463754150,road,21.65,plain,access,1,access,0,0,,0
s13158175857,n2463754150,road,17.89,plain,access,1,access,0,0,,0
s13158966493,n3877536812,road,6.04,plain,access,1,access,0,0,,0
s13158966495,n3176072975,road,5.42,plain,access,1,access,0,0,,0
s13158966496,n3176072973,road,4.27,plain,access,1,access,0,0,,0
s13158966497,n3176072973,road,3.11,plain,access,1,access,0,0,,0
s13158966498,n3176060815,road,7.92,plain,access,1,access,0,0,,0
s13158966499,n3176060815,road,3.7,plain,access,1,access,0,0,,0
s13158999552,n3176058965,road,12.27,plain,access,1,access,0,0,,0
s13158999553,n3176058961,road,6.78,plain,access,1,access,0,0,,0
s13158999554,n3176058961,road,5.36,plain,access,1,access,0,0,,0
s13159001129,n835236800,road,20.42,plain,access,1,access,0,0,,0
s13159001130,n2463754150,road,15.14,plain,access,1,access,0,0,,0
s13159088878,n835332183,road,6.38,plain,access,1,access,0,0,,0
s13159127058,n3178199121,road,17.55,plain,access,1,access,0,0,,0
s13159127059,n3178209387,road,17.62,plain,access,1,access,0,0,,0
s13159247667,n1699645709,road,2.68,plain,access,1,access,0,0,,0
s13162094038,n2385461483,road,15.29,plain,access,1,access,0,0,,0
s13162132761,n2463753117,road,5.46,plain,access,1,access,0,0,,0
s13162132762,n2463753117,road,6.27,plain,access,1,access,0,0,,0
s13162132763,n2463753376,road,12.19,plain,access,1,access,0,0,,0
s13162132764,n2463753376,road,21.26,plain,access,1,access,0,0,,0
s13162154396,n245764416,road,5.75,plain,access,1,access,0,0,,0
s13162176134,n1821511784,road,14.91,plain,access,1,access,0,0,,0
s13162176135,n1821511784,road,5.4,plain,access,1,access,0,0,,0
s13162239690,n835237088,road,7.26,plain,access,1,access,0,0,,0
s13162239691,n835237088,road,5.31,plain,access,1,access,0,0,,0
s13162239692,n835237088,road,6.26,plain,access,1,access,0,0,,0
s13162239693,n835237088,road,10.63,plain,access,1,access,0,0,,0
s13162275138,n835236800,road,21.03,plain,access,1,access,0,0,,0
s13162275139,n835236800,road,8.93,plain,access,1,access,0,0,,0
s13162275140,n835236800,road,3.41,plain,access,1,access,0,0,,0
s13162275141,n835237573,road,13.21,plain,access,1,access,0,0,,0
s13162275142,n856798332,road,2.89,plain,access,1,access,0,0,,0
s13162275143,n2463753376,road,5.71,plain,access,1,access,0,0,,0
s13162316057,n8345276442,road,14.12,plain,access,1,access,0,0,,0
s13162342577,n3877610763,road,17.18,plain,access,1,access,0,0,,0
s13167238624,n3940790649,road,3.19,plain,access,1,access,0,0,,0
s13167255869,n3877591968,road,20.73,plain,access,1,access,0,0,,0
s13185904003,n1463090962,road,5.37,plain,access,1,access,0,0,,0
s13185904008,n1463090962,road,3.64,plain,access,1,access,0,0,,0
s13185904011,n3007133833,road,4.8,plain,access,1,access,0,0,,0
s13185904799,n2463277836,road,12.9,plain,access,1,access,0,0,,0
s13185904800,n2463277836,road,15.19,plain,access,1,access,0,0,,0
s13185910475,n3176072975,road,3.88,plain,access,1,access,0,0,,0
s13185910476,n3176072973,road,3.68,plain,access,1,access,0,0,,0
s13185910477,n3176072973,road,3.17,plain,access,1,access,0,0,,0
s13185928729,n3176060815,road,7.86,plain,access,1,access,0,0,,0
s13185928730,n3176060815,road,6.39,plain,access,1,access,0,0,,0
s13185928731,n3176058961,road,2.06,plain,access,1,access,0,0,,0
s13185928732,n3176058961,road,4.5,plain,access,1,access,0,0,,0
s13185962005,n3703292691,road,3.43,plain,access,1,access,0,0,,0
s13188282395,n3890101070,road,9.31,plain,access,1,access,0,0,,0
s13188282396,n3890101070,road,9.99,plain,access,1,access,0,0,,0
s13188282397,n3890101070,road,16.47,plain,access,1,access,0,0,,0
s13188301533,n3877591968,road,21.07,plain,access,1,access,0,0,,0
s13188305238,n2463653700,road,18.74,plain,access,1,access,0,0,,0
s13197264678,n2463278738,road,4.89,plain,access,1,access,0,0,,0
s13197302513,n2519160722,road,5.86,plain,access,1,access,0,0,,0
s13197302517,n2463278738,road,6.34,plain,access,1,access,0,0,,0
s13200135820,n6268442132,road,5.0,plain,access,1,access,0,0,,0
s13200135821,n2463594556,road,6.08,plain,access,1,access,0,0,,0
s13203965658,n7206705199,road,12.26,plain,access,1,access,0,0,,0
s13243377861,n3175965095,road,5.29,plain,access,1,access,0,0,,0
s13243377863,n835353480,road,2.12,plain,access,1,access,0,0,,0
s13243377865,n2463754150,road,12.11,plain,access,1,access,0,0,,0
s13243377866,n2463753376,road,24.33,plain,access,1,access,0,0,,0
s13243377867,n835236800,road,11.04,plain,access,1,access,0,0,,0
s13243377868,n835236800,road,12.63,plain,access,1,access,0,0,,0
s13243377869,n2463629447,road,8.48,plain,access,1,access,0,0,,0
s13243377870,n2463629447,road,11.12,plain,access,1,access,0,0,,0
s13243377871,n2463629447,road,13.89,plain,access,1,access,0,0,,0
s13243377873,n1437216069,road,6.21,plain,access,1,access,0,0,,0
s13243377875,n3176058961,road,2.32,plain,access,1,access,0,0,,0
s13243377876,n3176058961,road,6.96,plain,access,1,access,0,0,,0
s13243377878,n3176058965,road,25.66,plain,access,1,access,0,0,,0
s13243377886,n3176054721,road,22.43,plain,access,1,access,0,0,,0
s13243377887,n2463715273,road,7.12,plain,access,1,access,0,0,,0
s13243377888,n2463618261,road,11.55,plain,access,1,access,0,0,,0
s13243377889,n3703192312,road,3.91,plain,access,1,access,0,0,,0
s13249851328,n3454445028,road,10.54,plain,access,1,access,0,0,,0
s13290022324,n1696836896,road,6.39,plain,access,1,access,0,0,,0
s13290022325,n2463790889,road,13.85,plain,access,1,access,0,0,,0
s13290022326,n8426669383,road,11.66,plain,access,1,access,0,0,,0
s13290171560,n3890101070,road,8.23,plain,access,1,access,0,0,,0
s13290171561,n8211834970,road,9.98,plain,access,1,access,0,0,,0
s13303052229,n1296578988,road,2.92,plain,access,1,access,0,0,,0
s13313740500,n3455680160,road,3.08,plain,access,1,access,0,0,,0
s13327721581,n1185176969,road,26.86,plain,access,1,access,0,0,,0
s13342504272,n2463227579,road,14.87,plain,access,1,access,0,0,,0
s13342504273,n3007271430,road,6.22,plain,access,1,access,0,0,,0
s13363738085,n8211834970,road,11.79,plain,access,1,access,0,0,,0
s13417214332,n3007271430,road,8.66,plain,access,1,access,0,0,,0
s13449278989,n2463170723,road,2.27,plain,access,1,access,0,0,,0
s13449278990,n2519160722,road,2.2,plain,access,1,access,0,0,,0
s13449278993,n2463170748,road,2.28,plain,access,1,access,0,0,,0
s13449278994,n2519160722,road,2.21,plain,access,1,access,0,0,,0
s13449278995,n1463091034,road,3.03,plain,access,1,access,0,0,,0
s13449278997,n3454068821,road,13.98,plain,access,1,access,0,0,,0
s13449278998,n3454068821,road,11.64,plain,access,1,access,0,0,,0
s13463492881,n3890101070,road,19.94,plain,access,1,access,0,0,,0
s13463492882,n8211834970,road,18.63,plain,access,1,access,0,0,,0
s13463492886,n8345276442,road,17.58,plain,access,1,access,0,0,,0
s13542949718,n5443282743,road,6.3,plain,access,1,access,0,0,,0
s13556093698,n4324640774,road,5.0,plain,access,1,access,0,0,,0
s13589387447,n2463226845,road,6.79,plain,access,1,access,0,0,,0
s13592846867,n4646200593,road,5.59,plain,access,1,access,0,0,,0
s13610015492,n5443196340,road,4.24,plain,access,1,access,0,0,,0
s13847971651,n2505844229,road,2.27,plain,access,1,access,0,0,,0
s13851535942,n4194569457,road,2.63,plain,access,1,access,0,0,,0
s13851535980,n4194569457,road,4.22,plain,access,1,access,0,0,,0
s13851535981,n4194569457,road,4.58,plain,access,1,access,0,0,,0
s13851572902,n3940835308,road,19.69,plain,access,1,access,0,0,,0
s13851579829,n5867508668,road,11.05,plain,access,1,access,0,0,,0
s13851609675,n5867508668,road,11.05,plain,access,1,access,0,0,,0
s13891699802,n2463770993,road,2.83,plain,access,1,access,0,0,,0
s13891699803,n2463792539,road,5.9,plain,access,1,access,0,0,,0
s13891699805,n835353480,road,4.58,plain,access,1,access,0,0,,0
s13891699806,n2463792539,road,6.87,plain,access,1,access,0,0,,0
s245721026,n2491876424,road,2.82,plain,access,1,access,0,0,,0
s245722358,n4571759029,road,4.74,plain,access,1,access,0,0,,0
s245724579,n3455076125,road,2.08,plain,access,1,access,0,0,,0
s245728326,n3158919697,road,3.02,plain,access,1,access,0,0,,0
s245729854,n5451398327,road,5.16,plain,access,1,access,0,0,,0
s245735323,n7869367345,road,12.26,plain,access,1,access,0,0,,0
s245736203,n7869311140,road,7.76,plain,access,1,access,0,0,,0
s245739251,n3701126625,road,22.86,plain,access,1,access,0,0,,0
s245739605,n3878445391,road,20.72,plain,access,1,access,0,0,,0
s245740681,n12538608508,road,8.75,plain,access,1,access,0,0,,0
s245740851,n12299451329,road,5.06,plain,access,1,access,0,0,,0
s245741680,DBR,road,3.73,plain,access,1,access,0,0,,0
s245742069,n2365381566,road,3.24,plain,access,1,access,0,0,,0
s245743490,GLP,road,4.22,plain,access,1,access,0,0,,0
s245744465,n12193152862,road,4.29,plain,access,1,access,0,0,,0
s245746325,BPT,road,2.75,plain,access,1,access,0,0,,0
s245746478,n567786067,road,2.71,plain,access,1,access,0,0,,0
s245748181,n12503857426,road,2.35,plain,access,1,access,0,0,,0
s245750035,n567378145,road,2.43,plain,access,1,access,0,0,,0
s245750616,n567485548,road,13.68,plain,access,1,access,0,0,,0
s245750992,n2364712245,road,4.62,plain,access,1,access,0,0,,0
s245753934,n567486324,road,2.85,plain,access,1,access,0,0,,0
s245754927,n3018172995,road,12.15,plain,access,1,access,0,0,,0
s245755348,SVS,road,2.09,plain,access,1,access,0,0,,0
s245755518,n2388581902,road,2.91,plain,access,1,access,0,0,,0
s245756524,n4324640954,road,5.42,plain,access,1,access,0,0,,0
s245757880,n3176043386,road,7.07,plain,access,1,access,0,0,,0
s245760898,n2164275197,road,2.76,plain,access,1,access,0,0,,0
s245762207,n2168187718,road,2.46,plain,access,1,access,0,0,,0
s342099191,n835357911,road,2.29,plain,access,1,access,0,0,,0
s342100221,n567484652,road,4.15,plain,access,1,access,0,0,,0
s342100459,n2341503965,road,4.41,plain,access,1,access,0,0,,0
s566672798,n566693484,road,3.94,plain,access,1,access,0,0,,0
s567383142,n567377719,road,5.54,plain,access,1,access,0,0,,0
s567383143,n2306471738,road,5.23,plain,access,1,access,0,0,,0
s569243331,BNG,road,2.45,plain,access,1,access,0,0,,0
s830103529,n569195835,road,4.81,plain,access,1,access,0,0,,0
s831176590,n567378803,road,7.76,plain,access,1,access,0,0,,0
s958035180,n2465028697,road,5.3,plain,access,1,access,0,0,,0
s1133695017,n2465087583,road,3.61,plain,access,1,access,0,0,,0
s1352601587,n1346434848,road,6.11,plain,access,1,access,0,0,,0
s1380070099,n1380069193,road,4.68,plain,access,1,access,0,0,,0
s1403967931,n2926155084,road,3.17,plain,access,1,access,0,0,,0
s1437215869,n2364657983,road,3.99,plain,access,1,access,0,0,,0
s1739922352,n4424514135,road,2.09,plain,access,1,access,0,0,,0
s1739986503,n715137671,road,4.88,plain,access,1,access,0,0,,0
s1740005447,n958035333,road,2.27,plain,access,1,access,0,0,,0
s1740028720,n1133640550,road,6.15,plain,access,1,access,0,0,,0
s1810911320,n2926581816,road,4.29,plain,access,1,access,0,0,,0
s1810911323,n1359960956,road,7.76,plain,access,1,access,0,0,,0
s1811210915,n2926581816,road,20.75,plain,access,1,access,0,0,,0
s1934228034,n3687018036,road,2.07,plain,access,1,access,0,0,,0
s1937610133,n567356588,road,3.16,plain,access,1,access,0,0,,0
s1937617872,n567356676,road,5.36,plain,access,1,access,0,0,,0
s2081915203,n5451398382,road,3.2,plain,access,1,access,0,0,,0
s2081966210,n2081966204,road,5.54,plain,access,1,access,0,0,,0
s2081966224,n2081966213,road,3.6,plain,access,1,access,0,0,,0
s2138091867,n3637677185,road,3.5,plain,access,1,access,0,0,,0
s2319238562,n2319239248,road,2.85,plain,access,1,access,0,0,,0
s2365222326,n2364711962,road,5.17,plain,access,1,access,0,0,,0
s2385334057,n567485174,road,2.74,plain,access,1,access,0,0,,0
s2885039362,n2469894510,road,3.88,plain,access,1,access,0,0,,0
s2885091536,n5796653375,road,7.72,plain,access,1,access,0,0,,0
s2885143477,n4323995230,road,3.31,plain,access,1,access,0,0,,0
s2885248522,n835237136,road,9.76,plain,access,1,access,0,0,,0
s2885288331,n2370824612,road,14.38,plain,access,1,access,0,0,,0
s2885288332,n2370824612,road,5.9,plain,access,1,access,0,0,,0
s3309060540,n673551549,road,5.43,plain,access,1,access,0,0,,0
s3309060541,n1600752242,road,3.22,plain,access,1,access,0,0,,0
s3309060543,n1600752242,road,3.13,plain,access,1,access,0,0,,0
s3309067379,n1600752242,road,3.2,plain,access,1,access,0,0,,0
s3546761360,n835239080,road,3.07,plain,access,1,access,0,0,,0
s3773172323,n1987718922,road,2.94,plain,access,1,access,0,0,,0
s3777828308,n1987687456,road,3.29,plain,access,1,access,0,0,,0
s3777828309,JRT,road,2.33,plain,access,1,access,0,0,,0
s3777828310,JRT,road,2.42,plain,access,1,access,0,0,,0
s3777828311,JRT,road,4.0,plain,access,1,access,0,0,,0
s3777828314,n1987687456,road,2.89,plain,access,1,access,0,0,,0
s4160645674,n1811322261,road,4.44,plain,access,1,access,0,0,,0
s4193235569,n2465087639,road,3.0,plain,access,1,access,0,0,,0
s4193235570,n2465087639,road,3.6,plain,access,1,access,0,0,,0
s4193235571,n1802870518,road,2.38,plain,access,1,access,0,0,,0
s4193235572,n2465087558,road,2.19,plain,access,1,access,0,0,,0
s4194553499,n2465087593,road,5.49,plain,access,1,access,0,0,,0
s4194553500,n2465087593,road,6.23,plain,access,1,access,0,0,,0
s4194553501,n2465087593,road,7.22,plain,access,1,access,0,0,,0
s4194553502,n2465087593,road,9.08,plain,access,1,access,0,0,,0
s4194553503,n2883904490,road,2.88,plain,access,1,access,0,0,,0
s4196332289,n12083857079,road,6.02,plain,access,1,access,0,0,,0
s4196339705,n5867508668,road,6.72,plain,access,1,access,0,0,,0
s4196342889,n2465087558,road,4.07,plain,access,1,access,0,0,,0
s4196342890,n2465087567,road,7.29,plain,access,1,access,0,0,,0
s4198158293,n2314935270,road,2.8,plain,access,1,access,0,0,,0
s4509196600,n1346388794,road,3.59,plain,access,1,access,0,0,,0
s4667621489,n2164274830,road,10.96,plain,access,1,access,0,0,,0
s5623038879,n566708988,road,2.09,plain,access,1,access,0,0,,0
s5623038882,n653096999,road,3.3,plain,access,1,access,0,0,,0
s5623038906,n566651554,road,7.13,plain,access,1,access,0,0,,0
s5766103458,n245730421,road,2.51,plain,access,1,access,0,0,,0
s5775285633,n2341503965,road,7.33,plain,access,1,access,0,0,,0
s5789836398,n3878445391,road,20.57,plain,access,1,access,0,0,,0
s5789836399,n3878445391,road,21.16,plain,access,1,access,0,0,,0
s5789836400,n3878445391,road,18.04,plain,access,1,access,0,0,,0
s5789836401,n1262013870,road,22.06,plain,access,1,access,0,0,,0
s5789836402,n1262013870,road,23.06,plain,access,1,access,0,0,,0
s5789836403,n1262013870,road,21.38,plain,access,1,access,0,0,,0
s5789836404,n1262013870,road,20.22,plain,access,1,access,0,0,,0
s5789836405,n1262013870,road,20.12,plain,access,1,access,0,0,,0
s5789836406,n1262013870,road,18.2,plain,access,1,access,0,0,,0
s5806577175,n2328371530,road,2.71,plain,access,1,access,0,0,,0
s5806577176,n2328371530,road,3.39,plain,access,1,access,0,0,,0
s5819395478,n2465087593,road,10.13,plain,access,1,access,0,0,,0
s6096685708,n835237136,road,2.75,plain,access,1,access,0,0,,0
s6096685710,n835237136,road,3.76,plain,access,1,access,0,0,,0
s6096685711,n835237136,road,3.34,plain,access,1,access,0,0,,0
s6096685715,n2328235647,road,3.08,plain,access,1,access,0,0,,0
s6148371634,n2319238973,road,5.04,plain,access,1,access,0,0,,0
s6160665854,n653997443,road,2.47,plain,access,1,access,0,0,,0
s6161187086,n653097008,road,2.31,plain,access,1,access,0,0,,0
s6168658413,n653109503,road,2.74,plain,access,1,access,0,0,,0
s6169689391,n1600752205,road,4.34,plain,access,1,access,0,0,,0
s6240693696,n3173579052,road,10.55,plain,access,1,access,0,0,,0
s6244036969,n3878443665,road,8.23,plain,access,1,access,0,0,,0
s6244305246,n2926094151,road,2.64,plain,access,1,access,0,0,,0
s6244446903,n2926094151,road,17.06,plain,access,1,access,0,0,,0
s6245693270,n1621475016,road,3.03,plain,access,1,access,0,0,,0
s6245693663,n3158923616,road,5.11,plain,access,1,access,0,0,,0
s6246654287,n2468762902,road,2.17,plain,access,1,access,0,0,,0
s6247258124,n2081966213,road,4.56,plain,access,1,access,0,0,,0
s6247491664,n569049736,road,4.82,plain,access,1,access,0,0,,0
s6247491758,n569049736,road,10.95,plain,access,1,access,0,0,,0
s6247909755,n12195811774,road,11.75,plain,access,1,access,0,0,,0
s6247910684,n245730421,road,9.73,plain,access,1,access,0,0,,0
s6250025455,n3878445391,road,13.16,plain,access,1,access,0,0,,0
s6251245454,n6251241590,road,7.16,plain,access,1,access,0,0,,0
s6251245455,n6251241624,road,5.58,plain,access,1,access,0,0,,0
s6888318382,n4324640774,road,2.52,plain,access,1,access,0,0,,0
s7006897999,GLG,road,2.03,plain,access,1,access,0,0,,0
s7006898000,GLG,road,2.75,plain,access,1,access,0,0,,0
s7007178002,GLG,road,2.71,plain,access,1,access,0,0,,0
s7017989704,n5745787376,road,5.37,plain,access,1,access,0,0,,0
s7037458926,GLG,road,2.84,plain,access,1,access,0,0,,0
s7037458927,n2309538098,road,3.33,plain,access,1,access,0,0,,0
s7079174910,n4904824358,road,4.06,plain,access,1,access,0,0,,0
s7159004379,n569318672,road,3.42,plain,access,1,access,0,0,,0
s7159010046,n569318758,road,3.34,plain,access,1,access,0,0,,0
s7159026712,n5779960280,road,13.52,plain,access,1,access,0,0,,0
s7159046934,n245742517,road,2.54,plain,access,1,access,0,0,,0
s7159052459,n2466195236,road,7.82,plain,access,1,access,0,0,,0
s7159054303,n4904762626,road,4.43,plain,access,1,access,0,0,,0
s7159255409,n5058290143,road,4.18,plain,access,1,access,0,0,,0
s7159255410,n5812660301,road,8.69,plain,access,1,access,0,0,,0
s7159263817,n2375401115,road,6.43,plain,access,1,access,0,0,,0
s7159263818,n2885039405,road,11.97,plain,access,1,access,0,0,,0
s7159270019,n569198199,road,15.46,plain,access,1,access,0,0,,0
s7159270020,n569194589,road,15.96,plain,access,1,access,0,0,,0
s7159270021,n11665421808,road,21.63,plain,access,1,access,0,0,,0
s7159287305,n2926154982,road,5.42,plain,access,1,access,0,0,,0
s7159314357,n3677615235,road,8.41,plain,access,1,access,0,0,,0
s7159365221,n5498007748,road,4.36,plain,access,1,access,0,0,,0
s7159950254,n12538578828,road,4.18,plain,access,1,access,0,0,,0
s7159959456,n567786492,road,3.54,plain,access,1,access,0,0,,0
s7159969716,n3310320256,road,4.21,plain,access,1,access,0,0,,0
s7159979489,n567786247,road,2.51,plain,access,1,access,0,0,,0
s7159998707,n2309538309,road,2.36,plain,access,1,access,0,0,,0
s7160009137,n2316323007,road,2.89,plain,access,1,access,0,0,,0
s7160147293,n2388583545,road,4.42,plain,access,1,access,0,0,,0
s7160147294,n2317301556,road,2.36,plain,access,1,access,0,0,,0
s7160154171,n2168187718,road,4.57,plain,access,1,access,0,0,,0
s7160154172,n5753939531,road,3.6,plain,access,1,access,0,0,,0
s7301485443,n2328372231,road,3.87,plain,access,1,access,0,0,,0
s7577994492,n2306471738,road,3.1,plain,access,1,access,0,0,,0
s7781806786,n5796653375,road,4.69,plain,access,1,access,0,0,,0
s8236701359,n6265607497,road,4.22,plain,access,1,access,0,0,,0
s8399008415,n3897089377,road,4.2,plain,access,1,access,0,0,,0
s8432198293,n568990065,road,4.93,plain,access,1,access,0,0,,0
s8561471991,n4323611983,road,4.18,plain,access,1,access,0,0,,0
s8561471999,n4323611983,road,6.12,plain,access,1,access,0,0,,0
s8717754896,n3878466615,road,4.39,plain,access,1,access,0,0,,0
s8717784813,n3878466615,road,4.99,plain,access,1,access,0,0,,0
s8717788304,n6251832413,road,4.37,plain,access,1,access,0,0,,0
s8925188026,n11764392028,road,2.75,plain,access,1,access,0,0,,0
s9091372770,n6736634124,road,2.83,plain,access,1,access,0,0,,0
s9091372771,n6736634107,road,3.45,plain,access,1,access,0,0,,0
s9091372773,n6736634107,road,3.84,plain,access,1,access,0,0,,0
s9127379493,n904881351,road,9.49,plain,access,1,access,0,0,,0
s9127805313,n3677615447,road,4.23,plain,access,1,access,0,0,,0
s9127828291,n5796653769,road,2.24,plain,access,1,access,0,0,,0
s9171945868,n8912759121,road,3.38,plain,access,1,access,0,0,,0
s9171945885,n2885143579,road,5.23,plain,access,1,access,0,0,,0
s9171959504,n8912759140,road,4.95,plain,access,1,access,0,0,,0
s9171959505,n8912759121,road,5.23,plain,access,1,access,0,0,,0
s9174932178,n1380568577,road,7.59,plain,access,1,access,0,0,,0
s9212146099,n1740057054,road,7.44,plain,access,1,access,0,0,,0
s9213360762,n835196300,road,4.51,plain,access,1,access,0,0,,0
s9234777448,n1262013870,road,19.93,plain,access,1,access,0,0,,0
s9281140208,n4153138223,road,5.9,plain,access,1,access,0,0,,0
s9427289489,n835357928,road,10.02,plain,access,1,access,0,0,,0
s9450490090,n958035333,road,3.28,plain,access,1,access,0,0,,0
s9566367368,n6728629916,road,6.92,plain,access,1,access,0,0,,0
s9566367370,n6728629916,road,7.43,plain,access,1,access,0,0,,0
s9566367371,n6728629916,road,6.53,plain,access,1,access,0,0,,0
s9566367372,n9694223150,road,7.14,plain,access,1,access,0,0,,0
s9566367373,n9694223150,road,5.62,plain,access,1,access,0,0,,0
s9566367374,n9694223150,road,5.19,plain,access,1,access,0,0,,0
s9569576344,n567356676,road,3.2,plain,access,1,access,0,0,,0
s9587442592,n1435440734,road,2.97,plain,access,1,access,0,0,,0
s9589199698,n835196345,road,4.39,plain,access,1,access,0,0,,0
s9589199699,n1437215919,road,4.18,plain,access,1,access,0,0,,0
s9589199700,n835196345,road,6.7,plain,access,1,access,0,0,,0
s9589199701,n835196345,road,4.62,plain,access,1,access,0,0,,0
s9594277341,n1435440734,road,2.4,plain,access,1,access,0,0,,0
s9614163486,n1437215913,road,2.34,plain,access,1,access,0,0,,0
s9621475214,n6728189225,road,2.61,plain,access,1,access,0,0,,0
s9621475215,n6728189225,road,3.51,plain,access,1,access,0,0,,0
s9627091748,n835196299,road,2.9,plain,access,1,access,0,0,,0
s9627094483,n835196299,road,2.31,plain,access,1,access,0,0,,0
s9627117726,n835196299,road,2.23,plain,access,1,access,0,0,,0
s9627171489,n835196291,road,4.46,plain,access,1,access,0,0,,0
s9627171517,n835196291,road,2.5,plain,access,1,access,0,0,,0
s9628955501,n835239767,road,3.3,plain,access,1,access,0,0,,0
s9646077729,n2164275096,road,7.88,plain,access,1,access,0,0,,0
s9660184681,n1802870485,road,3.09,plain,access,1,access,0,0,,0
s9709199012,n567786288,road,2.38,plain,access,1,access,0,0,,0
s9849518665,n2406555451,road,2.71,plain,access,1,access,0,0,,0
s9991472612,n9848949448,road,6.99,plain,access,1,access,0,0,,0
s10221836219,n3173578975,road,5.98,plain,access,1,access,0,0,,0
s10599423093,n2406555451,road,2.59,plain,access,1,access,0,0,,0
s10692764768,n2370824612,road,5.52,plain,access,1,access,0,0,,0
s11038715217,n5451398327,road,4.24,plain,access,1,access,0,0,,0
s11062758505,n3173578975,road,2.89,plain,access,1,access,0,0,,0
s11062758605,n3173578975,road,4.42,plain,access,1,access,0,0,,0
s11090837906,n3173578975,road,3.76,plain,access,1,access,0,0,,0
s11090837907,n5451398224,road,2.15,plain,access,1,access,0,0,,0
s11090838505,n7869434217,road,3.05,plain,access,1,access,0,0,,0
s11090838605,n3173578975,road,3.65,plain,access,1,access,0,0,,0
s11127261397,n2926096874,road,2.36,plain,access,1,access,0,0,,0
s11127293365,n2383407026,road,2.21,plain,access,1,access,0,0,,0
s11132665783,n3637677158,road,2.48,plain,access,1,access,0,0,,0
s11132670519,n1939470857,road,4.34,plain,access,1,access,0,0,,0
s11132675927,n1939438876,road,4.02,plain,access,1,access,0,0,,0
s11160764043,n3897173116,road,2.28,plain,access,1,access,0,0,,0
s11162873338,n2926096874,road,3.34,plain,access,1,access,0,0,,0
s11162885562,n2926096874,road,5.03,plain,access,1,access,0,0,,0
s11162914660,n2383407025,road,5.85,plain,access,1,access,0,0,,0
s11162914661,n2926096874,road,8.72,plain,access,1,access,0,0,,0
s11428391449,n12346997142,road,3.62,plain,access,1,access,0,0,,0
s11597592478,n3517621603,road,2.61,plain,access,1,access,0,0,,0
s11637836227,n3515196115,road,5.45,plain,access,1,access,0,0,,0
s11917509984,n3515195562,road,11.9,plain,access,1,access,0,0,,0
s11917596006,n2380444086,road,3.19,plain,access,1,access,0,0,,0
s11927115203,n2516678379,road,2.08,plain,access,1,access,0,0,,0
s11927115260,n2516678325,road,2.63,plain,access,1,access,0,0,,0
s11931701530,n2399680648,road,14.31,plain,access,1,access,0,0,,0
s11931701531,n1728772614,road,13.49,plain,access,1,access,0,0,,0
s11931701532,n2399679359,road,6.52,plain,access,1,access,0,0,,0
s11931701533,n2380445032,road,8.4,plain,access,1,access,0,0,,0
s11931701535,n2399680648,road,6.43,plain,access,1,access,0,0,,0
s11931701536,n5747361544,road,3.67,plain,access,1,access,0,0,,0
s11979012240,n5812660302,road,9.33,plain,access,1,access,0,0,,0
s11979012241,n5812660302,road,10.47,plain,access,1,access,0,0,,0
s11979012242,n1888786060,road,10.45,plain,access,1,access,0,0,,0
s11979012243,n5058289605,road,10.23,plain,access,1,access,0,0,,0
s11979012244,n4571273962,road,9.7,plain,access,1,access,0,0,,0
s11999697372,n11917706361,road,2.49,plain,access,1,access,0,0,,0
s11999697373,n1355674113,road,2.09,plain,access,1,access,0,0,,0
s12036551525,n245742517,road,6.95,plain,access,1,access,0,0,,0
s12036551526,n245742517,road,6.4,plain,access,1,access,0,0,,0
s12036551527,n245742517,road,5.27,plain,access,1,access,0,0,,0
s12051475376,n5775678354,road,2.2,plain,access,1,access,0,0,,0
s12051475379,n6112240556,road,4.91,plain,access,1,access,0,0,,0
s12051475380,n6112240556,road,3.16,plain,access,1,access,0,0,,0
s12051475398,n1351700373,road,2.25,plain,access,1,access,0,0,,0
s12051475399,n2364712178,road,3.71,plain,access,1,access,0,0,,0
s12051475400,n2364712178,road,4.44,plain,access,1,access,0,0,,0
s12051475401,n2364712278,road,3.06,plain,access,1,access,0,0,,0
s12051475402,n2364712278,road,3.46,plain,access,1,access,0,0,,0
s12051475404,n2364712278,road,2.53,plain,access,1,access,0,0,,0
s12081695763,n4740596570,road,3.47,plain,access,1,access,0,0,,0
s12081695764,n4740596570,road,5.69,plain,access,1,access,0,0,,0
s12081695767,n3179749350,road,3.43,plain,access,1,access,0,0,,0
s12081695768,n4740596570,road,2.29,plain,access,1,access,0,0,,0
s12081734869,n4740596570,road,3.98,plain,access,1,access,0,0,,0
s12081734870,n4740596570,road,5.91,plain,access,1,access,0,0,,0
s12081734871,n4740596570,road,7.8,plain,access,1,access,0,0,,0
s12081734872,n4885325314,road,9.46,plain,access,1,access,0,0,,0
s12081734873,n4740596570,road,9.14,plain,access,1,access,0,0,,0
s12081734874,n4740596570,road,10.86,plain,access,1,access,0,0,,0
s12081734875,n4740596570,road,10.14,plain,access,1,access,0,0,,0
s12081734876,n4740596570,road,11.23,plain,access,1,access,0,0,,0
s12081736811,n4740596570,road,3.5,plain,access,1,access,0,0,,0
s12081736812,n12133486640,road,2.77,plain,access,1,access,0,0,,0
s12086052752,n2465029054,road,2.47,plain,access,1,access,0,0,,0
s12086070242,n2465029185,road,8.66,plain,access,1,access,0,0,,0
s12086070244,n2465029054,road,5.19,plain,access,1,access,0,0,,0
s12086070245,n2465029054,road,6.86,plain,access,1,access,0,0,,0
s12086070247,n2465029054,road,4.66,plain,access,1,access,0,0,,0
s12086070248,n1811322588,road,4.16,plain,access,1,access,0,0,,0
s12086070249,n1811322588,road,3.81,plain,access,1,access,0,0,,0
s12086123174,n1133695888,road,2.64,plain,access,1,access,0,0,,0
s12086123175,n1133695888,road,3.18,plain,access,1,access,0,0,,0
s12086123176,n1133695888,road,3.99,plain,access,1,access,0,0,,0
s12086256648,n2967219009,road,4.37,plain,access,1,access,0,0,,0
s12089656704,n3701170423,road,3.92,plain,access,1,access,0,0,,0
s12090132459,n567378591,road,5.68,plain,access,1,access,0,0,,0
s12091863499,n2328371994,road,4.1,plain,access,1,access,0,0,,0
s12096003944,n4153120129,road,2.05,plain,access,1,access,0,0,,0
s12101473810,n1676939194,road,4.88,plain,access,1,access,0,0,,0
s12101473859,n1380567808,road,2.68,plain,access,1,access,0,0,,0
s12102166434,n10155070562,road,2.89,plain,access,1,access,0,0,,0
s12102166440,n10155070562,road,2.91,plain,access,1,access,0,0,,0
s12102166442,n9566699526,road,2.38,plain,access,1,access,0,0,,0
s12102225945,n2967220361,road,7.57,plain,access,1,access,0,0,,0
s12102225946,n2967220361,road,9.27,plain,access,1,access,0,0,,0
s12102225947,n245758716,road,5.28,plain,access,1,access,0,0,,0
s12102225948,n245758716,road,4.77,plain,access,1,access,0,0,,0
s12102225949,n245758716,road,3.21,plain,access,1,access,0,0,,0
s12102225950,n245758716,road,7.54,plain,access,1,access,0,0,,0
s12102225951,n245758716,road,10.01,plain,access,1,access,0,0,,0
s12104727953,n567786896,road,2.93,plain,access,1,access,0,0,,0
s12106506183,n5753921937,road,2.3,plain,access,1,access,0,0,,0
s12106853765,n5753922044,road,2.95,plain,access,1,access,0,0,,0
s12106962912,n2465087639,road,2.58,plain,access,1,access,0,0,,0
s12118106199,n1676622864,road,4.15,plain,access,1,access,0,0,,0
s12118106200,n1676622864,road,7.21,plain,access,1,access,0,0,,0
s12118115895,n2375286699,road,2.1,plain,access,1,access,0,0,,0
s12118115896,n2375286699,road,2.34,plain,access,1,access,0,0,,0
s12118121101,n2375286856,road,5.69,plain,access,1,access,0,0,,0
s12118201333,n4052837599,road,2.43,plain,access,1,access,0,0,,0
s12118201337,n5804672083,road,3.75,plain,access,1,access,0,0,,0
s12118201338,n3179713882,road,4.78,plain,access,1,access,0,0,,0
s12118201339,n3179713882,road,3.56,plain,access,1,access,0,0,,0
s12118201349,n3179713882,road,3.22,plain,access,1,access,0,0,,0
s12122742222,n4052837753,road,2.09,plain,access,1,access,0,0,,0
s12122742224,n4052837774,road,5.61,plain,access,1,access,0,0,,0
s12122765792,n4052837774,road,2.18,plain,access,1,access,0,0,,0
s12128194971,n9697194369,road,5.18,plain,access,1,access,0,0,,0
s12128194972,n4052837774,road,6.79,plain,access,1,access,0,0,,0
s12128194973,n9697194369,road,6.06,plain,access,1,access,0,0,,0
s12128194974,n9697194369,road,6.24,plain,access,1,access,0,0,,0
s12128194975,n4052837774,road,4.29,plain,access,1,access,0,0,,0
s12128194976,n4052837774,road,5.27,plain,access,1,access,0,0,,0
s12128194979,n4052837774,road,2.9,plain,access,1,access,0,0,,0
s12128194980,n4052837774,road,4.84,plain,access,1,access,0,0,,0
s12128194981,n9697194369,road,3.82,plain,access,1,access,0,0,,0
s12128194982,n9697194369,road,3.21,plain,access,1,access,0,0,,0
s12128194983,n9697194369,road,3.86,plain,access,1,access,0,0,,0
s12128194984,n9697194369,road,3.09,plain,access,1,access,0,0,,0
s12128194985,n9697194369,road,2.93,plain,access,1,access,0,0,,0
s12128194986,n9697194369,road,4.54,plain,access,1,access,0,0,,0
s12128194987,n4052837622,road,3.56,plain,access,1,access,0,0,,0
s12128194988,n4052837622,road,3.15,plain,access,1,access,0,0,,0
s12128302305,n1987687546,road,3.74,plain,access,1,access,0,0,,0
s12128302306,n2376219198,road,3.36,plain,access,1,access,0,0,,0
s12128302312,n2376218325,road,3.76,plain,access,1,access,0,0,,0
s12135700062,n2362861928,road,2.91,plain,access,1,access,0,0,,0
s12135700066,n2362861928,road,5.93,plain,access,1,access,0,0,,0
s12135700067,n2362861928,road,6.73,plain,access,1,access,0,0,,0
s12135700068,n2362861928,road,7.89,plain,access,1,access,0,0,,0
s12135700069,n2362861928,road,8.72,plain,access,1,access,0,0,,0
s12135700070,n567378750,road,6.76,plain,access,1,access,0,0,,0
s12144952928,n12144952913,road,2.83,plain,access,1,access,0,0,,0
s12144953518,n5754176320,road,3.89,plain,access,1,access,0,0,,0
s12144953519,n5754176320,road,2.78,plain,access,1,access,0,0,,0
s12144953522,n12144936298,road,4.02,plain,access,1,access,0,0,,0
s12144953524,n5971389338,road,2.39,plain,access,1,access,0,0,,0
s12149499887,n567786247,road,2.05,plain,access,1,access,0,0,,0
s12156245600,n6102273624,road,2.76,plain,access,1,access,0,0,,0
s12156285320,n6265606889,road,2.46,plain,access,1,access,0,0,,0
s12164093506,n4234505655,road,10.02,plain,access,1,access,0,0,,0
s12164093510,n567378393,road,2.71,plain,access,1,access,0,0,,0
s12164093512,n4233982748,road,2.17,plain,access,1,access,0,0,,0
s12164104130,n4233982473,road,7.49,plain,access,1,access,0,0,,0
s12164104131,n4233982821,road,6.46,plain,access,1,access,0,0,,0
s12164104133,n4233982821,road,3.67,plain,access,1,access,0,0,,0
s12164104134,n4233982821,road,5.63,plain,access,1,access,0,0,,0
s12164104135,n4233982821,road,4.75,plain,access,1,access,0,0,,0
s12164195689,n567786492,road,5.55,plain,access,1,access,0,0,,0
s12164195690,n567786288,road,4.44,plain,access,1,access,0,0,,0
s12164228667,n6176771906,road,7.89,plain,access,1,access,0,0,,0
s12164229030,n6176771222,road,2.04,plain,access,1,access,0,0,,0
s12164229031,n6176771222,road,2.92,plain,access,1,access,0,0,,0
s12164229033,n6176772330,road,2.92,plain,access,1,access,0,0,,0
s12166706377,n2376217365,road,2.34,plain,access,1,access,0,0,,0
s12166706379,n5801921723,road,6.58,plain,access,1,access,0,0,,0
s12178495179,n2469900641,road,5.84,plain,access,1,access,0,0,,0
s12178495181,n4323611983,road,2.44,plain,access,1,access,0,0,,0
s12178589446,n2309749995,road,5.41,plain,access,1,access,0,0,,0
s12184841905,n6175513063,road,3.49,plain,access,1,access,0,0,,0
s12184841906,n6175513063,road,4.97,plain,access,1,access,0,0,,0
s12184841907,n6175514143,road,6.02,plain,access,1,access,0,0,,0
s12184841910,n6175514143,road,3.32,plain,access,1,access,0,0,,0
s12184841912,n6175514143,road,4.82,plain,access,1,access,0,0,,0
s12184841913,n6175514645,road,6.19,plain,access,1,access,0,0,,0
s12184841914,n6175514645,road,5.23,plain,access,1,access,0,0,,0
s12184841916,n6175514645,road,2.81,plain,access,1,access,0,0,,0
s12184841917,n6175514645,road,3.16,plain,access,1,access,0,0,,0
s12184841918,n6175514645,road,5.65,plain,access,1,access,0,0,,0
s12184841919,n6175514645,road,7.76,plain,access,1,access,0,0,,0
s12184841920,n3878443665,road,7.23,plain,access,1,access,0,0,,0
s12184841921,n3878443665,road,6.53,plain,access,1,access,0,0,,0
s12184841922,n3878443665,road,5.56,plain,access,1,access,0,0,,0
s12184841924,n3878443853,road,3.91,plain,access,1,access,0,0,,0
s12184841925,n3878443853,road,2.46,plain,access,1,access,0,0,,0
s12184841926,n3878443853,road,2.64,plain,access,1,access,0,0,,0
s12184848892,n3878443665,road,3.31,plain,access,1,access,0,0,,0
s12184848893,n3878443665,road,3.62,plain,access,1,access,0,0,,0
s12184848894,n3878443665,road,3.95,plain,access,1,access,0,0,,0
s12184848895,n6175514645,road,6.15,plain,access,1,access,0,0,,0
s12184848896,n3878466615,road,5.75,plain,access,1,access,0,0,,0
s12184848898,n3878466615,road,5.52,plain,access,1,access,0,0,,0
s12184848899,n3878466615,road,7.33,plain,access,1,access,0,0,,0
s12184848900,n3878466615,road,5.51,plain,access,1,access,0,0,,0
s12184851601,n3878466615,road,7.49,plain,access,1,access,0,0,,0
s12184851602,n3878466615,road,7.47,plain,access,1,access,0,0,,0
s12184851603,n3878466615,road,9.08,plain,access,1,access,0,0,,0
s12184851604,n3878466615,road,9.98,plain,access,1,access,0,0,,0
s12184851605,n3878466615,road,13.17,plain,access,1,access,0,0,,0
s12184851609,n3878466615,road,2.22,plain,access,1,access,0,0,,0
s12184851611,n3878466615,road,2.23,plain,access,1,access,0,0,,0
s12184851612,n3878466615,road,6.57,plain,access,1,access,0,0,,0
s12184851613,n6251832413,road,6.16,plain,access,1,access,0,0,,0
s12184851614,n3878466615,road,5.3,plain,access,1,access,0,0,,0
s12184851615,n3878466615,road,10.43,plain,access,1,access,0,0,,0
s12184851617,n6175514645,road,6.49,plain,access,1,access,0,0,,0
s12184851618,n6175514645,road,3.63,plain,access,1,access,0,0,,0
s12184851619,n6175514143,road,8.4,plain,access,1,access,0,0,,0
s12184851620,n6175514143,road,5.52,plain,access,1,access,0,0,,0
s12184851626,n6175514143,road,5.49,plain,access,1,access,0,0,,0
s12184851631,n6175513063,road,2.68,plain,access,1,access,0,0,,0
s12185046687,n2468740925,road,2.75,plain,access,1,access,0,0,,0
s12185046688,n3173573384,road,18.6,plain,access,1,access,0,0,,0
s12186828446,n3173573097,road,6.73,plain,access,1,access,0,0,,0
s12186828447,n3173573097,road,6.12,plain,access,1,access,0,0,,0
s12186828449,n3173579052,road,5.48,plain,access,1,access,0,0,,0
s12186828452,n3173566851,road,2.61,plain,access,1,access,0,0,,0
s12186828453,n3173566851,road,3.88,plain,access,1,access,0,0,,0
s12186828454,n3173566851,road,6.74,plain,access,1,access,0,0,,0
s12186828455,n3173566127,road,6.65,plain,access,1,access,0,0,,0
s12186828456,n3173566851,road,5.15,plain,access,1,access,0,0,,0
s12186828457,n3173566127,road,6.05,plain,access,1,access,0,0,,0
s12187250119,n2926094151,road,10.18,plain,access,1,access,0,0,,0
s12187250120,n2926094151,road,13.86,plain,access,1,access,0,0,,0
s12187250121,n3173578975,road,18.48,plain,access,1,access,0,0,,0
s12187250122,n2926094151,road,16.71,plain,access,1,access,0,0,,0
s12187250123,n2926094151,road,16.46,plain,access,1,access,0,0,,0
s12187250124,n2926094151,road,17.28,plain,access,1,access,0,0,,0
s12187250125,n2468740925,road,13.91,plain,access,1,access,0,0,,0
s12187250126,n2468740925,road,14.42,plain,access,1,access,0,0,,0
s12187250127,n2468740925,road,12.32,plain,access,1,access,0,0,,0
s12187250128,n2926094151,road,21.42,plain,access,1,access,0,0,,0
s12187250129,n2926094151,road,22.88,plain,access,1,access,0,0,,0
s12187250784,n3173573384,road,6.82,plain,access,1,access,0,0,,0
s12187251505,n3173573384,road,12.32,plain,access,1,access,0,0,,0
s12187251870,n3173579052,road,12.79,plain,access,1,access,0,0,,0
s12187253911,n3173566127,road,4.3,plain,access,1,access,0,0,,0
s12187253912,n3173566851,road,5.84,plain,access,1,access,0,0,,0
s12187253916,n3173573384,road,7.43,plain,access,1,access,0,0,,0
s12187253917,n3173573384,road,6.48,plain,access,1,access,0,0,,0
s12188828671,n3173566127,road,11.13,plain,access,1,access,0,0,,0
s12188828672,n3173566127,road,8.07,plain,access,1,access,0,0,,0
s12188885952,n3173560410,road,2.75,plain,access,1,access,0,0,,0
s12188888738,n3173566127,road,3.86,plain,access,1,access,0,0,,0
s12197522168,n2387379128,road,7.3,plain,access,1,access,0,0,,0
s12197522169,n2387379128,road,6.87,plain,access,1,access,0,0,,0
s12197522170,n6176986795,road,11.91,plain,access,1,access,0,0,,0
s12197522190,n3173578975,road,4.96,plain,access,1,access,0,0,,0
s12197522193,n2081966213,road,11.18,plain,access,1,access,0,0,,0
s12197523898,n245730421,road,16.1,plain,access,1,access,0,0,,0
s12197523899,n12195811774,road,16.41,plain,access,1,access,0,0,,0
s12197526320,n569049736,road,8.93,plain,access,1,access,0,0,,0
s12197526401,n12195811774,road,12.53,plain,access,1,access,0,0,,0
s12197526402,n12195811774,road,13.72,plain,access,1,access,0,0,,0
s12197526403,n12195811774,road,9.71,plain,access,1,access,0,0,,0
s12197526404,n12195811774,road,12.04,plain,access,1,access,0,0,,0
s12197526405,n12195811774,road,11.5,plain,access,1,access,0,0,,0
s12197526406,n12195811774,road,9.49,plain,access,1,access,0,0,,0
s12200349721,n6176986798,road,11.6,plain,access,1,access,0,0,,0
s12200349722,n2387379128,road,6.3,plain,access,1,access,0,0,,0
s12200349723,n2387379128,road,7.95,plain,access,1,access,0,0,,0
s12200349724,n2387379128,road,6.6,plain,access,1,access,0,0,,0
s12200349725,n6176986909,road,12.12,plain,access,1,access,0,0,,0
s12200364577,n2081966213,road,4.6,plain,access,1,access,0,0,,0
s12200364578,n2081966213,road,5.14,plain,access,1,access,0,0,,0
s12205922277,n12195811774,road,4.86,plain,access,1,access,0,0,,0
s12205922368,n12195811774,road,2.34,plain,access,1,access,0,0,,0
s12205922929,n6176986795,road,9.62,plain,access,1,access,0,0,,0
s12205922930,n12195811774,road,9.65,plain,access,1,access,0,0,,0
s12205989706,n6176986795,road,4.46,plain,access,1,access,0,0,,0
s12205989707,n6176986795,road,7.07,plain,access,1,access,0,0,,0
s12207197321,n5298833899,road,2.2,plain,access,1,access,0,0,,0
s12207386719,HFL,road,5.38,plain,access,1,access,0,0,,0
s12207765759,n2926094680,road,5.4,plain,access,1,access,0,0,,0
s12216958361,n2468740561,road,3.23,plain,access,1,access,0,0,,0
s12216958362,n2468740561,road,2.97,plain,access,1,access,0,0,,0
s12216958363,n2468740561,road,2.37,plain,access,1,access,0,0,,0
s12216958365,n2468740366,road,8.3,plain,access,1,access,0,0,,0
s12216958366,n2468740366,road,8.88,plain,access,1,access,0,0,,0
s12216958367,n2468740561,road,9.1,plain,access,1,access,0,0,,0
s12216958368,n2468740561,road,8.46,plain,access,1,access,0,0,,0
s12216958370,n2468740561,road,2.44,plain,access,1,access,0,0,,0
s12216958371,n2468740561,road,3.34,plain,access,1,access,0,0,,0
s12216958372,n2468740561,road,6.35,plain,access,1,access,0,0,,0
s12216958373,n2468740561,road,5.32,plain,access,1,access,0,0,,0
s12216959852,n2468740561,road,3.5,plain,access,1,access,0,0,,0
s12216959854,n2468740561,road,5.81,plain,access,1,access,0,0,,0
s12216959855,n2468740561,road,6.22,plain,access,1,access,0,0,,0
s12216959857,n2468740366,road,4.21,plain,access,1,access,0,0,,0
s12216959858,n2468740366,road,2.04,plain,access,1,access,0,0,,0
s12224186901,n9721968665,road,2.7,plain,access,1,access,0,0,,0
s12224186903,n6262443163,road,2.64,plain,access,1,access,0,0,,0
s12224186904,n6262443163,road,3.32,plain,access,1,access,0,0,,0
s12225705653,n6231259837,road,3.76,plain,access,1,access,0,0,,0
s12225705654,n6231259837,road,2.26,plain,access,1,access,0,0,,0
s12229339843,n567780425,road,2.76,plain,access,1,access,0,0,,0
s12229339848,n9721974647,road,2.42,plain,access,1,access,0,0,,0
s12249059032,n9721974647,road,2.29,plain,access,1,access,0,0,,0
s12249059033,n3455076125,road,6.85,plain,access,1,access,0,0,,0
s12249059034,n3455076125,road,5.98,plain,access,1,access,0,0,,0
s12249059035,n3455076125,road,3.54,plain,access,1,access,0,0,,0
s12249059037,n6231259873,road,2.47,plain,access,1,access,0,0,,0
s12249059039,n6231259837,road,3.23,plain,access,1,access,0,0,,0
s12249059041,n3455076087,road,2.43,plain,access,1,access,0,0,,0
s12249059045,n6231259833,road,2.76,plain,access,1,access,0,0,,0
s12249059046,n6231259833,road,4.41,plain,access,1,access,0,0,,0
s12249059047,n3455076125,road,3.99,plain,access,1,access,0,0,,0
s12249059048,n3455076125,road,4.5,plain,access,1,access,0,0,,0
s12249059049,n3455076087,road,2.5,plain,access,1,access,0,0,,0
s12249059050,n3455076087,road,3.41,plain,access,1,access,0,0,,0
s12249059051,n6231259831,road,2.89,plain,access,1,access,0,0,,0
s12249059054,n3455076087,road,2.75,plain,access,1,access,0,0,,0
s12249059055,n3455076051,road,2.35,plain,access,1,access,0,0,,0
s12249059056,n3455076019,road,2.04,plain,access,1,access,0,0,,0
s12264415003,n6259491193,road,2.5,plain,access,1,access,0,0,,0
s12264415006,n6259491193,road,2.13,plain,access,1,access,0,0,,0
s12269405278,n6258654642,road,3.21,plain,access,1,access,0,0,,0
s12269558083,n9719997419,road,3.14,plain,access,1,access,0,0,,0
s12269716839,n12269696748,road,5.7,plain,access,1,access,0,0,,0
s12269716840,n12269696748,road,3.81,plain,access,1,access,0,0,,0
s12279681717,n3160185157,road,3.26,plain,access,1,access,0,0,,0
s12279681718,n245725542,road,4.14,plain,access,1,access,0,0,,0
s12279692856,n568989987,road,3.76,plain,access,1,access,0,0,,0
s12279694584,n3158879810,road,2.86,plain,access,1,access,0,0,,0
s12282759798,n5113182703,road,3.31,plain,access,1,access,0,0,,0
s12282759799,n5113182703,road,2.1,plain,access,1,access,0,0,,0
s12288765941,n568990079,road,2.51,plain,access,1,access,0,0,,0
s12288807058,n567779712,road,2.38,plain,access,1,access,0,0,,0
s12288807073,n567779603,road,2.33,plain,access,1,access,0,0,,0
s12290531456,n567777065,road,2.15,plain,access,1,access,0,0,,0
s12290531458,n3158879343,road,2.9,plain,access,1,access,0,0,,0
s12290531498,n3158879343,road,4.34,plain,access,1,access,0,0,,0
s12290596562,n2468739446,road,3.06,plain,access,1,access,0,0,,0
s12290766905,n6247256785,road,4.64,plain,access,1,access,0,0,,0
s12290767150,n5766110467,road,2.81,plain,access,1,access,0,0,,0
s12290767151,n5766110467,road,4.8,plain,access,1,access,0,0,,0
s12290767152,n12195743656,road,2.94,plain,access,1,access,0,0,,0
s12290767153,n6247256785,road,5.59,plain,access,1,access,0,0,,0
s12303142202,n2083680192,road,3.3,plain,access,1,access,0,0,,0
s12303142203,n2083680192,road,4.67,plain,access,1,access,0,0,,0
s12303142206,n4571759029,road,3.67,plain,access,1,access,0,0,,0
s12303142207,n4571759029,road,2.2,plain,access,1,access,0,0,,0
s12303142208,n4571759029,road,2.41,plain,access,1,access,0,0,,0
s12308501189,n4571759020,road,5.22,plain,access,1,access,0,0,,0
s12308501190,n4571759020,road,2.84,plain,access,1,access,0,0,,0
s12308501473,n4571759019,road,2.13,plain,access,1,access,0,0,,0
s12308501474,n4571759019,road,2.05,plain,access,1,access,0,0,,0
s12308501811,n4571759020,road,3.19,plain,access,1,access,0,0,,0
s12308501812,n4571759020,road,3.62,plain,access,1,access,0,0,,0
s12310303629,n10536208468,road,4.32,plain,access,1,access,0,0,,0
s12358670085,n11764392028,road,2.67,plain,access,1,access,0,0,,0
s12367194791,n5131447487,road,4.05,plain,access,1,access,0,0,,0
s12372494832,n6338319273,road,2.54,plain,access,1,access,0,0,,0
s12372494889,n6338319732,road,2.2,plain,access,1,access,0,0,,0
s12373756571,n567780124,road,6.04,plain,access,1,access,0,0,,0
s12373756572,n2081914187,road,6.22,plain,access,1,access,0,0,,0
s12373756573,n2081914187,road,6.46,plain,access,1,access,0,0,,0
s12373756574,n5232413137,road,5.01,plain,access,1,access,0,0,,0
s12373756575,n5232413038,road,4.45,plain,access,1,access,0,0,,0
s12373756576,n5232413125,road,4.32,plain,access,1,access,0,0,,0
s12375834699,n6176986909,road,13.08,plain,access,1,access,0,0,,0
s12375834700,n569049736,road,8.89,plain,access,1,access,0,0,,0
s12375838501,n3455080984,road,2.79,plain,access,1,access,0,0,,0
s12375838502,n6177045711,road,5.28,plain,access,1,access,0,0,,0
s12434159470,n5298833847,road,2.69,plain,access,1,access,0,0,,0
s12434159471,n5298833847,road,2.97,plain,access,1,access,0,0,,0
s12434558313,n4117424109,road,3.16,plain,access,1,access,0,0,,0
s12434558314,n4117424109,road,2.31,plain,access,1,access,0,0,,0
s12434558315,n4117423783,road,2.68,plain,access,1,access,0,0,,0
s12434558318,n4117424138,road,2.03,plain,access,1,access,0,0,,0
s12451419216,n12398800971,road,2.33,plain,access,1,access,0,0,,0
s12513977050,n3173578975,road,9.63,plain,access,1,access,0,0,,0
s12513977201,n3173578975,road,8.55,plain,access,1,access,0,0,,0
s12513977203,n3173578975,road,8.11,plain,access,1,access,0,0,,0
s12513977730,n3173578975,road,12.3,plain,access,1,access,0,0,,0
s12513977731,n3173578975,road,13.32,plain,access,1,access,0,0,,0
s12516605363,n3173578975,road,5.02,plain,access,1,access,0,0,,0
s12516605365,n3173579052,road,11.15,plain,access,1,access,0,0,,0
s12516605367,n3173579052,road,13.62,plain,access,1,access,0,0,,0
s12516605368,n3173570147,road,17.55,plain,access,1,access,0,0,,0
s12516605370,n3173578975,road,11.71,plain,access,1,access,0,0,,0
s12516605371,n3173578975,road,8.51,plain,access,1,access,0,0,,0
s12516605372,n3173578975,road,7.88,plain,access,1,access,0,0,,0
s12516605373,n3173578975,road,10.0,plain,access,1,access,0,0,,0
s12516605374,n3173578975,road,12.45,plain,access,1,access,0,0,,0
s12516605375,n3173579052,road,12.27,plain,access,1,access,0,0,,0
s12516661901,n3173579052,road,14.82,plain,access,1,access,0,0,,0
s12516662203,n3173578975,road,8.19,plain,access,1,access,0,0,,0
s12516736178,n3173578975,road,8.81,plain,access,1,access,0,0,,0
s12516771087,n5451398382,road,5.59,plain,access,1,access,0,0,,0
s12516771088,HFL,road,6.27,plain,access,1,access,0,0,,0
s12516771090,HFL,road,7.14,plain,access,1,access,0,0,,0
s12516786918,n2926094680,road,8.17,plain,access,1,access,0,0,,0
s12516786919,n2926094680,road,6.45,plain,access,1,access,0,0,,0
s12516786939,HFL,road,5.08,plain,access,1,access,0,0,,0
s12516786954,HFL,road,3.67,plain,access,1,access,0,0,,0
s12516787722,n3173578975,road,3.98,plain,access,1,access,0,0,,0
s12517047788,n3173578975,road,12.02,plain,access,1,access,0,0,,0
s12517047789,n3173578975,road,12.74,plain,access,1,access,0,0,,0
s12527884851,n6251457713,road,4.13,plain,access,1,access,0,0,,0
s12527884852,n6251457871,road,2.75,plain,access,1,access,0,0,,0
s12527884854,n2468763133,road,2.15,plain,access,1,access,0,0,,0
s12527885695,n6251457713,road,2.57,plain,access,1,access,0,0,,0
s12527887447,n2468762902,road,4.94,plain,access,1,access,0,0,,0
s12527887448,n2468762958,road,2.4,plain,access,1,access,0,0,,0
s12527887449,n2468762902,road,5.53,plain,access,1,access,0,0,,0
s12527887450,n6251457713,road,8.54,plain,access,1,access,0,0,,0
s12527887451,n6251457713,road,5.26,plain,access,1,access,0,0,,0
s12527887452,n6251457713,road,4.29,plain,access,1,access,0,0,,0
s12541240028,n4153138265,road,9.77,plain,access,1,access,0,0,,0
s12580150772,n2926094680,road,9.52,plain,access,1,access,0,0,,0
s12612911550,n6175513063,road,3.14,plain,access,1,access,0,0,,0
s12616073555,n3173579052,road,19.44,plain,access,1,access,0,0,,0
s12616088536,n3173578975,road,14.45,plain,access,1,access,0,0,,0
s12626084545,n7869411257,road,7.69,plain,access,1,access,0,0,,0
s12626084558,n3173579052,road,5.16,plain,access,1,access,0,0,,0
s12626093175,n3173579052,road,3.96,plain,access,1,access,0,0,,0
s12626094059,n3173577191,road,8.4,plain,access,1,access,0,0,,0
s12626231496,n3173578975,road,4.17,plain,access,1,access,0,0,,0
s12626231500,n2468762614,road,4.73,plain,access,1,access,0,0,,0
s12626237101,n3173578975,road,7.82,plain,access,1,access,0,0,,0
s12626237104,n3173578975,road,3.94,plain,access,1,access,0,0,,0
s12626237123,n3173578975,road,6.3,plain,access,1,access,0,0,,0
s12626237124,n7869434234,road,7.45,plain,access,1,access,0,0,,0
s12626237125,n3173578975,road,8.96,plain,access,1,access,0,0,,0
s12626237126,n3897171518,road,6.79,plain,access,1,access,0,0,,0
s12626237127,n3897171518,road,4.75,plain,access,1,access,0,0,,0
s12626237128,n2468762922,road,5.45,plain,access,1,access,0,0,,0
s12626237129,n2468762970,road,7.41,plain,access,1,access,0,0,,0
s12626237130,n2468762922,road,8.49,plain,access,1,access,0,0,,0
s12626237131,n3173578975,road,11.55,plain,access,1,access,0,0,,0
s12626237132,n3173578975,road,10.89,plain,access,1,access,0,0,,0
s12626237134,n3173578975,road,9.0,plain,access,1,access,0,0,,0
s12626237136,n3173578975,road,7.9,plain,access,1,access,0,0,,0
s12626237141,n3173579052,road,2.54,plain,access,1,access,0,0,,0
s12626237146,n3173579052,road,3.54,plain,access,1,access,0,0,,0
s12626237147,n3173579052,road,9.31,plain,access,1,access,0,0,,0
s12626237151,n3173579052,road,6.64,plain,access,1,access,0,0,,0
s12626237152,n3173579052,road,5.64,plain,access,1,access,0,0,,0
s12626237153,n3173579052,road,3.53,plain,access,1,access,0,0,,0
s12626237154,n3173579052,road,5.43,plain,access,1,access,0,0,,0
s12626237155,n3173579052,road,7.65,plain,access,1,access,0,0,,0
s12626329430,n3173578975,road,12.62,plain,access,1,access,0,0,,0
s12626600248,n3173577191,road,3.07,plain,access,1,access,0,0,,0
s12646600801,n6175514645,road,5.58,plain,access,1,access,0,0,,0
s12646601777,n6175514645,road,10.76,plain,access,1,access,0,0,,0
s12646601778,n3878443853,road,6.64,plain,access,1,access,0,0,,0
s12646601779,n3878443853,road,5.22,plain,access,1,access,0,0,,0
s12646601781,n3878443665,road,3.08,plain,access,1,access,0,0,,0
s12646603118,n3878443853,road,2.89,plain,access,1,access,0,0,,0
s12646603119,n3878443853,road,2.51,plain,access,1,access,0,0,,0
s12677024698,n6175514645,road,13.44,plain,access,1,access,0,0,,0
s12677041735,n6175514645,road,12.59,plain,access,1,access,0,0,,0
s12677770178,n7869361463,road,3.83,plain,access,1,access,0,0,,0
s12677770179,n7869367345,road,5.57,plain,access,1,access,0,0,,0
s12677778177,n7869367345,road,3.92,plain,access,1,access,0,0,,0
s12677779570,n7869367345,road,3.08,plain,access,1,access,0,0,,0
s12677779571,n6175514143,road,4.35,plain,access,1,access,0,0,,0
s12677779572,n7869367345,road,9.19,plain,access,1,access,0,0,,0
s12677779573,n7869367345,road,9.82,plain,access,1,access,0,0,,0
s12677783074,n7869367345,road,3.76,plain,access,1,access,0,0,,0
s12677783415,n7869361842,road,3.57,plain,access,1,access,0,0,,0
s12688661382,n6175514143,road,7.13,plain,access,1,access,0,0,,0
s12762993670,n6247256856,road,3.31,plain,access,1,access,0,0,,0
s12762993671,n245730421,road,2.36,plain,access,1,access,0,0,,0
s12762993673,n6247256785,road,2.86,plain,access,1,access,0,0,,0
s12763020954,n6247256860,road,8.82,plain,access,1,access,0,0,,0
s12763020955,n3897171518,road,4.07,plain,access,1,access,0,0,,0
s12763020956,n3897171518,road,6.09,plain,access,1,access,0,0,,0
s12763020957,n2081966204,road,6.06,plain,access,1,access,0,0,,0
s12763020958,n2081966204,road,5.62,plain,access,1,access,0,0,,0
s12763020959,n2081966204,road,6.08,plain,access,1,access,0,0,,0
s12763020960,n245730421,road,6.39,plain,access,1,access,0,0,,0
s12763020961,n2081966213,road,5.37,plain,access,1,access,0,0,,0
s12763035018,n12527860812,road,13.67,plain,access,1,access,0,0,,0
s12763035019,n12527860812,road,10.55,plain,access,1,access,0,0,,0
s12763035022,n12527860812,road,9.26,plain,access,1,access,0,0,,0
s12763035023,n12527860812,road,7.25,plain,access,1,access,0,0,,0
s12763035024,n12527860812,road,5.87,plain,access,1,access,0,0,,0
s12763035028,n4260245049,road,5.07,plain,access,1,access,0,0,,0
s12763035030,n12527860812,road,2.29,plain,access,1,access,0,0,,0
s12763035031,n12527860812,road,4.43,plain,access,1,access,0,0,,0
s12763154830,n3897171518,road,2.31,plain,access,1,access,0,0,,0
s12763154832,n2468762970,road,6.68,plain,access,1,access,0,0,,0
s12763154833,n2468762970,road,6.82,plain,access,1,access,0,0,,0
s12763154834,n2468762970,road,9.05,plain,access,1,access,0,0,,0
s12763154835,n3173579052,road,10.68,plain,access,1,access,0,0,,0
s12763154836,n3173579052,road,9.62,plain,access,1,access,0,0,,0
s12763154837,n3173579052,road,7.77,plain,access,1,access,0,0,,0
s12763154838,n7869403304,road,5.96,plain,access,1,access,0,0,,0
s12763154839,n7869403311,road,4.38,plain,access,1,access,0,0,,0
s12763154840,n7869403304,road,3.43,plain,access,1,access,0,0,,0
s12763154841,n7869403304,road,3.18,plain,access,1,access,0,0,,0
s12763154842,n7869403304,road,2.7,plain,access,1,access,0,0,,0
s12763154844,n7869403304,road,3.67,plain,access,1,access,0,0,,0
s12763155669,n2468762922,road,2.07,plain,access,1,access,0,0,,0
s12763155671,n2468762902,road,2.17,plain,access,1,access,0,0,,0
s12763155672,n2468762902,road,3.12,plain,access,1,access,0,0,,0
s12763155673,n2468762902,road,5.59,plain,access,1,access,0,0,,0
s12763155674,n2468762902,road,7.38,plain,access,1,access,0,0,,0
s12763155675,n6251241590,road,12.53,plain,access,1,access,0,0,,0
s12763155676,n2081966204,road,10.39,plain,access,1,access,0,0,,0
s12772101649,n5766110467,road,2.42,plain,access,1,access,0,0,,0
s12772101650,n5766110467,road,3.68,plain,access,1,access,0,0,,0
s12772142993,n2926094680,road,2.4,plain,access,1,access,0,0,,0
s12772142994,n2926094680,road,3.02,plain,access,1,access,0,0,,0
s12772143969,HFL,road,4.39,plain,access,1,access,0,0,,0
s12772143971,n3173578975,road,5.05,plain,access,1,access,0,0,,0
s12772143972,n3173578975,road,6.44,plain,access,1,access,0,0,,0
s12772143973,n5451398327,road,7.13,plain,access,1,access,0,0,,0
s12772143974,n5451398382,road,6.05,plain,access,1,access,0,0,,0
s12772143975,n3173578975,road,8.51,plain,access,1,access,0,0,,0
s12772151793,n2926094680,road,2.7,plain,access,1,access,0,0,,0
s12772151795,n2926094680,road,3.73,plain,access,1,access,0,0,,0
s12772151796,HFL,road,3.17,plain,access,1,access,0,0,,0
s12772646080,n6247256785,road,3.21,plain,access,1,access,0,0,,0
s12772646081,n6247256785,road,2.93,plain,access,1,access,0,0,,0
s12772647110,n3173578975,road,2.62,plain,access,1,access,0,0,,0
s12772647111,n3173578975,road,2.83,plain,access,1,access,0,0,,0
s12772647112,n3173578975,road,2.87,plain,access,1,access,0,0,,0
s12772647113,n3173578975,road,3.35,plain,access,1,access,0,0,,0
s12772647114,n3173578975,road,3.51,plain,access,1,access,0,0,,0
s12772647115,n3173578975,road,4.71,plain,access,1,access,0,0,,0
s12772647116,n3173578975,road,6.12,plain,access,1,access,0,0,,0
s12772647117,n3173578975,road,5.44,plain,access,1,access,0,0,,0
s12772647118,n3173578975,road,4.95,plain,access,1,access,0,0,,0
s12772647119,n5451398327,road,5.49,plain,access,1,access,0,0,,0
s12772647120,n3173578975,road,5.74,plain,access,1,access,0,0,,0
s12772647121,n5451398327,road,5.15,plain,access,1,access,0,0,,0
s12772647122,n5451398327,road,4.44,plain,access,1,access,0,0,,0
s12772647123,n5451398327,road,3.7,plain,access,1,access,0,0,,0
s12772647124,n5451398327,road,3.33,plain,access,1,access,0,0,,0
s12777284295,n7869434264,road,4.01,plain,access,1,access,0,0,,0
s12777303817,n7869434234,road,2.67,plain,access,1,access,0,0,,0
s12778196578,n2468762614,road,2.08,plain,access,1,access,0,0,,0
s12778201165,n2468762614,road,3.74,plain,access,1,access,0,0,,0
s12784837283,n6176986798,road,17.86,plain,access,1,access,0,0,,0
s12785501082,n12195811774,road,19.81,plain,access,1,access,0,0,,0
s12810534491,n12195811774,road,14.42,plain,access,1,access,0,0,,0
s12810534492,n6176986795,road,15.96,plain,access,1,access,0,0,,0
s12810561848,n12195811774,road,17.01,plain,access,1,access,0,0,,0
s12810563320,n12195811774,road,12.84,plain,access,1,access,0,0,,0
s12810564149,n12195811774,road,11.21,plain,access,1,access,0,0,,0
s12832452124,n6251457203,road,7.28,plain,access,1,access,0,0,,0
s12832452738,n6251241590,road,5.79,plain,access,1,access,0,0,,0
s12832452739,n6251241590,road,6.49,plain,access,1,access,0,0,,0
s12832452743,n6251241590,road,3.99,plain,access,1,access,0,0,,0
s12832452744,n6251241590,road,6.32,plain,access,1,access,0,0,,0
s12832452745,n6251241624,road,7.53,plain,access,1,access,0,0,,0
s12832452746,n6251241624,road,3.96,plain,access,1,access,0,0,,0
s12837597586,n2081966204,road,3.6,plain,access,1,access,0,0,,0
s12837608126,n2081966204,road,3.83,plain,access,1,access,0,0,,0
s12900355553,n6247256785,road,2.61,plain,access,1,access,0,0,,0
s12900355594,n6247256785,road,6.83,plain,access,1,access,0,0,,0
s12900355595,n6247256785,road,8.18,plain,access,1,access,0,0,,0
s12900355596,n12195811774,road,7.01,plain,access,1,access,0,0,,0
s13157898887,n835357999,road,13.03,plain,access,1,access,0,0,,0
s13174553597,n2468783537,road,5.02,plain,access,1,access,0,0,,0
s13270195093,n6247259902,road,8.4,plain,access,1,access,0,0,,0
s13303052230,n4323995069,road,5.14,plain,access,1,access,0,0,,0
s13322541951,n5237168288,road,2.27,plain,access,1,access,0,0,,0
s13610046528,n4324640954,road,4.93,plain,access,1,access,0,0,,0
s245720795,n2455611820,road,9.14,plain,access,1,access,0,0,,0
s245721490,n2455547720,road,5.74,plain,access,1,access,0,0,,0
s245723348,n2455649793,road,19.1,plain,access,1,access,0,0,,0
s245724632,n3888044073,road,6.53,plain,access,1,access,0,0,,0
s245728037,n245729336,road,6.71,plain,access,1,access,0,0,,0
s1848134157,n1848136926,road,2.07,plain,access,1,access,0,0,,0
s2084596662,n245721789,road,7.34,plain,access,1,access,0,0,,0
s2084597175,n245721789,road,21.92,plain,access,1,access,0,0,,0
s2084662992,n2084663528,road,5.38,plain,access,1,access,0,0,,0
s2084662993,n6237092078,road,5.54,plain,access,1,access,0,0,,0
s2455512182,n2455547583,road,3.23,plain,access,1,access,0,0,,0
s2455514195,n2455487817,road,2.79,plain,access,1,access,0,0,,0
s2455548703,n2455547583,road,5.3,plain,access,1,access,0,0,,0
s2455612532,n2455610949,road,2.94,plain,access,1,access,0,0,,0
s2455649857,n2455649793,road,8.75,plain,access,1,access,0,0,,0
s2455675390,n2455649793,road,2.54,plain,access,1,access,0,0,,0
s2455704258,CCP,road,4.61,plain,access,1,access,0,0,,0
s2458560284,n2084663067,road,7.23,plain,access,1,access,0,0,,0
s2458565985,n2084663075,road,5.3,plain,access,1,access,0,0,,0
s2459029260,n2459029361,road,2.62,plain,access,1,access,0,0,,0
s2459029884,n2459029890,road,3.28,plain,access,1,access,0,0,,0
s2459047665,n1848136926,road,3.61,plain,access,1,access,0,0,,0
s2459081243,n2459080018,road,6.0,plain,access,1,access,0,0,,0
s2459082183,n2459080018,road,4.47,plain,access,1,access,0,0,,0
s2501011503,n245719758,road,4.93,plain,access,1,access,0,0,,0
s2584650588,n2459081537,road,7.12,plain,access,1,access,0,0,,0
s2584650589,n10747768694,road,5.37,plain,access,1,access,0,0,,0
s2584652059,n2459083045,road,4.23,plain,access,1,access,0,0,,0
s3693467779,n3699240271,road,5.64,plain,access,1,access,0,0,,0
s3693467780,n3699240271,road,2.1,plain,access,1,access,0,0,,0
s4283849570,n3888958164,road,3.48,plain,access,1,access,0,0,,0
s5156615408,n2081966204,road,18.99,plain,access,1,access,0,0,,0
s5481995099,n2084597051,road,5.55,plain,access,1,access,0,0,,0
s6201067247,n569040865,road,9.34,plain,access,1,access,0,0,,0
s6229198926,n1722857858,road,4.06,plain,access,1,access,0,0,,0
s6229200260,n9603015276,road,3.79,plain,access,1,access,0,0,,0
s6229200930,n1722857700,road,2.1,plain,access,1,access,0,0,,0
s6229743111,n2084597038,road,11.56,plain,access,1,access,0,0,,0
s6233139095,n3888003149,road,2.69,plain,access,1,access,0,0,,0
s6233955157,n569041531,road,5.06,plain,access,1,access,0,0,,0
s6233955870,n3887963795,road,3.47,plain,access,1,access,0,0,,0
s6234899184,n1425144212,road,5.41,plain,access,1,access,0,0,,0
s6236727653,n569052193,road,2.04,plain,access,1,access,0,0,,0
s6236992441,n569067389,road,5.81,plain,access,1,access,0,0,,0
s6236992857,n569041570,road,4.19,plain,access,1,access,0,0,,0
s6237090100,n2498768470,road,2.1,plain,access,1,access,0,0,,0
s6237836939,n245722676,road,3.89,plain,access,1,access,0,0,,0
s6248175355,n569051370,road,14.5,plain,access,1,access,0,0,,0
s6248175392,n12784879794,road,7.08,plain,access,1,access,0,0,,0
s6248308596,n3888958164,road,8.92,plain,access,1,access,0,0,,0
s6248309046,n569052866,road,6.73,plain,access,1,access,0,0,,0
s6248310634,n569051370,road,6.56,plain,access,1,access,0,0,,0
s6248310635,n569051529,road,5.54,plain,access,1,access,0,0,,0
s6248935883,n245729336,road,2.9,plain,access,1,access,0,0,,0
s6248936585,n3888958164,road,6.62,plain,access,1,access,0,0,,0
s6251548356,n6251548682,road,17.23,plain,access,1,access,0,0,,0
s6251548792,n2084663528,road,8.74,plain,access,1,access,0,0,,0
s6258352699,n9726664499,road,18.64,plain,access,1,access,0,0,,0
s6258353015,n2455547583,road,18.47,plain,access,1,access,0,0,,0
s6258353031,n2455547583,road,17.86,plain,access,1,access,0,0,,0
s6376606248,n3888958471,road,2.64,plain,access,1,access,0,0,,0
s6376606249,n3888960268,road,3.04,plain,access,1,access,0,0,,0
s6376606250,n3888960268,road,8.27,plain,access,1,access,0,0,,0
s6376606251,n2084663520,road,8.83,plain,access,1,access,0,0,,0
s6376613229,n2084663528,road,11.44,plain,access,1,access,0,0,,0
s6376614013,n3888960268,road,12.14,plain,access,1,access,0,0,,0
s6376614014,n2081966213,road,15.73,plain,access,1,access,0,0,,0
s6377960585,n245729336,road,19.38,plain,access,1,access,0,0,,0
s6377960586,n245729336,road,13.04,plain,access,1,access,0,0,,0
s6381855186,n2081966213,road,10.32,plain,access,1,access,0,0,,0
s6381855200,n2081966213,road,11.23,plain,access,1,access,0,0,,0
s6381855201,n2081966213,road,17.8,plain,access,1,access,0,0,,0
s6398219538,n1722857700,road,5.21,plain,access,1,access,0,0,,0
s6449561894,n245719758,road,2.73,plain,access,1,access,0,0,,0
s6449561954,n245719758,road,2.83,plain,access,1,access,0,0,,0
s6449563149,n245719758,road,2.44,plain,access,1,access,0,0,,0
s6449566318,n5470441691,road,2.46,plain,access,1,access,0,0,,0
s6449570331,n5470440689,road,2.69,plain,access,1,access,0,0,,0
s6449585930,n5470441691,road,2.39,plain,access,1,access,0,0,,0
s6449590070,n5470439947,road,6.88,plain,access,1,access,0,0,,0
s6449592477,n5470439947,road,2.85,plain,access,1,access,0,0,,0
s6449594966,n5470439947,road,2.52,plain,access,1,access,0,0,,0
s6449595742,n2501024018,road,4.71,plain,access,1,access,0,0,,0
s6449596088,n2501024018,road,2.49,plain,access,1,access,0,0,,0
s6449600169,n2501036973,road,2.54,plain,access,1,access,0,0,,0
s6462162183,n2455487817,road,4.45,plain,access,1,access,0,0,,0
s6828345585,n3888172577,road,9.53,plain,access,1,access,0,0,,0
s6828345685,n3888044377,road,9.32,plain,access,1,access,0,0,,0
s7160628233,n2459029890,road,7.81,plain,access,1,access,0,0,,0
s7160914647,n3890287808,road,8.89,plain,access,1,access,0,0,,0
s7160938883,n9603015276,road,3.03,plain,access,1,access,0,0,,0
s7431176479,n245719758,road,11.53,plain,access,1,access,0,0,,0
s7431176480,n2501001540,road,12.41,plain,access,1,access,0,0,,0
s7431176481,n2501001540,road,10.73,plain,access,1,access,0,0,,0
s7431176482,n2501001540,road,7.1,plain,access,1,access,0,0,,0
s7431176483,n2501001540,road,9.59,plain,access,1,access,0,0,,0
s7431404595,n2501001540,road,8.23,plain,access,1,access,0,0,,0
s7431404596,n2501001540,road,11.95,plain,access,1,access,0,0,,0
s7431404597,n2501001540,road,5.21,plain,access,1,access,0,0,,0
s7431404600,n2501001540,road,8.95,plain,access,1,access,0,0,,0
s7596219110,n5541781882,road,3.84,plain,access,1,access,0,0,,0
s7596219143,n7596494192,road,19.54,plain,access,1,access,0,0,,0
s7596232079,n5076864949,road,2.3,plain,access,1,access,0,0,,0
s7596232080,n5541781882,road,4.28,plain,access,1,access,0,0,,0
s7596275220,n5541781882,road,3.24,plain,access,1,access,0,0,,0
s7596275221,n7596494192,road,19.0,plain,access,1,access,0,0,,0
s7596275222,n7596494192,road,9.96,plain,access,1,access,0,0,,0
s7596275223,n5541781882,road,5.97,plain,access,1,access,0,0,,0
s7596275224,n7596494192,road,14.53,plain,access,1,access,0,0,,0
s7596275225,n7596494192,road,11.36,plain,access,1,access,0,0,,0
s7596275226,n7596494192,road,12.15,plain,access,1,access,0,0,,0
s7596397063,n7596494192,road,12.87,plain,access,1,access,0,0,,0
s7596426158,n7596494192,road,13.45,plain,access,1,access,0,0,,0
s7596429887,n5076864949,road,5.57,plain,access,1,access,0,0,,0
s7596429903,n7596494192,road,8.43,plain,access,1,access,0,0,,0
s7596429921,n7596494192,road,14.4,plain,access,1,access,0,0,,0
s7596429948,n7596494192,road,10.69,plain,access,1,access,0,0,,0
s7596429949,n5076864949,road,2.2,plain,access,1,access,0,0,,0
s7596429950,n5541781882,road,5.89,plain,access,1,access,0,0,,0
s7596429951,n7596494192,road,9.15,plain,access,1,access,0,0,,0
s7596430183,n5541781882,road,5.09,plain,access,1,access,0,0,,0
s7596430184,n7596494192,road,16.6,plain,access,1,access,0,0,,0
s7596430299,n7596494192,road,11.56,plain,access,1,access,0,0,,0
s7596430337,n5541781845,road,5.95,plain,access,1,access,0,0,,0
s7596430338,n5076864949,road,4.88,plain,access,1,access,0,0,,0
s7596430385,n7596494192,road,9.67,plain,access,1,access,0,0,,0
s7596430386,n5076864949,road,3.0,plain,access,1,access,0,0,,0
s7596430413,n7596494192,road,20.83,plain,access,1,access,0,0,,0
s7596430529,n5076864949,road,4.96,plain,access,1,access,0,0,,0
s7596430644,n5541781882,road,3.94,plain,access,1,access,0,0,,0
s7596430693,n7596494192,road,18.33,plain,access,1,access,0,0,,0
s7596430694,n7596494192,road,13.41,plain,access,1,access,0,0,,0
s7596431936,n5541781882,road,6.24,plain,access,1,access,0,0,,0
s7596431946,n5076864949,road,2.6,plain,access,1,access,0,0,,0
s7596431986,n7596494192,road,21.42,plain,access,1,access,0,0,,0
s7596432077,n7596494192,road,4.18,plain,access,1,access,0,0,,0
s7596432122,n5541781882,road,6.22,plain,access,1,access,0,0,,0
s7596432244,n7596494192,road,12.38,plain,access,1,access,0,0,,0
s7596432245,n7596494192,road,13.13,plain,access,1,access,0,0,,0
s7596432327,n7596494192,road,10.29,plain,access,1,access,0,0,,0
s7596432328,n7596494192,road,13.18,plain,access,1,access,0,0,,0
s7596432413,n5541781882,road,7.93,plain,access,1,access,0,0,,0
s7596522152,n3911460009,road,5.19,plain,access,1,access,0,0,,0
s7654208926,n3888958471,road,10.36,plain,access,1,access,0,0,,0
s7903872143,n6258772330,road,5.43,plain,access,1,access,0,0,,0
s8484076954,n7596494192,road,8.03,plain,access,1,access,0,0,,0
s8484076955,n2084663001,road,3.51,plain,access,1,access,0,0,,0
s8484076983,n2084663001,road,4.62,plain,access,1,access,0,0,,0
s8484076984,n7596494192,road,7.33,plain,access,1,access,0,0,,0
s8484084251,n7596494192,road,11.22,plain,access,1,access,0,0,,0
s8484084500,n2084663001,road,2.65,plain,access,1,access,0,0,,0
s8484086795,n2455737612,road,2.35,plain,access,1,access,0,0,,0
s8484112277,n2455737612,road,4.79,plain,access,1,access,0,0,,0
s8777055305,n13525786506,road,4.84,plain,access,1,access,0,0,,0
s8906484781,n569052750,road,5.44,plain,access,1,access,0,0,,0
s9195838415,n9195889006,road,2.99,plain,access,1,access,0,0,,0
s9195838468,n9195889006,road,6.58,plain,access,1,access,0,0,,0
s9635135901,n3890287808,road,17.37,plain,access,1,access,0,0,,0
s9635160085,n3888044073,road,16.63,plain,access,1,access,0,0,,0
s9642317844,n3890287808,road,13.06,plain,access,1,access,0,0,,0
s9642338733,n3888044073,road,14.76,plain,access,1,access,0,0,,0
s9642391972,n2342017833,road,10.5,plain,access,1,access,0,0,,0
s9642392231,n3890287808,road,8.56,plain,access,1,access,0,0,,0
s9642392241,n3890287808,road,12.19,plain,access,1,access,0,0,,0
s9649696280,n3888044377,road,10.87,plain,access,1,access,0,0,,0
s9649696314,n3888044073,road,5.7,plain,access,1,access,0,0,,0
s9649701796,n3888169574,road,6.57,plain,access,1,access,0,0,,0
s9728731317,n9726664499,road,10.74,plain,access,1,access,0,0,,0
s9820287174,n3890287808,road,6.82,plain,access,1,access,0,0,,0
s9820287175,n3890287808,road,10.43,plain,access,1,access,0,0,,0
s9820494213,n3890287808,road,8.24,plain,access,1,access,0,0,,0
s9820494214,n3890287808,road,13.62,plain,access,1,access,0,0,,0
s9820494215,n3890287808,road,14.09,plain,access,1,access,0,0,,0
s9820494216,n3890287808,road,16.09,plain,access,1,access,0,0,,0
s9820496732,n6237756760,road,7.29,plain,access,1,access,0,0,,0
s9820496750,n3890287808,road,6.81,plain,access,1,access,0,0,,0
s9820496751,n3890287808,road,4.98,plain,access,1,access,0,0,,0
s9820516009,n2342017833,road,11.97,plain,access,1,access,0,0,,0
s9820516011,n2084597157,road,10.07,plain,access,1,access,0,0,,0
s9820516012,n10264865634,road,8.25,plain,access,1,access,0,0,,0
s9820516077,n2342017833,road,8.75,plain,access,1,access,0,0,,0
s9820516109,n3890287808,road,5.99,plain,access,1,access,0,0,,0
s9820516117,n3890287808,road,8.89,plain,access,1,access,0,0,,0
s9820523117,n3890287808,road,16.46,plain,access,1,access,0,0,,0
s9820523118,n3888044073,road,18.15,plain,access,1,access,0,0,,0
s9821992043,n3890287808,road,12.26,plain,access,1,access,0,0,,0
s9821992044,n3890287808,road,5.08,plain,access,1,access,0,0,,0
s9821992046,n3890287808,road,6.55,plain,access,1,access,0,0,,0
s9821992047,n2084663075,road,9.73,plain,access,1,access,0,0,,0
s9821992048,n2084663075,road,6.13,plain,access,1,access,0,0,,0
s9821992049,n3890287808,road,9.22,plain,access,1,access,0,0,,0
s9822012165,n2084663067,road,18.39,plain,access,1,access,0,0,,0
s9822262617,n2084663067,road,6.35,plain,access,1,access,0,0,,0
s9822262632,n2084663067,road,5.03,plain,access,1,access,0,0,,0
s9822508284,n3888044377,road,14.04,plain,access,1,access,0,0,,0
s9822534539,n569041528,road,11.73,plain,access,1,access,0,0,,0
s9822534540,n569041528,road,10.91,plain,access,1,access,0,0,,0
s9822534542,n569041528,road,9.61,plain,access,1,access,0,0,,0
s9822534544,n569041489,road,13.28,plain,access,1,access,0,0,,0
s9822561828,n3890287808,road,12.15,plain,access,1,access,0,0,,0
s9822592888,n3888169574,road,5.74,plain,access,1,access,0,0,,0
s9822612531,n3888044073,road,12.99,plain,access,1,access,0,0,,0
s9822622904,n3995419700,road,9.1,plain,access,1,access,0,0,,0
s9822622908,n3995419700,road,2.59,plain,access,1,access,0,0,,0
s9822622911,n2084663075,road,8.14,plain,access,1,access,0,0,,0
s9822622914,n2084663075,road,4.93,plain,access,1,access,0,0,,0
s9822629759,n245720344,road,2.91,plain,access,1,access,0,0,,0
s9822629764,n2914323246,road,6.0,plain,access,1,access,0,0,,0
s9822641817,n3888172006,road,7.33,plain,access,1,access,0,0,,0
s9822651722,n3888045264,road,8.42,plain,access,1,access,0,0,,0
s9822651724,n6223527664,road,3.7,plain,access,1,access,0,0,,0
s9822651725,n9195888914,road,5.22,plain,access,1,access,0,0,,0
s9822762617,n3888044377,road,12.27,plain,access,1,access,0,0,,0
s9822762646,n3888044073,road,4.27,plain,access,1,access,0,0,,0
s9822762676,n9195888914,road,8.44,plain,access,1,access,0,0,,0
s9822762677,n9195888914,road,4.29,plain,access,1,access,0,0,,0
s9822762699,n3888044073,road,13.2,plain,access,1,access,0,0,,0
s9822762756,n3888044073,road,8.48,plain,access,1,access,0,0,,0
s9822762778,n10264865634,road,3.29,plain,access,1,access,0,0,,0
s9822793547,n1425144163,road,6.07,plain,access,1,access,0,0,,0
s9822793576,n245720344,road,6.86,plain,access,1,access,0,0,,0
s9822793594,n3995419700,road,5.48,plain,access,1,access,0,0,,0
s9822805837,n3995419700,road,13.45,plain,access,1,access,0,0,,0
s9822805838,n3995419700,road,15.81,plain,access,1,access,0,0,,0
s9822859235,n2084597157,road,7.44,plain,access,1,access,0,0,,0
s9822859312,n245720344,road,5.22,plain,access,1,access,0,0,,0
s9822859360,n1356726182,road,3.95,plain,access,1,access,0,0,,0
s9822867941,n3699240271,road,10.21,plain,access,1,access,0,0,,0
s9822867945,n245719758,road,7.37,plain,access,1,access,0,0,,0
s9822867946,n245719758,road,8.23,plain,access,1,access,0,0,,0
s9822867961,n5076864949,road,7.75,plain,access,1,access,0,0,,0
s9824333342,n245720344,road,10.16,plain,access,1,access,0,0,,0
s9824333354,n245720344,road,5.71,plain,access,1,access,0,0,,0
s9824333355,n2914323246,road,6.27,plain,access,1,access,0,0,,0
s9824624048,n2084597051,road,3.43,plain,access,1,access,0,0,,0
s9824624052,n5076864949,road,3.78,plain,access,1,access,0,0,,0
s9824624053,n5076864949,road,3.29,plain,access,1,access,0,0,,0
s9824624055,n245720793,road,3.17,plain,access,1,access,0,0,,0
s9824684779,n1425144171,road,5.01,plain,access,1,access,0,0,,0
s9824684780,n12787421551,road,5.97,plain,access,1,access,0,0,,0
s9824684783,n2084597157,road,3.71,plain,access,1,access,0,0,,0
s9824684784,n2084597157,road,3.07,plain,access,1,access,0,0,,0
s9824684788,n569041531,road,9.08,plain,access,1,access,0,0,,0
s9824684790,n6223527931,road,2.23,plain,access,1,access,0,0,,0
s9827109534,n3888044073,road,12.5,plain,access,1,access,0,0,,0
s9827109674,n6223527931,road,2.07,plain,access,1,access,0,0,,0
s9827259430,n2084663067,road,10.81,plain,access,1,access,0,0,,0
s9827399018,n569041531,road,8.09,plain,access,1,access,0,0,,0
s9827444173,n2084597157,road,4.2,plain,access,1,access,0,0,,0
s9827504642,n6237756760,road,2.06,plain,access,1,access,0,0,,0
s9827504675,n6237756760,road,2.75,plain,access,1,access,0,0,,0
s9827856643,n2084663075,road,3.45,plain,access,1,access,0,0,,0
s9828146597,n3888003149,road,6.84,plain,access,1,access,0,0,,0
s9828163861,n2458560891,road,16.96,plain,access,1,access,0,0,,0
s9828163869,n2458560891,road,18.36,plain,access,1,access,0,0,,0
s9828163871,n3888044073,road,22.0,plain,access,1,access,0,0,,0
s9828163911,n2084663067,road,18.99,plain,access,1,access,0,0,,0
s9828209849,n2914323246,road,6.24,plain,access,1,access,0,0,,0
s9828209850,n245720344,road,6.04,plain,access,1,access,0,0,,0
s9828209937,n2084597157,road,4.37,plain,access,1,access,0,0,,0
s9828209938,n1425144163,road,2.56,plain,access,1,access,0,0,,0
s9828220560,n3890287808,road,11.68,plain,access,1,access,0,0,,0
s9828220561,n3890287808,road,13.03,plain,access,1,access,0,0,,0
s9828220562,n3890287808,road,12.16,plain,access,1,access,0,0,,0
s9828220563,n569041528,road,10.1,plain,access,1,access,0,0,,0
s9828220564,n569041528,road,8.85,plain,access,1,access,0,0,,0
s9828220565,n3888045432,road,3.85,plain,access,1,access,0,0,,0
s9828220570,n9604765406,road,4.41,plain,access,1,access,0,0,,0
s9828220577,n6223528196,road,4.53,plain,access,1,access,0,0,,0
s9828220578,n6223528196,road,4.76,plain,access,1,access,0,0,,0
s9828220582,n3888003149,road,3.81,plain,access,1,access,0,0,,0
s9828220583,n6223527899,road,5.46,plain,access,1,access,0,0,,0
s9828220584,n3888003149,road,2.67,plain,access,1,access,0,0,,0
s9828220585,n3888003313,road,2.61,plain,access,1,access,0,0,,0
s9834146706,n1848136381,road,4.11,plain,access,1,access,0,0,,0
s9834146710,n1848136381,road,3.28,plain,access,1,access,0,0,,0
s9836198328,n3888044377,road,11.8,plain,access,1,access,0,0,,0
s9836198329,n3888044377,road,7.95,plain,access,1,access,0,0,,0
s9839806367,n569053145,road,6.34,plain,access,1,access,0,0,,0
s9839806368,n569053145,road,4.34,plain,access,1,access,0,0,,0
s9839806369,n569052341,road,6.01,plain,access,1,access,0,0,,0
s9839806370,n569052341,road,7.32,plain,access,1,access,0,0,,0
s9839806372,n569041691,road,5.19,plain,access,1,access,0,0,,0
s9839806373,n569052538,road,8.59,plain,access,1,access,0,0,,0
s9839806374,n569052538,road,4.39,plain,access,1,access,0,0,,0
s9839806386,n569053406,road,8.85,plain,access,1,access,0,0,,0
s9930024012,n1425144196,road,9.2,plain,access,1,access,0,0,,0
s10114946399,n2455547720,road,10.58,plain,access,1,access,0,0,,0
s10123992407,n1356726436,road,15.38,plain,access,1,access,0,0,,0
s10123996343,n1356726436,road,20.65,plain,access,1,access,0,0,,0
s10130973464,n11267250378,road,18.72,plain,access,1,access,0,0,,0
s10137564698,n3695032423,road,2.77,plain,access,1,access,0,0,,0
s10139136596,n3888044073,road,13.92,plain,access,1,access,0,0,,0
s10139136597,n3888044073,road,17.04,plain,access,1,access,0,0,,0
s10139136598,n3888044073,road,10.92,plain,access,1,access,0,0,,0
s10945116814,n2455737612,road,2.88,plain,access,1,access,0,0,,0
s10948742530,n569067293,road,4.19,plain,access,1,access,0,0,,0
s10960258725,n569067646,road,5.26,plain,access,1,access,0,0,,0
s10960258726,n569067646,road,3.77,plain,access,1,access,0,0,,0
s10960258727,n1722857858,road,4.56,plain,access,1,access,0,0,,0
s10994466804,n3889161132,road,7.8,plain,access,1,access,0,0,,0
s10994536505,n3889161132,road,7.45,plain,access,1,access,0,0,,0
s10994536506,n3889161132,road,6.65,plain,access,1,access,0,0,,0
s10994536550,n3889161132,road,7.77,plain,access,1,access,0,0,,0
s10996224893,n2455611820,road,6.32,plain,access,1,access,0,0,,0
s10997475996,n2084597038,road,2.25,plain,access,1,access,0,0,,0
s10998421979,n2455737612,road,19.11,plain,access,1,access,0,0,,0
s10999578205,n2084597038,road,9.44,plain,access,1,access,0,0,,0
s10999578206,n2084597038,road,9.41,plain,access,1,access,0,0,,0
s10999578207,n245722110,road,5.98,plain,access,1,access,0,0,,0
s10999578208,n245722110,road,5.18,plain,access,1,access,0,0,,0
s10999578209,n2455737612,road,5.79,plain,access,1,access,0,0,,0
s10999578210,n2084597038,road,2.81,plain,access,1,access,0,0,,0
s10999578211,n2084597038,road,4.0,plain,access,1,access,0,0,,0
s11015343884,n1722857719,road,2.18,plain,access,1,access,0,0,,0
s11022224926,n245722195,road,4.01,plain,access,1,access,0,0,,0
s11022360877,n245722195,road,3.57,plain,access,1,access,0,0,,0
s11034596555,n3911460009,road,3.08,plain,access,1,access,0,0,,0
s11037674994,n569041691,road,7.07,plain,access,1,access,0,0,,0
s11055046789,n3888045423,road,2.85,plain,access,1,access,0,0,,0
s11057267736,n3888045423,road,2.84,plain,access,1,access,0,0,,0
s11057267739,n3888045423,road,2.45,plain,access,1,access,0,0,,0
s11063971496,n2455737612,road,4.31,plain,access,1,access,0,0,,0
s11064118287,n245722110,road,2.13,plain,access,1,access,0,0,,0
s11064118288,n245722110,road,2.75,plain,access,1,access,0,0,,0
s11069949488,n2501001540,road,5.16,plain,access,1,access,0,0,,0
s11069949489,n2501001540,road,5.17,plain,access,1,access,0,0,,0
s11085995108,n2455737612,road,8.27,plain,access,1,access,0,0,,0
s11087066696,n2455737612,road,5.72,plain,access,1,access,0,0,,0
s11087066697,n2455737612,road,2.18,plain,access,1,access,0,0,,0
s11087106241,n2455737612,road,3.61,plain,access,1,access,0,0,,0
s11094588103,n2455737612,road,2.53,plain,access,1,access,0,0,,0
s11164800543,n245719758,road,11.74,plain,access,1,access,0,0,,0
s11168089926,n2455547583,road,13.97,plain,access,1,access,0,0,,0
s11171654223,n2084597038,road,13.71,plain,access,1,access,0,0,,0
s11172132920,n2455649793,road,4.09,plain,access,1,access,0,0,,0
s11172427891,n2455487817,road,10.56,plain,access,1,access,0,0,,0
s11172427901,n2455649793,road,9.2,plain,access,1,access,0,0,,0
s11172744276,n2455649793,road,11.29,plain,access,1,access,0,0,,0
s11172744287,n2455649793,road,7.94,plain,access,1,access,0,0,,0
s11188906961,n2455737681,road,7.55,plain,access,1,access,0,0,,0
s11188907014,n2455737681,road,6.56,plain,access,1,access,0,0,,0
s11200961783,n2084692485,road,17.34,plain,access,1,access,0,0,,0
s11267251603,n1356726182,road,3.25,plain,access,1,access,0,0,,0
s11267251604,n1356726182,road,5.27,plain,access,1,access,0,0,,0
s11333735632,n3695032423,road,4.3,plain,access,1,access,0,0,,0
s11333735633,n3695032423,road,6.23,plain,access,1,access,0,0,,0
s11361911863,n3889161384,road,2.89,plain,access,1,access,0,0,,0
s11363369445,n2455737612,road,2.1,plain,access,1,access,0,0,,0
s11393210153,n2455610949,road,6.81,plain,access,1,access,0,0,,0
s11403315723,n245721623,road,2.4,plain,access,1,access,0,0,,0
s11404786578,n3888044073,road,15.27,plain,access,1,access,0,0,,0
s11494308900,n1848137043,road,5.86,plain,access,1,access,0,0,,0
s11494326993,n2500946724,road,5.1,plain,access,1,access,0,0,,0
s11494410492,n1848137043,road,4.01,plain,access,1,access,0,0,,0
s11519198401,n1722857757,road,2.57,plain,access,1,access,0,0,,0
s11520093548,n569067215,road,2.08,plain,access,1,access,0,0,,0
s11522102651,n2084597299,road,2.25,plain,access,1,access,0,0,,0
s11522842012,n569040825,road,5.1,plain,access,1,access,0,0,,0
s11524522477,n1722857719,road,5.33,plain,access,1,access,0,0,,0
s11524522524,n569067215,road,5.5,plain,access,1,access,0,0,,0
s11524522525,n1722857685,road,5.45,plain,access,1,access,0,0,,0
s11524522527,n1722857685,road,2.2,plain,access,1,access,0,0,,0
s11557003740,n1848136383,road,7.05,plain,access,1,access,0,0,,0
s11557003741,n1848136381,road,7.0,plain,access,1,access,0,0,,0
s11584778650,n2084692480,road,2.35,plain,access,1,access,0,0,,0
s11584778667,n2455737612,road,12.12,plain,access,1,access,0,0,,0
s11592309345,n2084597299,road,8.89,plain,access,1,access,0,0,,0
s11606705460,n245719758,road,10.96,plain,access,1,access,0,0,,0
s11608340725,n2455737612,road,5.8,plain,access,1,access,0,0,,0
s11608897864,n2084663102,road,10.18,plain,access,1,access,0,0,,0
s11608897865,n2084663102,road,10.28,plain,access,1,access,0,0,,0
s11609427139,n2084597051,road,4.48,plain,access,1,access,0,0,,0
s11615146065,n245721789,road,14.55,plain,access,1,access,0,0,,0
s11615157973,n2084692489,road,13.69,plain,access,1,access,0,0,,0
s11617080670,n2084597038,road,19.95,plain,access,1,access,0,0,,0
s11620146700,n6237093988,road,20.14,plain,access,1,access,0,0,,0
s11620146736,n6237093988,road,21.82,plain,access,1,access,0,0,,0
s11620146745,n2084692489,road,17.12,plain,access,1,access,0,0,,0
s11632529702,n2084692480,road,2.29,plain,access,1,access,0,0,,0
s11632529742,n2084663102,road,3.6,plain,access,1,access,0,0,,0
s11632529792,n2084692474,road,4.17,plain,access,1,access,0,0,,0
s11633044286,n2084692474,road,2.33,plain,access,1,access,0,0,,0
s11638624078,n2455737612,road,3.43,plain,access,1,access,0,0,,0
s11638741656,n2455737612,road,15.97,plain,access,1,access,0,0,,0
s11646983104,n569040825,road,7.63,plain,access,1,access,0,0,,0
s11646983121,n569040825,road,6.2,plain,access,1,access,0,0,,0
s11650657324,n2455611820,road,4.12,plain,access,1,access,0,0,,0
s11650657345,n245719758,road,5.77,plain,access,1,access,0,0,,0
s11660942649,n2455737612,road,5.04,plain,access,1,access,0,0,,0
s11660942653,n2455737612,road,7.35,plain,access,1,access,0,0,,0
s11663810088,n3699240271,road,7.22,plain,access,1,access,0,0,,0
s11680153207,n245722676,road,5.49,plain,access,1,access,0,0,,0
s11693707201,n1848136949,road,2.29,plain,access,1,access,0,0,,0
s11694154599,n2459029890,road,11.62,plain,access,1,access,0,0,,0
s11694154600,n1848136949,road,11.67,plain,access,1,access,0,0,,0
s11694154601,n2500946724,road,7.96,plain,access,1,access,0,0,,0
s11715764754,n569052866,road,2.14,plain,access,1,access,0,0,,0
s11715953782,n2084692489,road,20.79,plain,access,1,access,0,0,,0
s11715953867,n2084692480,road,8.16,plain,access,1,access,0,0,,0
s11715953868,n2084692480,road,8.78,plain,access,1,access,0,0,,0
s11772693880,n245722195,road,4.72,plain,access,1,access,0,0,,0
s11772693911,n245722195,road,4.3,plain,access,1,access,0,0,,0
s11772736498,n245722110,road,8.26,plain,access,1,access,0,0,,0
s11772736499,n245722195,road,7.44,plain,access,1,access,0,0,,0
s11772736802,n245722195,road,6.64,plain,access,1,access,0,0,,0
s11780368889,n11267250378,road,16.48,plain,access,1,access,0,0,,0
s11819962910,n9195889006,road,2.5,plain,access,1,access,0,0,,0
s11819962911,n6223527138,road,4.08,plain,access,1,access,0,0,,0
s11819962912,n9195888914,road,3.86,plain,access,1,access,0,0,,0
s11860973511,n569040825,road,3.4,plain,access,1,access,0,0,,0
s11860973526,n569040825,road,6.18,plain,access,1,access,0,0,,0
s11860973527,n569040825,road,5.34,plain,access,1,access,0,0,,0
s11860973528,n569040825,road,5.53,plain,access,1,access,0,0,,0
s11863294658,n569040825,road,2.38,plain,access,1,access,0,0,,0
s11863297975,n569040825,road,6.07,plain,access,1,access,0,0,,0
s11863297976,n569040825,road,3.88,plain,access,1,access,0,0,,0
s11863297977,n569040865,road,5.7,plain,access,1,access,0,0,,0
s11863297978,n569040865,road,5.08,plain,access,1,access,0,0,,0
s11866651748,n3889161384,road,3.98,plain,access,1,access,0,0,,0
s11866678276,n3889161384,road,3.02,plain,access,1,access,0,0,,0
s11866678277,n3889161384,road,5.6,plain,access,1,access,0,0,,0
s11867586036,n3889161384,road,2.19,plain,access,1,access,0,0,,0
s11867586058,n3889161384,road,4.07,plain,access,1,access,0,0,,0
s11869480101,n9602558638,road,6.14,plain,access,1,access,0,0,,0
s11869481601,n3889161384,road,10.8,plain,access,1,access,0,0,,0
s11869807021,n3889161132,road,2.33,plain,access,1,access,0,0,,0
s11870069122,n1848136381,road,3.45,plain,access,1,access,0,0,,0
s11870095809,n3889161132,road,5.85,plain,access,1,access,0,0,,0
s11871709500,n3889161090,road,4.18,plain,access,1,access,0,0,,0
s11872439947,n3889161132,road,4.68,plain,access,1,access,0,0,,0
s11918692376,n1356726436,road,4.4,plain,access,1,access,0,0,,0
s11918692397,n1356726436,road,3.74,plain,access,1,access,0,0,,0
s11919388250,n569052549,road,7.28,plain,access,1,access,0,0,,0
s11919388268,n569052549,road,8.44,plain,access,1,access,0,0,,0
s11920252365,n569041691,road,7.25,plain,access,1,access,0,0,,0
s11920279895,n569041691,road,7.61,plain,access,1,access,0,0,,0
s11920279918,n569041577,road,7.76,plain,access,1,access,0,0,,0
s11920279935,n569041577,road,7.08,plain,access,1,access,0,0,,0
s11920279936,n569041691,road,5.32,plain,access,1,access,0,0,,0
s11933550715,n5541781882,road,3.1,plain,access,1,access,0,0,,0
s11933579372,n5541781882,road,6.8,plain,access,1,access,0,0,,0
s11969072865,n2498697992,road,8.34,plain,access,1,access,0,0,,0
s11969109586,n9726664499,road,5.5,plain,access,1,access,0,0,,0
s11969109587,n9726664499,road,6.81,plain,access,1,access,0,0,,0
s11969432790,n2084597259,road,2.08,plain,access,1,access,0,0,,0
s11972067878,n12195811774,road,25.3,plain,access,1,access,0,0,,0
s11975124194,n569052549,road,5.32,plain,access,1,access,0,0,,0
s11975138840,n569053565,road,3.2,plain,access,1,access,0,0,,0
s11976451262,n1621474344,road,6.22,plain,access,1,access,0,0,,0
s11978452947,n11515932609,road,4.05,plain,access,1,access,0,0,,0
s11978452948,n11515932609,road,2.93,plain,access,1,access,0,0,,0
s11978769478,n2498698504,road,4.33,plain,access,1,access,0,0,,0
s11994686137,n569052549,road,4.95,plain,access,1,access,0,0,,0
s11994686138,n569052549,road,4.4,plain,access,1,access,0,0,,0
s11994687918,n569052549,road,2.74,plain,access,1,access,0,0,,0
s12003249183,n2084597299,road,9.3,plain,access,1,access,0,0,,0
s12003263821,n2084597299,road,9.2,plain,access,1,access,0,0,,0
s12003263823,n2084597288,road,2.13,plain,access,1,access,0,0,,0
s12003263857,n2084597299,road,3.38,plain,access,1,access,0,0,,0
s12003265040,n2084597288,road,3.42,plain,access,1,access,0,0,,0
s12020119091,n3890287808,road,9.66,plain,access,1,access,0,0,,0
s12053139945,n1621474344,road,2.69,plain,access,1,access,0,0,,0
s12054051065,n1621474344,road,2.31,plain,access,1,access,0,0,,0
s12054051107,n1621474344,road,5.63,plain,access,1,access,0,0,,0
s12055365295,n1621474344,road,3.55,plain,access,1,access,0,0,,0
s12061686038,n1621474344,road,2.53,plain,access,1,access,0,0,,0
s12067060926,n569052549,road,3.88,plain,access,1,access,0,0,,0
s12067618145,n9602451390,road,6.98,plain,access,1,access,0,0,,0
s12067618156,n9602558638,road,2.69,plain,access,1,access,0,0,,0
s12083729114,n3889161871,road,5.71,plain,access,1,access,0,0,,0
s12083729115,n3889161871,road,7.37,plain,access,1,access,0,0,,0
s12084034571,n3889160713,road,5.2,plain,access,1,access,0,0,,0
s12084034572,n3889160713,road,5.59,plain,access,1,access,0,0,,0
s12084034573,n3889160713,road,4.87,plain,access,1,access,0,0,,0
s12096936527,n3889161384,road,3.0,plain,access,1,access,0,0,,0
s12096936528,n3889161384,road,2.08,plain,access,1,access,0,0,,0
s12096936534,n3889161384,road,2.03,plain,access,1,access,0,0,,0
s12115782772,n1722857700,road,2.97,plain,access,1,access,0,0,,0
s12115782780,n6229200943,road,2.34,plain,access,1,access,0,0,,0
s12116423924,n11515932609,road,3.08,plain,access,1,access,0,0,,0
s12119048588,n245727350,road,6.58,plain,access,1,access,0,0,,0
s12119062602,n245727350,road,5.81,plain,access,1,access,0,0,,0
s12119062635,n245727350,road,7.21,plain,access,1,access,0,0,,0
s12149550369,n1722857719,road,3.43,plain,access,1,access,0,0,,0
s12149818034,n6229200943,road,2.5,plain,access,1,access,0,0,,0
s12149818036,n1722857719,road,4.56,plain,access,1,access,0,0,,0
s12150582224,n569067293,road,2.76,plain,access,1,access,0,0,,0
s12154211663,n11515932609,road,3.53,plain,access,1,access,0,0,,0
s12154211678,n11515932609,road,4.18,plain,access,1,access,0,0,,0
s12162532686,n1621474344,road,5.23,plain,access,1,access,0,0,,0
s12162534726,n1621474344,road,2.54,plain,access,1,access,0,0,,0
s12170872558,n2084597301,road,7.59,plain,access,1,access,0,0,,0
s12170898600,n1621474344,road,6.79,plain,access,1,access,0,0,,0
s12178834031,n569067293,road,3.1,plain,access,1,access,0,0,,0
s12187185176,n569067293,road,12.34,plain,access,1,access,0,0,,0
s12187185313,n1722857858,road,17.03,plain,access,1,access,0,0,,0
s12187185314,n3888961097,road,13.07,plain,access,1,access,0,0,,0
s12187185315,n3888961097,road,12.59,plain,access,1,access,0,0,,0
s12187185324,n3888961097,road,10.47,plain,access,1,access,0,0,,0
s12187185370,n3888961097,road,11.05,plain,access,1,access,0,0,,0
s12187185570,n2084692474,road,2.51,plain,access,1,access,0,0,,0
s12187250258,n2084692474,road,3.62,plain,access,1,access,0,0,,0
s12187276598,n569041577,road,7.4,plain,access,1,access,0,0,,0
s12205922874,n245729336,road,16.26,plain,access,1,access,0,0,,0
s12205922875,n245729336,road,16.6,plain,access,1,access,0,0,,0
s12219007695,n569052549,road,3.66,plain,access,1,access,0,0,,0
s12219007696,n569052549,road,3.19,plain,access,1,access,0,0,,0
s12219048436,n569067389,road,3.09,plain,access,1,access,0,0,,0
s12219142844,n569041577,road,8.79,plain,access,1,access,0,0,,0
s12222698710,n2084663102,road,2.9,plain,access,1,access,0,0,,0
s12230182383,n3888045423,road,2.96,plain,access,1,access,0,0,,0
s12329641076,n1621474344,road,6.65,plain,access,1,access,0,0,,0
s12338281900,n569050246,road,3.17,plain,access,1,access,0,0,,0
s12339415447,n1621474344,road,7.04,plain,access,1,access,0,0,,0
s12343835722,n1621474344,road,5.09,plain,access,1,access,0,0,,0
s12346230220,n2084597301,road,4.63,plain,access,1,access,0,0,,0
s12346230233,n2084597301,road,5.88,plain,access,1,access,0,0,,0
s12346230290,n2084597301,road,5.97,plain,access,1,access,0,0,,0
s12347713952,n569050220,road,5.55,plain,access,1,access,0,0,,0
s12349615444,n1621474344,road,3.19,plain,access,1,access,0,0,,0
s12349615458,n1621474344,road,4.64,plain,access,1,access,0,0,,0
s12349615459,n1621474344,road,5.3,plain,access,1,access,0,0,,0
s12349624211,n1621474344,road,2.97,plain,access,1,access,0,0,,0
s12349624212,n1621474344,road,3.11,plain,access,1,access,0,0,,0
s12363196005,n569050246,road,6.55,plain,access,1,access,0,0,,0
s12363196028,n569050246,road,5.81,plain,access,1,access,0,0,,0
s12363196029,n569050246,road,6.73,plain,access,1,access,0,0,,0
s12363196034,n569050246,road,4.54,plain,access,1,access,0,0,,0
s12363196035,n569050246,road,3.33,plain,access,1,access,0,0,,0
s12363196036,n569050246,road,2.39,plain,access,1,access,0,0,,0
s12363196037,n569050246,road,2.15,plain,access,1,access,0,0,,0
s12368519685,n2455487817,road,5.81,plain,access,1,access,0,0,,0
s12372569078,n569050220,road,4.6,plain,access,1,access,0,0,,0
s12380695921,n2084597292,road,2.17,plain,access,1,access,0,0,,0
s12387235357,n2084597265,road,5.71,plain,access,1,access,0,0,,0
s12387366326,n2084597259,road,3.11,plain,access,1,access,0,0,,0
s12388332860,n2084597259,road,2.72,plain,access,1,access,0,0,,0
s12389010633,n2084597284,road,2.67,plain,access,1,access,0,0,,0
s12389131484,n2455547583,road,10.71,plain,access,1,access,0,0,,0
s12389187261,n9726664499,road,15.65,plain,access,1,access,0,0,,0
s12389187262,n9726664499,road,13.09,plain,access,1,access,0,0,,0
s12389199234,n9726664499,road,8.33,plain,access,1,access,0,0,,0
s12389261809,n2498697992,road,6.28,plain,access,1,access,0,0,,0
s12391620974,n2084597301,road,6.97,plain,access,1,access,0,0,,0
s12395672817,n1621474344,road,5.68,plain,access,1,access,0,0,,0
s12396486729,n569050246,road,7.67,plain,access,1,access,0,0,,0
s12396926967,n569050220,road,2.74,plain,access,1,access,0,0,,0
s12398953804,n12784879794,road,3.11,plain,access,1,access,0,0,,0
s12399027058,n2084597301,road,6.48,plain,access,1,access,0,0,,0
s12399035388,n2084597301,road,6.78,plain,access,1,access,0,0,,0
s12399035389,n2084597301,road,6.02,plain,access,1,access,0,0,,0
s12421587398,n2084597038,road,17.47,plain,access,1,access,0,0,,0
s12421587399,n2084597038,road,17.8,plain,access,1,access,0,0,,0
s12421587400,n2084597038,road,18.89,plain,access,1,access,0,0,,0
s12423564144,n2455737612,road,2.8,plain,access,1,access,0,0,,0
s12440447900,n2455737612,road,2.25,plain,access,1,access,0,0,,0
s12462716586,n1848136381,road,2.65,plain,access,1,access,0,0,,0
s12469775929,n245727350,road,2.13,plain,access,1,access,0,0,,0
s12469775975,n1848136381,road,5.39,plain,access,1,access,0,0,,0
s12469775976,n1848136381,road,5.0,plain,access,1,access,0,0,,0
s12469790708,n1848136383,road,6.71,plain,access,1,access,0,0,,0
s12469844140,n1848136383,road,7.67,plain,access,1,access,0,0,,0
s12469844141,n1848136383,road,6.53,plain,access,1,access,0,0,,0
s12472007230,n3889161638,road,8.59,plain,access,1,access,0,0,,0
s12472012329,n1848136383,road,5.58,plain,access,1,access,0,0,,0
s12473272642,n1848136381,road,4.11,plain,access,1,access,0,0,,0
s12473296802,n1848136381,road,3.37,plain,access,1,access,0,0,,0
s12473296805,n1848136381,road,2.17,plain,access,1,access,0,0,,0
s12473296816,n1848136383,road,7.5,plain,access,1,access,0,0,,0
s12473296930,n1848136381,road,2.9,plain,access,1,access,0,0,,0
s12473296932,n9602451390,road,3.44,plain,access,1,access,0,0,,0
s12473296933,n9602451390,road,2.81,plain,access,1,access,0,0,,0
s12474552136,n9602451390,road,3.51,plain,access,1,access,0,0,,0
s12479293577,n1848136381,road,2.19,plain,access,1,access,0,0,,0
s12479502664,n1848136926,road,10.18,plain,access,1,access,0,0,,0
s12479502668,n1848136383,road,3.82,plain,access,1,access,0,0,,0
s12479519675,n1848136381,road,5.94,plain,access,1,access,0,0,,0
s12513153821,CCP,road,3.76,plain,access,1,access,0,0,,0
s12513153822,CCP,road,3.64,plain,access,1,access,0,0,,0
s12626604280,n3889161132,road,4.12,plain,access,1,access,0,0,,0
s12705309086,n13525786506,road,11.14,plain,access,1,access,0,0,,0
s12705576113,n7596494192,road,21.39,plain,access,1,access,0,0,,0
s12705662124,n6341037283,road,4.55,plain,access,1,access,0,0,,0
s12705662125,n6341037283,road,4.27,plain,access,1,access,0,0,,0
s12705662126,n2501001558,road,5.26,plain,access,1,access,0,0,,0
s12705662127,n2501001558,road,5.73,plain,access,1,access,0,0,,0
s12705662128,n2501001558,road,5.0,plain,access,1,access,0,0,,0
s12705662129,n2501001558,road,5.8,plain,access,1,access,0,0,,0
s12705662130,n2501001537,road,8.4,plain,access,1,access,0,0,,0
s12705662131,n2501001537,road,13.52,plain,access,1,access,0,0,,0
s12705662132,n2501001540,road,16.31,plain,access,1,access,0,0,,0
s12705662133,n7596494192,road,21.66,plain,access,1,access,0,0,,0
s12705662139,n7596494192,road,20.95,plain,access,1,access,0,0,,0
s12708576217,n245722110,road,4.29,plain,access,1,access,0,0,,0
s12708576218,n245722110,road,3.74,plain,access,1,access,0,0,,0
s12709538203,n7596494192,road,13.06,plain,access,1,access,0,0,,0
s12709538204,n7596494192,road,12.18,plain,access,1,access,0,0,,0
s12714019297,n7596494192,road,7.52,plain,access,1,access,0,0,,0
s12714023315,n7596494192,road,8.47,plain,access,1,access,0,0,,0
s12720551275,n3889161132,road,9.75,plain,access,1,access,0,0,,0
s12720551276,n3889161132,road,10.41,plain,access,1,access,0,0,,0
s12720551286,n1848136381,road,10.67,plain,access,1,access,0,0,,0
s12720551287,n3889161384,road,10.83,plain,access,1,access,0,0,,0
s12723897088,n3889161391,road,2.45,plain,access,1,access,0,0,,0
s12723897089,n3889161391,road,3.25,plain,access,1,access,0,0,,0
s12723897099,n3889161391,road,7.46,plain,access,1,access,0,0,,0
s12723909803,n3889161391,road,6.68,plain,access,1,access,0,0,,0
s12723909804,n569067293,road,6.12,plain,access,1,access,0,0,,0
s12723909824,n569067293,road,9.46,plain,access,1,access,0,0,,0
s12723909825,n569067389,road,6.89,plain,access,1,access,0,0,,0
s12735406494,n11515932609,road,2.16,plain,access,1,access,0,0,,0
s12735406496,n11515932609,road,2.37,plain,access,1,access,0,0,,0
s12745033491,CCP,road,2.71,plain,access,1,access,0,0,,0
s12778371935,n569067433,road,2.07,plain,access,1,access,0,0,,0
s12784837282,n12195811774,road,23.73,plain,access,1,access,0,0,,0
s12784884823,n2498698504,road,18.09,plain,access,1,access,0,0,,0
s12784884824,n2498698504,road,10.73,plain,access,1,access,0,0,,0
s12784887036,n2498698504,road,6.64,plain,access,1,access,0,0,,0
s12784887037,n2498698504,road,7.94,plain,access,1,access,0,0,,0
s12785519722,n12195811774,road,24.03,plain,access,1,access,0,0,,0
s12785519852,n2498698504,road,23.98,plain,access,1,access,0,0,,0
s12785768965,n2081966213,road,7.59,plain,access,1,access,0,0,,0
s12785768966,n2081966213,road,10.7,plain,access,1,access,0,0,,0
s12785768967,n2081966213,road,17.42,plain,access,1,access,0,0,,0
s12785768968,n245730421,road,22.1,plain,access,1,access,0,0,,0
s12785781077,n3888958471,road,16.72,plain,access,1,access,0,0,,0
s12785781078,n3888958471,road,16.11,plain,access,1,access,0,0,,0
s12785781079,n3888958471,road,15.88,plain,access,1,access,0,0,,0
s12785832782,n2081966213,road,3.65,plain,access,1,access,0,0,,0
s12794974059,n2455737612,road,3.35,plain,access,1,access,0,0,,0
s12794974060,n2455737612,road,3.54,plain,access,1,access,0,0,,0
s12794974061,n2455737612,road,3.8,plain,access,1,access,0,0,,0
s12795207772,n2455737612,road,4.14,plain,access,1,access,0,0,,0
s12795207773,n2455737612,road,4.23,plain,access,1,access,0,0,,0
s12795207774,n2455737612,road,2.93,plain,access,1,access,0,0,,0
s12795926751,n2455737612,road,4.81,plain,access,1,access,0,0,,0
s12795926756,n2455737612,road,4.73,plain,access,1,access,0,0,,0
s12795926759,n2455737612,road,5.44,plain,access,1,access,0,0,,0
s12795926760,n2455737612,road,5.04,plain,access,1,access,0,0,,0
s12795926766,n2455737612,road,3.54,plain,access,1,access,0,0,,0
s12795926767,n2455737612,road,2.79,plain,access,1,access,0,0,,0
s12795926773,n2455737612,road,4.71,plain,access,1,access,0,0,,0
s12795926777,n2455737612,road,2.97,plain,access,1,access,0,0,,0
s12795926779,n245722676,road,4.39,plain,access,1,access,0,0,,0
s12795926780,n569040920,road,5.84,plain,access,1,access,0,0,,0
s12795926792,n245722676,road,5.35,plain,access,1,access,0,0,,0
s12795926793,n245722195,road,4.41,plain,access,1,access,0,0,,0
s12795926794,n245722195,road,3.16,plain,access,1,access,0,0,,0
s12795926799,n245722195,road,5.41,plain,access,1,access,0,0,,0
s12797892586,n5076864949,road,6.24,plain,access,1,access,0,0,,0
s12797892587,n5076864949,road,6.6,plain,access,1,access,0,0,,0
s12797892590,n245722195,road,6.08,plain,access,1,access,0,0,,0
s12797892591,n245722195,road,5.59,plain,access,1,access,0,0,,0
s12797899333,n245722195,road,4.3,plain,access,1,access,0,0,,0
s12797899334,n245722195,road,3.29,plain,access,1,access,0,0,,0
s12797899335,n245722195,road,2.61,plain,access,1,access,0,0,,0
s12797899336,n245722195,road,2.99,plain,access,1,access,0,0,,0
s12797899337,n245722195,road,3.54,plain,access,1,access,0,0,,0
s12798011187,n245722195,road,5.22,plain,access,1,access,0,0,,0
s12798011188,n5076864949,road,7.24,plain,access,1,access,0,0,,0
s12798011189,n5076864949,road,6.69,plain,access,1,access,0,0,,0
s12798011190,n5076864949,road,4.0,plain,access,1,access,0,0,,0
s12798011191,n5076864949,road,4.46,plain,access,1,access,0,0,,0
s12798011192,n5076864949,road,5.2,plain,access,1,access,0,0,,0
s12798011193,n5076864949,road,4.43,plain,access,1,access,0,0,,0
s12798011195,n5076864949,road,5.5,plain,access,1,access,0,0,,0
s12801159317,n5541781882,road,2.13,plain,access,1,access,0,0,,0
s12801338980,n7596494192,road,6.24,plain,access,1,access,0,0,,0
s12842950026,n2498698504,road,13.64,plain,access,1,access,0,0,,0
s12846931566,n2498698504,road,5.46,plain,access,1,access,0,0,,0
s12846931567,n2498698504,road,4.86,plain,access,1,access,0,0,,0
s12847455282,n3888958471,road,17.0,plain,access,1,access,0,0,,0
s12847455466,n245729336,road,17.87,plain,access,1,access,0,0,,0
s12847455467,n245729336,road,17.81,plain,access,1,access,0,0,,0
s12847455468,n3888958164,road,16.75,plain,access,1,access,0,0,,0
s12847455469,n245729336,road,17.05,plain,access,1,access,0,0,,0
s12847456251,n245729336,road,12.64,plain,access,1,access,0,0,,0
s12847573256,n245729336,road,16.03,plain,access,1,access,0,0,,0
s12856428314,n569052341,road,3.29,plain,access,1,access,0,0,,0
s12856428315,n569052341,road,5.49,plain,access,1,access,0,0,,0
s12859744299,n3888958471,road,8.12,plain,access,1,access,0,0,,0
s12859745880,n3888958471,road,4.19,plain,access,1,access,0,0,,0
s12859746429,n3888958731,road,2.55,plain,access,1,access,0,0,,0
s12859747670,n2084663528,road,10.6,plain,access,1,access,0,0,,0
s12859748605,n3888958471,road,13.27,plain,access,1,access,0,0,,0
s12861486041,n3888961097,road,4.83,plain,access,1,access,0,0,,0
s12861551206,n245729336,road,6.08,plain,access,1,access,0,0,,0
s12873111837,n2501058981,road,17.94,plain,access,1,access,0,0,,0
s12944253040,n3888962898,road,14.82,plain,access,1,access,0,0,,0
s12944253307,n2084663520,road,10.58,plain,access,1,access,0,0,,0
s12944253716,n6251548682,road,17.03,plain,access,1,access,0,0,,0
s12944253717,n6251548682,road,18.13,plain,access,1,access,0,0,,0
s12944388468,n3888964118,road,5.52,plain,access,1,access,0,0,,0
s12944388469,n3888964118,road,6.54,plain,access,1,access,0,0,,0
s12944388472,n3888962898,road,3.3,plain,access,1,access,0,0,,0
s12944388473,n3888962898,road,2.53,plain,access,1,access,0,0,,0
s12944388474,n3888962898,road,2.64,plain,access,1,access,0,0,,0
s12944388476,n3888964118,road,5.86,plain,access,1,access,0,0,,0
s12944388477,n3888964118,road,4.33,plain,access,1,access,0,0,,0
s12944388478,n3888964118,road,3.34,plain,access,1,access,0,0,,0
s12944388479,n3888964118,road,5.1,plain,access,1,access,0,0,,0
s12944388480,n3888964118,road,5.56,plain,access,1,access,0,0,,0
s12954505164,n7596494192,road,2.13,plain,access,1,access,0,0,,0
s12954505165,n7596494192,road,4.61,plain,access,1,access,0,0,,0
s12956742314,n5541781882,road,2.6,plain,access,1,access,0,0,,0
s12956811935,n5076864949,road,3.56,plain,access,1,access,0,0,,0
s12956811936,n5076864949,road,3.29,plain,access,1,access,0,0,,0
s12956811938,n5076864949,road,3.32,plain,access,1,access,0,0,,0
s12961199034,n569053406,road,11.17,plain,access,1,access,0,0,,0
s12961215139,n569053406,road,11.09,plain,access,1,access,0,0,,0
s12961215140,n569053406,road,11.13,plain,access,1,access,0,0,,0
s12961215141,n569053406,road,10.9,plain,access,1,access,0,0,,0
s12961215142,n569053406,road,13.99,plain,access,1,access,0,0,,0
s12961215143,n3888958731,road,14.65,plain,access,1,access,0,0,,0
s12961215145,n3888958731,road,13.59,plain,access,1,access,0,0,,0
s12961215146,n3888958731,road,14.15,plain,access,1,access,0,0,,0
s12961215147,n3888958731,road,13.98,plain,access,1,access,0,0,,0
s12961228249,n3888958731,road,11.09,plain,access,1,access,0,0,,0
s12961286924,n3888958164,road,5.18,plain,access,1,access,0,0,,0
s12964496467,n245719758,road,5.66,plain,access,1,access,0,0,,0
s12964496468,n245719758,road,5.63,plain,access,1,access,0,0,,0
s12971851081,n2084663520,road,2.6,plain,access,1,access,0,0,,0
s12976078950,n3889161384,road,3.69,plain,access,1,access,0,0,,0
s12976078951,n3889161384,road,5.11,plain,access,1,access,0,0,,0
s12978049571,n3889161132,road,5.34,plain,access,1,access,0,0,,0
s12978049572,n3889161384,road,5.59,plain,access,1,access,0,0,,0
s12978049573,n3889161132,road,3.04,plain,access,1,access,0,0,,0
s12978049574,n3889161132,road,4.27,plain,access,1,access,0,0,,0
s12978049575,n3889161384,road,5.02,plain,access,1,access,0,0,,0
s12978318378,n3889161494,road,4.07,plain,access,1,access,0,0,,0
s12978318379,n3889161494,road,3.81,plain,access,1,access,0,0,,0
s12978318380,n3889161494,road,3.39,plain,access,1,access,0,0,,0
s12988719174,n3889161494,road,2.34,plain,access,1,access,0,0,,0
s13004689069,n3889161871,road,2.11,plain,access,1,access,0,0,,0
s13004689070,n3889161871,road,2.23,plain,access,1,access,0,0,,0
s13007507206,n245719758,road,14.31,plain,access,1,access,0,0,,0
s13007507207,n13525786506,road,12.49,plain,access,1,access,0,0,,0
s13007507209,n245719758,road,6.99,plain,access,1,access,0,0,,0
s13014467132,n569052549,road,7.7,plain,access,1,access,0,0,,0
s13014467144,n569052549,road,2.24,plain,access,1,access,0,0,,0
s13014467152,n569052549,road,4.15,plain,access,1,access,0,0,,0
s13014467153,n569052549,road,4.49,plain,access,1,access,0,0,,0
s13014467154,n569052549,road,5.45,plain,access,1,access,0,0,,0
s13014467169,n569052549,road,4.9,plain,access,1,access,0,0,,0
s13014472544,n569052549,road,9.63,plain,access,1,access,0,0,,0
s13014472546,n569041691,road,8.87,plain,access,1,access,0,0,,0
s13014472560,n569041691,road,9.2,plain,access,1,access,0,0,,0
s13014472562,n569041577,road,8.21,plain,access,1,access,0,0,,0
s13014472565,n569052549,road,2.58,plain,access,1,access,0,0,,0
s13014472855,n569041577,road,4.88,plain,access,1,access,0,0,,0
s13014472858,n2455737681,road,5.73,plain,access,1,access,0,0,,0
s13014472883,n569040825,road,6.18,plain,access,1,access,0,0,,0
s13014472884,n569040825,road,6.99,plain,access,1,access,0,0,,0
s13015593683,n569052549,road,4.52,plain,access,1,access,0,0,,0
s13015595488,n569052549,road,6.04,plain,access,1,access,0,0,,0
s13015630552,n569052549,road,5.68,plain,access,1,access,0,0,,0
s13015909231,n2455737612,road,5.12,plain,access,1,access,0,0,,0
s13015909232,n2455737612,road,4.67,plain,access,1,access,0,0,,0
s13015909233,n2455737612,road,6.36,plain,access,1,access,0,0,,0
s13015909234,n2455737612,road,3.41,plain,access,1,access,0,0,,0
s13015923602,n569040825,road,16.07,plain,access,1,access,0,0,,0
s13015923766,n2084692480,road,8.52,plain,access,1,access,0,0,,0
s13015923767,n2084692480,road,9.42,plain,access,1,access,0,0,,0
s13015923768,n2084692485,road,6.41,plain,access,1,access,0,0,,0
s13015923778,n2084692485,road,6.66,plain,access,1,access,0,0,,0
s13015923779,n2084692485,road,2.31,plain,access,1,access,0,0,,0
s13015923891,n2084692480,road,6.18,plain,access,1,access,0,0,,0
s13015923899,n2084692480,road,5.6,plain,access,1,access,0,0,,0
s13015923900,n2084692480,road,5.17,plain,access,1,access,0,0,,0
s13015923902,n2084692480,road,4.63,plain,access,1,access,0,0,,0
s13015923905,n2084692480,road,5.45,plain,access,1,access,0,0,,0
s13015923918,n2084692474,road,6.03,plain,access,1,access,0,0,,0
s13016191638,n2084692485,road,4.23,plain,access,1,access,0,0,,0
s13016329544,n569053462,road,8.24,plain,access,1,access,0,0,,0
s13016467510,n2084692480,road,2.48,plain,access,1,access,0,0,,0
s13016467661,n569053565,road,3.46,plain,access,1,access,0,0,,0
s13016467742,n1722857778,road,2.84,plain,access,1,access,0,0,,0
s13016560988,n11515932609,road,11.4,plain,access,1,access,0,0,,0
s13019460493,n569067293,road,2.05,plain,access,1,access,0,0,,0
s13019470521,n569067293,road,2.56,plain,access,1,access,0,0,,0
s13019792521,n569067433,road,3.57,plain,access,1,access,0,0,,0
s13019792522,n569067389,road,5.19,plain,access,1,access,0,0,,0
s13026728853,n2455649793,road,3.25,plain,access,1,access,0,0,,0
s13026892832,n569052549,road,2.71,plain,access,1,access,0,0,,0
s13026892850,n569052549,road,3.62,plain,access,1,access,0,0,,0
s13027256508,n245721789,road,11.11,plain,access,1,access,0,0,,0
s13027256511,n569041577,road,2.18,plain,access,1,access,0,0,,0
s13027263543,n569041437,road,4.79,plain,access,1,access,0,0,,0
s13027263544,n2084692480,road,7.6,plain,access,1,access,0,0,,0
s13027263617,n2455737681,road,12.21,plain,access,1,access,0,0,,0
s13028137608,n2455737681,road,9.28,plain,access,1,access,0,0,,0
s13030215428,n569052538,road,5.3,plain,access,1,access,0,0,,0
s13030215483,n2455737681,road,4.11,plain,access,1,access,0,0,,0
s13030215484,n2455737681,road,4.48,plain,access,1,access,0,0,,0
s13030215538,n569041437,road,5.38,plain,access,1,access,0,0,,0
s13030215540,n2455737681,road,4.15,plain,access,1,access,0,0,,0
s13030215671,n569041437,road,4.59,plain,access,1,access,0,0,,0
s13030215672,n569041437,road,4.35,plain,access,1,access,0,0,,0
s13030215704,n569040825,road,7.71,plain,access,1,access,0,0,,0
s13030215714,n569040825,road,7.02,plain,access,1,access,0,0,,0
s13030437406,n569040825,road,8.72,plain,access,1,access,0,0,,0
s13030520978,n569040825,road,7.7,plain,access,1,access,0,0,,0
s13030520979,n569040825,road,7.16,plain,access,1,access,0,0,,0
s13030520980,n569040825,road,7.26,plain,access,1,access,0,0,,0
s13036810537,n12787421551,road,4.19,plain,access,1,access,0,0,,0
s13058761558,n245719758,road,5.77,plain,access,1,access,0,0,,0
s13062000961,n2455649793,road,10.83,plain,access,1,access,0,0,,0
s13062001083,n2455649793,road,8.01,plain,access,1,access,0,0,,0
s13063802231,n9726664499,road,18.27,plain,access,1,access,0,0,,0
s13063813652,n9726664499,road,8.5,plain,access,1,access,0,0,,0
s13063813653,n9726664499,road,2.24,plain,access,1,access,0,0,,0
s13063883935,n9726664499,road,15.81,plain,access,1,access,0,0,,0
s13063883936,n2455547583,road,22.26,plain,access,1,access,0,0,,0
s13136702827,n569052549,road,3.98,plain,access,1,access,0,0,,0
s13136917468,n569052549,road,5.55,plain,access,1,access,0,0,,0
s13136917473,n1722857700,road,5.17,plain,access,1,access,0,0,,0
s13136917476,n1722857700,road,5.56,plain,access,1,access,0,0,,0
s13175815989,n2455737612,road,4.46,plain,access,1,access,0,0,,0
s13175845253,n2455737612,road,4.49,plain,access,1,access,0,0,,0
s13185815339,n9603015276,road,2.38,plain,access,1,access,0,0,,0
s13186365554,n569067293,road,5.18,plain,access,1,access,0,0,,0
s13186365562,n569067293,road,4.8,plain,access,1,access,0,0,,0
s13186365577,n569067235,road,4.25,plain,access,1,access,0,0,,0
s13186528669,n1848137043,road,11.94,plain,access,1,access,0,0,,0
s13186528671,n1722857700,road,7.46,plain,access,1,access,0,0,,0
s13186649016,n569067293,road,5.82,plain,access,1,access,0,0,,0
s13186649017,n569067293,road,6.91,plain,access,1,access,0,0,,0
s13186649019,n569067235,road,2.7,plain,access,1,access,0,0,,0
s13190865577,n2455737612,road,6.43,plain,access,1,access,0,0,,0
s13190865578,n2455737612,road,6.02,plain,access,1,access,0,0,,0
s13190865592,n569040825,road,5.99,plain,access,1,access,0,0,,0
s13190881001,n569040825,road,7.04,plain,access,1,access,0,0,,0
s13205535698,n3888961097,road,3.32,plain,access,1,access,0,0,,0
s13205568424,n3888961097,road,5.72,plain,access,1,access,0,0,,0
s13205568427,n3888961097,road,12.42,plain,access,1,access,0,0,,0
s13205568428,n3888961097,road,7.88,plain,access,1,access,0,0,,0
s13205568429,n3888961097,road,6.25,plain,access,1,access,0,0,,0
s13205568430,n3888961097,road,6.69,plain,access,1,access,0,0,,0
s13205568431,n3888961097,road,10.47,plain,access,1,access,0,0,,0
s13250685907,n9603015276,road,4.71,plain,access,1,access,0,0,,0
s13250685908,IMP,road,2.3,plain,access,1,access,0,0,,0
s13263860989,n6237092078,road,3.56,plain,access,1,access,0,0,,0
s13264959827,n569052341,road,2.51,plain,access,1,access,0,0,,0
s13274036744,n569053406,road,12.86,plain,access,1,access,0,0,,0
s13274427988,n6229200943,road,11.79,plain,access,1,access,0,0,,0
s13275554639,n245721789,road,19.68,plain,access,1,access,0,0,,0
s13275554640,n245721789,road,20.38,plain,access,1,access,0,0,,0
s13275554650,n245721789,road,18.82,plain,access,1,access,0,0,,0
s13275554651,n245721789,road,16.5,plain,access,1,access,0,0,,0
s13275554664,n6237093988,road,14.81,plain,access,1,access,0,0,,0
s13275554665,n2084692489,road,17.61,plain,access,1,access,0,0,,0
s13275554671,n245721789,road,15.12,plain,access,1,access,0,0,,0
s13275554674,n245721789,road,13.72,plain,access,1,access,0,0,,0
s13275554680,n245721789,road,10.53,plain,access,1,access,0,0,,0
s13275554686,n245721789,road,11.89,plain,access,1,access,0,0,,0
s13275554878,n245721789,road,6.71,plain,access,1,access,0,0,,0
s13275554893,n245721789,road,8.91,plain,access,1,access,0,0,,0
s13275554903,n245721789,road,9.18,plain,access,1,access,0,0,,0
s13275778502,n2084597038,road,16.96,plain,access,1,access,0,0,,0
s13275778674,n245721789,road,4.29,plain,access,1,access,0,0,,0
s13275778675,n245721789,road,9.34,plain,access,1,access,0,0,,0
s13275778682,n245721789,road,7.89,plain,access,1,access,0,0,,0
s13275945799,n245721789,road,11.32,plain,access,1,access,0,0,,0
s13279813440,n6237093988,road,22.45,plain,access,1,access,0,0,,0
s13279813573,n2084692489,road,15.95,plain,access,1,access,0,0,,0
s13281236111,n6237093988,road,15.94,plain,access,1,access,0,0,,0
s13281236118,n6237092078,road,11.35,plain,access,1,access,0,0,,0
s13281236120,n2084597038,road,17.86,plain,access,1,access,0,0,,0
s13281236163,n2084597038,road,16.04,plain,access,1,access,0,0,,0
s13281236192,n2084597038,road,12.74,plain,access,1,access,0,0,,0
s13282216509,n3889161494,road,2.36,plain,access,1,access,0,0,,0
s13282216510,n3889161871,road,2.99,plain,access,1,access,0,0,,0
s13282216511,n3889161494,road,3.33,plain,access,1,access,0,0,,0
s13282216512,n3889161494,road,3.67,plain,access,1,access,0,0,,0
s13282216576,n3889161871,road,6.77,plain,access,1,access,0,0,,0
s13283628640,n3889161473,road,4.12,plain,access,1,access,0,0,,0
s13283628643,n3889161473,road,5.53,plain,access,1,access,0,0,,0
s13286094822,n569067389,road,2.4,plain,access,1,access,0,0,,0
s13286094901,n569067389,road,4.2,plain,access,1,access,0,0,,0
s13286309906,n569067389,road,2.4,plain,access,1,access,0,0,,0
s13287043028,n569067235,road,4.27,plain,access,1,access,0,0,,0
s13287043029,n569067215,road,3.65,plain,access,1,access,0,0,,0
s13287043031,n3889161090,road,2.19,plain,access,1,access,0,0,,0
s13287995983,n569067433,road,5.61,plain,access,1,access,0,0,,0
s13287995984,n569067433,road,5.52,plain,access,1,access,0,0,,0
s13288674384,n569040825,road,6.69,plain,access,1,access,0,0,,0
s13288674385,n569040825,road,6.47,plain,access,1,access,0,0,,0
s13288674386,n2455737612,road,6.27,plain,access,1,access,0,0,,0
s13288674387,n2455737612,road,4.57,plain,access,1,access,0,0,,0
s13288674388,n2455737612,road,4.52,plain,access,1,access,0,0,,0
s13289693594,n3889161090,road,2.42,plain,access,1,access,0,0,,0
s13289742501,n3889161384,road,6.19,plain,access,1,access,0,0,,0
s13289894503,n3889161132,road,3.89,plain,access,1,access,0,0,,0
s13289894508,n3889161132,road,4.96,plain,access,1,access,0,0,,0
s13289894510,n9673980884,road,4.25,plain,access,1,access,0,0,,0
s13290637505,n2455737612,road,3.37,plain,access,1,access,0,0,,0
s13290637580,n2455737612,road,3.13,plain,access,1,access,0,0,,0
s13299241591,n3889161638,road,5.68,plain,access,1,access,0,0,,0
s13299241601,n3889161638,road,9.88,plain,access,1,access,0,0,,0
s13299241604,n1848136383,road,10.54,plain,access,1,access,0,0,,0
s13299241627,n1848136383,road,8.41,plain,access,1,access,0,0,,0
s13299241643,n3889161871,road,6.4,plain,access,1,access,0,0,,0
s13299241655,n3889161871,road,6.21,plain,access,1,access,0,0,,0
s13311753826,n11515932609,road,17.77,plain,access,1,access,0,0,,0
s13317712603,n6237093988,road,14.97,plain,access,1,access,0,0,,0
s13317712609,n6237092078,road,22.0,plain,access,1,access,0,0,,0
s13317712614,n6237092078,road,16.32,plain,access,1,access,0,0,,0
s13317712615,n6237092078,road,7.92,plain,access,1,access,0,0,,0
s13317712629,n6237093988,road,11.53,plain,access,1,access,0,0,,0
s13317712634,n6237093988,road,12.35,plain,access,1,access,0,0,,0
s13317712636,n6237093988,road,13.72,plain,access,1,access,0,0,,0
s13317712922,n6237093988,road,9.88,plain,access,1,access,0,0,,0
s13329382439,n3889161384,road,2.29,plain,access,1,access,0,0,,0
s13332451483,n1722857685,road,3.54,plain,access,1,access,0,0,,0
s13337063745,n3889161494,road,2.71,plain,access,1,access,0,0,,0
s13337070111,n3889161871,road,2.8,plain,access,1,access,0,0,,0
s13354275545,n569052549,road,7.83,plain,access,1,access,0,0,,0
s13356242964,n569041691,road,5.38,plain,access,1,access,0,0,,0
s13356366324,n569052549,road,8.73,plain,access,1,access,0,0,,0
s13358446865,n569052549,road,7.16,plain,access,1,access,0,0,,0
s13359898006,n2084663102,road,5.22,plain,access,1,access,0,0,,0
s13359988649,n2084663102,road,6.75,plain,access,1,access,0,0,,0
s13364471797,n2501001537,road,2.94,plain,access,1,access,0,0,,0
s13364662438,n2501001558,road,2.61,plain,access,1,access,0,0,,0
s13364662439,n2501001558,road,2.54,plain,access,1,access,0,0,,0
s13364662440,n2501001558,road,2.08,plain,access,1,access,0,0,,0
s13364662441,n2501001558,road,2.13,plain,access,1,access,0,0,,0
s13364662442,n2501001558,road,2.79,plain,access,1,access,0,0,,0
s13367909052,n2455737681,road,8.01,plain,access,1,access,0,0,,0
s13370683759,n5076864949,road,3.57,plain,access,1,access,0,0,,0
s13373028555,n7596494192,road,25.97,plain,access,1,access,0,0,,0
s13373028572,n7596494192,road,22.93,plain,access,1,access,0,0,,0
s13375126863,n569041691,road,11.29,plain,access,1,access,0,0,,0
s13375741049,n569041691,road,3.88,plain,access,1,access,0,0,,0
s13375741067,n569041691,road,4.74,plain,access,1,access,0,0,,0
s13375741068,n569041691,road,2.77,plain,access,1,access,0,0,,0
s13379076565,n1722857858,road,6.33,plain,access,1,access,0,0,,0
s13383152934,n2455737612,road,2.16,plain,access,1,access,0,0,,0
s13387626108,n245722110,road,2.41,plain,access,1,access,0,0,,0
s13387658725,n245722195,road,6.95,plain,access,1,access,0,0,,0
s13387734064,n3911460009,road,3.64,plain,access,1,access,0,0,,0
s13394219269,n245722195,road,7.61,plain,access,1,access,0,0,,0
s13394219270,n245722195,road,6.41,plain,access,1,access,0,0,,0
s13394219271,n245722195,road,8.05,plain,access,1,access,0,0,,0
s13438036186,n245722110,road,4.65,plain,access,1,access,0,0,,0
s13438043861,n2455737612,road,5.98,plain,access,1,access,0,0,,0
s13438052422,n2455737612,road,6.69,plain,access,1,access,0,0,,0
s13443958836,n245722676,road,3.49,plain,access,1,access,0,0,,0
s13443958837,n2455737612,road,4.24,plain,access,1,access,0,0,,0
s13587535190,n245721789,road,10.16,plain,access,1,access,0,0,,0
s13587535191,n245721789,road,10.74,plain,access,1,access,0,0,,0
s13587535192,n13525786506,road,10.08,plain,access,1,access,0,0,,0
s13587535195,n245721789,road,10.69,plain,access,1,access,0,0,,0
s13590657652,n569040825,road,4.12,plain,access,1,access,0,0,,0
s13590657653,n569040825,road,3.26,plain,access,1,access,0,0,,0
s13590657654,n569040825,road,3.05,plain,access,1,access,0,0,,0
s13590657655,n569040825,road,3.71,plain,access,1,access,0,0,,0
s13590657656,n569040825,road,5.44,plain,access,1,access,0,0,,0
s13590657670,n569040825,road,6.64,plain,access,1,access,0,0,,0
s13590657671,n2455737612,road,7.12,plain,access,1,access,0,0,,0
s13590657672,n2455737612,road,7.01,plain,access,1,access,0,0,,0
s13590657691,n2455737612,road,7.35,plain,access,1,access,0,0,,0
s13593155108,n569040825,road,6.25,plain,access,1,access,0,0,,0
s13593155140,n569040825,road,4.35,plain,access,1,access,0,0,,0
s13620908700,n2455737612,road,6.98,plain,access,1,access,0,0,,0
s13638936947,n2455737612,road,5.21,plain,access,1,access,0,0,,0
s13723913893,n2455737612,road,4.13,plain,access,1,access,0,0,,0
s13723913894,n2455737612,road,4.48,plain,access,1,access,0,0,,0
s13738262194,n7596494192,road,4.79,plain,access,1,access,0,0,,0
s13748887102,n569067442,road,2.78,plain,access,1,access,0,0,,0
s13749164275,n569067515,road,5.21,plain,access,1,access,0,0,,0
s13764468310,n3889161638,road,2.19,plain,access,1,access,0,0,,0
s13764468311,n3889161638,road,2.92,plain,access,1,access,0,0,,0
s13764468328,n3889161638,road,3.77,plain,access,1,access,0,0,,0
s13764737230,n2459029361,road,9.33,plain,access,1,access,0,0,,0
s13764743627,n2459029361,road,7.67,plain,access,1,access,0,0,,0
s13812146049,n3888044073,road,16.64,plain,access,1,access,0,0,,0
s13812146050,n3888044073,road,17.46,plain,access,1,access,0,0,,0
s13812146076,n3888169574,road,7.42,plain,access,1,access,0,0,,0
s13828520652,n6229200943,road,5.37,plain,access,1,access,0,0,,0
s13874380711,n569052549,road,5.51,plain,access,1,access,0,0,,0
s13877760195,n245727350,road,3.96,plain,access,1,access,0,0,,0
s13879258862,n1848136492,road,3.98,plain,access,1,access,0,0,,0
s13888871153,n1848136383,road,2.34,plain,access,1,access,0,0,,0
s13889845797,n2459029135,road,3.04,plain,access,1,access,0,0,,0
s13899903476,n2500948545,road,7.86,plain,access,1,access,0,0,,0
s245725129,n7160576579,road,9.37,plain,access,1,access,0,0,,0
s245731955,n6352911443,road,5.81,plain,access,1,access,0,0,,0
s9649701797,n3888169574,road,8.55,plain,access,1,access,0,0,,0
s9649701830,n7160576579,road,8.83,plain,access,1,access,0,0,,0
s9822651732,n7160576579,road,7.01,plain,access,1,access,0,0,,0
s9822651734,n7160577316,road,10.05,plain,access,1,access,0,0,,0
s9831518376,n7160576579,road,11.02,plain,access,1,access,0,0,,0
s9831518393,n7160576571,road,13.69,plain,access,1,access,0,0,,0
s9952197355,n6352911443,road,10.22,plain,access,1,access,0,0,,0
s9952210833,n2459083045,road,12.64,plain,access,1,access,0,0,,0
s10081235768,n7160576579,road,7.03,plain,access,1,access,0,0,,0
s11554140307,n3889130602,road,17.65,plain,access,1,access,0,0,,0
s11554140326,n7160577316,road,8.05,plain,access,1,access,0,0,,0
s11554140327,n7160577316,road,7.0,plain,access,1,access,0,0,,0
s13812146040,n7160576579,road,6.58,plain,access,1,access,0,0,,0
s13816245044,n3888079319,road,13.25,plain,access,1,access,0,0,,0
s13816269616,n3888079319,road,14.03,plain,access,1,access,0,0,,0
s13816269634,n3888079319,road,17.02,plain,access,1,access,0,0,,0
s13817952182,n3888169574,road,12.97,plain,access,1,access,0,0,,0
s245734491,n6787335619,road,2.83,plain,access,1,access,0,0,,0
s1848134138,n569068450,road,9.16,plain,access,1,access,0,0,,0
s6251548357,n6251548682,road,23.75,plain,access,1,access,0,0,,0
s12944317351,n7939996539,road,17.98,plain,access,1,access,0,0,,0
s12944317369,n3888964118,road,19.91,plain,access,1,access,0,0,,0
s12944317379,n3888964118,road,17.34,plain,access,1,access,0,0,,0
s9956578566,n6359239941,road,5.34,plain,access,1,access,0,0,,0
s10864806334,n6359239941,road,5.65,plain,access,1,access,0,0,,0
s12883065262,n1848137179,road,10.47,plain,access,1,access,0,0,,0
s245729844,n568989657,road,7.55,plain,access,1,access,0,0,,0
s245730713,n4023345939,road,2.11,plain,access,1,access,0,0,,0
s245731637,n568991919,road,10.6,plain,access,1,access,0,0,,0
s245732730,n568986260,road,8.58,plain,access,1,access,0,0,,0
s245732875,n568991919,road,2.98,plain,access,1,access,0,0,,0
s245733093,n4021633568,road,5.22,plain,access,1,access,0,0,,0
s245734988,n3173548322,road,18.55,plain,access,1,access,0,0,,0
s245735667,n3701126643,road,6.59,plain,access,1,access,0,0,,0
s245735780,SHL,road,5.37,plain,access,1,access,0,0,,0
s245736242,n2373378888,road,3.15,plain,access,1,access,0,0,,0
s245736665,n2502011274,road,4.59,plain,access,1,access,0,0,,0
s245737555,n2766374227,road,6.04,plain,access,1,access,0,0,,0
s245737768,n1329757610,road,3.14,plain,access,1,access,0,0,,0
s245738741,n1329758859,road,7.55,plain,access,1,access,0,0,,0
s245739851,n2373380475,road,2.06,plain,access,1,access,0,0,,0
s1262013875,n6251827971,road,5.64,plain,access,1,access,0,0,,0
s1262013973,n4021632042,road,2.54,plain,access,1,access,0,0,,0
s1262014179,n4021626563,road,2.69,plain,access,1,access,0,0,,0
s1262014344,n568992230,road,11.25,plain,access,1,access,0,0,,0
s1262014463,n4022575060,road,7.15,plain,access,1,access,0,0,,0
s1262014635,n568987732,road,9.65,plain,access,1,access,0,0,,0
s1262014743,n2502011971,road,5.38,plain,access,1,access,0,0,,0
s1262014817,n4021625851,road,3.05,plain,access,1,access,0,0,,0
s1262014838,n9049141712,road,6.03,plain,access,1,access,0,0,,0
s1262014939,n3173548322,road,7.72,plain,access,1,access,0,0,,0
s1262015033,n3173566127,road,22.14,plain,access,1,access,0,0,,0
s1262015202,n2882121292,road,13.73,plain,access,1,access,0,0,,0
s1262015226,n568992002,road,3.78,plain,access,1,access,0,0,,0
s1262015418,n568986260,road,3.87,plain,access,1,access,0,0,,0
s1262084462,n4023349249,road,3.81,plain,access,1,access,0,0,,0
s1262084616,n4023351497,road,5.07,plain,access,1,access,0,0,,0
s1262084701,n1811387541,road,3.67,plain,access,1,access,0,0,,0
s1262085093,n3702997049,road,2.63,plain,access,1,access,0,0,,0
s1262085191,n3898035535,road,5.43,plain,access,1,access,0,0,,0
s1262085291,n4123548812,road,13.48,plain,access,1,access,0,0,,0
s1262085444,n1329754933,road,8.2,plain,access,1,access,0,0,,0
s1329752259,n1329758859,road,2.8,plain,access,1,access,0,0,,0
s1329752276,n1329753265,road,3.83,plain,access,1,access,0,0,,0
s3178190161,n568986496,road,8.83,plain,access,1,access,0,0,,0
s3489223621,n245734725,road,4.47,plain,access,1,access,0,0,,0
s3498512460,SHL,road,12.9,plain,access,1,access,0,0,,0
s3498512461,n2035724376,road,9.73,plain,access,1,access,0,0,,0
s3498512462,n2035724376,road,10.99,plain,access,1,access,0,0,,0
s3498528953,SHL,road,10.39,plain,access,1,access,0,0,,0
s3498593553,SHL,road,7.47,plain,access,1,access,0,0,,0
s3933644721,n3701021477,road,3.17,plain,access,1,access,0,0,,0
s4022577378,n3701076353,road,2.88,plain,access,1,access,0,0,,0
s4022667266,n4021631929,road,4.67,plain,access,1,access,0,0,,0
s4571405213,n568986496,road,7.84,plain,access,1,access,0,0,,0
s4571408897,n568986496,road,7.38,plain,access,1,access,0,0,,0
s4905897536,n4022578000,road,9.11,plain,access,1,access,0,0,,0
s5352503441,n664137361,road,5.23,plain,access,1,access,0,0,,0
s5352802733,n4022576253,road,5.15,plain,access,1,access,0,0,,0
s5352802961,n4022575029,road,4.04,plain,access,1,access,0,0,,0
s5352802962,n3173704182,road,2.52,plain,access,1,access,0,0,,0
s5352803475,n4022575060,road,8.24,plain,access,1,access,0,0,,0
s5352803496,n3701021477,road,6.92,plain,access,1,access,0,0,,0
s5352803497,n3701021477,road,5.71,plain,access,1,access,0,0,,0
s5352807461,n3173704205,road,2.67,plain,access,1,access,0,0,,0
s5353084046,n4021633841,road,8.5,plain,access,1,access,0,0,,0
s5353084090,n4021632273,road,8.64,plain,access,1,access,0,0,,0
s5353533661,n4021632042,road,8.2,plain,access,1,access,0,0,,0
s5353533785,n3701021477,road,6.46,plain,access,1,access,0,0,,0
s5353533864,n3701021477,road,7.91,plain,access,1,access,0,0,,0
s5353533865,n3701021477,road,7.12,plain,access,1,access,0,0,,0
s5353533984,n3701021477,road,4.04,plain,access,1,access,0,0,,0
s5353534186,n3701021477,road,3.23,plain,access,1,access,0,0,,0
s5353534187,n3701021477,road,4.59,plain,access,1,access,0,0,,0
s5353534188,n3701021477,road,4.64,plain,access,1,access,0,0,,0
s5353534647,n4021632042,road,4.44,plain,access,1,access,0,0,,0
s5353534648,n4021632042,road,5.49,plain,access,1,access,0,0,,0
s5353534833,n4021632042,road,6.69,plain,access,1,access,0,0,,0
s5353534834,n4021632042,road,7.33,plain,access,1,access,0,0,,0
s5353534835,n4021632042,road,8.81,plain,access,1,access,0,0,,0
s5353534836,n3701021477,road,9.36,plain,access,1,access,0,0,,0
s5354919981,n4021631554,road,3.57,plain,access,1,access,0,0,,0
s5354920009,n4021631554,road,2.9,plain,access,1,access,0,0,,0
s5354920116,n4021631554,road,9.0,plain,access,1,access,0,0,,0
s5354920117,n4021631554,road,9.31,plain,access,1,access,0,0,,0
s5354920167,n4021631554,road,4.75,plain,access,1,access,0,0,,0
s5355167393,n4022576253,road,4.33,plain,access,1,access,0,0,,0
s5355287501,n567775627,road,6.22,plain,access,1,access,0,0,,0
s5355287589,n567775627,road,5.86,plain,access,1,access,0,0,,0
s5359722626,n3701021477,road,5.6,plain,access,1,access,0,0,,0
s5359722851,n3701021477,road,3.52,plain,access,1,access,0,0,,0
s5359722907,n3701021477,road,8.51,plain,access,1,access,0,0,,0
s5371423637,n4022578000,road,7.94,plain,access,1,access,0,0,,0
s5371423638,n4022576014,road,6.4,plain,access,1,access,0,0,,0
s5371423832,n4022576014,road,4.41,plain,access,1,access,0,0,,0
s5371424628,n4022577529,road,2.69,plain,access,1,access,0,0,,0
s5371424629,n4022577529,road,2.59,plain,access,1,access,0,0,,0
s5371425541,n4022577529,road,5.25,plain,access,1,access,0,0,,0
s5372576400,n568986496,road,8.81,plain,access,1,access,0,0,,0
s5372576826,n568987116,road,5.15,plain,access,1,access,0,0,,0
s5379579507,n568986496,road,8.64,plain,access,1,access,0,0,,0
s5379579508,n568987732,road,2.86,plain,access,1,access,0,0,,0
s5379579509,n568987587,road,2.15,plain,access,1,access,0,0,,0
s5380914170,n4571361791,road,5.28,plain,access,1,access,0,0,,0
s5381238695,n568991508,road,14.98,plain,access,1,access,0,0,,0
s5381238696,n568986260,road,14.54,plain,access,1,access,0,0,,0
s5381238697,n5380914648,road,13.5,plain,access,1,access,0,0,,0
s5381238698,n5380914648,road,7.12,plain,access,1,access,0,0,,0
s5381302708,n568991390,road,11.64,plain,access,1,access,0,0,,0
s5383968521,n5383969334,road,8.42,plain,access,1,access,0,0,,0
s5383989465,n5383968351,road,5.21,plain,access,1,access,0,0,,0
s5384484158,n4021632042,road,9.27,plain,access,1,access,0,0,,0
s5384484159,n4021632042,road,10.43,plain,access,1,access,0,0,,0
s5384484160,n3701021477,road,11.31,plain,access,1,access,0,0,,0
s5411122666,n4021632042,road,7.28,plain,access,1,access,0,0,,0
s5411122667,n4021631554,road,6.44,plain,access,1,access,0,0,,0
s5411122878,n4021632042,road,3.67,plain,access,1,access,0,0,,0
s5411122879,n4021632042,road,3.27,plain,access,1,access,0,0,,0
s5411122880,n4021632042,road,2.59,plain,access,1,access,0,0,,0
s5465498650,n4021632273,road,6.83,plain,access,1,access,0,0,,0
s5465498829,n4021632042,road,3.94,plain,access,1,access,0,0,,0
s5465498830,n4021632042,road,5.0,plain,access,1,access,0,0,,0
s5465546931,n3701021502,road,8.56,plain,access,1,access,0,0,,0
s5789836397,n2766374227,road,19.98,plain,access,1,access,0,0,,0
s6191064769,n568987587,road,4.32,plain,access,1,access,0,0,,0
s6203746159,n568986496,road,9.54,plain,access,1,access,0,0,,0
s6250024029,n2766374227,road,25.93,plain,access,1,access,0,0,,0
s6253407673,n568989554,road,12.9,plain,access,1,access,0,0,,0
s6253407686,n568989554,road,14.38,plain,access,1,access,0,0,,0
s6253407687,n5383968351,road,11.98,plain,access,1,access,0,0,,0
s6253407688,n5383968748,road,15.42,plain,access,1,access,0,0,,0
s6253407689,n5383968748,road,14.11,plain,access,1,access,0,0,,0
s6253407690,n5383968748,road,15.5,plain,access,1,access,0,0,,0
s6253407691,n5383969334,road,15.13,plain,access,1,access,0,0,,0
s6253408770,n5383968351,road,7.55,plain,access,1,access,0,0,,0
s6253841484,n6253840709,road,4.14,plain,access,1,access,0,0,,0
s6253841710,n6253840709,road,5.76,plain,access,1,access,0,0,,0
s6253845460,n568992230,road,9.67,plain,access,1,access,0,0,,0
s6255618606,n6255618580,road,3.23,plain,access,1,access,0,0,,0
s6255619980,n568985960,road,16.05,plain,access,1,access,0,0,,0
s6255621436,n2882121173,road,9.01,plain,access,1,access,0,0,,0
s6255622148,n568991599,road,12.09,plain,access,1,access,0,0,,0
s6255622177,n5380914648,road,6.65,plain,access,1,access,0,0,,0
s6255623311,n568991448,road,15.55,plain,access,1,access,0,0,,0
s6255623378,n568986260,road,15.81,plain,access,1,access,0,0,,0
s6255623671,n568988545,road,13.78,plain,access,1,access,0,0,,0
s6255623672,n568986260,road,12.15,plain,access,1,access,0,0,,0
s6255624287,n568991448,road,8.1,plain,access,1,access,0,0,,0
s6255680069,n5380914648,road,7.28,plain,access,1,access,0,0,,0
s6255680215,n2035724376,road,7.97,plain,access,1,access,0,0,,0
s6255778045,n567775821,road,2.76,plain,access,1,access,0,0,,0
s6255781605,n567775821,road,3.17,plain,access,1,access,0,0,,0
s6286817795,BYR,road,2.11,plain,access,1,access,0,0,,0
s7162274352,n5744150038,road,6.63,plain,access,1,access,0,0,,0
s7162274353,n2492482085,road,3.9,plain,access,1,access,0,0,,0
s7162274355,n567775821,road,2.86,plain,access,1,access,0,0,,0
s7162321057,n5945042878,road,4.2,plain,access,1,access,0,0,,0
s7162321058,n3702996943,road,10.38,plain,access,1,access,0,0,,0
s7162321059,n2466232890,road,5.04,plain,access,1,access,0,0,,0
s7162321063,n2466195236,road,14.9,plain,access,1,access,0,0,,0
s7162349311,n4023355025,road,6.92,plain,access,1,access,0,0,,0
s7698287402,n4021631929,road,3.56,plain,access,1,access,0,0,,0
s7838378983,n5380914648,road,10.0,plain,access,1,access,0,0,,0
s8325386818,n568992230,road,4.16,plain,access,1,access,0,0,,0
s8792007305,n4021632042,road,5.37,plain,access,1,access,0,0,,0
s8792575637,n4021630812,road,2.15,plain,access,1,access,0,0,,0
s8792583777,n4021630610,road,3.3,plain,access,1,access,0,0,,0
s8792583778,n4021627118,road,4.48,plain,access,1,access,0,0,,0
s8792619686,n4021627118,road,2.82,plain,access,1,access,0,0,,0
s8792619687,n4021627118,road,2.11,plain,access,1,access,0,0,,0
s8792619693,n4021626088,road,2.14,plain,access,1,access,0,0,,0
s8792655595,n4021624496,road,2.33,plain,access,1,access,0,0,,0
s8794012568,n4021632042,road,4.41,plain,access,1,access,0,0,,0
s8794012569,n4021632042,road,4.32,plain,access,1,access,0,0,,0
s8898472255,n4021631554,road,8.08,plain,access,1,access,0,0,,0
s8898472256,n4021631554,road,7.82,plain,access,1,access,0,0,,0
s8898472257,n4021631554,road,7.57,plain,access,1,access,0,0,,0
s8898472258,n4021632042,road,7.75,plain,access,1,access,0,0,,0
s8907279921,n4021633841,road,2.39,plain,access,1,access,0,0,,0
s8907279923,n4021640756,road,3.2,plain,access,1,access,0,0,,0
s8907279924,n4021640756,road,2.77,plain,access,1,access,0,0,,0
s9186667385,n4021636355,road,4.25,plain,access,1,access,0,0,,0
s10570216797,n4022578000,road,7.4,plain,access,1,access,0,0,,0
s10570230615,n568985960,road,15.97,plain,access,1,access,0,0,,0
s10570239687,n568985960,road,6.39,plain,access,1,access,0,0,,0
s10570246159,n568991508,road,9.8,plain,access,1,access,0,0,,0
s10570246901,n4022578000,road,2.18,plain,access,1,access,0,0,,0
s10570246902,n568985960,road,13.6,plain,access,1,access,0,0,,0
s10570248059,n568985960,road,8.92,plain,access,1,access,0,0,,0
s10570248227,n568991448,road,8.23,plain,access,1,access,0,0,,0
s10570248754,n568986260,road,2.61,plain,access,1,access,0,0,,0
s10570249434,n568991599,road,4.62,plain,access,1,access,0,0,,0
s10570249800,n4022578000,road,11.92,plain,access,1,access,0,0,,0
s10570251658,n568985960,road,5.41,plain,access,1,access,0,0,,0
s10570251660,n568985960,road,9.12,plain,access,1,access,0,0,,0
s10570253258,n4022578000,road,5.46,plain,access,1,access,0,0,,0
s10570253259,n4022578000,road,9.84,plain,access,1,access,0,0,,0
s10570254229,n568991508,road,14.48,plain,access,1,access,0,0,,0
s10570254230,n568986260,road,7.07,plain,access,1,access,0,0,,0
s10570254316,n568985960,road,11.3,plain,access,1,access,0,0,,0
s10709887836,n3701021426,road,2.07,plain,access,1,access,0,0,,0
s10709921608,n567774564,road,2.67,plain,access,1,access,0,0,,0
s10709921609,n4022577529,road,2.42,plain,access,1,access,0,0,,0
s10725655745,n3173704182,road,3.33,plain,access,1,access,0,0,,0
s10725655747,n3173704205,road,2.63,plain,access,1,access,0,0,,0
s10725662331,n3701021426,road,2.11,plain,access,1,access,0,0,,0
s10958222661,n4021632042,road,2.23,plain,access,1,access,0,0,,0
s10958222662,n4021632042,road,2.74,plain,access,1,access,0,0,,0
s10958222663,n4021632042,road,2.5,plain,access,1,access,0,0,,0
s11763920596,n4023348909,road,8.02,plain,access,1,access,0,0,,0
s12195541209,n568989953,road,11.79,plain,access,1,access,0,0,,0
s12195541210,n568989953,road,19.7,plain,access,1,access,0,0,,0
s12195541211,n3173548322,road,19.39,plain,access,1,access,0,0,,0
s12195541213,n568989953,road,16.37,plain,access,1,access,0,0,,0
s12195541214,n568989953,road,15.95,plain,access,1,access,0,0,,0
s12243694657,n2466242906,road,8.27,plain,access,1,access,0,0,,0
s12279692850,n568988749,road,2.45,plain,access,1,access,0,0,,0
s12450410523,n4021636355,road,3.18,plain,access,1,access,0,0,,0
s12462563220,n245734725,road,5.21,plain,access,1,access,0,0,,0
s12465317247,n567393752,road,6.06,plain,access,1,access,0,0,,0
s12875788253,n5478266110,road,21.64,plain,access,1,access,0,0,,0
s12875788254,n9049141712,road,19.78,plain,access,1,access,0,0,,0
s12875788255,n9049141712,road,19.58,plain,access,1,access,0,0,,0
s12875788256,n4871845636,road,17.04,plain,access,1,access,0,0,,0
s12875788257,n4871845636,road,21.65,plain,access,1,access,0,0,,0
s12875788258,n4871845636,road,22.21,plain,access,1,access,0,0,,0
s12875788259,n4871845636,road,20.38,plain,access,1,access,0,0,,0
s12875788260,n4871845636,road,19.17,plain,access,1,access,0,0,,0
s13550836663,n568989657,road,10.2,plain,access,1,access,0,0,,0
s13550983409,n568989657,road,14.02,plain,access,1,access,0,0,,0
s13568394638,n568989657,road,16.48,plain,access,1,access,0,0,,0
s13568394643,n568989953,road,15.97,plain,access,1,access,0,0,,0
s13568394644,n568989953,road,15.4,plain,access,1,access,0,0,,0
s13568394653,n568989953,road,16.47,plain,access,1,access,0,0,,0
s13568394662,n568989953,road,10.92,plain,access,1,access,0,0,,0
s13572972983,n568989657,road,16.3,plain,access,1,access,0,0,,0
s245702605,n2671917132,road,11.43,plain,access,1,access,0,0,,0
s245704276,n3701153414,road,3.29,plain,access,1,access,0,0,,0
s245704318,n3701153414,road,23.5,plain,access,1,access,0,0,,0
s245704838,n3701153414,road,23.27,plain,access,1,access,0,0,,0
s245705252,n4964391723,road,7.95,plain,access,1,access,0,0,,0
s245705514,n2454064626,road,4.6,plain,access,1,access,0,0,,0
s245706849,n3701305578,road,17.29,plain,access,1,access,0,0,,0
s245708693,n5832181805,road,15.18,plain,access,1,access,0,0,,0
s245710288,LGL,road,9.2,plain,access,1,access,0,0,,0
s245710527,n3881603029,road,21.49,plain,access,1,access,0,0,,0
s245710577,n6188301434,road,8.22,plain,access,1,access,0,0,,0
s245710645,n2454560369,road,23.8,plain,access,1,access,0,0,,0
s245711650,n245712018,road,17.25,plain,access,1,access,0,0,,0
s245711703,n3884827348,road,27.0,plain,access,1,access,0,0,,0
s245711806,n6188301434,road,18.94,plain,access,1,access,0,0,,0
s245711908,n245712018,road,11.91,plain,access,1,access,0,0,,0
s245712520,n6187771395,road,4.34,plain,access,1,access,0,0,,0
s245712869,n245712869,road,4.4,plain,access,1,access,0,0,,0
s245712879,n2083635889,road,10.14,plain,access,1,access,0,0,,0
s245713318,n3884827348,road,6.66,plain,access,1,access,0,0,,0
s245713805,n245713805,road,10.62,plain,access,1,access,0,0,,0
s245714304,CHP,road,6.28,plain,access,1,access,0,0,,0
s245714375,n3884828470,road,8.68,plain,access,1,access,0,0,,0
s245714410,n12481628212,road,15.49,plain,access,1,access,0,0,,0
s245715530,n2461989325,road,10.99,plain,access,1,access,0,0,,0
s245715707,n3884081977,road,12.57,plain,access,1,access,0,0,,0
s245717775,n3884935658,road,6.9,plain,access,1,access,0,0,,0
s245718266,n1683573369,road,15.15,plain,access,1,access,0,0,,0
s245720464,n2455262008,road,6.69,plain,access,1,access,0,0,,0
s245720768,KLB,road,6.58,plain,access,1,access,0,0,,0
s245722057,n12269696748,road,5.91,plain,access,1,access,0,0,,0
s856728488,n2491830210,road,4.55,plain,access,1,access,0,0,,0
s1795712165,n1795712193,road,3.47,plain,access,1,access,0,0,,0
s1848820961,n1848821189,road,4.28,plain,access,1,access,0,0,,0
s1848820962,n245703196,road,4.94,plain,access,1,access,0,0,,0
s2017884064,n1683573506,road,4.64,plain,access,1,access,0,0,,0
s2083635814,n7045996651,road,11.29,plain,access,1,access,0,0,,0
s2083635815,n3881603029,road,8.0,plain,access,1,access,0,0,,0
s2083635817,n3884827348,road,3.72,plain,access,1,access,0,0,,0
s2083635818,n3884827348,road,15.88,plain,access,1,access,0,0,,0
s2083635820,n6208827852,road,15.16,plain,access,1,access,0,0,,0
s2083680071,n2454714664,road,9.33,plain,access,1,access,0,0,,0
s2083680073,n245715084,road,2.32,plain,access,1,access,0,0,,0
s2083680074,n7216824088,road,8.44,plain,access,1,access,0,0,,0
s2084596890,n2455262008,road,4.28,plain,access,1,access,0,0,,0
s2084596946,n2455487817,road,16.82,plain,access,1,access,0,0,,0
s2135982229,n4539570144,road,4.01,plain,access,1,access,0,0,,0
s2135988032,n4539570144,road,11.27,plain,access,1,access,0,0,,0
s2455229369,n2455252873,road,4.39,plain,access,1,access,0,0,,0
s2455229535,n2491563760,road,4.06,plain,access,1,access,0,0,,0
s2455262478,n2455261617,road,6.99,plain,access,1,access,0,0,,0
s2455486911,n2455262008,road,6.59,plain,access,1,access,0,0,,0
s2491833516,KLB,road,3.16,plain,access,1,access,0,0,,0
s2501070214,n2084596673,road,3.11,plain,access,1,access,0,0,,0
s2501374379,n2501374435,road,3.67,plain,access,1,access,0,0,,0
s2501392970,n2501375787,road,5.41,plain,access,1,access,0,0,,0
s2518720215,n7047092683,road,11.58,plain,access,1,access,0,0,,0
s2518720479,n6213054276,road,10.36,plain,access,1,access,0,0,,0
s2518720637,n3701153414,road,4.41,plain,access,1,access,0,0,,0
s2518804531,n7047092683,road,8.0,plain,access,1,access,0,0,,0
s2518842117,n6213054276,road,4.54,plain,access,1,access,0,0,,0
s3158801851,n3092025659,road,6.96,plain,access,1,access,0,0,,0
s3158802298,n1795712097,road,9.66,plain,access,1,access,0,0,,0
s3158802307,n1795712097,road,3.03,plain,access,1,access,0,0,,0
s3158802416,n6591581026,road,8.63,plain,access,1,access,0,0,,0
s3158802941,n1795712455,road,3.92,plain,access,1,access,0,0,,0
s3885088826,n3884935794,road,10.98,plain,access,1,access,0,0,,0
s3885089326,n3884935794,road,13.0,plain,access,1,access,0,0,,0
s3885106214,n3885072234,road,10.31,plain,access,1,access,0,0,,0
s5232413103,n567779009,road,2.33,plain,access,1,access,0,0,,0
s5380417193,n3701153414,road,12.69,plain,access,1,access,0,0,,0
s5380417201,n2671917132,road,19.51,plain,access,1,access,0,0,,0
s5380417370,n7654258307,road,4.89,plain,access,1,access,0,0,,0
s5380417421,n3701153414,road,6.29,plain,access,1,access,0,0,,0
s5380417435,n6211475757,road,3.25,plain,access,1,access,0,0,,0
s5702255825,CHP,road,6.75,plain,access,1,access,0,0,,0
s5822801358,n245712018,road,7.01,plain,access,1,access,0,0,,0
s6188504443,n3881603029,road,18.36,plain,access,1,access,0,0,,0
s6202256842,n2018049269,road,6.47,plain,access,1,access,0,0,,0
s6202381605,LGL,road,9.99,plain,access,1,access,0,0,,0
s6202382789,n6188301434,road,4.14,plain,access,1,access,0,0,,0
s6205513687,n6205687612,road,8.13,plain,access,1,access,0,0,,0
s6205920888,CHP,road,14.98,plain,access,1,access,0,0,,0
s6205920998,n6205687612,road,4.11,plain,access,1,access,0,0,,0
s6205920999,n2083635899,road,10.12,plain,access,1,access,0,0,,0
s6205921914,n2083635899,road,8.09,plain,access,1,access,0,0,,0
s6205938165,n2083680100,road,9.89,plain,access,1,access,0,0,,0
s6206020924,n2501361963,road,5.53,plain,access,1,access,0,0,,0
s6206079133,n3700314457,road,12.37,plain,access,1,access,0,0,,0
s6206079134,n3700175916,road,11.26,plain,access,1,access,0,0,,0
s6206079135,n2083635904,road,14.89,plain,access,1,access,0,0,,0
s6206079140,n2083635911,road,6.68,plain,access,1,access,0,0,,0
s6206207760,n3884827637,road,9.12,plain,access,1,access,0,0,,0
s6206323710,n2454639707,road,10.2,plain,access,1,access,0,0,,0
s6206323711,n2454671409,road,4.55,plain,access,1,access,0,0,,0
s6207231256,n2501374398,road,16.83,plain,access,1,access,0,0,,0
s6207231388,n2454714664,road,11.81,plain,access,1,access,0,0,,0
s6207231389,n2454714664,road,11.46,plain,access,1,access,0,0,,0
s6207231390,n2501375787,road,11.41,plain,access,1,access,0,0,,0
s6207231391,n2501375787,road,15.07,plain,access,1,access,0,0,,0
s6207231392,n2501375787,road,7.56,plain,access,1,access,0,0,,0
s6208692951,n245713805,road,14.14,plain,access,1,access,0,0,,0
s6208778433,n3884827348,road,18.1,plain,access,1,access,0,0,,0
s6210677028,n1848821514,road,18.22,plain,access,1,access,0,0,,0
s6210677029,n7045996651,road,19.2,plain,access,1,access,0,0,,0
s6210677032,n5832181805,road,18.14,plain,access,1,access,0,0,,0
s6210677033,n5832181805,road,21.71,plain,access,1,access,0,0,,0
s6210677034,n5832181805,road,16.2,plain,access,1,access,0,0,,0
s6210677035,n7045996651,road,16.49,plain,access,1,access,0,0,,0
s6210677036,n7045996651,road,10.25,plain,access,1,access,0,0,,0
s6210677037,n7045996651,road,10.47,plain,access,1,access,0,0,,0
s6210677038,n1848821514,road,16.92,plain,access,1,access,0,0,,0
s6210831107,n2454469669,road,19.39,plain,access,1,access,0,0,,0
s6239245721,n7047092683,road,13.59,plain,access,1,access,0,0,,0
s6512763291,n6591581026,road,5.86,plain,access,1,access,0,0,,0
s6512796825,n1795712119,road,3.47,plain,access,1,access,0,0,,0
s6586137905,n1795712208,road,3.79,plain,access,1,access,0,0,,0
s6586155061,n1848777308,road,6.05,plain,access,1,access,0,0,,0
s6586159894,n6213158230,road,3.36,plain,access,1,access,0,0,,0
s6586176715,n6213054276,road,8.06,plain,access,1,access,0,0,,0
s6586180775,n4964391723,road,3.13,plain,access,1,access,0,0,,0
s6586189285,n4964391723,road,2.11,plain,access,1,access,0,0,,0
s6586189768,n1848821514,road,3.71,plain,access,1,access,0,0,,0
s6586194632,n1848821514,road,4.91,plain,access,1,access,0,0,,0
s6586196583,n7045996651,road,6.3,plain,access,1,access,0,0,,0
s6586199424,n1848821514,road,7.06,plain,access,1,access,0,0,,0
s6586201638,n7045996651,road,4.36,plain,access,1,access,0,0,,0
s6586208174,n3092025659,road,14.64,plain,access,1,access,0,0,,0
s6588373707,n1848821189,road,9.01,plain,access,1,access,0,0,,0
s6588409248,n6189804838,road,9.21,plain,access,1,access,0,0,,0
s6588411341,n2671917132,road,5.57,plain,access,1,access,0,0,,0
s6588417781,n2454469669,road,8.5,plain,access,1,access,0,0,,0
s6588443125,n2506042983,road,4.71,plain,access,1,access,0,0,,0
s6590383612,n1848821189,road,8.16,plain,access,1,access,0,0,,0
s6590409226,n1848821189,road,9.13,plain,access,1,access,0,0,,0
s6595802081,n2671917132,road,9.44,plain,access,1,access,0,0,,0
s6824936286,n3885125046,road,5.45,plain,access,1,access,0,0,,0
s6824937385,n3173659777,road,4.56,plain,access,1,access,0,0,,0
s6826316787,n245712018,road,4.65,plain,access,1,access,0,0,,0
s6827118489,n2454560369,road,9.09,plain,access,1,access,0,0,,0
s7047092741,n7047092683,road,5.06,plain,access,1,access,0,0,,0
s7162161882,n3884827348,road,16.44,plain,access,1,access,0,0,,0
s7162161883,n3881603029,road,2.48,plain,access,1,access,0,0,,0
s7162182743,n2501392359,road,3.66,plain,access,1,access,0,0,,0
s7379321416,n1683573506,road,7.76,plain,access,1,access,0,0,,0
s9846000394,n2491829553,road,2.82,plain,access,1,access,0,0,,0
s9917457945,CHP,road,3.64,plain,access,1,access,0,0,,0
s9917468717,CHP,road,3.55,plain,access,1,access,0,0,,0
s9917744605,n3881603029,road,15.55,plain,access,1,access,0,0,,0
s9917764822,n2491830210,road,10.72,plain,access,1,access,0,0,,0
s9917804358,n6188499361,road,7.35,plain,access,1,access,0,0,,0
s10095674124,n1848821514,road,8.9,plain,access,1,access,0,0,,0
s10095757591,n1795605123,road,3.37,plain,access,1,access,0,0,,0
s12249036273,n2455233509,road,7.42,plain,access,1,access,0,0,,0
s12249233747,n3879678148,road,13.38,plain,access,1,access,0,0,,0
s12249233748,n3879678148,road,10.94,plain,access,1,access,0,0,,0
s12256431687,n3879678148,road,17.86,plain,access,1,access,0,0,,0
s12256449181,n2455262008,road,6.66,plain,access,1,access,0,0,,0
s12256461760,n2455262008,road,6.97,plain,access,1,access,0,0,,0
s12256464970,n2455262008,road,14.16,plain,access,1,access,0,0,,0
s12256464976,n6208067802,road,15.66,plain,access,1,access,0,0,,0
s12269716838,n2492599843,road,8.48,plain,access,1,access,0,0,,0
s12272115214,n2491838646,road,5.45,plain,access,1,access,0,0,,0
s12272115216,n2491838646,road,2.16,plain,access,1,access,0,0,,0
s12434558865,n3173657996,road,6.17,plain,access,1,access,0,0,,0
s12811469927,n6188029887,road,15.77,plain,access,1,access,0,0,,0
s12872853039,n3701153414,road,18.6,plain,access,1,access,0,0,,0
s13005440749,n2501068957,road,12.36,plain,access,1,access,0,0,,0
s13005440783,n2501058981,road,11.62,plain,access,1,access,0,0,,0
s13005444801,n245712879,road,3.18,plain,access,1,access,0,0,,0
s245732146,n6251548682,road,20.53,plain,access,1,access,0,0,,0
s245736456,n569070151,road,8.42,plain,access,1,access,0,0,,0
s245736606,n5894916808,road,4.59,plain,access,1,access,0,0,,0
s245741532,n2459392034,road,4.16,plain,access,1,access,0,0,,0
s245745090,WKH,road,16.21,plain,access,1,access,0,0,,0
s245750654,n2453803866,road,10.89,plain,access,1,access,0,0,,0
s830367831,n2459411796,road,10.12,plain,access,1,access,0,0,,0
s1431554634,n2164879904,road,4.0,plain,access,1,access,0,0,,0
s1676893235,n3881747404,road,6.09,plain,access,1,access,0,0,,0
s2084899505,n5870320977,road,2.5,plain,access,1,access,0,0,,0
s2084956629,n3884006513,road,4.25,plain,access,1,access,0,0,,0
s2084973726,n2915028163,road,4.54,plain,access,1,access,0,0,,0
s2084973729,n3472153456,road,4.18,plain,access,1,access,0,0,,0
s2084973884,n2459389894,road,25.38,plain,access,1,access,0,0,,0
s2455740979,n2455739363,road,2.85,plain,access,1,access,0,0,,0
s2459266817,n2459389894,road,6.99,plain,access,1,access,0,0,,0
s2682295768,MKG,road,2.63,plain,access,1,access,0,0,,0
s2682789681,n2682968389,road,2.94,plain,access,1,access,0,0,,0
s2717284577,n2453831034,road,4.29,plain,access,1,access,0,0,,0
s2717326100,n2453803866,road,7.16,plain,access,1,access,0,0,,0
s2717339767,n2453803866,road,7.59,plain,access,1,access,0,0,,0
s2719492929,n3798891861,road,3.41,plain,access,1,access,0,0,,0
s2720295490,MKG,road,4.47,plain,access,1,access,0,0,,0
s2720296299,n2453869882,road,3.67,plain,access,1,access,0,0,,0
s2720307180,n2682279843,road,5.79,plain,access,1,access,0,0,,0
s2720307181,n2453869882,road,6.08,plain,access,1,access,0,0,,0
s2725104185,MKG,road,2.2,plain,access,1,access,0,0,,0
s3253385745,n3253384681,road,8.23,plain,access,1,access,0,0,,0
s3613137018,n569070151,road,4.85,plain,access,1,access,0,0,,0
s3834459648,n3179658554,road,4.51,plain,access,1,access,0,0,,0
s3901517090,n2084899510,road,4.44,plain,access,1,access,0,0,,0
s3925317113,n5903313818,road,6.47,plain,access,1,access,0,0,,0
s4100970859,n2802521371,road,3.42,plain,access,1,access,0,0,,0
s4260263035,n6176656058,road,14.27,plain,access,1,access,0,0,,0
s4269670653,n245746382,road,3.67,plain,access,1,access,0,0,,0
s4273504145,n2084973724,road,4.86,plain,access,1,access,0,0,,0
s4315550898,n3393379510,road,5.41,plain,access,1,access,0,0,,0
s4514882420,n12522923327,road,2.34,plain,access,1,access,0,0,,0
s5757542021,n5903313818,road,4.66,plain,access,1,access,0,0,,0
s5757543119,n5903313818,road,2.69,plain,access,1,access,0,0,,0
s5757552042,n569070151,road,2.22,plain,access,1,access,0,0,,0
s5763175304,n5763173072,road,2.16,plain,access,1,access,0,0,,0
s5763183353,n5763172952,road,3.14,plain,access,1,access,0,0,,0
s5870291398,n7939996539,road,13.63,plain,access,1,access,0,0,,0
s5938675294,n3880247713,road,4.84,plain,access,1,access,0,0,,0
s5951766963,n2084956643,road,2.21,plain,access,1,access,0,0,,0
s5951964665,n2915032051,road,7.47,plain,access,1,access,0,0,,0
s5951965122,n2915032835,road,9.46,plain,access,1,access,0,0,,0
s6148448564,n2453789204,road,5.79,plain,access,1,access,0,0,,0
s6151697397,n3922127631,road,8.92,plain,access,1,access,0,0,,0
s6151697399,n5921311276,road,22.38,plain,access,1,access,0,0,,0
s6151697401,n2915028163,road,19.51,plain,access,1,access,0,0,,0
s6151697404,n2915029892,road,5.31,plain,access,1,access,0,0,,0
s6151697408,n4332457059,road,8.59,plain,access,1,access,0,0,,0
s6151697409,n3393379510,road,5.07,plain,access,1,access,0,0,,0
s6151697419,n2915028163,road,18.04,plain,access,1,access,0,0,,0
s6151697428,n2915032051,road,8.13,plain,access,1,access,0,0,,0
s6151698438,n2915032051,road,10.03,plain,access,1,access,0,0,,0
s6244035401,n5928696450,road,17.49,plain,access,1,access,0,0,,0
s6244035402,n5928696450,road,12.4,plain,access,1,access,0,0,,0
s6244035745,n6251548682,road,21.75,plain,access,1,access,0,0,,0
s6244035746,n6251548682,road,19.62,plain,access,1,access,0,0,,0
s6257013736,n6251548682,road,8.24,plain,access,1,access,0,0,,0
s6284526881,n569070151,road,2.54,plain,access,1,access,0,0,,0
s6286190569,KHM,road,3.83,plain,access,1,access,0,0,,0
s6286331613,n3884004622,road,4.09,plain,access,1,access,0,0,,0
s6286331614,n569070151,road,9.5,plain,access,1,access,0,0,,0
s6286587448,n569070151,road,3.39,plain,access,1,access,0,0,,0
s6286587449,n569070151,road,4.16,plain,access,1,access,0,0,,0
s6286587450,KHM,road,4.33,plain,access,1,access,0,0,,0
s6286587451,n569070151,road,3.36,plain,access,1,access,0,0,,0
s6286587452,n569070151,road,4.89,plain,access,1,access,0,0,,0
s6286587454,n569070151,road,4.52,plain,access,1,access,0,0,,0
s6286587460,n569070151,road,4.71,plain,access,1,access,0,0,,0
s6286587461,KHM,road,4.46,plain,access,1,access,0,0,,0
s6286587462,KHM,road,5.18,plain,access,1,access,0,0,,0
s6286587463,KHM,road,3.65,plain,access,1,access,0,0,,0
s6818305739,n2915028163,road,8.47,plain,access,1,access,0,0,,0
s6818305779,n2915025937,road,3.5,plain,access,1,access,0,0,,0
s6818318518,n2915029892,road,15.19,plain,access,1,access,0,0,,0
s6818321786,n2915032051,road,18.63,plain,access,1,access,0,0,,0
s6818321787,n2915032835,road,9.0,plain,access,1,access,0,0,,0
s6818978587,n3881690528,road,8.17,plain,access,1,access,0,0,,0
s6818978588,n5904499371,road,3.94,plain,access,1,access,0,0,,0
s6818978589,n5896060918,road,11.99,plain,access,1,access,0,0,,0
s6818978590,n5904499371,road,10.44,plain,access,1,access,0,0,,0
s6818979588,n3881747404,road,2.13,plain,access,1,access,0,0,,0
s6818979589,n3881747404,road,10.23,plain,access,1,access,0,0,,0
s6818979590,n3881686362,road,5.47,plain,access,1,access,0,0,,0
s6818979591,n5896060918,road,5.55,plain,access,1,access,0,0,,0
s6818979687,n3881747404,road,3.6,plain,access,1,access,0,0,,0
s6818979688,n3881686362,road,3.48,plain,access,1,access,0,0,,0
s6818979689,n3881686362,road,7.09,plain,access,1,access,0,0,,0
s6818979691,n5934119939,road,4.41,plain,access,1,access,0,0,,0
s6819061578,n2453803866,road,18.53,plain,access,1,access,0,0,,0
s6819068386,n2459391977,road,16.68,plain,access,1,access,0,0,,0
s6819100585,n2459393316,road,10.7,plain,access,1,access,0,0,,0
s6819105785,n2459390851,road,7.76,plain,access,1,access,0,0,,0
s6819152693,n2459390094,road,4.64,plain,access,1,access,0,0,,0
s6819152799,n2459390851,road,17.52,plain,access,1,access,0,0,,0
s6819153988,n5895090710,road,7.98,plain,access,1,access,0,0,,0
s6819154386,n2459389894,road,19.61,plain,access,1,access,0,0,,0
s6819934390,n5894917084,road,6.49,plain,access,1,access,0,0,,0
s6819961591,n2469698539,road,8.63,plain,access,1,access,0,0,,0
s6819961685,n5908454862,road,4.13,plain,access,1,access,0,0,,0
s6819961692,n569068599,road,9.77,plain,access,1,access,0,0,,0
s6819961694,n2469684040,road,5.24,plain,access,1,access,0,0,,0
s6819961695,n3472153456,road,22.28,plain,access,1,access,0,0,,0
s6819961696,n245736763,road,12.6,plain,access,1,access,0,0,,0
s6819961697,n3884024942,road,6.02,plain,access,1,access,0,0,,0
s6820746526,n2455739363,road,7.99,plain,access,1,access,0,0,,0
s6820746586,n3253384681,road,15.14,plain,access,1,access,0,0,,0
s6820746592,n5894959368,road,12.94,plain,access,1,access,0,0,,0
s6820757827,n5896476372,road,14.17,plain,access,1,access,0,0,,0
s6820875485,n3179658554,road,13.42,plain,access,1,access,0,0,,0
s6820875685,n3253385021,road,9.55,plain,access,1,access,0,0,,0
s6821014212,n2719435973,road,2.79,plain,access,1,access,0,0,,0
s6821022288,n5931603312,road,4.95,plain,access,1,access,0,0,,0
s6821169685,n6176656058,road,12.2,plain,access,1,access,0,0,,0
s6821170952,n2455740106,road,9.91,plain,access,1,access,0,0,,0
s6821180870,n2328371496,road,7.89,plain,access,1,access,0,0,,0
s6823553389,n3880250628,road,4.43,plain,access,1,access,0,0,,0
s6823699595,n12527860812,road,4.26,plain,access,1,access,0,0,,0
s6823831685,n5929094139,road,9.18,plain,access,1,access,0,0,,0
s6871220210,n2915032835,road,14.6,plain,access,1,access,0,0,,0
s6871220278,n2915032051,road,16.68,plain,access,1,access,0,0,,0
s6878533651,n6800141481,road,14.04,plain,access,1,access,0,0,,0
s6888255508,n5914129350,road,6.73,plain,access,1,access,0,0,,0
s6888256493,n6800141481,road,5.61,plain,access,1,access,0,0,,0
s7160202172,n569068497,road,8.85,plain,access,1,access,0,0,,0
s7160202173,n5929094139,road,4.56,plain,access,1,access,0,0,,0
s7160202174,n2500978026,road,5.05,plain,access,1,access,0,0,,0
s7160227764,n5895090710,road,8.09,plain,access,1,access,0,0,,0
s7160227765,n3881747404,road,15.08,plain,access,1,access,0,0,,0
s7160227766,n5443287335,road,4.41,plain,access,1,access,0,0,,0
s7160248166,n569068827,road,3.33,plain,access,1,access,0,0,,0
s7160366344,n2455738557,road,5.22,plain,access,1,access,0,0,,0
s7160367649,WKH,road,9.47,plain,access,1,access,0,0,,0
s7160367650,n2453869882,road,12.74,plain,access,1,access,0,0,,0
s7160367651,n2682279843,road,2.77,plain,access,1,access,0,0,,0
s7160367652,n2453885317,road,5.08,plain,access,1,access,0,0,,0
s7160367653,n3253384681,road,6.7,plain,access,1,access,0,0,,0
s7160367654,n2455767736,road,10.69,plain,access,1,access,0,0,,0
s7160367655,n3883900985,road,3.37,plain,access,1,access,0,0,,0
s7160394994,n2455740106,road,4.03,plain,access,1,access,0,0,,0
s7160409547,n2084974003,road,12.7,plain,access,1,access,0,0,,0
s7160464304,n5931603077,road,7.74,plain,access,1,access,0,0,,0
s7160464305,n6176656082,road,8.0,plain,access,1,access,0,0,,0
s7418609008,n12522904745,road,3.51,plain,access,1,access,0,0,,0
s7924945335,n3884004623,road,9.13,plain,access,1,access,0,0,,0
s7924945336,n3884004623,road,2.77,plain,access,1,access,0,0,,0
s7924945337,n6286331577,road,5.83,plain,access,1,access,0,0,,0
s8148061477,n2802521371,road,4.09,plain,access,1,access,0,0,,0
s8148061479,n3798891857,road,4.77,plain,access,1,access,0,0,,0
s8148061480,n5931603312,road,8.33,plain,access,1,access,0,0,,0
s8148061481,n5931603312,road,2.4,plain,access,1,access,0,0,,0
s8148061483,n5933478556,road,13.12,plain,access,1,access,0,0,,0
s8148080629,n2915032835,road,3.27,plain,access,1,access,0,0,,0
s8148080630,n2915032835,road,5.22,plain,access,1,access,0,0,,0
s8148080631,n2915034480,road,2.21,plain,access,1,access,0,0,,0
s8148080952,n5914129350,road,6.62,plain,access,1,access,0,0,,0
s8148080953,n6800141481,road,5.46,plain,access,1,access,0,0,,0
s8148087804,n2459389894,road,7.37,plain,access,1,access,0,0,,0
s8148087805,n2459389894,road,11.05,plain,access,1,access,0,0,,0
s8148087806,n2459390851,road,14.16,plain,access,1,access,0,0,,0
s8148087807,n2459390851,road,2.58,plain,access,1,access,0,0,,0
s8148087808,n2459393316,road,15.36,plain,access,1,access,0,0,,0
s8148087809,n3179658554,road,9.24,plain,access,1,access,0,0,,0
s8148089571,n6176656058,road,12.39,plain,access,1,access,0,0,,0
s8148110403,n3179664249,road,14.1,plain,access,1,access,0,0,,0
s8148110404,n3179664249,road,16.0,plain,access,1,access,0,0,,0
s8148110405,n3179664249,road,18.64,plain,access,1,access,0,0,,0
s8148110406,n5921311276,road,21.38,plain,access,1,access,0,0,,0
s8148110407,n5921311276,road,18.94,plain,access,1,access,0,0,,0
s8148110408,n5921311276,road,10.46,plain,access,1,access,0,0,,0
s8148110409,n3922127631,road,4.89,plain,access,1,access,0,0,,0
s8148110411,n2459393755,road,8.63,plain,access,1,access,0,0,,0
s8148110412,n2459393316,road,12.43,plain,access,1,access,0,0,,0
s8148110413,n3179658554,road,13.61,plain,access,1,access,0,0,,0
s8148110414,n3179658554,road,15.95,plain,access,1,access,0,0,,0
s8148110415,n3253384681,road,16.51,plain,access,1,access,0,0,,0
s8148110416,n3253384681,road,10.49,plain,access,1,access,0,0,,0
s8148124917,n3253384681,road,7.13,plain,access,1,access,0,0,,0
s8148124918,n3883900985,road,6.96,plain,access,1,access,0,0,,0
s8148124919,n3883900985,road,2.86,plain,access,1,access,0,0,,0
s8148124920,n2084956655,road,2.74,plain,access,1,access,0,0,,0
s8148124921,n5896476372,road,14.21,plain,access,1,access,0,0,,0
s8148128731,n2455738717,road,11.08,plain,access,1,access,0,0,,0
s8148128732,n3884006513,road,6.42,plain,access,1,access,0,0,,0
s8148128733,n3884006513,road,3.51,plain,access,1,access,0,0,,0
s8148134751,n5932357253,road,7.62,plain,access,1,access,0,0,,0
s8148134753,n5928686539,road,4.77,plain,access,1,access,0,0,,0
s8148134754,n5803724428,road,5.23,plain,access,1,access,0,0,,0
s8148134756,n12527860812,road,9.59,plain,access,1,access,0,0,,0
s8148134757,n12527860812,road,17.83,plain,access,1,access,0,0,,0
s8148134758,n6251548682,road,15.05,plain,access,1,access,0,0,,0
s8148134759,n6251548682,road,7.63,plain,access,1,access,0,0,,0
s8148134760,n6251548682,road,15.03,plain,access,1,access,0,0,,0
s8148134761,n2084899664,road,4.68,plain,access,1,access,0,0,,0
s8148134762,n3888209854,road,3.88,plain,access,1,access,0,0,,0
s8148134763,n3888209854,road,4.73,plain,access,1,access,0,0,,0
s8148134764,n3888209284,road,5.23,plain,access,1,access,0,0,,0
s8148134766,n569068827,road,6.93,plain,access,1,access,0,0,,0
s8148354465,n245736763,road,7.61,plain,access,1,access,0,0,,0
s8148354466,n3472153456,road,8.49,plain,access,1,access,0,0,,0
s8148354467,n3472153456,road,7.52,plain,access,1,access,0,0,,0
s8148354468,n3472153456,road,3.12,plain,access,1,access,0,0,,0
s8148354470,n5894959368,road,11.75,plain,access,1,access,0,0,,0
s8148354471,n5894959368,road,9.7,plain,access,1,access,0,0,,0
s8148354472,n5894959368,road,11.6,plain,access,1,access,0,0,,0
s8148354473,n3884008374,road,14.7,plain,access,1,access,0,0,,0
s8148354474,n3884008374,road,6.55,plain,access,1,access,0,0,,0
s8148354477,n2084956655,road,4.03,plain,access,1,access,0,0,,0
s8148354478,n3883900985,road,4.51,plain,access,1,access,0,0,,0
s8148354479,n3883902009,road,3.7,plain,access,1,access,0,0,,0
s8148354480,n3883902009,road,5.01,plain,access,1,access,0,0,,0
s8148354481,n2455740106,road,4.37,plain,access,1,access,0,0,,0
s8148354483,n2455740106,road,4.33,plain,access,1,access,0,0,,0
s8148354484,n2455739638,road,4.19,plain,access,1,access,0,0,,0
s8148354485,n2455739638,road,3.06,plain,access,1,access,0,0,,0
s8148354991,n3881686362,road,6.8,plain,access,1,access,0,0,,0
s8148354992,n3881686362,road,7.16,plain,access,1,access,0,0,,0
s8148354993,n245751208,road,7.67,plain,access,1,access,0,0,,0
s8148354994,n4332457059,road,3.9,plain,access,1,access,0,0,,0
s8148354995,n2915029860,road,4.31,plain,access,1,access,0,0,,0
s8148354996,n2915025937,road,5.67,plain,access,1,access,0,0,,0
s8148354997,n2915025937,road,2.41,plain,access,1,access,0,0,,0
s8148354998,n2915025937,road,2.84,plain,access,1,access,0,0,,0
s8148355000,n3881690528,road,2.23,plain,access,1,access,0,0,,0
s8148355392,n2915028163,road,6.93,plain,access,1,access,0,0,,0
s8148355393,n2915028163,road,9.16,plain,access,1,access,0,0,,0
s8148355394,n2915028163,road,14.63,plain,access,1,access,0,0,,0
s8148355395,n2915028163,road,14.03,plain,access,1,access,0,0,,0
s8148355396,n2459393316,road,3.39,plain,access,1,access,0,0,,0
s8148355398,n2459393316,road,9.82,plain,access,1,access,0,0,,0
s8148355399,n2459390094,road,12.86,plain,access,1,access,0,0,,0
s8148355400,n2459390094,road,15.08,plain,access,1,access,0,0,,0
s8148355401,n5895090710,road,16.59,plain,access,1,access,0,0,,0
s8148355402,n3253382636,road,15.17,plain,access,1,access,0,0,,0
s8148355403,n3253382636,road,12.68,plain,access,1,access,0,0,,0
s8148355404,n5895090710,road,14.5,plain,access,1,access,0,0,,0
s8148355405,n5895090710,road,9.69,plain,access,1,access,0,0,,0
s8148355406,n5769923230,road,4.34,plain,access,1,access,0,0,,0
s8148355408,n5769923230,road,5.22,plain,access,1,access,0,0,,0
s8148355409,n5769923230,road,10.75,plain,access,1,access,0,0,,0
s8148355410,n5769923230,road,12.98,plain,access,1,access,0,0,,0
s8148355411,n245736763,road,13.23,plain,access,1,access,0,0,,0
s8148434763,n569068497,road,2.8,plain,access,1,access,0,0,,0
s8148434764,n569068827,road,5.5,plain,access,1,access,0,0,,0
s8148434765,n569068827,road,3.55,plain,access,1,access,0,0,,0
s8148434767,n5929094139,road,3.38,plain,access,1,access,0,0,,0
s8148434768,n5929094139,road,2.45,plain,access,1,access,0,0,,0
s8148434770,n3884004622,road,2.95,plain,access,1,access,0,0,,0
s8148434771,KHM,road,4.1,plain,access,1,access,0,0,,0
s8148437992,n2455739638,road,6.51,plain,access,1,access,0,0,,0
s8148437994,n10972380780,road,6.25,plain,access,1,access,0,0,,0
s8148437995,n10972380780,road,4.92,plain,access,1,access,0,0,,0
s8148437996,n10972380780,road,2.67,plain,access,1,access,0,0,,0
s8148437998,n10972380780,road,4.15,plain,access,1,access,0,0,,0
s8148437999,n5928763337,road,3.05,plain,access,1,access,0,0,,0
s8148438000,n5940220082,road,5.17,plain,access,1,access,0,0,,0
s8148438001,n5928949415,road,4.95,plain,access,1,access,0,0,,0
s8148438003,n5928764611,road,5.67,plain,access,1,access,0,0,,0
s8148438005,n2455738557,road,2.37,plain,access,1,access,0,0,,0
s8148438006,n2455738557,road,4.54,plain,access,1,access,0,0,,0
s8148438007,n2455738557,road,11.93,plain,access,1,access,0,0,,0
s8148438008,n3884005483,road,13.32,plain,access,1,access,0,0,,0
s8148438009,n3884004623,road,10.5,plain,access,1,access,0,0,,0
s8148438012,n9667487837,road,5.09,plain,access,1,access,0,0,,0
s8148438013,n2164879904,road,2.41,plain,access,1,access,0,0,,0
s8148438015,n3888209854,road,7.75,plain,access,1,access,0,0,,0
s8366454266,n2469698539,road,10.33,plain,access,1,access,0,0,,0
s8366454267,n2469698539,road,9.41,plain,access,1,access,0,0,,0
s8366454268,n2469698539,road,9.83,plain,access,1,access,0,0,,0
s8366454269,n2469698539,road,7.22,plain,access,1,access,0,0,,0
s8366454270,n2469698539,road,8.62,plain,access,1,access,0,0,,0
s8366454271,n2469698539,road,5.56,plain,access,1,access,0,0,,0
s8366454272,n2469698539,road,4.84,plain,access,1,access,0,0,,0
s9355820992,n2915032051,road,20.35,plain,access,1,access,0,0,,0
s9355820993,n2915032835,road,20.03,plain,access,1,access,0,0,,0
s9790589852,n3881747404,road,6.96,plain,access,1,access,0,0,,0
s9790589853,n3881686362,road,7.57,plain,access,1,access,0,0,,0
s9790589854,n3881686362,road,9.78,plain,access,1,access,0,0,,0
s9790620531,n3881747404,road,6.83,plain,access,1,access,0,0,,0
s9796151642,n5921311276,road,12.86,plain,access,1,access,0,0,,0
s9802475755,n6800141481,road,12.05,plain,access,1,access,0,0,,0
s9848477225,n3880251374,road,2.17,plain,access,1,access,0,0,,0
s9894642410,n2915029892,road,17.35,plain,access,1,access,0,0,,0
s10620682238,n5920789877,road,5.21,plain,access,1,access,0,0,,0
s10620682239,n5920789877,road,10.29,plain,access,1,access,0,0,,0
s10620682241,n5920789877,road,20.2,plain,access,1,access,0,0,,0
s10620757162,n3922127631,road,9.27,plain,access,1,access,0,0,,0
s10620757190,n3179664249,road,6.37,plain,access,1,access,0,0,,0
s10620761550,n5920789877,road,4.35,plain,access,1,access,0,0,,0
s10620761551,n6015351225,road,5.89,plain,access,1,access,0,0,,0
s10620761552,n6015351225,road,5.79,plain,access,1,access,0,0,,0
s10620761554,n5921311276,road,2.85,plain,access,1,access,0,0,,0
s10620761555,n5921311276,road,5.79,plain,access,1,access,0,0,,0
s10620966781,n5921311276,road,5.15,plain,access,1,access,0,0,,0
s10648078215,n2459392034,road,20.28,plain,access,1,access,0,0,,0
s10648078216,n5920789877,road,22.12,plain,access,1,access,0,0,,0
s10648078217,n5920789877,road,17.05,plain,access,1,access,0,0,,0
s10648078218,n2459392034,road,14.26,plain,access,1,access,0,0,,0
s10669054105,n3179664249,road,7.65,plain,access,1,access,0,0,,0
s10669054106,n3179664249,road,4.39,plain,access,1,access,0,0,,0
s10669071328,n3179664249,road,2.3,plain,access,1,access,0,0,,0
s10669071361,n3179664249,road,12.44,plain,access,1,access,0,0,,0
s10669071371,n3881747404,road,13.99,plain,access,1,access,0,0,,0
s10719014271,n2459393755,road,11.59,plain,access,1,access,0,0,,0
s10719014287,n2459393755,road,7.15,plain,access,1,access,0,0,,0
s10719014288,n5920789877,road,12.49,plain,access,1,access,0,0,,0
s10732480825,n3922141158,road,2.15,plain,access,1,access,0,0,,0
s10732480826,n3922141158,road,3.77,plain,access,1,access,0,0,,0
s10732480827,n6015351225,road,4.07,plain,access,1,access,0,0,,0
s10732489662,n5920789877,road,11.95,plain,access,1,access,0,0,,0
s10732507676,n2459393755,road,10.42,plain,access,1,access,0,0,,0
s10799080117,n3883900985,road,3.35,plain,access,1,access,0,0,,0
s10799080118,n3883900985,road,2.86,plain,access,1,access,0,0,,0
s10944476433,n2459392034,road,12.23,plain,access,1,access,0,0,,0
s10944476434,n2459392034,road,7.98,plain,access,1,access,0,0,,0
s10944476450,n2459392034,road,16.03,plain,access,1,access,0,0,,0
s11054690766,n2682968461,road,7.29,plain,access,1,access,0,0,,0
s11054690795,n2682968461,road,3.91,plain,access,1,access,0,0,,0
s11054712786,n2682968461,road,4.02,plain,access,1,access,0,0,,0
s11101167576,n3798891861,road,2.05,plain,access,1,access,0,0,,0
s11412171812,n2453869882,road,2.24,plain,access,1,access,0,0,,0
s11533305482,n2469698539,road,8.31,plain,access,1,access,0,0,,0
s11533381704,n2469684040,road,5.91,plain,access,1,access,0,0,,0
s11533567268,n2469684040,road,4.97,plain,access,1,access,0,0,,0
s11533650694,n2469684253,road,7.0,plain,access,1,access,0,0,,0
s11533650695,n2469684040,road,2.41,plain,access,1,access,0,0,,0
s11533650696,n2469684040,road,5.87,plain,access,1,access,0,0,,0
s11987579191,n2459390851,road,17.49,plain,access,1,access,0,0,,0
s11987579192,n2459392034,road,10.44,plain,access,1,access,0,0,,0
s11987579193,n2459392034,road,17.84,plain,access,1,access,0,0,,0
s12498253334,n2915034597,road,4.88,plain,access,1,access,0,0,,0
s12498253335,n5933478556,road,5.11,plain,access,1,access,0,0,,0
s12541101432,n5931603312,road,11.28,plain,access,1,access,0,0,,0
s12541101457,n5931603312,road,8.88,plain,access,1,access,0,0,,0
s12541240037,n5931723098,road,10.25,plain,access,1,access,0,0,,0
s12638756480,n5921311276,road,6.72,plain,access,1,access,0,0,,0
s12850344988,n2459390851,road,26.3,plain,access,1,access,0,0,,0
s12850351618,n245736763,road,23.85,plain,access,1,access,0,0,,0
s12880810290,n5769923230,road,15.32,plain,access,1,access,0,0,,0
s12880810291,n5769923230,road,18.41,plain,access,1,access,0,0,,0
s12881142089,n3884005483,road,4.42,plain,access,1,access,0,0,,0
s12881142091,n3884005483,road,8.37,plain,access,1,access,0,0,,0
s12886908154,n2459393755,road,3.78,plain,access,1,access,0,0,,0
s12886908169,n2459393755,road,5.43,plain,access,1,access,0,0,,0
s12894596382,n3472153456,road,19.1,plain,access,1,access,0,0,,0
s12894596383,n3472153456,road,19.55,plain,access,1,access,0,0,,0
s12894596384,n245736763,road,13.38,plain,access,1,access,0,0,,0
s12894596386,n5769923230,road,12.32,plain,access,1,access,0,0,,0
s12894596387,n5769923230,road,11.07,plain,access,1,access,0,0,,0
s12944266094,n5928696450,road,19.61,plain,access,1,access,0,0,,0
s12944266096,n5928696450,road,21.96,plain,access,1,access,0,0,,0
s12944266099,n5928695480,road,21.86,plain,access,1,access,0,0,,0
s12944267600,n6251548682,road,20.65,plain,access,1,access,0,0,,0
s12944267968,n7939996539,road,19.86,plain,access,1,access,0,0,,0
s12944267969,n7939996539,road,19.74,plain,access,1,access,0,0,,0
s12960840174,n5931603077,road,8.51,plain,access,1,access,0,0,,0
s13014920182,n3179658554,road,7.49,plain,access,1,access,0,0,,0
s13014920183,n3179658554,road,6.76,plain,access,1,access,0,0,,0
s13049752729,n3881686362,road,6.77,plain,access,1,access,0,0,,0
s13052363744,WKH,road,8.33,plain,access,1,access,0,0,,0
s13334781335,n6251548682,road,13.03,plain,access,1,access,0,0,,0
s13341515682,n2081966213,road,19.21,plain,access,1,access,0,0,,0
s13346909338,n6251548682,road,18.32,plain,access,1,access,0,0,,0
s13346909339,n6251548682,road,19.77,plain,access,1,access,0,0,,0
s13355210108,n2459390150,road,7.05,plain,access,1,access,0,0,,0
s13355227282,n2459390150,road,7.28,plain,access,1,access,0,0,,0
s13355227283,n2459390851,road,16.42,plain,access,1,access,0,0,,0
s13355604897,n2459389894,road,15.74,plain,access,1,access,0,0,,0
s13355646547,n2459389894,road,18.12,plain,access,1,access,0,0,,0
s13357466770,n2453803866,road,7.12,plain,access,1,access,0,0,,0
s13357466771,n2453803866,road,7.86,plain,access,1,access,0,0,,0
s13357466772,n2453803866,road,6.46,plain,access,1,access,0,0,,0
s13357466773,n2453803866,road,9.76,plain,access,1,access,0,0,,0
s13357492521,n2453831034,road,7.35,plain,access,1,access,0,0,,0
s13358890075,n2459411796,road,3.57,plain,access,1,access,0,0,,0
s13358890077,n2459411796,road,4.02,plain,access,1,access,0,0,,0
s13358890078,n2459411796,road,6.43,plain,access,1,access,0,0,,0
s13358890079,n2459411796,road,7.68,plain,access,1,access,0,0,,0
s13358890096,n2720225720,road,7.69,plain,access,1,access,0,0,,0
s13358890097,n2459411796,road,7.82,plain,access,1,access,0,0,,0
s13359848826,n2459389894,road,4.17,plain,access,1,access,0,0,,0
s13359848828,n2459390094,road,4.04,plain,access,1,access,0,0,,0
s13359848829,n2459390094,road,4.92,plain,access,1,access,0,0,,0
s13359848830,n2459390094,road,7.56,plain,access,1,access,0,0,,0
s13359848831,n5895090710,road,10.63,plain,access,1,access,0,0,,0
s13359848832,n2459390094,road,10.8,plain,access,1,access,0,0,,0
s13359848833,n5895090710,road,13.65,plain,access,1,access,0,0,,0
s13359868754,n2459393316,road,6.56,plain,access,1,access,0,0,,0
s13360941982,n3472153456,road,13.08,plain,access,1,access,0,0,,0
s13360970462,n2459390094,road,7.17,plain,access,1,access,0,0,,0
s13360970481,n2459389894,road,3.33,plain,access,1,access,0,0,,0
s13360970548,n3472153456,road,25.06,plain,access,1,access,0,0,,0
s13360970549,n3472153456,road,25.77,plain,access,1,access,0,0,,0
s13360998322,n245736763,road,12.48,plain,access,1,access,0,0,,0
s13587276059,n2915025937,road,7.54,plain,access,1,access,0,0,,0
s13592325196,n5896060889,road,6.03,plain,access,1,access,0,0,,0
s13592356504,n3881747404,road,6.58,plain,access,1,access,0,0,,0
s13592427510,n5896060889,road,2.75,plain,access,1,access,0,0,,0
s13598195308,n2915029892,road,10.0,plain,access,1,access,0,0,,0
s13608739678,n2459390851,road,6.25,plain,access,1,access,0,0,,0
s13608797770,n2459390851,road,2.97,plain,access,1,access,0,0,,0
s13608797771,n2459389894,road,16.34,plain,access,1,access,0,0,,0
s13608851991,n2459390851,road,8.94,plain,access,1,access,0,0,,0
s13608853051,n2459391977,road,5.06,plain,access,1,access,0,0,,0
s13608853052,n2459392034,road,2.68,plain,access,1,access,0,0,,0
s13608855294,n2459389894,road,11.89,plain,access,1,access,0,0,,0
s13668292381,n2459389894,road,11.94,plain,access,1,access,0,0,,0
s13668292382,n2459389894,road,19.07,plain,access,1,access,0,0,,0
s13673439693,n2459389894,road,19.59,plain,access,1,access,0,0,,0
s13673439694,n2459389894,road,19.94,plain,access,1,access,0,0,,0
s13673439695,n2459389894,road,20.96,plain,access,1,access,0,0,,0
s13705438695,n2459392034,road,14.84,plain,access,1,access,0,0,,0
s342098357,n974762604,road,5.64,plain,access,1,access,0,0,,0
s342098565,n974476824,road,3.76,plain,access,1,access,0,0,,0
s342098725,n1683315334,road,6.01,plain,access,1,access,0,0,,0
s342104453,n568559372,road,2.86,plain,access,1,access,0,0,,0
s496992033,n568599178,road,2.22,plain,access,1,access,0,0,,0
s974465706,n568559372,road,4.46,plain,access,1,access,0,0,,0
s1477920206,n985087827,road,2.62,plain,access,1,access,0,0,,0
s1477920223,n2724039182,road,9.86,plain,access,1,access,0,0,,0
s1478006142,n904866651,road,3.85,plain,access,1,access,0,0,,0
s1478006149,n904866651,road,2.59,plain,access,1,access,0,0,,0
s1478006151,n603538938,road,5.55,plain,access,1,access,0,0,,0
s3295104378,n4928851407,road,4.01,plain,access,1,access,0,0,,0
s4217506952,n568563093,road,4.55,plain,access,1,access,0,0,,0
s4491382813,n603497219,road,2.19,plain,access,1,access,0,0,,0
s4571035218,n1477924176,road,3.24,plain,access,1,access,0,0,,0
s4571035579,n603477323,road,6.54,plain,access,1,access,0,0,,0
s5525442757,n568559751,road,11.95,plain,access,1,access,0,0,,0
s5526569892,n568559751,road,5.58,plain,access,1,access,0,0,,0
s5526614760,n568559751,road,4.22,plain,access,1,access,0,0,,0
s5528237369,n568559751,road,2.68,plain,access,1,access,0,0,,0
s5532229344,n568559751,road,12.88,plain,access,1,access,0,0,,0
s5536314733,n568563346,road,12.64,plain,access,1,access,0,0,,0
s6617643134,n1431863146,road,2.47,plain,access,1,access,0,0,,0
s6617643281,n974758518,road,3.99,plain,access,1,access,0,0,,0
s8568637913,n2919179868,road,6.48,plain,access,1,access,0,0,,0
s9351622454,n568563721,road,4.1,plain,access,1,access,0,0,,0
s9534144197,n974741264,road,3.2,plain,access,1,access,0,0,,0
s9534195011,n2724039182,road,4.09,plain,access,1,access,0,0,,0
s9645176146,n974756814,road,3.52,plain,access,1,access,0,0,,0
s9645284999,n603492316,road,2.1,plain,access,1,access,0,0,,0
s9645309731,n974741264,road,2.36,plain,access,1,access,0,0,,0
s11694774371,n568599178,road,24.58,plain,access,1,access,0,0,,0
s11694774372,n568599178,road,22.78,plain,access,1,access,0,0,,0
s11697106182,n568599178,road,20.36,plain,access,1,access,0,0,,0
s12854457861,n974762520,road,2.51,plain,access,1,access,0,0,,0
s13148720740,n603477323,road,15.89,plain,access,1,access,0,0,,0
s13190504525,n603492984,road,6.67,plain,access,1,access,0,0,,0
s245716839,n2555555842,road,10.87,plain,access,1,access,0,0,,0
s245717374,AGT,road,2.7,plain,access,1,access,0,0,,0
s245717567,n2555555998,road,11.03,plain,access,1,access,0,0,,0
s245719153,n3702855569,road,3.92,plain,access,1,access,0,0,,0
s1472750570,n1516327707,road,6.15,plain,access,1,access,0,0,,0
s2461591963,n9691272768,road,4.96,plain,access,1,access,0,0,,0
s2461651935,n2461653701,road,2.27,plain,access,1,access,0,0,,0
s2555537352,n2555556005,road,2.94,plain,access,1,access,0,0,,0
s2555537354,n2555555998,road,4.53,plain,access,1,access,0,0,,0
s2555537355,n2555555998,road,9.96,plain,access,1,access,0,0,,0
s5232535021,n6197810263,road,22.02,plain,access,1,access,0,0,,0
s7021034861,n7021077811,road,4.74,plain,access,1,access,0,0,,0
s7160962613,n2461653701,road,3.37,plain,access,1,access,0,0,,0
s7161051034,n11601646224,road,4.34,plain,access,1,access,0,0,,0
s7161894055,n1516328083,road,2.93,plain,access,1,access,0,0,,0
s7161894057,n2462048708,road,12.72,plain,access,1,access,0,0,,0
s7161894058,n1472751040,road,2.32,plain,access,1,access,0,0,,0
s7161931783,n2671616223,road,7.65,plain,access,1,access,0,0,,0
s7161971603,UDP,road,11.73,plain,access,1,access,0,0,,0
s7161971605,n4116853379,road,7.21,plain,access,1,access,0,0,,0
s7161987054,n2461590040,road,8.22,plain,access,1,access,0,0,,0
s7162005131,n2917752016,road,12.03,plain,access,1,access,0,0,,0
s7284724233,n11258626192,road,3.8,plain,access,1,access,0,0,,0
s10223133166,n2461590040,road,2.78,plain,access,1,access,0,0,,0
s10548616320,n2461589429,road,3.8,plain,access,1,access,0,0,,0
s10548646444,n3173670413,road,5.16,plain,access,1,access,0,0,,0
s12138120130,n6197810263,road,7.29,plain,access,1,access,0,0,,0
s12308317670,n2461543712,road,3.0,plain,access,1,access,0,0,,0
s13277563613,n2461559962,road,4.13,plain,access,1,access,0,0,,0
s245750160,n6619010979,road,2.58,plain,access,1,access,0,0,,0
s568606426,n568602049,road,2.04,plain,access,1,access,0,0,,0
s568606427,n9642475373,road,7.2,plain,access,1,access,0,0,,0
s697273373,n1348237413,road,3.07,plain,access,1,access,0,0,,0
s697273374,n5758970447,road,8.6,plain,access,1,access,0,0,,0
s1138145006,n1323791775,road,4.28,plain,access,1,access,0,0,,0
s1464961578,n3718239467,road,2.61,plain,access,1,access,0,0,,0
s1478619253,n1347487570,road,5.24,plain,access,1,access,0,0,,0
s1692916215,n1313341864,road,5.4,plain,access,1,access,0,0,,0
s1893734008,n12862260950,road,2.39,plain,access,1,access,0,0,,0
s1894235028,n697273422,road,2.27,plain,access,1,access,0,0,,0
s2554084452,n575546495,road,12.54,plain,access,1,access,0,0,,0
s2554084504,n603502571,road,19.74,plain,access,1,access,0,0,,0
s2554092089,n603502571,road,25.7,plain,access,1,access,0,0,,0
s2554092102,n974476728,road,25.06,plain,access,1,access,0,0,,0
s2554092126,n974476728,road,24.4,plain,access,1,access,0,0,,0
s2560561826,n575546495,road,7.35,plain,access,1,access,0,0,,0
s2720805753,n575546495,road,24.86,plain,access,1,access,0,0,,0
s2900638855,n774477560,road,2.29,plain,access,1,access,0,0,,0
s3487433046,n575546495,road,7.86,plain,access,1,access,0,0,,0
s3677482325,n568602358,road,2.81,plain,access,1,access,0,0,,0
s4167394380,n697258431,road,4.08,plain,access,1,access,0,0,,0
s4290979572,n692804124,road,2.74,plain,access,1,access,0,0,,0
s4873380341,n697258466,road,2.18,plain,access,1,access,0,0,,0
s4879813354,n4875901084,road,3.6,plain,access,1,access,0,0,,0
s4991027364,n4971143055,road,8.32,plain,access,1,access,0,0,,0
s4991214365,n5136149903,road,15.65,plain,access,1,access,0,0,,0
s4991214366,n4929523961,road,15.31,plain,access,1,access,0,0,,0
s4991214367,n4929523961,road,15.55,plain,access,1,access,0,0,,0
s4991214368,n7677540658,road,13.57,plain,access,1,access,0,0,,0
s4991214369,n7677540658,road,13.85,plain,access,1,access,0,0,,0
s4991214370,n7677540658,road,12.72,plain,access,1,access,0,0,,0
s4993551484,n2468512460,road,3.22,plain,access,1,access,0,0,,0
s4993551485,n2468512457,road,3.44,plain,access,1,access,0,0,,0
s4993555667,n4929523961,road,5.7,plain,access,1,access,0,0,,0
s4993555668,n4929523961,road,4.98,plain,access,1,access,0,0,,0
s4993555669,n4929523961,road,4.7,plain,access,1,access,0,0,,0
s4993555670,n4929523961,road,4.92,plain,access,1,access,0,0,,0
s4993555671,n4929523961,road,4.19,plain,access,1,access,0,0,,0
s4993555672,n2468512457,road,3.95,plain,access,1,access,0,0,,0
s4993555673,n4929523961,road,2.08,plain,access,1,access,0,0,,0
s4993555674,n4929523961,road,3.39,plain,access,1,access,0,0,,0
s5475067404,n1348237707,road,2.35,plain,access,1,access,0,0,,0
s5641875850,n1348237444,road,9.35,plain,access,1,access,0,0,,0
s5940474808,n5135424982,road,5.23,plain,access,1,access,0,0,,0
s6127940020,n2530029905,road,4.53,plain,access,1,access,0,0,,0
s6129018763,n5758970447,road,8.92,plain,access,1,access,0,0,,0
s6146234514,n1347704800,road,8.39,plain,access,1,access,0,0,,0
s6146234516,n1132321938,road,12.73,plain,access,1,access,0,0,,0
s6146234517,n1347487570,road,12.67,plain,access,1,access,0,0,,0
s6146234520,n1347487570,road,10.32,plain,access,1,access,0,0,,0
s6146234522,n1347704713,road,8.78,plain,access,1,access,0,0,,0
s6274741466,n569317820,road,2.8,plain,access,1,access,0,0,,0
s6535361149,n1348237444,road,5.06,plain,access,1,access,0,0,,0
s6535361155,n1348237707,road,4.65,plain,access,1,access,0,0,,0
s6897345212,n575546641,road,8.85,plain,access,1,access,0,0,,0
s7156924165,n697258431,road,7.1,plain,access,1,access,0,0,,0
s7156930489,n12682293648,road,2.98,plain,access,1,access,0,0,,0
s7156954949,n4929523961,road,9.08,plain,access,1,access,0,0,,0
s7156954950,n1313341215,road,4.3,plain,access,1,access,0,0,,0
s7157132723,n1349326387,road,4.76,plain,access,1,access,0,0,,0
s7157132730,n3494085633,road,4.07,plain,access,1,access,0,0,,0
s7157132731,n3716565325,road,3.9,plain,access,1,access,0,0,,0
s7603349927,n1348237595,road,7.48,plain,access,1,access,0,0,,0
s7603559906,n1348237595,road,5.31,plain,access,1,access,0,0,,0
s7603559907,n568601603,road,4.34,plain,access,1,access,0,0,,0
s7603559910,n5221627878,road,2.77,plain,access,1,access,0,0,,0
s7604959065,n5221627878,road,3.73,plain,access,1,access,0,0,,0
s7604959066,n5221627878,road,4.41,plain,access,1,access,0,0,,0
s7604959068,n568598398,road,2.82,plain,access,1,access,0,0,,0
s7604959069,n568598385,road,5.32,plain,access,1,access,0,0,,0
s7604959070,n568598373,road,6.22,plain,access,1,access,0,0,,0
s7604959072,n568598360,road,3.05,plain,access,1,access,0,0,,0
s7604959075,n568598343,road,4.09,plain,access,1,access,0,0,,0
s7604959076,n568598343,road,4.11,plain,access,1,access,0,0,,0
s7604959077,n568554712,road,2.18,plain,access,1,access,0,0,,0
s7605288785,n5221627684,road,3.92,plain,access,1,access,0,0,,0
s7605288788,n1348237595,road,5.36,plain,access,1,access,0,0,,0
s7605288791,n1348237595,road,3.29,plain,access,1,access,0,0,,0
s7605605798,n568601702,road,3.34,plain,access,1,access,0,0,,0
s7605605799,n568601744,road,4.1,plain,access,1,access,0,0,,0
s7605605800,n568601744,road,4.33,plain,access,1,access,0,0,,0
s7605605803,n568601708,road,3.16,plain,access,1,access,0,0,,0
s7605605804,n568601665,road,2.71,plain,access,1,access,0,0,,0
s7605841075,n568601585,road,2.69,plain,access,1,access,0,0,,0
s7605841076,n5752464156,road,3.27,plain,access,1,access,0,0,,0
s7605841077,n568601577,road,2.15,plain,access,1,access,0,0,,0
s7605841078,n9200209066,road,6.32,plain,access,1,access,0,0,,0
s7605841079,n5221627878,road,4.21,plain,access,1,access,0,0,,0
s7605841080,n2466195324,road,8.56,plain,access,1,access,0,0,,0
s7606137034,n1880382314,road,6.31,plain,access,1,access,0,0,,0
s7606137035,n1880382314,road,2.96,plain,access,1,access,0,0,,0
s7606137036,n1880382314,road,4.57,plain,access,1,access,0,0,,0
s7606137037,n568601708,road,4.91,plain,access,1,access,0,0,,0
s7606137038,n1880382314,road,7.52,plain,access,1,access,0,0,,0
s7606137039,n1880382314,road,8.15,plain,access,1,access,0,0,,0
s7606137040,n1880382314,road,4.39,plain,access,1,access,0,0,,0
s7677314322,n603502571,road,24.91,plain,access,1,access,0,0,,0
s7677319202,n603502571,road,24.32,plain,access,1,access,0,0,,0
s7677343516,n603502571,road,25.28,plain,access,1,access,0,0,,0
s7679637849,n1880382314,road,4.47,plain,access,1,access,0,0,,0
s7679637851,n4279635430,road,3.79,plain,access,1,access,0,0,,0
s7679637852,n5221627788,road,2.66,plain,access,1,access,0,0,,0
s7679637857,n1880382275,road,3.4,plain,access,1,access,0,0,,0
s7679637861,n4279635428,road,3.09,plain,access,1,access,0,0,,0
s7679637863,n5221627788,road,2.23,plain,access,1,access,0,0,,0
s7679637864,n4279635437,road,2.09,plain,access,1,access,0,0,,0
s7679637865,n4279635464,road,2.24,plain,access,1,access,0,0,,0
s7679637866,n4279635464,road,3.8,plain,access,1,access,0,0,,0
s7679637867,n4279635437,road,4.64,plain,access,1,access,0,0,,0
s7679646988,n4279635450,road,5.63,plain,access,1,access,0,0,,0
s7679646989,n4279635437,road,6.18,plain,access,1,access,0,0,,0
s7679647073,n8021478004,road,7.55,plain,access,1,access,0,0,,0
s7680009265,n3677706512,road,7.0,plain,access,1,access,0,0,,0
s7680009266,n3677706516,road,7.2,plain,access,1,access,0,0,,0
s7688079742,n4279635428,road,2.46,plain,access,1,access,0,0,,0
s7688079746,n3677706512,road,4.55,plain,access,1,access,0,0,,0
s7688079748,n3677676521,road,3.49,plain,access,1,access,0,0,,0
s7688079749,n8021478004,road,3.86,plain,access,1,access,0,0,,0
s7688079750,n3677676521,road,6.39,plain,access,1,access,0,0,,0
s7688079751,n3677676521,road,4.38,plain,access,1,access,0,0,,0
s7688079752,n9648300760,road,3.83,plain,access,1,access,0,0,,0
s7688079754,n9648300760,road,3.62,plain,access,1,access,0,0,,0
s7688079755,n1345697756,road,4.65,plain,access,1,access,0,0,,0
s7688079756,n8021478004,road,5.36,plain,access,1,access,0,0,,0
s7688079757,n1132310563,road,4.31,plain,access,1,access,0,0,,0
s7688079758,n8021478050,road,5.78,plain,access,1,access,0,0,,0
s7688079759,n8021478050,road,5.9,plain,access,1,access,0,0,,0
s7908848385,n697273455,road,9.5,plain,access,1,access,0,0,,0
s8599315953,n569262396,road,2.19,plain,access,1,access,0,0,,0
s8974969402,n1348237413,road,3.45,plain,access,1,access,0,0,,0
s9313388764,n774477560,road,5.42,plain,access,1,access,0,0,,0
s9347252369,n1344373928,road,5.02,plain,access,1,access,0,0,,0
s9347252542,n575546495,road,3.08,plain,access,1,access,0,0,,0
s9347252543,n575546495,road,5.73,plain,access,1,access,0,0,,0
s9560376500,n1313343204,road,2.03,plain,access,1,access,0,0,,0
s9567086965,n9009805591,road,2.13,plain,access,1,access,0,0,,0
s9759272800,n1313342838,road,4.83,plain,access,1,access,0,0,,0
s9759316691,n4611032148,road,2.64,plain,access,1,access,0,0,,0
s9759321744,n5301176731,road,2.62,plain,access,1,access,0,0,,0
s9759324409,n9436791505,road,3.31,plain,access,1,access,0,0,,0
s9759331840,n1313342838,road,5.63,plain,access,1,access,0,0,,0
s9759334865,n9436791512,road,4.56,plain,access,1,access,0,0,,0
s9759335879,n9436791512,road,5.0,plain,access,1,access,0,0,,0
s9759362733,n5301176731,road,3.61,plain,access,1,access,0,0,,0
s9759408980,n9436838641,road,2.27,plain,access,1,access,0,0,,0
s9759445239,n1313343221,road,2.9,plain,access,1,access,0,0,,0
s9759485954,n9436788495,road,2.17,plain,access,1,access,0,0,,0
s9759903510,n1313342838,road,2.67,plain,access,1,access,0,0,,0
s9759912714,n1313342222,road,4.43,plain,access,1,access,0,0,,0
s9759952582,n1313342838,road,2.95,plain,access,1,access,0,0,,0
s9759959569,n1313342222,road,2.57,plain,access,1,access,0,0,,0
s9759985844,n1313342838,road,3.59,plain,access,1,access,0,0,,0
s9760022154,n5301176731,road,4.13,plain,access,1,access,0,0,,0
s9760036708,n1313342222,road,4.45,plain,access,1,access,0,0,,0
s9760040466,n5301176731,road,3.66,plain,access,1,access,0,0,,0
s9760048113,n1313342222,road,2.79,plain,access,1,access,0,0,,0
s9760065140,n1313342221,road,2.29,plain,access,1,access,0,0,,0
s9763436632,n9436791505,road,2.28,plain,access,1,access,0,0,,0
s9763515297,n1313342998,road,2.74,plain,access,1,access,0,0,,0
s9836602584,n1313389047,road,2.47,plain,access,1,access,0,0,,0
s9836602587,n1313389180,road,2.97,plain,access,1,access,0,0,,0
s9836697047,n7868916815,road,2.41,plain,access,1,access,0,0,,0
s9836697048,n1313389184,road,2.27,plain,access,1,access,0,0,,0
s9836731221,n5223441437,road,2.7,plain,access,1,access,0,0,,0
s9836731302,n1313389184,road,3.86,plain,access,1,access,0,0,,0
s9840427853,n1313343280,road,2.08,plain,access,1,access,0,0,,0
s9843778313,n4611032148,road,4.44,plain,access,1,access,0,0,,0
s9843778314,n4611032148,road,4.07,plain,access,1,access,0,0,,0
s9843778315,n4611032148,road,2.86,plain,access,1,access,0,0,,0
s9843979644,n1313343221,road,2.08,plain,access,1,access,0,0,,0
s9843979645,n5252468209,road,3.6,plain,access,1,access,0,0,,0
s9843979646,n5252468210,road,3.24,plain,access,1,access,0,0,,0
s9843979647,n5177398773,road,2.24,plain,access,1,access,0,0,,0
s9854845599,n5177398773,road,2.51,plain,access,1,access,0,0,,0
s9854848809,n5134591263,road,2.44,plain,access,1,access,0,0,,0
s9854856042,n5135424982,road,3.98,plain,access,1,access,0,0,,0
s9854868997,n1313389180,road,2.09,plain,access,1,access,0,0,,0
s9854901791,n5135424982,road,3.18,plain,access,1,access,0,0,,0
s9858006122,n7677540658,road,2.87,plain,access,1,access,0,0,,0
s9858006123,n7677540658,road,3.97,plain,access,1,access,0,0,,0
s9858006124,n7677540658,road,4.6,plain,access,1,access,0,0,,0
s9858006125,n7677540658,road,4.42,plain,access,1,access,0,0,,0
s9858006126,n7677540658,road,5.47,plain,access,1,access,0,0,,0
s9858006127,n7677540658,road,7.22,plain,access,1,access,0,0,,0
s9858006128,n1313342222,road,3.77,plain,access,1,access,0,0,,0
s9858006129,n1313342222,road,4.44,plain,access,1,access,0,0,,0
s9858006130,n1313342222,road,4.37,plain,access,1,access,0,0,,0
s9858006131,n5329425998,road,4.96,plain,access,1,access,0,0,,0
s9858006132,n1313342222,road,5.7,plain,access,1,access,0,0,,0
s9858006133,n5329425998,road,6.18,plain,access,1,access,0,0,,0
s9858006134,n5301176731,road,6.57,plain,access,1,access,0,0,,0
s9858006135,n5301176731,road,6.22,plain,access,1,access,0,0,,0
s9858006137,n5301176731,road,6.37,plain,access,1,access,0,0,,0
s9858006138,n5301176731,road,5.9,plain,access,1,access,0,0,,0
s9858006139,n5301176731,road,5.46,plain,access,1,access,0,0,,0
s9858006140,n1313341345,road,4.12,plain,access,1,access,0,0,,0
s9858006141,n1313341345,road,3.96,plain,access,1,access,0,0,,0
s9858006142,n1313341345,road,3.26,plain,access,1,access,0,0,,0
s9858006143,n1313341345,road,2.43,plain,access,1,access,0,0,,0
s9858006148,n1313341345,road,4.76,plain,access,1,access,0,0,,0
s9858006149,n1313341345,road,4.16,plain,access,1,access,0,0,,0
s9858006152,n5329425998,road,4.95,plain,access,1,access,0,0,,0
s9858006153,n5329425998,road,2.41,plain,access,1,access,0,0,,0
s9858006157,n1313342838,road,2.69,plain,access,1,access,0,0,,0
s9858022656,n9436791512,road,3.15,plain,access,1,access,0,0,,0
s9858022657,n9436791512,road,3.01,plain,access,1,access,0,0,,0
s9858036670,n9436791512,road,3.75,plain,access,1,access,0,0,,0
s9858525214,n9436791512,road,4.46,plain,access,1,access,0,0,,0
s9858525215,n1313342838,road,5.42,plain,access,1,access,0,0,,0
s9858525216,n9436791512,road,6.05,plain,access,1,access,0,0,,0
s9858543017,n4611032148,road,4.52,plain,access,1,access,0,0,,0
s9858543020,n5301176731,road,3.11,plain,access,1,access,0,0,,0
s9858543021,n5301176731,road,2.55,plain,access,1,access,0,0,,0
s9928141054,n1348237413,road,4.17,plain,access,1,access,0,0,,0
s11161553207,n3345462467,road,2.81,plain,access,1,access,0,0,,0
s11161553208,n2469004448,road,2.29,plain,access,1,access,0,0,,0
s11500806069,n12497721406,road,6.57,plain,access,1,access,0,0,,0
s11664636917,n774477557,road,3.52,plain,access,1,access,0,0,,0
s11867330701,n9644790306,road,3.37,plain,access,1,access,0,0,,0
s11867330702,n9628772871,road,3.85,plain,access,1,access,0,0,,0
s11867330758,n9628772871,road,2.53,plain,access,1,access,0,0,,0
s11867330766,n9628772871,road,2.42,plain,access,1,access,0,0,,0
s11867330767,n3367513140,road,2.9,plain,access,1,access,0,0,,0
s11871378034,n1349065959,road,3.05,plain,access,1,access,0,0,,0
s11871387379,n4756565874,road,4.47,plain,access,1,access,0,0,,0
s11871387380,n1347487264,road,4.57,plain,access,1,access,0,0,,0
s11871387381,n2259020059,road,4.46,plain,access,1,access,0,0,,0
s11871387382,n569317975,road,4.06,plain,access,1,access,0,0,,0
s11871387383,n569317975,road,2.47,plain,access,1,access,0,0,,0
s11871387384,n1347487512,road,4.58,plain,access,1,access,0,0,,0
s11871387393,n569318037,road,2.58,plain,access,1,access,0,0,,0
s11871387394,n1347487244,road,4.54,plain,access,1,access,0,0,,0
s11871387395,n1347487244,road,3.36,plain,access,1,access,0,0,,0
s11871387396,n1347487112,road,5.02,plain,access,1,access,0,0,,0
s11871412322,n1880368273,road,2.95,plain,access,1,access,0,0,,0
s11875053284,n569193106,road,3.98,plain,access,1,access,0,0,,0
s11875078919,n3897033282,road,3.76,plain,access,1,access,0,0,,0
s11875078920,n569193106,road,5.89,plain,access,1,access,0,0,,0
s11875078921,n569193106,road,6.35,plain,access,1,access,0,0,,0
s11875135619,n569193106,road,5.73,plain,access,1,access,0,0,,0
s11875135620,n569193132,road,6.09,plain,access,1,access,0,0,,0
s11875135621,n569193132,road,7.6,plain,access,1,access,0,0,,0
s11895512558,n1349326197,road,2.42,plain,access,1,access,0,0,,0
s12663224295,n11870034547,road,3.66,plain,access,1,access,0,0,,0
s12871934479,n835159042,road,2.99,plain,access,1,access,0,0,,0
s13253391955,n4951593191,road,5.26,plain,access,1,access,0,0,,0
s13253391961,n4951593177,road,6.31,plain,access,1,access,0,0,,0
s13253391967,n4951593181,road,4.26,plain,access,1,access,0,0,,0
s13253391968,n1811823882,road,2.23,plain,access,1,access,0,0,,0
s13253504483,n1811823755,road,5.55,plain,access,1,access,0,0,,0
s13253855368,n4951593329,road,7.39,plain,access,1,access,0,0,,0
s13253855384,n4951593329,road,13.33,plain,access,1,access,0,0,,0
s13324912385,n568502088,road,3.03,plain,access,1,access,0,0,,0
s13324912387,n5135390025,road,3.12,plain,access,1,access,0,0,,0
s13324912390,n5135436713,road,3.73,plain,access,1,access,0,0,,0
s13324912393,n5135390025,road,2.89,plain,access,1,access,0,0,,0
s13324912394,n2468512506,road,4.21,plain,access,1,access,0,0,,0
s13324912395,n2468512536,road,3.58,plain,access,1,access,0,0,,0
s13324912396,n2468512536,road,4.68,plain,access,1,access,0,0,,0
s13324912398,n1412092943,road,3.28,plain,access,1,access,0,0,,0
s13324912399,n1412092943,road,2.5,plain,access,1,access,0,0,,0
s13324922202,n1412092943,road,2.19,plain,access,1,access,0,0,,0
s13324932186,n5223525121,road,5.93,plain,access,1,access,0,0,,0
s13324932187,n5135436713,road,5.58,plain,access,1,access,0,0,,0
s13324932188,n5223525121,road,7.53,plain,access,1,access,0,0,,0
s13324932189,n5223525121,road,6.68,plain,access,1,access,0,0,,0
s13324932190,n5135390025,road,6.68,plain,access,1,access,0,0,,0
s13324932191,n1412092843,road,5.18,plain,access,1,access,0,0,,0
s13324932192,n5223525121,road,7.87,plain,access,1,access,0,0,,0
s13324932193,n5223525121,road,8.75,plain,access,1,access,0,0,,0
s13324932194,n1412092858,road,5.87,plain,access,1,access,0,0,,0
s13324932195,n1412092858,road,4.74,plain,access,1,access,0,0,,0
s13324932196,n5223525121,road,9.13,plain,access,1,access,0,0,,0
s13324932197,n5223525121,road,10.6,plain,access,1,access,0,0,,0
s13324932198,n5223525121,road,9.06,plain,access,1,access,0,0,,0
s13324932199,n5218774099,road,7.47,plain,access,1,access,0,0,,0
s13324932200,n5223525121,road,9.65,plain,access,1,access,0,0,,0
s13324944501,n5218774099,road,8.88,plain,access,1,access,0,0,,0
s13324944502,n5223525121,road,10.72,plain,access,1,access,0,0,,0
s13324944503,n5223525121,road,11.31,plain,access,1,access,0,0,,0
s13324944504,n1412092858,road,9.63,plain,access,1,access,0,0,,0
s13324944505,n1412092858,road,7.0,plain,access,1,access,0,0,,0
s13324944506,n1412092858,road,4.37,plain,access,1,access,0,0,,0
s13325864494,n1313389707,road,3.11,plain,access,1,access,0,0,,0
s13325864495,n568502088,road,2.16,plain,access,1,access,0,0,,0
s13325864496,n5135436713,road,3.82,plain,access,1,access,0,0,,0
s13325864497,n2468512483,road,3.12,plain,access,1,access,0,0,,0
s13325864500,n2468512483,road,3.29,plain,access,1,access,0,0,,0
s13334380331,n5223525121,road,4.77,plain,access,1,access,0,0,,0
s13334380332,n5223525121,road,5.32,plain,access,1,access,0,0,,0
s13334380333,n5223525121,road,6.67,plain,access,1,access,0,0,,0
s13334380334,n5135436713,road,7.81,plain,access,1,access,0,0,,0
s13334380336,n3826804071,road,6.9,plain,access,1,access,0,0,,0
s13334380337,n5223525121,road,7.98,plain,access,1,access,0,0,,0
s13334380339,n1313389707,road,4.68,plain,access,1,access,0,0,,0
s13334380340,n1313389707,road,6.49,plain,access,1,access,0,0,,0
s13334380341,n1313389707,road,4.76,plain,access,1,access,0,0,,0
s13334380345,n5134591263,road,2.22,plain,access,1,access,0,0,,0
s13334380347,n5135424982,road,3.1,plain,access,1,access,0,0,,0
s13334380348,n5134591263,road,2.31,plain,access,1,access,0,0,,0
s13334380349,n5135424982,road,3.88,plain,access,1,access,0,0,,0
s13334380351,n5301144644,road,4.49,plain,access,1,access,0,0,,0
s13334380352,n5135424982,road,4.88,plain,access,1,access,0,0,,0
